:020000040800F2
:10000000D09B00206D02000835230008590200082B
:10001000CD220008C50B0008E959000800000000C7
:10002000000000000000000000000000A101000826
:10003000FF1A000800000000F5010008BD330008A9
:10004000870200088702000887020008870200086C
:100050008702000887020008191B0008BD1B000862
:10006000CD1B0008DD1B0008ED1B0008C1160008B1
:10007000870200088702000887020008870200083C
:10008000D1160008870200088702000887020008CE
:10009000870200088702000887020008031C000886
:1000A00069350008870200088702000887020008F7
:1000B00087020008870200088702000869200008FC
:1000C00059200008870200088702000887020008FC
:1000D000870200088D3C000887020008870200089C
:1000E000311B000887020008870200088702000809
:1000F00087020008870200088702000887020008BC
:1001000087020008870200088702000887020008AB
:1001100087020008853B0008870200088702000864
:10012000870200088702000887020008870200088B
:10013000870200088702000887020008870200087B
:10014000870200088702000887020008C52300080C
:10015000870200088702000887020008870200085B
:10016000870200088702000887020008870200084B
:10017000870200088702000887020008870200083B
:100180008702000887020008DFF810D000F008FCA2
:100190000048004759CE0008AFF30080D09B0020F4
:1001A0002A4B19680868B0E8F04F80F30988BFF35C
:1001B0006F8F4FF0000080F311887047000000003F
:1001C00006480068006880F3088862B661B6BFF32D
:1001D0004F8FBFF36F8F00DF00BF00BF08ED00E05F
:1001E000DFF80C00016841F470010160704700BF46
:1001F00088ED00E0EFF30980BFF36F8F134B1A68AF
:100200001EF0100F08BF20ED108A20E9F04F10609B
:1002100008B44FF0500080F31188BFF34F8FBFF345
:100220006F8F11F021FD4FF0000080F3118808BCA2
:1002300019680868B0E8F04F1EF0100F08BFB0EC66
:10024000108A80F30988BFF36F8F704794030020F2
:10025000EFF30580704700001EF0040F0CBFEFF3B2
:100260000880EFF309800DF04DBE0000064880477E
:1002700006480047FEE7FEE7FEE7FEE7FEE7FEE78B
:10028000FEE7FEE7FEE7FEE7DD3300088901000830
:100290002DE9F05F0546002092469B4688460646BB
:1002A000814640241BE0284641464746224600F04E
:1002B0004AFA53465A46C01A914110D3114618467D
:1002C000224600F031FA2D1A67EB01084F4622460C
:1002D0000120002100F028FA17EB00094E41201EF2
:1002E000A4F10104DFDC484631462A464346BDE816
:1002F000F09F2DE9F0410024061B254671F1000610
:1003000005DA01240027D0EB070067EB0101161E78
:1003100073F1000605DA0027D2EB0702012567EB2F
:100320000303FFF7B5FF86460E4617469C46AC42D0
:1003300004D00025D0EB050E65EB010624B10020AA
:10034000D2EB000760EB030C704631463A46634639
:10035000BDE8F08110B5431A934209D2831888187A
:1003600003E010F8011D03F8011D521EF9D210BD63
:1003700040EA01039B0703D009E008C9121F08C027
:10038000042AFAD203E011F8013B00F8013B521EA7
:10039000F9D210BDD2B201E000F8012B491EFBD208
:1003A00070470022F6E710B513460A460446194680
:1003B000FFF7F0FF204610BD421C10F8011B00297A
:1003C000FBD1801A70472DE9FE4F804681EA030079
:1003D000C00F0C46009021F0004123F00045B8EB1F
:1003E0000200A94105D24046214690461C460B46D4
:1003F000024623F00040104347D0270DC7F30A0000
:10040000C3F30A510290401A019040286BDAC3F3FB
:10041000130040F4801B0098924620B10023D2EBD9
:10042000030A63EB0B0B01985946C0F1400250469A
:1004300000F07AF906460D4650465946019A00F0FA
:1004400092F910EB08006141002487EA115284EA16
:10045000E7731A4340D0009A62B3019A012A4FEA27
:10046000075215DC001B61EB02014FF0004202EA6B
:100470000752CDE90042001C41F5801132462B465F
:1004800000F0E7F903B0BDE8F08F40462146F9E7F8
:10049000001B61EB0201001C41F5801300185B4159
:1004A0002018A2F5001747EB030140EAD570B619F2
:1004B0006D4111E06D084FEA360645EAC0754FEA16
:1004C0000752001B61EB0201001C41F58011490835
:1004D0004FEA30000019514132462B4603B0BDE8C7
:1004E000F04F00F0A7B90098012240000023D0EBA4
:1004F000020263EBE073009821464FEAE074B8EB28
:10050000000061EB0401E9E783F000435BE781F061
:10051000004158E72DE9FE4F81EA030404F000444E
:1005200021F0004100944FF0000B23F0004350EA0B
:1005300001045ED052EA03045BD0C3F30A54C1F352
:100540000A552C44A4F2F3340194A0FB0254C1F3E5
:10055000130141F48011C3F3130343F4801301FB2F
:10056000024400FB034E840A970A44EA815447EA96
:100570008357A4FB076802958D0A05FB07854FEAA0
:10058000932C04FB0C542705029D4FEA065847EABA
:100590001637B5EB08056EEB070C870E920E47EA8F
:1005A000811742EA8312A7FB0201B6EB0B0164EB51
:1005B00000042B0D43EA0C335E1844EB1C50DA4662
:1005C0005146E7FB0201C5F313044FEA0B3343EA3C
:1005D00014534FEA0432019C43EA0603A4F10C04CD
:1005E0000294009CCDE900B400F033F903B0BDE8FB
:1005F000F08F00200146F9E72DE9F04D81EA030470
:1006000004F0004B21F0004514464FF0000A23F09F
:10061000004150EA050220D054EA01021DD0C5F382
:100620000A570246C5F31303C1F31300C1F30A5678
:1006300040F4801543F48013A7EB0608101BD64640
:1006400008F2FD3873EB050002D308F1010801E060
:1006500092185B41B8F1000F03DA00200146BDE8B3
:10066000F08D00204FF48011064684460EE0171BE3
:1006700073EB050705D3121B63EB050306434CEA36
:10068000010C49084FEA300092185B4150EA01071B
:10069000EDD152EA030012D082EA040083EA050198
:1006A000084305D0101BAB4106D20122002306E00F
:1006B00000224FF0004302E06FF0010253101AEBEA
:1006C00006004CEB085110EB0A0041EB0B01BDE8B2
:1006D000F04D00F0AFB800F0004230F000400AD01A
:1006E000C10D01F56071C0F3160042EA0151C20864
:1006F00040071143704700200146704730B50B4654
:10070000014600202022012409E021FA02F59D4241
:1007100005D303FA02F5491B04FA02F52844151E15
:10072000A2F10102F1DC30BD202A04DB203A00FAFC
:1007300002F1002070479140C2F1200320FA03F338
:10074000194390407047202A04DB203A21FA02F036
:100750000021704721FA02F3D040C2F120029140FB
:10076000084319467047202A06DBCB17203A41FA86
:1007700002F043EAE07306E041FA02F3D040C2F12E
:10078000200291400843194670470029A8BF7047CE
:10079000401C490008BF20F00100704710B4B0FAB7
:1007A00080FC00FA0CF050EA010404BF10BC704752
:1007B00049B1CCF1200421FA04F411FA0CF118BF6C
:1007C000012121430843A3EB0C01CB1D4FEA00613B
:1007D0004FEA102042BF002010BC704700EBC3500E
:1007E00010440029A4BF10BC7047401C490008BF3A
:1007F00020F0010010BC704710B541000CD0C0F3D0
:10080000C751962908DC7E2909DC06DB410204D0A9
:1008100000F0004040F07E5010BD002010BDC1F13E
:100820009604C4F1200100FA01F1E040FFF7ADFFAA
:10083000A04010BD10B5141E73F1000408DA401C6E
:1008400041F1000192185B411A4301D120F00100EF
:1008500010BD2DE9F04D92469B4611B1B1FA81F2DF
:1008600002E0B0FA80F220329046FFF75DFF0446C6
:100870000F4640EA0A0041EA0B0153465A46084334
:1008800013D0114653EA010019D0C8F14002504676
:10089000FFF759FF05460E46504659464246FFF7B8
:1008A00043FF084305D0012004E020463946BDE857
:1008B000F08D0020054346EAE0762C4337430A9842
:1008C0006305E40AA0EB08000022FD0A44EA47544D
:1008D0000A3002D500200146E9E7010510196941F7
:1008E000DDE9084500196941BDE8F04DA2E7C1F313
:1008F0000A52C1F3130140F2FF3341F480119A42CE
:1009000002DA00200146704740F233439A42A2F2D5
:10091000334202DC5242FFF716BFFFF705BF10B5A6
:1009200000F0004420F00040C20DC0F3160040F477
:1009300000007F2A07DA7D2A00DA7D22763A00FA63
:1009400002F1002008E0962A09DCA2F1760100FA03
:1009500001F1C2F19602D040FFF717FF01E0963A8D
:100960009040002C00D0404210BD000030B5041E65
:1009700071F1000404DB4FF00044404264EB0101DC
:10098000141E73F1000405DB1C464FF00043524275
:1009900063EB0403994208BF904230BD00207047CA
:1009A000064C074D06E0E06840F0010394E80700BC
:1009B00098471034AC42F6D3FFF7EAFBE8D90308B6
:1009C00008DA030870B58C1810F8015B15F00703FE
:1009D00001D110F8013B2A1106D110F8012B03E0D8
:1009E00010F8016B01F8016B5B1EF9D12B0705D4E0
:1009F0000023521E0DD401F8013BFAE710F8013B29
:100A0000CB1A921C03E013F8015B01F8015B521E44
:100A1000F9D5A142D8D3002070BD21B1826842F03F
:100A20000102826003E0826822F001028260704766
:100A30000021084A1168084A1140D0E900231A43EE
:100A400083681A43C3681A431143044AC2F8041363
:100A50007047000004230140E030FCFF002001400B
:100A60000021016041608160C160704721B18268EE
:100A700042F48072826003E0826822F480728260B5
:100A8000704721B1826842F40072826003E082689C
:100A900022F400728260704730B5024600200023C5
:100AA0005068104C20400D790C6844EA052420431E
:100AB000506090680C4C2040D1E903542C438D6861
:100AC0002C434D7944EA450420439060D06A20F4D9
:100AD00070000C7D641EE4B2234340EA0350D062F0
:100AE00030BD0000FFFEFFFCFDF7FFC0F0B504467F
:100AF0000D4600200021092D11DDE068A5F10A0650
:100B000006EB4607072606FA07F18843A5F10A0611
:100B100006EB460603FA06F10843E0600CE02069A4
:100B200005EB4507072606FA07F1884305EB45065E
:100B300003FA06F108432061072A0FDA606B561E9C
:100B400006EB86071F2606FA07F18843561E06EBBA
:100B5000860605FA06F10843606322E00D2A0FDAE3
:100B6000206BD61F06EB86071F2606FA07F188437F
:100B7000D61F06EB860605FA06F10843206310E04F
:100B8000E06AA2F10D0606EB86071F2606FA07F1BA
:100B90008843A2F10D0606EB860605FA06F1084326
:100BA000E062F0BD816841F08041816070470021C2
:100BB0000160017141718160C160016101210175B4
:100BC00070470000002108460CF0F8F900210120D0
:100BD0000CF0F4F9002102200CF0F0F900210320C0
:100BE0000CF0ECF90848006820F0020006490860A3
:100BF0004FF40071054801F098F9BC2104A00FF0F2
:100C0000C5FE00BFFEE70000000100200004024016
:100C10002E2E5C7372635C647269766572735C73AA
:100C200072635C6E7669632E6300000010B5024645
:100C30000023002003E0145C6340441CA0B28842FF
:100C4000F9DB184610BD70B506460C4604F080006E
:100C5000802808D104F07F0000EB800106F58E703B
:100C600000EBC10507E004F07F0000EB800106F512
:100C70005D7000EBC10504F07F00287004F0800077
:100C8000C00968702946304604F065FB002070BD3D
:100C900070B506460C4604F08000802808D104F0A8
:100CA0007F0000EB800106F58E7000EBC10505E0CA
:100CB00004EB840106F55D7000EBC1050020A8700F
:100CC00004F07F002870C4F3C010687029463046D5
:100CD00004F019FB002070BD2DE9F04106460D46D9
:100CE00090461F4605F08000802808D105F07F005F
:100CF00000EB800106F58E7000EBC10407E005F003
:100D00007F0000EB800106F55D7000EBC10405F08B
:100D10007F00207005F08000C0096070C4F8088072
:100D2000E770607808B12078E080022F01D10020C0
:100D300020712146304604F09AFA0020BDE8F08187
:100D40002DE9F04105460E461746984606F07F000D
:100D500000EB800105F55D7000EBC104E760C4F8AD
:100D600014800020A061607006F07F002070E87899
:100D7000012800D12761207820B92146284604F0B7
:100D80009AF903E02146284604F046FB0020BDE81E
:100D9000F08108B500220092009A61F30A120092D5
:100DA00002691268009B1A4303691A6008BD70B596
:100DB00006460C4604F08000802808D104F07F002D
:100DC00000EB800106F58E7000EBC10505E004EB39
:100DD000840106F55D7000EBC1050120A87004F0E8
:100DE0007F002870C4F3C01068702946304604F0B4
:100DF000E1FA002070BD2DE9F04107460D46164688
:100E0000984605F07F0000EB800107F58E7000EB3F
:100E1000C1040120607005F07F002070E66026614B
:100E20000020A061C4F81480207820B921463846FB
:100E300004F041F903E02146384604F0EDFA0020C1
:100E4000BDE8F08130B587B00546594C284604F01E
:100E5000F8F801A801F0B4FB029CE868C0680590AE
:100E6000059820F4705005900598E968C8602846F8
:100E700004F09AFC03280BD10020A8704FF40070F6
:100E8000A880059820F4705000F5105005907EE081
:100E90000120A8704020A8804648844209D34648D3
:100EA000844206D2059820F4705000F560500590F9
:100EB0006DE04148844209D34048844206D20598F7
:100EC00020F4705000F55050059060E03B4884429B
:100ED00009D33B48844206D2059820F4705000F5AF
:100EE0004050059053E03648844209D33548844247
:100EF00006D2059820F4705000F53050059046E079
:100F00003048844209D33048844206D2059820F400
:100F1000705000F52050059039E02B48844209D3E9
:100F20002A48844206D2059820F4705000F51050EB
:100F300005902CE02548844209D32548844206D2F6
:100F4000059820F4705000F5005005901FE02048EF
:100F5000844209D31F48844206D2059820F4705079
:100F600000F5E050059012E01A48844209D31A486F
:100F7000844206D2059820F4705000F5C0500590C8
:100F800005E0059820F4705000F5A05005900598F4
:100F9000E968C86000200690069820F4005000F52B
:100FA000005006900698E9684861012007B030BDFE
:100FB000007A030AC0E1E4000024F400E0EC04013C
:100FC00000C31801002D310140A44C0100366E0110
:100FD00040E2950180C3C90160600B02F8B5054687
:100FE000002400200090284604F01FFC064681E003
:100FF00006F0010000287BD0E1B2284600F0F6FAA6
:101000000090009800F0010030B3012000FA04F7CE
:101010002869406BB8432969486300200090009814
:1010200020F00100401C009005F1180050F8240049
:1010300000998160E1B232480068426828469047D2
:10104000E878012808D13CB940F21110405D04282D
:1010500002D1284604F0DAF80098C0F3C00060B16D
:1010600000200090009820F008000830009005F162
:10107000180050F82400009981600098C0F3001017
:1010800060B100200090009820F010001030009017
:1010900005F1180050F82400009981600098C0F311
:1010A000801060B100200090009820F04000403097
:1010B000009005F1180050F8240000998160009814
:1010C000C0F3400060B100200090009820F00200C2
:1010D000801C009005F1180050F8240000998160F0
:1010E0000098C0F3C01018B12146284600F092FACB
:1010F000641C7608002E7FF47BAF0120F8BD000051
:10110000CC0200207CB5044600250020019020463A
:1011100004F093FB06466FE006F00100002869D05A
:10112000E9B2204604F091FB0190019800F0010023
:10113000C8B300200190019820F00100401C0190EC
:1011400004F1540050F8250001998160E0780128ED
:1011500017D104F1540050F825000069009005EB08
:10116000850104F55D7000EBC10080680099C1F352
:101170001201411A05EB850204F55D7000EBC20017
:101180008161E9B21E480068026820469047E07815
:10119000012808D13DB940F21110005D052802D1A7
:1011A000204604F033F80198C0F3400060B10020FD
:1011B0000190019820F00200801C019004F154007D
:1011C00050F82500019981600198C0F3C00088B1F2
:1011D0000B480068816820468847002001900198EC
:1011E00020F008000830019004F1540050F8250068
:1011F000019981606D1C7608002E8DD101207CBD87
:10120000CC0200203EB50446A07A78B1D4F80C0197
:1012100000680090009820F002000090009820F0F4
:10122000010000900099D4F80C01016000200190A9
:10123000019820F00100401C01902069406801994C
:1012400088432169486009480068816920468847C9
:1012500000200290029820F0004000F1004002902F
:101260000298E168486101203EBD0000CC020020E8
:101270007CB5044600200190019820F01000103049
:101280000190E068806901998843E1688861E068BD
:10129000006A0090009800F00F0000EB800104F558
:1012A0005D7000EBC1050098C0F3434007282DD2C4
:1012B000DFE800F02C04051D1E2C1F0027E000981D
:1012C000C0F30A1090B10098C0F30A122046E968F2
:1012D00004F0C5FAE8680099C1F30A110844E8600F
:1012E000A8690099C1F30A110844A8610FE00EE053
:1012F0000DE0082204F2CC51204604F0B0FAA869AF
:101300000099C1F30A110844A86100E000BF00BFC2
:10131000E068806901990843E168886101207CBD2B
:1013200038B5044608480068C16820468847002050
:101330000090009820F00800083000900098E168C4
:101340004861012038BD0000CC0200201FB50446D2
:10135000002000904FF48970005D009023480068E1
:1013600041692046884720698068019000200390E9
:10137000039820F4006000F5006003900398E16892
:101380004861A07A70B3019800F0010050B340F2B8
:101390001510005D012825D19DF80000032821D1FA
:1013A00000200290029820F00100401C0290D4F826
:1013B0000C01006802990843D4F80C1108600298E7
:1013C00020F00200801C0290D4F80C010068029901
:1013D0000843D4F80C1108600548006840F0060086
:1013E00003490860012004B010BD0000CC020020B9
:1013F00010ED00E030B587B0044600200290069062
:101400000590049003900190029820F00100401C88
:101410000290206940680299884321694860002150
:10142000204604F097F900250BE0FF2104F1180095
:1014300050F82500816004F1540050F825008160C7
:101440006D1C6078A842F0D84FF0FF3120698161AF
:1014500006986FF30F00401C0690069880B200F5C6
:101460008030069006992069C161059820F0080037
:1014700008300590059820F00100401C0590059863
:1014800020F00200801C05900599206941610498B4
:1014900020F00100401C0490049820F0080008305F
:1014A0000490049820F00200801C049004992069A4
:1014B0000161206900680390039820F4FE600390A6
:1014C000039920690160204603F0A0FE00200190EE
:1014D000019820F4805000F5805001900198E16857
:1014E000486104480068016920468847012007B028
:1014F00030BD0000CC0200202DE9F04106460F4629
:101500003946304604F0C0F901214FF48970815505
:101510000021801C8155002511E005EB850106F5B1
:101520008E7000EBC104012060702570E580002002
:10153000E0704020A0600020E06060616D1C707869
:10154000A842EAD8002510E005EB850106F55D709C
:1015500000EBC104002060702570E580E070402041
:10156000A0600020E06060616D1C7078A842EBD83C
:10157000304603F055FD304603F080FB0021304635
:1015800004F0EAF9304603F00CFC304604F0AAF807
:10159000BDE8F08138B50446002000900748006897
:1015A000C16920468847009820F4801000F580101B
:1015B00000900098E1684861012038BDCC0200200D
:1015C00038B504460020009007480068016A2046AC
:1015D0008847009820F4001000F500100090009853
:1015E000E1684861012038BDCC02002030B50246D8
:1015F00015692B6915696C6B24FA01F505F0010575
:1016000043EAC51302F1180555F82150AD6805EA03
:10161000030030BD2DE9F84306460F4600250020A3
:10162000009007EB870106F58E7000EBC104D4E94A
:101630000501451AA068A84200D2A568E81C4FEA37
:10164000900806F1180050F827008069009029E002
:10165000D4E90501451AA068A84200D2A568E81C93
:101660004FEA9008ABB2FAB23046E16804F09BF959
:10167000E0682844E060A0692844A06106F11800F1
:1016800050F8270080690090D4E90501884209D10B
:101690002178012000FA01F93069406B20EA090045
:1016A00031694863009880B2404506D9D4E90510F5
:1016B000884202D260690028CAD10120BDE8F883BF
:1016C00010B502480AF008FB10BD00001404002009
:1016D00008B53148006840B900214FF0804001F062
:1016E0009CFF00212D4800F081F82D492B4800F087
:1016F00079F970B32A49294800F05EF8274800F0CC
:1017000044F9A8B9274800682349096888420ADAD9
:101710002448006800EB4000234A126881182348DF
:1017200009F008FE1AE060212048FEF73AFE15E0B5
:101730001C4800681849096888420BDA1948006893
:1017400000EB4000184A12688118194809F0F2FDB0
:1017500004E008E060211648FEF723FE1148006807
:10176000401C104908600F4801680B480068801C45
:10177000814210DB69460F48006810F05DFE0021D1
:101780004FF0804001F049FF0021044800F02EF89E
:1017900000200149086008BDF8040020886002406C
:1017A00000880020F4040020FC040020B48C0020F9
:1017B000548C0020F00400200246094B9A4201D2CA
:1017C000084801E00648103801F000531BB1064BF1
:1017D0000B40C36002E0044B0B4083607047000085
:1017E00010640240006002407D0F7D0F21B102684D
:1017F00042F00102026003E0026822F0010202608E
:1018000070470000016821F00101016000210160C2
:1018100041608160C1600161212141614A49884282
:1018200004D13D21484A103A91608CE04649183174
:10183000884205D14FF47461434A103A916082E0C6
:1018400041493031884205D14FF474113E4A103A73
:10185000916078E03C494831884205D14FF074618D
:10186000394A103A91606EE037496031884204D1BC
:101870003649354A103AD16065E0334978318842BB
:1018800004D13349304A103AD1605CE02E4990319E
:10189000884204D12F492C4A103AD16053E02A499A
:1018A000A831884205D14FF03D51274A103AD16006
:1018B00049E02949884204D13D21274A083A11606C
:1018C00041E025491831884205D14FF47461224A1C
:1018D000083A116037E020493031884205D14FF491
:1018E00074111D4A083A11602DE01B4948318842A5
:1018F00005D14FF07461184A083A116023E0164987
:101900006031884204D11149134A121F11601AE054
:1019100011497831884204D10D490F4A121F1160D4
:1019200011E00D499031884204D10A490A4A121F38
:10193000116008E00849A831884204D14FF03D51B8
:10194000054A121F11607047106002403D000020E0
:10195000400F002000003D201064024021B10268C9
:1019600042F48022026003E0026822F480220260D6
:10197000704722B1036843F40023036003E0036867
:1019800023F40023036001617047014600200A68C8
:1019900002F400220AB1012000E00020704700009C
:1019A00030B503460A46002000240B4DAB4201D25D
:1019B0000A4901E00849103902F000550DB14C68A0
:1019C00000E00C68064D2C4004EA02050DB1012030
:1019D00000E0002030BD00001064024000600240C2
:1019E0007D0F7D0F70B50246002000240025124EA9
:1019F000B24201D2114B01E00F4B103B104E0E4092
:101A000036B11E2606EAD124166806EA040502E06D
:101A1000566906F0800501F000560EB15C6800E0E2
:101A20001C68084E344004EA010616B10DB10120CD
:101A300000E0002070BD0000106402400060024021
:101A40003C0F3C0F7D0F7D0F10B501F080034BB1B3
:101A500022B1436943F08003436103E0436923F00B
:101A60008003436180290BD02AB1036801F01E0472
:101A70002343036004E0036801F01E04A3430360F2
:101A800010BD000010B500220268134B1A40CC684C
:101A90000B6823434C6923438C692343CC6923435C
:101AA0000C6A23434C6A23438C6A23434C6B2343C5
:101AB0008C6B23431A430260426922F00702D1E98A
:101AC0000B3423431A4342610B6943604B688360C4
:101AD0008B68C36010BD00003F801CF000210160D6
:101AE00041608160C160016141618161C1610162E8
:101AF00041628162C16201634163816370477047E3
:101B0000002105E000BF00BF00BF00BF00BF491CAF
:101B10008142F7D37047704710B5012000F0A8F854
:101B2000FFF7F9FF10BD7047704770477047704767
:101B300010B54FF4806000F0A1F8012804D18002B4
:101B400000F096F8FFF7EFFF4FF4006000F096F812
:101B5000012804D1C00200F08BF8FFF7E5FF4FF435
:101B6000805000F08BF8012804D1000300F080F8C9
:101B7000FFF7DBFF4FF4005000F080F8012804D19C
:101B8000400300F075F8FFF7D1FF4FF4804000F0FC
:101B900075F8012804D1800300F06AF8FFF7C7FF49
:101BA0004FF4004000F06AF8012804D1C00300F0AF
:101BB0005FF800F001F810BD7047704710B50220C3
:101BC00000F056F8FFF7F9FF10BD704710B504207C
:101BD00000F04EF8FFF7F9FF10BD704710B5082070
:101BE00000F046F8FFF7F9FF10BD704710B5102060
:101BF00000F03EF8FFF7F9FF10BD704770477047DF
:101C0000704710B5202000F039F8012804D12020B9
:101C100000F02EF8FFF7F1FF402000F02FF8012828
:101C200004D1402000F024F8FFF7E8FF802000F006
:101C300025F8012804D1802000F01AF8FFF7DFFF13
:101C40004FF4807000F01AF8012804D1000200F06F
:101C50000FF8FFF7D5FF4FF4007000F00FF80128E0
:101C600004D1400200F004F800F001F810BD704704
:101C70000149086070470000143C01400146002003
:101C8000034A12680A400AB1012000E000207047B0
:101C9000143C014030B10749096841F48061054AAC
:101CA000116005E00349096821F48061014A11606F
:101CB00070470000003C024070B504460A4600260A
:101CC000092502B909E0012A01D1160205E0022A1C
:101CD00001D1160201E04FF4407600F09FF805466E
:101CE000092D28D11548006820F440701349086078
:101CF00008460068304308600846006820F0F80095
:101D000008600846006844F0020108430B49086077
:101D10000846006840F48030086000F07FF805460F
:101D20000648006820F00200044908600846006880
:101D300020F0F8000860284670BD0000103C02400A
:101D400009201349096801F48031B1F5803F01D1C0
:101D500001201CE00E49096801F0100109B10620BC
:101D600015E00B49096801F4807109B102200EE009
:101D70000749096801F0E00109B1072007E00449BB
:101D8000096801F0020109B1082000E0092070474C
:101D90000C3C02400348006840F0004001490860E4
:101DA00070470000103C024030B502460C46092541
:101DB00000F034F80546092D19D10E48006820F4CA
:101DC00040700C4908600846006840F400700860E4
:101DD0000846006840F001000860146000F01EF83A
:101DE00005460448006820F00100024908602846C2
:101DF00030BD0000103C02400548006800F0004083
:101E000028B1044802490C3908600348086070474B
:101E1000103C024023016745AB89EFCD08B509208E
:101E20000090FFF78DFF009002E0FFF789FF009020
:101E30009DF800000128F8D09DF8000008BDF0B51D
:101E40000A4600210023002400BF3DE0012505FAD9
:101E500001F3156805EA03049C4234D105684F007C
:101E60000326BE40B543056015794E00B5400668AF
:101E7000354305601579012D02D01579022D16D153
:101E800085684F000326BE40B543856055794E00F6
:101E9000B540866835438560456801268E40B54368
:101EA0004560456896798E40B6B235434560C56851
:101EB0004F000326BE40B543C560D5794E00B540FE
:101EC000C6683543C560491C1029BFD3F0BDF0B5C5
:101ED000002300244D07ED0E02FA05F3CE1000F1A9
:101EE000200555F826504E07F70E0F26BE40B54385
:101EF000CF1000F1200646F82750CE1000F1200543
:101F000055F8265045EA0304CE1000F1200545F8A7
:101F10002640F0BD0246002013690B400BB10120A2
:101F200000E00020704741837047018370474FF6FF
:101F3000FF7101600021017141718171C1717047B0
:101F400042694A404261704770B50A480468001D02
:101F50000568001D0668344454B10822064920462D
:101F600000F094F9042204491031284600F08EF95B
:101F700070BD0000107AFF1F5202002070B50646A7
:101F80003048007800285BD12F480068B0F5007F0A
:101F900002D100202C4908602B4800682B490968B1
:101FA000884203D100202749087070BD2648006888
:101FB00026490968884206D923480068C0F50070A0
:101FC0002349086006E0214800681F490968401A53
:101FD0001F4908601E480068402811D91A48008827
:101FE00085B24024184800684030174908601848F6
:101FF000006840381649086001201249087018E04E
:102000001148008885B21248008884B20E480068E2
:102010000F49096808440C49086000200C49086011
:10202000402C03D102200749087002E00120054935
:10203000087008484219234681213046FEF7DBFE2E
:1020400000BFB2E7F8020020F0020020EC020020FE
:10205000F4020020CA10002010B5024809F096FED4
:1020600010BD00001404002010B5024809F0D8FE8D
:1020700010BD00001404002021B1028842F48062E7
:10208000028004E002884FF6FF331A400280704756
:10209000002221F07F42D3438382704721B182889E
:1020A00042F40062828004E082884FF2FF731A409B
:1020B0008280704721B1828842F48052828004E09D
:1020C00082884EF6FF731A408280704710B504462E
:1020D0001348844209D10121480500F041FA00214A
:1020E0004FF4001000F03CFA18E00E48844209D189
:1020F0000121880500F034FA00214FF4800000F03F
:102100002FFA0BE00848844208D10121C80500F0ED
:1021100027FA00214FF4000000F022FA10BD000061
:102120000054004000580040005C00400CB50246DE
:10213000002000230193009300920B0F019321F0E4
:102140007F41019B1BB1009B1433009303E0090CFA
:10215000009B18330093009B1B680B400BB10120C0
:1021600000E000200CBD1AB183880B43838002E09D
:1021700083888B43838070472DE9FF4704460D46D3
:102180000026B1460427DFF8CC80A6884FF6C07041
:102190000640684600F014FADDF808802E48B8FBC7
:1021A000F0F01FFA80F946EA0906A68020884FF66B
:1021B000FE710840208000262849286888420CD8F3
:1021C00028684000B8FBF0F087B2042F00DA04273B
:1021D0003E4309F10100208427E0E8884BF6FF71B7
:1021E000884206D1286800EB4000B8FBF0F087B2C7
:1021F00009E0286800EBC00101EB0010B8FBF0F02B
:1022000087B247F48047C7F30B0008B947F00107CE
:1022100047F4004006434FF4967009FB00F04FF47A
:102220007A7190FBF1F0401C2084A683208840F056
:102230000100208026884FF6F5300640A88869897D
:10224000084306432680A889298908432081BDE8E0
:10225000FF87000000127A0040420F00A0860100B4
:102260000146088AC0B2704712B141F0010101E095
:1022700001F0FE0101827047018270474AF6AA20F0
:1022800001490860704700000030004030B50B463F
:10229000002100BF16E00A24B4EB107F05D93024DA
:1022A00004EB107403F8114005E0412404EB1074B2
:1022B0000A3C03F81140000100254C00641C1D5528
:1022C0004C1CE1B29142E6DB30BD00000021084623
:1022D0000AF074FE002101200AF070FE00210220A5
:1022E0000AF06CFE002103200AF068FE084800682E
:1022F00020F00200064908604FF400710548FFF71E
:1023000014FEA92104A00EF041FB00BFFEE700006F
:1023100000010020000402402E2E5C7372635C6496
:102320007269766572735C7372635C6E7669632E34
:10233000630000007047000070B5002100230F22E9
:10234000C4781CB3174C246804F4E064C4F5E0645A
:10235000C4F30721C1F10404E3B20A4144789C406C
:10236000E1B28478144021430C07210E0E4C05780D
:102370006155047804F01F050124AC4005786D1107
:10238000AD0005F1E025C5F8004109E0047804F04E
:102390001F050124AC40054D0678761145F826400E
:1023A00070BD00000CED00E000E400E080E100E022
:1023B00002490143024A1160704700000000FA051B
:1023C0000CED00E010B5024802F00AF810BD000064
:1023D0008C08002070B52DED068B82B004460D46AA
:1023E000164694ED040AB0EE408A94ED050AF0EE2C
:1023F000408AB0EE480A05E0DFED3B0A70EE600A65
:10240000B0EE600ADFED390AB4EEE00AF1EE10FA40
:10241000F2DC05E0DFED340A70EE200AB0EE600A6F
:10242000DFED330AB4EEE00AF1EE10FAF2D3B0EECB
:10243000408AB3EE0E1AFBEE0E0AB0EE480A07F021
:1024400085F8B0EE408AB3EE0E1AFBEE0E0AB0EE3F
:10245000680A07F07BF8F0EE408AB3EE0E0AC8EE89
:10246000000AB0EE60AAB3EE0E0AC8EE800AF0EEE3
:1024700060AAB7EE001AFFEE000AB0EE4A0A07F0B3
:1024800065F8B0EE40AAB7EE001AFFEE000AB0EE13
:102490006A0A07F05BF8F0EE40AA1648D0ED000A91
:1024A000B0EE4A0A14480BF035FAB0EE409A1148E3
:1024B000D0ED000AB0EE6A0A10480BF02BFAF1EEEC
:1024C000409AF0EE490AB0EE690A00F0C9FE8DEDBF
:1024D000000ACDED010A32462946684600F0FCFDAF
:1024E00002B0BDEC068B70BD0000B4430000344365
:1024F000000034C3E40400208C040020B804002051
:1025000029B1064A12680243044B1A6004E0034AE8
:1025100012688243014B1A60704700003038024055
:1025200029B1064A12680243044B1A6004E0034AC8
:1025300012688243014B1A60704700003438024031
:1025400029B1064A12680243044B1A6004E0034AA8
:1025500012688243014B1A60704700004038024005
:1025600029B1064A12680243044B1A6004E0034A88
:1025700012688243014B1A60704700002038024005
:1025800029B1064A12680243044B1A6004E0034A68
:1025900012688243014B1A607047000044380240C1
:1025A00029B1064A12680243044B1A6004E0034A48
:1025B00012688243014B1A607047000024380240C1
:1025C000F0B5002100220024022500260223324F0C
:1025D0003F6807F00C0121B1042905D0082937D143
:1025E00005E02E4F076036E02D4F076033E02A4F9D
:1025F0003F1F3F68C7F38056274F3F1F3F6807F0D4
:102600003F036EB1264FB7FBF3F7DFF88CC0ACF198
:10261000040CDCF800C0CCF3881C07FB0CF40CE0C5
:102620001E4FB7FBF3F7DFF870C0ACF1040CDCF819
:1026300000C0CCF3881C07FB0CF4174F3F1F3F680A
:10264000C7F301477F1C7D00B4FBF5F7076002E08C
:10265000124F076000BF00BF0F4F3F6807F0F00147
:102660000909104F7A5C0768D74047600A4F3F68F6
:1026700007F4E051890A0B4F7A5C4768D7408760BE
:10268000054F3F6807F46041490B064F7A5C476885
:10269000D740C760F0BD0000083802400024F400B5
:1026A00000127A008C02002010B500F0C5F8002856
:1026B0003DD11F4908F0B2FB1E49087012221EA12D
:1026C000214808F0C1FB1B4908701F48C16808F089
:1026D00037FA184908701D48FDF76EFE04461C4B7A
:1026E00022461A49184808F0BBFC124908701648DF
:1026F00008F05EFC0F49087008460078B8B94FF43E
:1027000080411448FFF70FFC4FF400711248FFF7A7
:102710000AFC4FF4FA7007F091FE4FF480410D4827
:10272000FFF703FC4FF400710B48FFF7FEFB10BDF1
:10273000C494002079050020303A2F6174746974C4
:102740007564652E747874009C92002080050020CA
:102750007C050020000002400004024010B5022168
:102760000348FFF7E2FBFF2000F0ECFB10BD000088
:102770000008024070B5054601220021092000F042
:10278000BBF9044624B91021284600F057F9044645
:10279000FFF7E4FF0CB1012070BD0020FCE770B52D
:1027A00005464FF6FF7401E0601E84B200F092FB14
:1027B000A84201D0002CF7D10CB9FF2070BD002039
:1027C000FCE77FB56846FFF7D5FF10B1002004B0E5
:1027D00070BD9DF8000000F0C000402809D19DF8B0
:1027E00009009DF8081000EB0120401C84B2A502EE
:1027F00020E09DF8050000F00F009DF80A1000EBA6
:10280000D1109DF8091001F0030100EB4100861C76
:102810009DF8080080119DF8071000EB81009DF8DD
:10282000061001F0030100EB8120441CA6F1090011
:1028300004FA00F52846CAE7F8B500F0F1F900F00F
:102840001DF941F28830FFF75BF9002504E0FF2015
:1028500000F078FB681C85B20F2DF8DBC82600BF9E
:1028600095220021084600F047F90446012C04D0C7
:10287000301EA6F101018EB2F2D10020514908703C
:10288000012C4AD187224FF4D571082000F034F989
:10289000012847D1002506E0FF2000F037FB0DF8A6
:1028A0000500681C85B2042DF6DB9DF802000128A6
:1028B00079D19DF80300AA2875D14FF6FE7600BFA6
:1028C00001220021372000F017F901229107292069
:1028D00000F012F9044624B1301EA6F101018EB2B7
:1028E000EED1002E5FD0012200213A2000F004F941
:1028F000002858D1002506E0FF2000F007FB0DF866
:102900000500681C85B2042DF6DB9DF8000000F080
:10291000400018B106202B49087044E004202949E2
:10292000087040E001220021372000F0E5F8012284
:102930000021292000F0E0F80446012C17DC0220D9
:10294000204908704FF6FE7600BF01220021372093
:1029500000F0D2F801220021292000F0CDF8044631
:10296000BCB1301EA6F101018EB2EED111E0012002
:10297000144908704FF6FE7600BF01220021104670
:1029800000F0BAF8044624B1301EA6F101018EB25F
:10299000F3D12EB101225102102000F0ADF810B198
:1029A000002008490870FFF7D9FE00F062F80548DA
:1029B000007808B10020F8BD0CB12046FBE7AA2042
:1029C000F9E70000780500202DE9F04106460F46A2
:1029D000154619480078062800D07F02012D0CD139
:1029E00001223946112000F087F80446FCB969023B
:1029F000304600F023F8044619E00122394612203F
:102A000000F07AF8044600BF4FF40071304600F041
:102A100015F8044606F50076681EC0B2051E01D002
:102A2000002CF1D0012200210C2000F065F8FFF706
:102A300095FE2046BDE8F0817805002070B504467B
:102A40000D46FE20FFF7ABFE08B1012070BD03E08C
:102A500000F040FA2070641C281EA5F101018DB21F
:102A6000F6D1FF2000F06EFAFF2000F06BFA002094
:102A7000ECE710B5012000F053F910BD10B50020AF
:102A800000F04EF910BD000010B502210548FFF717
:102A90004AFA00F06CF808B9002010BDFFF75EFE9E
:102AA0000120FAE70008024070B506460D4600F026
:102AB0005EF808B1012070BD284600F043FAFD2DF4
:102AC00018D0002404E0305D00F03CFA601C84B2B1
:102AD000B4F5007FF7DBFF2000F034FAFF2000F0B0
:102AE00031FA00F0F7F9044604F01F00052801D080
:102AF0000220E0E70020DEE72DE9F04105460C4624
:102B000017464FF00008FFF729FEFFF7BDFF10B191
:102B1000FF20BDE8F08145F0400000F013FA200EE0
:102B200000F010FAC4F3074000F00CFAC4F30720D9
:102B300000F008FAE0B200F005FA384600F002FAB8
:102B40000C2D02D1FF2000F0FDF94FF01F0800BF4F
:102B500000F0C0F9064606F0800030B1B8F1000080
:102B6000A8F1010101F0FF08F2D13046D1E710B51C
:102B7000002400BF00F0AEF9FF2801D1002010BDF5
:102B8000641C40F6FF708442F4D30120F7E7000094
:102B90002DE9F04106460F461546204800780628E4
:102BA00000D07F02012D0CD1012239461820FFF7F9
:102BB000A3FF04466CBBFE213046FFF775FF0446B9
:102BC00027E016480078012809D00122002137208B
:102BD000FFF792FF012229461720FFF78DFF012200
:102BE00039461920FFF788FF044694B900BFFC213D
:102BF0003046FFF759FF044606F50076681EC0B25E
:102C0000051E01D0002CF2D0FD210020FFF74CFF63
:102C10000446FFF7A3FD2046BDE8F08178050020BB
:102C200000B587B001210220FFF76AFC01210420D2
:102C3000FFF766FC0121C803FFF782FC062203218F
:102C40003448FFF744F9062204213248FFF73FF9E0
:102C5000062205212F48FFF73AF902208DF81800C7
:102C600000208DF81A0001208DF81B0038200590F7
:102C700002208DF8190005A92648FFF7E0F8012089
:102C80008DF8180000208DF81A0001208DF81B0027
:102C9000022005908DF8190005A91F48FFF7CFF80D
:102CA00002211D48FFF741F91C4800F08FF801216F
:102CB000C803FFF755FC00214FF40040FFF750FC1C
:102CC0000020ADF800004FF48270ADF80200002043
:102CD000ADF804000220ADF806000120ADF80800B0
:102CE0004002ADF80A003820ADF80C000020ADF825
:102CF0000E000720ADF810006946084800F0CCF837
:102D00000021064800F056F80121044800F052F86E
:102D100007B000BD0004024000080240003C004033
:102D200010B586B00446224800F050F80121C803CF
:102D3000FFF716FC00214FF40040FFF711FC0020C4
:102D4000ADF804004FF48270ADF806000020ADF835
:102D500008000220ADF80A000120ADF80C00400286
:102D6000ADF80E0014B1012C08D103E03820ADF805
:102D7000100007E01820ADF8100003E03820ADF88F
:102D8000100000BF00BF0020ADF812000720ADF812
:102D9000140001A9064800F07FF80021044800F063
:102DA00009F80121024800F005F806B010BD000046
:102DB000003C004021B1028842F04002028004E061
:102DC00002884FF6BF731A400280704710B5044660
:102DD0002448844208D101218014FFF7E1FB00213F
:102DE000A014FFF7DDFB3CE01F48844208D101211D
:102DF0000014FFF7B5FB00212014FFF7B1FB30E012
:102E00001A48844208D10121C013FFF7A9FB002111
:102E1000E013FFF7A5FB24E01548844208D1012107
:102E20004014FFF7BDFB00216014FFF7B9FB18E069
:102E30001048844209D101210805FFF7B1FB0021A8
:102E40004FF48010FFF7ACFB0BE00B48844208D135
:102E500001214805FFF7A4FB00214FF40010FFF704
:102E60009FFB10BD0030014000380040003C004096
:102E7000003401400050014000540140024600204F
:102E800013890B400BB1012000E000207047014680
:102E9000888970478181704710B50022028802F44A
:102EA00041520B884C8823438C882343CC8823438E
:102EB0000C8923434C8923438C892343CC892343A6
:102EC0001A430280838B4FF2FF74234083830B8A63
:102ED000038210BD10B500BF02210B48FFF7CEFFE3
:102EE0000028F9D0FF210848FFF7D4FF00BF0121D7
:102EF0000548FFF7C3FF0028F9D00348FFF7C7FFD5
:102F0000C4B2204610BD0000003C004070B504462D
:102F100000BF02210A48FFF7B1FF0028F9D021467F
:102F20000748FFF7B7FF00BF01210548FFF7A6FFDD
:102F30000028F9D00248FFF7AAFFC5B2284670BDA5
:102F4000003C004010B5044600BF02210948FFF7CD
:102F500095FF0028F9D021460648FFF79BFF00BFE8
:102F600001210448FFF78AFF0028F9D00148FFF744
:102F70008EFF10BD003C004001461C48814201D23A
:102F8000002070471A48814201D20820F9E7194809
:102F9000814201D21020F4E71748814201D2182063
:102FA000EFE71648814201D22020EAE71448814227
:102FB00001D22820E5E71348814201D23020E0E722
:102FC0001148814201D23820DBE71048814201D20A
:102FD0004020D6E70E48814201D24820D1E70D4873
:102FE000814201D25020CCE75820CAE700400008B7
:102FF0000080000800C0000800000108000002086E
:1030000000000408000006080000080800000A0884
:1030100000000C0800000E0830B503460C461546AB
:10302000002206E0184600F007F844F822001B1DB5
:10303000521CAA42F6D330BD014608687047000012
:103040002DE9F04704460E4617464FF009080025C3
:10305000A946B4F1006F02D304F0030008B1BDE843
:10306000F087FEF7C9FE0020FEF714FE254604EBAC
:1030700087091848854215D211E02846FFF7DCFF82
:10308000401C58B12846FFF777FF82460221FEF721
:1030900013FE8046B8F1090F01D002E02D1D4D4509
:1030A000EBD300BFB8F1090F0CD108E0204631681E
:1030B000FEF77AFE092800D003E0241D361D4C459A
:1030C000F4D300BF0120FEF7E5FDFEF763FE00BF6D
:1030D000C5E700000000FF1F70B52DED048B88B020
:1030E00005460C46164695ED000A8DED030A95ED52
:1030F000010A8DED040A94ED010A8DED050A94EDA7
:10310000020A8DED060A94ED030A8DED070A0521EA
:1031100003A800F09BFD96ED020A10EE101A084677
:10312000FDF7D9FA41EC180B96ED010A10EE101AD2
:103130000846FDF7D0FA41EC190B8DED008B53ECEE
:10314000192B03A002F018FD08B0BDEC048B70BD74
:103150006E0D7365745F726F6C6C3A20252E33664A
:10316000200A0D207365745F70697463683A2025C6
:103170002E3366000CB500200190009034480068A2
:1031800040F480303249086000BF3148006800F4E4
:10319000003000900198401C0190009818B90198E7
:1031A000B0F5A04FF1D12A48006800F4003010B10A
:1031B0000120009001E0002000900098012846D1F5
:1031C00023484030006840F0805021494031086079
:1031D0002048006840F440401E4908601C48083000
:1031E00000681B49083108600846006840F4004048
:1031F00008600846006840F4A05008601648091F9F
:103200000860081F006840F08070091F086000BF58
:103210000F48006800F000700028F9D040F20570F7
:103220000E4908600A480830006820F00300084989
:10323000083108600846006840F00200086000BFDE
:1032400003480830006800F00C000828F8D10CBDD5
:10325000003802400070004008544007003C024023
:1032600000B52DED028B83B0F0EE408AB0EE608A9F
:1032700068EEA80A48EE080AB0EE600A03F0BCFA4D
:103280003D4880ED000AB7EE001ADFED3C0A90EDF4
:10329000000A06F05BF9384880ED000AF0EE680A93
:1032A000B0EE480A02F08CFCDFED350A20EE200A71
:1032B000344880ED000A90ED000AB1EE400A80ED3E
:1032C000000A90ED000ADFED300AB4EEE00AF1EEFC
:1032D00010FA0FDD90ED000ADFED2C0A30EE600AE7
:1032E00080ED000A244890ED000AB1EE400A80ED1E
:1032F000000A18E0234890ED000ADFED250AB4EE3D
:10330000E00AF1EE10FA0ED290ED000ADFED1F0A8E
:1033100030EE200A80ED000A174890ED000AB1EE69
:10332000400A80ED000A9FED181ADFED190A1548D2
:1033300090ED000A06F00AF9124880ED000AB7EE97
:10334000001AFFEE000A0C4890ED000A06F0FEF8A5
:10335000094880ED000A90ED000A8DED010A094848
:1033600090ED000A8DED020A9DED010ADDED020AE5
:1033700003B0BDEC028B00BDEC0400200000000097
:10338000E12E6542E80400200000B442000034430E
:103390000000B4C2042808D14FF0E021096941F0CF
:1033A00004014FF0E022116107E04FF0E0210969CC
:1033B00021F004014FF0E0221161704710B50FF0C9
:1033C00021F9012802D00EF017FE04E0024800683F
:1033D000401C0149086010BD8404002010B5154848
:1033E000006840F47000134908601348006840F01A
:1033F00001001149086000200F49083108600E489B
:1034000000680E4908400C4908600D48091D086015
:10341000081F006820F48020091F0860002006496A
:103420000C310860FFF7A6FE4FF0006001498039BB
:10343000086010BD88ED00E000380240FFFFF6FE96
:1034400010300024F0B50C46154600210022068CF1
:103450004FF6FE773E400684018B028C4FF60C76C9
:1034600031407E1C06EA03162E4331434FF6F576B3
:10347000324044F00106324301830284F0BDF0B5CE
:103480000C461546002100220026078C4FF6EF7CE3
:1034900007EA0C070784018B028C4FF6FF7707EAD7
:1034A000041640F6FF4739404FF6FF7707EA033727
:1034B00039434FF6FF7707EA052739434FF65F7721
:1034C0003A4046F010073A4301830284F0BDF0B55C
:1034D0000C461546002100220026078C4FF6FF6C93
:1034E00007EA0C070784818B028C4FF6FF7707EA07
:1034F00004264FF60C7739404FF6FF7707EA03179B
:103500002F4339434FF2FF573A4046F480773A430E
:1035100081830284F0BDF0B50C46154600210022DF
:103520000026078C4EF6FF7C07EA0C070784818B88
:10353000028C4FF6FF7707EA043640F6FF47394022
:103540004FF6FF7707EA052739434FF6FF7707EA7B
:103550000337394345F6FF773A4046F480573A43FC
:1035600081830284F0BD000008B500200090042192
:103570001B4800F03BF910B34FF48061184800F08D
:103580002CF9174800F026F91649088008460088EB
:1035900015490988401A15490880124800881249BF
:1035A000088000236A461149114800680EF0F6FEB3
:1035B0000120104908700421094800F02BF801216E
:1035C000074800F013F950B10A4800780A4908701A
:1035D0000020084908700121014800F01BF808BDCF
:1035E000004001400C040020080400200E040020CC
:1035F000040400200A0400200B04002021B10288EA
:1036000042F08002028004E002884FF67F731A4085
:1036100002807047CA430282704721B1028842F09B
:103620000102028004E002884FF6FE731A40028015
:1036300070471AB183890B43838102E083898B43EE
:103640008381704710B504465548844208D1012152
:103650000846FEF7A5FF00210120FEF7A1FF9DE02F
:10366000B4F1804F08D101210846FEF779FF00210F
:103670000120FEF775FF91E04A48844208D10121FC
:103680000220FEF76DFF00210220FEF769FF85E0B2
:103690004548844208D101210420FEF761FF002142
:1036A0000420FEF75DFF79E04048844208D1012103
:1036B0000820FEF755FF00210820FEF751FF6DE0BE
:1036C0003B48844208D101211020FEF749FF002128
:1036D0001020FEF745FF61E03648844208D1012101
:1036E0002020FEF73DFF00212020FEF739FF55E0A6
:1036F0003148844208D101210220FEF751FF002108
:103700000220FEF74DFF49E02C48844209D10121F7
:103710000804FEF745FF00214FF48030FEF740FF1C
:103720003CE02748844209D101214804FEF738FFD4
:1037300000214FF40030FEF733FF2FE02148844290
:1037400009D101218804FEF72BFF00214FF48020CE
:10375000FEF726FF22E01C48844208D101214020C8
:10376000FEF7FEFE00214020FEF7FAFE16E01748A5
:10377000844208D101218020FEF7F2FE0021802042
:10378000FEF7EEFE0AE01248844207D101218015BF
:10379000FEF7E6FE0021A015FEF7E2FE10BD0000D8
:1037A000000001400004004000080040000C004000
:1037B000001000400014004000040140004001409F
:1037C000004401400048014000180040001C004037
:1037D000002000400146886B704702460020138A93
:1037E0000B400BB1012000E00020704730B50246CD
:1037F000002000230024158A05EA0103958905EAC3
:10380000010413B10CB1012000E0002030BD70B5FF
:1038100005460C46208850B92389A288618828462D
:10382000FFF710FEE188284600F0D3F825E0208855
:1038300004280AD12389A28861882846FFF71FFE41
:10384000E188284600F0CEF817E0208808280AD141
:103850002389A28861882846FFF739FEE188284637
:1038600000F0CDF809E02389A28861882846FFF797
:1038700052FEE188284600F0CBF870BD002101809F
:103880004180012181800021C180018170471AB1EE
:1038900083890B43838102E083898B438381704753
:1038A00070B5002400220023058C4FF6FE763540CB
:1038B0000584028C8388048B4FF68F752C40B51ECF
:1038C0002C400D882C43751E2A408D892A434D8833
:1038D0002A43104DA84202D00F4DA84213D14FF6F3
:1038E000F7752A40CD892A434FF6FB752A408D880B
:1038F0002A434FF6FF652B404FF6FF552B400D8AAC
:103900002B434D8A2B43838004838D684563028457
:1039100070BD000000000140000401400A46002183
:10392000018B4FF6F7731940114301837047000074
:1039300070B5002200230024058C4EF6FF7635403A
:103940000584038C8488828B48F6FF752A404FF6E5
:10395000FF452A400D884FF6FF7606EA05252A43E3
:103960004DF6FF752B408D8906EA05352B434D88B2
:1039700006EA05352B430A4DA84202D0094DA8425C
:1039800008D14BF6FF752C400D8A4FF6FF7606EAFC
:1039900085152C43848082838D680564038470BD03
:1039A00000000140000401400A460021818B4FF2D3
:1039B000FF7319404FF6FF7303EA02231943818313
:1039C00070474163704781637047C163704701640A
:1039D0007047028B4FF6F3731A400283028B0A433F
:1039E00002837047028B4FF2FF331A400283028B2F
:1039F0004FF6FF7303EA01231A4302837047828B59
:103A00004FF6F3731A408283828B0A438283704796
:103A1000828B4FF2FF331A408283828B4FF6FF7303
:103A200003EA01231A4382837047000000220288C0
:103A3000184B98420ED0184B98420BD0B0F1804FE3
:103A400008D0164B984205D0154B984202D0154B22
:103A5000984204D14FF68F731A404B881A43124B89
:103A6000984207D0114B984204D04FF6FF431A40BA
:103A70000B891A4302804B68C3620B880385054B90
:103A8000984202D0044B984201D18B7A03860123DD
:103A900083827047000001400004014000040040A0
:103AA00000080040000C00400010004000140040DE
:103AB0004FF0FF314160002101800181418081721E
:103AC0007047000000B587B001210C20FEF718FDFB
:103AD00001210805FEF734FD08220C212648FEF7D7
:103AE000F6F9082202212548FEF7F1F902208DF8A7
:103AF000180000208DF81A0001208DF81B0002200C
:103B00008DF81900C002059005A91B48FEF797F92A
:103B10000420059005A91948FEF791F94FF4E1300A
:103B200001900020ADF810000820ADF80E00002034
:103B3000ADF80C00ADF80A00ADF8080001A9104876
:103B400000F028F901210E4800F0C9F835208DF861
:103B5000000003208DF801008DF8020001208DF88F
:103B600003006846FEF7E8FB002240F22771044894
:103B700000F0EBF807B000BD00080240000C024066
:103B80000050004010B540F22771144800F0B3F81F
:103B900018B31348008813490988884212D0124884
:103BA0000F4A1288815C0D4800F063F90C490988BE
:103BB000481CC11700EB5161C911A0EBC111084AA3
:103BC000118005E0002240F22771044800F0BDF8A2
:103BD00040F22771014800F073F810BD005000401A
:103BE0000205002000050020148D002070B5044659
:103BF0000D46002017E0114B1B88591CCB1701EB19
:103C00005363DB11A1EBC3139AB20D4909888A42B1
:103C100000D170BD215C0B4B084E36889955074981
:103C20000A80411C88B2A842E5DB012240F22771DC
:103C3000054800F08AF800BFEBE70000000500200F
:103C400002050020148D00200050004030B587B0E0
:103C500004460D46AA208DF8040055208DF8050075
:103C6000AA0021460DF10600FCF774FB14210DF1AA
:103C70000600FCF7DBFF8DF81A000D208DF81B0005
:103C8000182101A8FFF7B2FF07B030BD1CB5002016
:103C9000009040F22551084800F02DF858B1064830
:103CA00000F0E2F8C0B2019000236A4601A903487F
:103CB00000680EF073FB1CBD0010014008050020D9
:103CC00010B50022002340F66A14A14200D100BFC3
:103CD0000A1201249440A3B2DC43048010BD21B138
:103CE000828942F40052828104E082894DF6FF739A
:103CF0001A408281704770B50246002400230025D7
:103D0000002040F66A16B14200D100BFC1F342154F
:103D100001F01F03012606FA03F3012D02D1968953
:103D2000334006E0022D02D1168A334001E0968A24
:103D300033400C12012606FA04F41688344013B1FD
:103D40000CB1012000E0002070BDF0B50346002456
:103D500000260025002040F66A17B94200D100BFB6
:103D60001846C1F3421401F01F06012707FA06F5B1
:103D7000012C01D10C3004E0022C01D1103000E004
:103D800014301AB107682F43076002E00768AF4399
:103D90000760F0BD2DE9FF4705460E460024A14609
:103DA00000BFA046B08900B100BF2C8A24F4405463
:103DB000F08804432C82AC8941F20C608443B088C3
:103DC00031890843718908430443AC81AC8A24F4E7
:103DD0004074B0890443AC826846FEF7F1FB20488A
:103DE000854202D01F48854202D1DDF80C9001E0E7
:103DF000DDF80890A88900F4004040B109EBC90043
:103E000000EB091031684900B0FBF1F707E009EB5E
:103E1000C90000EB091031688900B0FBF1F764209C
:103E2000B7FBF0F004012009642101FB1078A88998
:103E300000F4004040B1322000EBC800B0FBF1F0CC
:103E400000F00700044308E0322000EB0810642172
:103E5000B0FBF1F000F00F0004432C81BDE8FF87B8
:103E6000001001400014014001468888C0F308009A
:103E70007047C1F308028280704770B504460D4652
:103E8000D4F8E4052946426820469047002070BDDA
:103E900070B504460D464FF48970005D022802D0CB
:103EA000032812D100E000BF688801280CD100214E
:103EB0004FF48C700151D4F8E405294682682046FD
:103EC0009047204600F075F804E02946204600F0AF
:103ED00021F800BF00BF70BD2DE9F04106460C4639
:103EE000154600272B46224600213046FCF728FFC6
:103EF0003846BDE8F0812DE9F04106460C461546EE
:103F000000272B46224600213046FCF774FF384636
:103F1000BDE8F08170B504460D4680212046FCF7CF
:103F200046FF00212046FCF742FF204601F06EF9D3
:103F300070BD2DE9F04104460E4615460027C4F831
:103F40009453C4F89053032140F2111001552B46AD
:103F5000324600212046FCF7F3FE3846BDE8F081EA
:103F600070B504460025052140F2111001550023CB
:103F70001A4619462046FCF7E3FE204601F046F9B2
:103F8000284670BD2DE9F04104460E46154600272F
:103F9000C4F83C51C4F83851022140F211100155C7
:103FA0002B46324600212046FCF725FF3846BDE867
:103FB000F08170B504460025042140F2111001552E
:103FC00000231A4619462046FCF715FF204601F04B
:103FD0001DF9284670BD70B505460E46002E5DD110
:103FE00005F58E7440F21110405D022849D1A16898
:103FF000E069884217D9A168E069401AE061E87871
:10400000012803D1D4E902100844E060A08B82B2F9
:104010002846E168FFF76FFF00231A461946284635
:10402000FCF78EFE2DE0A168206AB0FBF1F201FBE7
:104030001200A8B9A168206A884211D3D4E9080106
:1040400088420DD2002211462846FFF754FF002077
:10405000606200231A4619462846FCF771FE10E0FC
:10406000D5F8E405C06848B14FF48970405D032875
:1040700004D1D5F8E405C168284688472846FFF7EB
:104080006FFF4FF48B70405D012816D1284600F079
:1040900063FA00214FF48B7041550EE0D5F8E4052A
:1040A000406950B14FF48970405D032805D1D5F8BF
:1040B000E4053146426928469047002070BD70B53E
:1040C00005460E46A6BB05F55D7440F21110405D35
:1040D00003283DD1A168E069884217D9A168E06949
:1040E000401AE061E878012803D1D4E902100844BD
:1040F000E060A368E069984201D2E06900E0A0684E
:1041000082B22846E168FFF7E7FE21E0D5F8E40532
:10411000006948B14FF48970405D032804D1D5F897
:10412000E4050169284688472846FFF742FF0FE06B
:10413000FFE7D5F8E405806950B14FF48970405D20
:10414000032805D1D5F8E405314682692846904711
:10415000002070BD014600207047000070B5044685
:104160000D46E888012804D029462046FFF7D2FEF4
:104170001AE04FF48970005D022802D003280DD1A7
:1041800005E0012209492046FFF7FCFE0BE0012271
:1041900004F588712046FFF7F5FE04E02946204625
:1041A000FFF7B8FE00BF00BF70BD0000D4020020C2
:1041B000F8B504460E46F088009070880012082872
:1041C00062D2DFE800F061040C186161575CA078EE
:1041D000D4F8EC150A6869469047054659E0A0787E
:1041E000D4F8E4158A6A6946904705460221697049
:1041F000C4F8F0554DE0B078062834D2DFE800F07E
:10420000030B131B232BA078D4F8EC154A686946DE
:10421000904705462CE0A078D4F8EC158A686946EA
:104220009047054624E0A078D4F8EC15CA686946A2
:10423000904705461CE0A078D4F8EC150A69694659
:104240009047054614E0A078D4F8EC154A69694611
:10425000904705460CE0A078D4F8EC158A696946C9
:104260009047054604E031462046FFF753FEF8BD6F
:1042700000BF0EE031462046FFF74CFEF7E731461F
:104280002046FFF747FEF2E731462046FFF742FEA1
:10429000EDE700BFBDF8000088B1F08878B1F08884
:1042A000BDF80010884202DDBDF8000000E0F08893
:1042B0000090BDF8002029462046FFF763FE00BFAE
:1042C000D5E70146002002E0421CD0B2491C0A7822
:1042D000002AF9D17047000070B504460D464FF42E
:1042E0008970005D022802D0032813D100E000BFCE
:1042F00001200C4908604FF48C70005920B1084629
:10430000006840F002000860022206492046FFF7DC
:1043100039FE04E029462046FFF7FCFD00BF00BF40
:1043200070BD0000D80200202DE9F04104460D4682
:1043300017460026FCB12046FFF7C3FF022101EB20
:10434000400038803A783046711CCEB22A5403229D
:104350003046711CCEB22A540AE014F8012B3046C4
:10436000711CCEB22A5400223046711CCEB22A549F
:1043700020780028F1D1BDE8F0812DE9F041044614
:104380000F4615461E46DDF81880204600F030FC2A
:104390002046FFF7DFFEC4F8E465C4F8E885C4F8FA
:1043A000EC5539462046FDF7A7F8D4F8E81508681B
:1043B0008047204600F006FCBDE8F08110B50446B9
:1043C000D4F8E405016A20468847002010BD10B5E6
:1043D0000446D4F8E405416A20468847002010BD11
:1043E0007CB505460024284601F00CFA002865D06B
:1043F000284601F012FA0190019808B900207CBD0E
:104400000198C0F3C04018B12846FCF77BFE044376
:104410000198C0F3804018B12846FCF7DFFD044343
:104420000198C0F3400050B100200090009820F0A7
:104430000200801C00900098E968486100BF019864
:10444000C00F18B12846FCF7DDFE04430198C0F305
:10445000C02018B12846FCF779FF04430198C0F347
:10446000C00018B12846FCF75BFF04430198C0F375
:10447000001018B12846FCF7FBFE04430198C0F376
:10448000003018B12846FCF7B5FF04430198C0F38B
:10449000403018B12846FCF7D5FC04430198C0F31E
:1044A000005018B12846FDF775F804430198C0F391
:1044B000405018B12846FDF783F8044320469EE794
:1044C00090F8CC250A7090F8CD254A7090F8CE353A
:1044D00090F8CF2503EB02224A8090F8D03590F86F
:1044E000D12503EB02228A8090F8D23590F8D325AB
:1044F00003EB0222CA80CB884FF4A0721350012331
:1045000040F211121354704710B5044600234022A4
:1045100019462046FCF7E0FB00234022802120467C
:10452000FCF7DAFB01214FF489700155A078D4F82B
:10453000E82551688847002010BD10B50446D4F81E
:10454000E8150869804740F21310015D401E0155CF
:1045500003210155002010BD014603480268086987
:1045600042600020704700009C02002010B5044605
:10457000D4F8E405C06920B1D4F8E405C169204647
:104580008847002010BD70B504460D46A88818BBAA
:10459000E88808BBA87800F07F064FF48970005DBA
:1045A000032804D129462046FFF7B4FC18E04FF455
:1045B0008A70065531462046FCF7EBFB2046FFF794
:1045C000F8FC26B102214FF48970015508E0012161
:1045D0004FF48970015503E029462046FFF79AFC05
:1045E00070BD70B504460D46D4F8E405294602684E
:1045F00020469047D4F8E81588688047002070BDB1
:1046000070B504460D46A878304908700846007811
:10461000012804DD29462046FFF77CFC55E04FF4D5
:104620008970005D022802D0032848D117E027488E
:10463000007880B12548007884F8100103214FF4F8
:1046400089700155214801782046FFF7CAFF2046AE
:10465000FFF7AFFC02E02046FFF7ABFC34E01B485D
:10466000007880B902214FF489700155174800780D
:1046700084F81001154801782046FFF7FEFB20461C
:10468000FFF797FC1AE094F8100110490978884266
:1046900011D094F810112046FFF7EFFB0B4800787B
:1046A00084F81001094801782046FFF79AFF204658
:1046B000FFF77FFC02E02046FFF77BFC04E0294681
:1046C0002046FFF727FC00BF00BF70BDDC020020C2
:1046D000F8B504460D460026688801280DD1012151
:1046E0004FF48C700151D4F8E405294682682046C5
:1046F00090472046FFF75DFC3FE0688802283CD1E8
:104700002879D0BB206940680090A8880612062E40
:1047100022D2DFE806F02103090F151B009820F0D4
:104720007000103000901DE0009820F070002030E4
:10473000009017E0009820F070003030009011E0F9
:10474000009820F07000403000900BE0009820F0BE
:1047500070005030009005E0009820F0700010309C
:10476000009000BF00BF05480099016001214FF48F
:104770008B7001552046FFF71CFCF8BD9C02002001
:104780001CB5044669462046FFF79AFE9DF80000D6
:1047900000F01F0020B1012807D002280FD109E046
:1047A0006946204600F016F811E06946204600F000
:1047B00007F90CE06946204600F046F807E09DF84E
:1047C000000000F080012046FCF7F1FA00BF00BFB6
:1047D00000201CBD70B505460C46002660780A28EE
:1047E00029D2DFE800F01923281E280A0528140F13
:1047F00021462846FFF7DCFC22E021462846FFF749
:10480000C2FE1DE021462846FFF7FAFE18E02146C9
:104810002846FFF7A3FC13E021462846FFF75CFD7E
:104820000EE021462846FFF753FF09E021462846BF
:10483000FFF72EFB04E021462846FFF76BFB00BF85
:1048400000BF304670BD00002DE9F04105460E4620
:1048500000273479307800F06000202808D1D5F89E
:10486000E40531468268284690473846BDE8F08125
:104870007078002857D001282BD0032875D14FF429
:104880008970405D022802D003281BD107E02CB1BB
:10489000802C03D021462846FCF789FA17E070885F
:1048A00030B92CB1802C03D021462846FCF77FFA82
:1048B000D5F8E40531468268284690472846FFF738
:1048C00078FB04E031462846FFF724FB00BF00BF19
:1048D00070E04FF48970405D022802D003281BD19C
:1048E00007E02CB1802C03D021462846FCF75FFA64
:1048F00017E0708878B95CB1802C09D02146284631
:10490000FCF7C6F9D5F8E405314682682846904799
:104910002846FFF74EFB04E031462846FFF7FAFA37
:1049200000BF00BF46E04FF48970405D022802D00E
:10493000032837D107E02CB1802C03D0214628462C
:10494000FCF735FA33E004F08000802812D104F03F
:104950007F0000EB800105F58E7000EBC1008078D0
:1049600020B101201549086016E022E0002013491B
:10497000086011E004F0800070B904EB840105F5D3
:104980005D7000EBC100807818B101200B49086010
:1049900002E0002009490860022208492846FFF782
:1049A000F1FA04E031462846FFF7B4FA00BF00BF31
:1049B00000E000BF00BF384658E70000D0020020EA
:1049C00070B504460D4600264FF48970005D03283B
:1049D00014D1287901280CDCD4F8E4052946826832
:1049E00020469047E88840B93EB92046FFF7E1FAF3
:1049F00003E029462046FFF78DFA04E029462046C9
:104A0000FFF788FA00BF00BF304670BD10B50446FE
:104A10004FF48970015D401C01550421401E015571
:104A2000D4F8E815C8688047002010BD70B5054669
:104A30000C462DB92246064906A0FFF775FC04E096
:104A40002246034903A0FFF76FFC014870BD000038
:104A5000480F002056435020436F6E666967000080
:104A600001200149087070476C02002001200149B3
:104A7000087070476C02002002461220088001482E
:104A80007047000030020020002001490870704784
:104A90006C02002010B1012802D100E001E000E02A
:104AA00000BF00BF70477047002001490870704781
:104AB0006C0200207047000070B505460C462DB909
:104AC0002246064906A0FFF72FFC04E022460349D0
:104AD00003A0FFF729FC014870BD0000480F00202B
:104AE00056435020496E746572666163650000002C
:104AF0000246042008800148704700004C02002054
:104B000070B505460C462246024903A0FFF70CFC8F
:104B1000004870BD480F002053544D6963726F65A3
:104B20006C656374726F6E696373000070B50546DF
:104B30000C462DB92246064906A0FFF7F5FB04E016
:104B4000224603490CA0FFF7EFFB014870BD0000AF
:104B5000480F002053544D333220566972747561EA
:104B60006C20436F6D506F727420696E2048532023
:104B70006D6F64650000000053544D333220566958
:104B8000727475616C20436F6D506F727420696E22
:104B9000204653204D6F64650000000070B5054647
:104BA0000C461A202080FDF7CFF9014870BD0000A7
:104BB0005002002002464320088001487047000050
:104BC0003003002038B504464FF44070FDF7F0FB89
:104BD00043208DF8000007208DF8010000208DF89B
:104BE000020001208DF803006846FDF7A5FB38BDE3
:104BF0001CB5044601210846FDF782FC4FF4C05065
:104C0000009003208DF8050002208DF8040000209C
:104C10008DF806008DF8070069460B48FDF70FF97F
:104C20000A220B210848FDF752F90A220C210648F6
:104C3000FDF74DF901218803FDF7A2FC0121802039
:104C4000FDF76EFC1CBD00000000024010B50446DC
:104C50004FF47A7104FB01F000F001F810BD10B5BB
:104C60000022C0EB0013DB000724B3FBF4F100BF0C
:104C7000531C1A468B4200D910BDF9E73EB50446D5
:104C800000250020029001900090207A01283DD15B
:104C9000E068806B0190019820F480300190607A88
:104CA00028B1019820F4801000F58010019001983F
:104CB000E168886300200290E068C0680290029872
:104CC00020F040000290029820F4800002900298A8
:104CD00020F400300290029820F400200290029804
:104CE000E168C860204600F063F9E078012843D10C
:104CF000009820F01E000A300090009820F020005C
:104D0000203000900098E168886035E0E068C06875
:104D10000290029820F04000403002900298E16832
:104D2000C860204600F044F900200190019820F46A
:104D3000803000F580300190019820F4802000F54B
:104D400080200190019820F4002000F500200190BF
:104D5000019820F4001000F500100190607A28B14D
:104D6000019820F4801000F5801001900198E1680E
:104D700088631420FFF76AFFE07801280FD1E0680C
:104D800080680090009820F01E000A300090009883
:104D900020F02000203000900098E16888602846CC
:104DA0003EBD70B588B004460026002007900690EE
:104DB0000590049003900021D4F80C010160206953
:104DC00000680690069820F4C05006900699206965
:104DD0000160E07A01283FD10321204600F006FD62
:104DE0008020E1684862059880B200F500100590C7
:104DF00005986FF30F00803005900598E168886290
:104E0000059800EB1041049861F30F00049004989A
:104E100080B200F5000004900498E168C1F8040134
:104E2000049800EB104161F30F000490049880B2E5
:104E300000F5001004900499E068C0F80811049887
:104E400000EB104161F30F000490049880B20490CD
:104E50000499E068C0F80C111021204600F07AFC9B
:104E6000204600F051FC0021206901612069416168
:104E7000491E2069816100212069C16100252CE063
:104E800004F1180050F82500006807900798C00F3B
:104E900070B100200790079820F0804000F180401A
:104EA0000790079820F0006000F10060079001E093
:104EB0000020079004F1180050F8250007990160C0
:104EC000002104F1180050F825000161FF2104F1D0
:104ED000180050F8250081606D1C6078A842CFD87A
:104EE00000252CE004F1540050F8250000680190E2
:104EF0000198C00F70B100200190019820F080400F
:104F000000F180400190019820F0006000F1006005
:104F1000019001E00020019004F1540050F82500B8
:104F200001990160002104F1540050F8250001614D
:104F3000FF2104F1540050F8250081606D1C607859
:104F4000A842CFD800200390039820F4807000F589
:104F500080700390206900690399884308432169A0
:104F60000861E07801281DD100200290029820F00D
:104F70000100401C0290029820F00200801C029068
:104F80004021029861F38A000290029820F4803058
:104F900000F580300290029861F359400290029926
:104FA00020690163204600F050FB304608B070BD18
:104FB000F8B50446002600250020009000BF03201D
:104FC000FFF74DFEE06800690090681C0546134934
:104FD000884201D90020F8BD0098C00F0028EED00B
:104FE0000025009820F00100401C00900098E16826
:104FF000086100BFE06800690090681C0546074929
:10500000884200D904E0009800F001000028F1D1A6
:1050100000BF0320FFF723FE3046DCE7400D03000E
:1050200008B50146002000220092009A22F00102F9
:10503000521C0092CA689268009B9A43CB689A609F
:1050400008BD0EB501460020002200920A69926850
:1050500002928A6912680192029AC2F3410232B145
:10506000012A05D0022A09D0032A0DD101E000BF90
:1050700000BF019A6FF30A0201920AE0019A6FF3EE
:105080000A02D21C019204E0019A6FF30A02019213
:1050900000BF00BF019B8A691360009A22F48072EE
:1050A00002F5807200920A695268009B9A431A4383
:1050B0000B695A600EBDFCB5024600200024002595
:1050C000019500954D78012D52D193691D68019588
:1050D0001D6900954D6955B9009D25F07F05009526
:1050E000009D25F4002505F50025009516E08E6845
:1050F0004D69B54207D98D684D610E7A009D66F302
:105100000605009504E00E7D009D66F306050095FA
:10511000009D25F4002505F500250095009D1D61E5
:10512000D578012D06D10F7802F1180555F82750D2
:105130000E696E61019D25F0806505F18065019520
:10514000019D25F0004505F100450195019D1D607B
:10515000D578002D59D14D69002D56D00E780125F6
:10516000B5402C4315696D6B2543166975634CE09A
:105170000E7802F1540555F826502D6801950E78E9
:1051800002F1540555F826502D6900954D695DB919
:105190000E7A009D66F306050095009D25F4002516
:1051A00005F5002500950CE08D684D610E7A009D97
:1051B00066F306050095009D25F4002505F50025FC
:1051C00000950F7802F1540555F82750009E2E6186
:1051D000D578012D06D10F7802F1540555F82750E6
:1051E0000E696E61019D25F0806505F18065019570
:1051F000019D25F0004505F1004501950F7802F16C
:10520000540555F82750019E2E60FCBD0CB50021B9
:105210000191019921F0C04101F1C0410191019931
:1052200021F4002101F500210191019921F07F0174
:1052300018310191019A416D0A61C178012915D196
:105240000021009100F2CC51426D5161416D09681D
:105250000091009921F0004101F1004100914FF0CF
:1052600080210091009A416D0A6000BF0CBD3CB5E1
:10527000024600200024019400944C78012C0CD1AB
:105280000D7802F1180454F825300D780124AC4053
:10529000009D64F30F0500950BE00D7802F15404B6
:1052A00054F825300D780124AC40009D64F31F456F
:1052B00000951C680194019CC4F3C034E4B90D89C5
:1052C000019C65F30A040194CD78019C65F3934435
:1052D00001948D79019C65F399540194019C24F00B
:1052E000805404F180540194019C24F4004404F59A
:1052F00000440194019C1C601469E469009D2C43E6
:105300001569EC613CBD38B50346002000240094CB
:105310004C78012C05D10D7803F1180454F82520A0
:1053200004E00D7803F1540454F825201468009427
:10533000009C24F400140094CC78032C02D0CC7888
:10534000022C05D1009C24F0805404F18054009478
:10535000009C146038BD3CB5024600200024019436
:1053600000944C78012C0CD10D7802F1180454F8FB
:1053700025300D780124AC40009D64F30F050095A5
:105380000BE00D7802F1540454F825300D78012417
:10539000AC40009D64F31F450095019C24F400443B
:1053A0000194019C1C601469E469009DAC4315697B
:1053B000EC613CBD38B503460A4600200024009449
:1053C0005478012C18D1157803F1180454F82510DD
:1053D0000C680094009CE40F2CB1009C24F08044E5
:1053E00004F180440094009C24F4001404F500149B
:1053F0000094009C0C600EE0157803F1540454F8FE
:1054000025100C680094009C24F4001404F500148A
:105410000094009C0C6038BDFEB505460C46002685
:105420000027002002900190607801287ED1217829
:1054300005F1180050F8210000680290217805F16C
:10544000180050F8210000690190606948B901987E
:105450006FF3120001900121019861F3DC4001908B
:1054600017E06169019861F3120001906069401EC4
:10547000A1680844B0FBF1F1019861F3DC400190B0
:10548000E078012805D1019820F0C04000F10050DB
:105490000190227805F1180050F82200019901616D
:1054A000E878012807D1227805F1180050F8220089
:1054B000216941610DE0E07801280AD0606940B1BE
:1054C0002178012000FA01F72869406B38432969E7
:1054D0004863E078012813D128698068009000981B
:1054E000C0F3002030B9029820F0005000F10050C5
:1054F000029005E0029820F0805000F18050029068
:10550000029820F0806000F180600290029820F004
:10551000004000F100400290227805F1180050F898
:10552000220002990160E078012800E008E070D1D3
:10553000A08A83B222782846E16800F034FA68E055
:10554000217805F1540050F821000068029021787C
:1055500005F1540050F8210000690190606950B9CC
:10556000A168019861F3120001900121019861F393
:10557000DC40019017E0A068401E61690844A16802
:10558000B0FBF1F1019861F3DC4001900198C0F3A8
:10559000C940A1684843019960F312010191019843
:1055A000C0F312006061227805F1540050F8220027
:1055B00001990161E878012806D1227805F15400AB
:1055C00050F8220021694161E07801280ED160790C
:1055D00030B1029820F0005000F10050029005E038
:1055E000029820F0805000F180500290029820F044
:1055F000806000F180600290029820F0004000F18D
:1056000000400290227805F1540050F822000299DF
:1056100001603046FEBD08B500210091491EC268F8
:1056200051606FF08041C2685161009921F00041E2
:1056300001F100410091009921F4006101F5006140
:1056400000910099C268916108BD38B504460025F3
:1056500000200090E16888616FF08040E168486157
:105660002046FFF7D8FFE07820B9009820F010001E
:1056700010300090009820F4006000F50060009069
:10568000009820F4805000F580500090009820F49D
:10569000005000F500500090009820F4802000F5A4
:1056A00080200090009820F4002000F50020009059
:1056B000009820F0080008300090009820F4801036
:1056C00000F580100090009820F4001000F5001004
:1056D0000090E0688069009988430843E168886128
:1056E000284638BD08B50146002000220092009AE5
:1056F00022F00102521C0092CA689268009B1A4371
:10570000CB689A6008BD0000F8B504460025002665
:1057100000200090009820F01000103000900098B9
:10572000E168086100BFE06800690090701C0646EF
:105730000749884200D904E00098C0F3001000280F
:10574000F1D100BF0320FFF78AFA2846F8BD000018
:10575000400D0300F8B504460D4600260027002042
:105760000090009820F0200020300090009865F311
:105770008A1000900098E168086100BFE068006945
:105780000090781C07460749884200D904E0009839
:10579000C0F340100028F1D100BF0320FFF75FFAEB
:1057A0003046F8BD400D030008B5014600200A69E7
:1057B00092680092009AC2F3410232B1012A06D0E7
:1057C000022A07D0032A07D102E0032006E000BF27
:1057D000022003E0012001E0022000BF00BF08BD5D
:1057E0000146C868406900F00100704708B50269C9
:1057F00012680092009A61F301020092009B026914
:10580000136008BD00B502461046FFF7E9FF012806
:1058100001D0012000BD0020FCE701460020CA683D
:105820005069CA68926910407047014608698269E8
:105830000869C069024090B27047014608698269F0
:105840000869C0690240100C7047024602F1540317
:1058500053F82130986813695B6918407047F0B5B8
:1058600003460024D01CC71700EB9777BD10D3F870
:10587000D06000BF03E030680860091D641CAC42C2
:10588000F9D30846F0BD000070B502460C4600236F
:1058900000200025D5700125957040259580012CAC
:1058A0000CD14FF0A0430125D572082515700425B1
:1058B00055709D15D580022515720AE04CB9254B0F
:1058C0000025D5720C251570062555704FF4A0657E
:1058D000D580D36003F500651561002110E003F564
:1058E000106505EB411602F1180545F8216003F536
:1058F000306505EB411602F1540545F82160491C5D
:1059000055788D42EBD803F5806555614035C2F876
:10591000CC50002108E003F5A06505EB411602F12B
:10592000900545F82160491C15788D42F3D8002177
:1059300008E003F5805505EB013602F1D00545F886
:105940002160491C15788D42F3D803F56065C2F8D3
:105950000C5170BD00000440F8B504460D46002609
:10596000E068C0680090009820F000500090009817
:1059700020F080400090012D06D1009820F00050CA
:1059800000F10050009006E02DB9009820F0804012
:1059900000F1804000900098E168C8603220FFF775
:1059A00055F93046F8BD2DE9F04104460026E0786F
:1059B000B0B900270020DD1C4FEAE57805EB9878A8
:1059C0004FEAA80704F1D00555F822C000BF04E053
:1059D0000D68CCF80050091D401CB842F8D300BF38
:1059E0003046BDE8F08100000021084607F0E6FAE5
:1059F0000021012007F0E2FA0021022007F0DEFA80
:105A00000021032007F0DAFA0848006820F00200BD
:105A1000064908604FF400710548FCF786FACF216B
:105A200004A00AF0B3FF00BFFEE700000001002061
:105A3000000402402E2E5C7372635C6472697665AA
:105A400072735C7372635C6E7669632E6300000030
:105A500010B50346042B15D007DC7BB1012B0ED00B
:105A6000022B0DD0032B3CD10BE0202B0BD0212B94
:105A70001CD0222B33D0232B33D131E032E031E064
:105A800030E02FE02EE008784C7840EA04208C7853
:105A900040EA0440CC7840EA0460144C2060087965
:105AA0002071487960718879A0711BE00F480078F7
:105AB00008700E480088000A48700C480068000C06
:105AC00088700A480068000EC8700848007908719C
:105AD00006484079487105488079887102E001E004
:105AE00000E000BF00BF002010BD0000F401002056
:105AF0007CB505460E4600200190002409E0285D93
:105B00000090002301AA6946044800680CF046FC96
:105B1000641CB442F3D300207CBD0000F0010020DF
:105B2000014610488079072806D101F07F000E4A0F
:105B30000E4B1B68D05407E00A488079082803D12F
:105B400009480A4A1268815408480068401C074AFC
:105B5000106010460068B0F5007F01D10020106091
:105B600000207047F4010020CA100020EC02002041
:105B700000207047002070470FB4054B10B503A9F3
:105B8000044A029801F000F810BC5DF814FB000014
:105B9000AFB40008E80100204100080218BF04204B
:105BA0000A0E18BF40F001004FF07F4232EA0101B7
:105BB00008BF40F00200012808BF05207047000020
:105BC00070B54FF068422DED048BF0EE408A18EE70
:105BD000900AB0EE608A18EE101A02EB4003B3F19F
:105BE000654F3CBF02EB4102B2F1654F7DD200BF71
:105BF000C0F3C753C1F3C7529A1A1B2A09DD10F02C
:105C0000004F14BF9FED830A9FED830ABDEC048B08
:105C100070BD12F11A0F36DA11F0004F09D010F0F2
:105C2000004F0CBF9FED7D0A9FED7D0ABDEC048BFC
:105C300070BD88EE889A19EE100AFFF7ADFF0428B0
:105C400008BF00F017FE18EE900AFFF7A5FF054603
:105C500018EE100AFFF7A0FF044619EE100AFFF72E
:105C60009BFF042D18BF052D08D1042C18BF052C4F
:105C700004D1002804BF022000F0BEFEB0EE490AA5
:105C8000BDEC048B70BD4200B2EB410F3AD910F06D
:105C9000004F19BFDFED630A9FED630ADFED630A72
:105CA0009FED630AB0EE481A0A46B1EE688A80F0AA
:105CB0000041F0EE418A10460A1A5200B2F1807F8C
:105CC00034D2484010F0004FDFED5A1A9FED5A2AA7
:105CD0001DBFBEEE001A70EEE10A30EE420AB6EECB
:105CE000001A08BF70EEA10A00E040E008BF30EEE5
:105CF000020AB0EE682A01EE482A08EE818AC2EE56
:105D0000081A15E011F0004F04BF9FED4C0AF0EEA9
:105D1000400AD1D010F0004F19BFDFED490A9FEDC6
:105D2000490ADFED490A9FED490AC5E7C8EE881A1E
:105D300021EEA11A9FED462ADFED462A41EE022A06
:105D40009FED452A01EE222ADFED442A41EE022A88
:105D50009FED432ABDEC048B01EE222A21EE811A2D
:105D600001EE020A30EE210A30EE200A70BD4FF03B
:105D70007F42B2EB400F28BFB2EB410F09D2F0EEE9
:105D8000480AB0EE680ABDEC048BBDE8704000F034
:105D90005EBD40EA01035B0008BF41F0FF410BD04C
:105DA000B2EB400F08BFB2EB410F08D120F08040AA
:105DB00008EE900A21F0804108EE101A18E7B2EBC5
:105DC000400F12BF5FEA410340F0FF4001F0004185
:105DD0003FF40EAFB2EB410F12BF5FEA400200F09A
:105DE000004041F0FF413FF403AF4A0092EA400314
:105DF0003FF5FEAE002AACBF9FED1A0A9FED1A0ACE
:105E000068EE808A28EE008A18EE900A18EE101AC2
:105E1000EEE60000DB0FC9BFDB0FC93FDB0F4940D7
:105E2000DB0F49C00000C9BF22AAFDB90000C93F6D
:105E300022AAFD390060ED3EC30ACE370000000003
:105E4000000049C022AA7DBA0000494022AA7D3A3A
:105E50002DAD65BD8FB8D53D0FB511BE61C84C3EA7
:105E6000A8AAAABE0000804F0000802F10EE101AD2
:105E700008B5444A6846B2EB410F28D94FF0E640D6
:105E8000B0EB410F94BF00204FF0FF30009000981E
:105E9000002861DB60EE000A10F0010F45D010F021
:105EA000020FDFED391A9FED391A00EEE11ADFED2E
:105EB000381A40EE811A21EEA01AF0EE400A40EEA8
:105EC000010A08BFF1EE600AB0EE600A08BD314B6E
:105ED00021F0004293423CD911F0004FDFED2E0A31
:105EE00020EE201ADFED2D0A19BF31EE601A71EE97
:105EF000200A31EE201A71EE600ABDEEE01A11EEB2
:105F0000100A9FED271A00F0030000EEC10A9FED72
:105F1000251A009000EEC10A9FED231A00EEC10A77
:105F20009FED221A00EEC10AB1E79FED211A9FED05
:105F3000210A10F0020F00EE810A9FED1F1A00EEF9
:105F4000801AB7EE000A00EE810A18BFB1EE400ACF
:105F500008BD00F097FC9AE710EE100A4000B0F17F
:105F60007F4F3CBFB7EE000A08BD07D14FF00100DC
:105F700000F042FDBDE8084000F06CBCBDE8084000
:105F800000F062BCB61F927E336D4C39DA82083C59
:105F9000A0AA2ABE490E494683F9223F0000004BC1
:105FA0000000C93F00A0FD390020A2331A61342C43
:105FB000B93AB2BACA9F2A3DDDFFFFBE10B52DED3A
:105FC000028BB0EE408A18EE100AFAF7A8FC0446DD
:105FD000400010F1020F11D118EE100AFAF70CFC74
:105FE00000EE904A00EE100AF8EEE00AB4EE600A05
:105FF000F1EE10FA1CBF012000F0FEFC2046BDECC3
:10600000028B10BD10B510EE100A2DED068BB7EE09
:10601000001A10EE901AB0EE418A0022A0F5000C92
:10602000DFEDFE9A4FF00073BCF1FE4F4FF07F445E
:1060300003EB410C80F0B481BCF1804FC0F02082B2
:10604000F74901449FEDF73AB1F5005F40F2D48281
:1060500000F58021CB0C03F00F0101EE901AC3F381
:1060600007137F3BA0EBC350B8EEE12A00EE100A05
:106070001A44DFEDED2AF0EE411A42EE221AF0EE5C
:10608000613A70EE232A30EE632A12EE900A00F590
:1060900000606FF30B0001EE900A73EEE13A33EE0D
:1060A000804AC1EE223A22EE230A10EE100A00F5D1
:1060B00000606FF30B0000EE100A00EE612A00EEA4
:1060C000442A62EE232A70EE221A21EEA12ADFED85
:1060D000D73A02EE233A23EE023A20EE012A22EECC
:1060E000811A03EE211A32EE010A10EE100A00F5B1
:1060F00000606FF30B0000EE100A72EE401A31EEF2
:10610000812A9FEDCB1A60EE011A9FEDCA1A20EE8C
:10611000011A9FEDC90A02EE001A31EE810A10EE53
:10612000100A00F500606FF30B0000EE100AC34880
:1061300071EEC01A31EE812A784400EBC10090ED77
:10614000003AD0ED011A100101EE100AF8EEC12A52
:1061500032EE211A31EE001A31EE031A31EE221A14
:1061600011EE100A00F500606FF30B0009EE100A43
:1061700039EE621A31EE431A31EE400A30EE610A0E
:1061800032EE40AA10EE900A002100F500606FF395
:106190000B0008EE900A084670EEE8AAFAF7FEFB3C
:1061A00029EE280A00F00C01F0EEC00A10EE900A69
:1061B000B0F18B4F0DDD10EE900AB4EB400F08D319
:1061C00010EE100A4FF08B4262F31E0008EE900AA8
:1061D00013E069EE2A0A38EEAA1A4AEE010A30EEF6
:1061E000201A11EE100A00F500606FF30B0008EEA4
:1061F000900A30EE680A70EE209A0C20FAF7CEFB77
:1062000038EEA90AB5EEC00AF1EE10FA34BFFEEE80
:10621000000AF6EE000A30EE800ABDEEC00A10EE6B
:10622000100A011100EE101AF8EEC00A00EE100A72
:10623000B8EEC00A38EEC00A30EE290ADFED801A47
:106240009FED801A00EE211ADFED7F1A7F4900F0E2
:106250000F0040EE011A21EE800A794401EB800123
:1062600091ED001A7A49794401EB8001D1ED001AD1
:10627000784901EE801A794401EB8000764990ED6F
:10628000000A31EE001AB0EEE00A10EE100A884261
:1062900015DA10EE100AB4EB400F10D39FED6F0A21
:1062A00030EE800ADFED6E0A20EE200A68EE010A69
:1062B000BDEC068BBCEEC00A20EE200A10BD10EE2D
:1062C000100A6849884243DA10EE100AB4EB400F16
:1062D0003ED3BDEEE00A68EE010A10EE100A00EBB4
:1062E000D0725110C90501F17E5100EE101AA0EBD9
:1062F0006200C00560EE200A00F17E5000EE100A38
:1063000060EE808A18EE900AB4EB400F0FD10220A5
:1063100000F072FB00F0A6FA10EE101A18EE100A48
:10632000BDEC068B61F31E0000EE100A10BD18EEE6
:10633000900A400011D018EE900AFFF72DFC0428B7
:1063400008BF00F097FAB0EE680ABDEC068B10BDEE
:10635000F5EEC00AF1EE10FA0FD2022000F04CFB6D
:1063600000F088FA10EE101A18EE100ABDEC068B39
:1063700061F31E0000EE100A10BD022000F03CFB8D
:1063800000F070FA10EE101AB0EE480A10EE100A83
:10639000BDEC068B61F31E0000EE100A10BD00BFBD
:1063A000BCF1804F6CD300BF00F1FF43B3F1FE4F4F
:1063B00024D200BFB0EEC00A10EE100AC1F3C753DA
:1063C0007F2B0DDB972BBFF63BAEC3F196034FF04F
:1063D000010C0CFA03F3A3F1010C1CEA010F08D025
:1063E000012000F009FBBDEC068BBDE8104000F079
:1063F00031BA0B4218BFBFEE008A21E643001CBF32
:106400004FF08073B3EB400F34D96FF01A02DFED19
:10641000161A20EE210A10EE100A27E000000000F4
:10642000001080C0ABAAAA3E0000803D7EE24C3E38
:1064300000B03842D49AB8BB3BAA38424877030030
:10644000FC596337C9FF753A1872313DE67603008F
:106450001A7703008A7603000000FC420000FE4227
:106460000000004B000040430000004D10F0004FC2
:10647000A0D1E5E5A0F50003B3F1FE4F21D2DFE5A1
:1064800003EB4103B3F1007F11D3F5EEC00AF1EE47
:1064900010FA05D1430018BFB4EB400F76D883E75C
:1064A00001F0004141F0FC5100EE901A7CE7B3F19D
:1064B000807F06D210EE903AA3F5000300EE903AEA
:1064C00072E720F000426FF0FF4C604C02EB0C03CF
:1064D000A34210D321F000439C44A4450BD3B0F158
:1064E0007E5F18BF5FEA410C50D0B2F1FF4F98BFFA
:1064F000B3F1FF4F05D9BDEC068BBDE8104000F0AD
:10650000A6B9B0F1FF4F0FD0C1F3C7527F2A09DB04
:10651000972A11DAC2F19602012303FA02F2531EFE
:106520000B4205D0002208E011F0004F55D128E0C1
:106530000A4218BF012200D1022210F5000F13D029
:1065400028B3B0F1004F26D010F1814F4FD04FF05B
:10655000FE42B2EB400F94BF01200020012202EB6B
:10656000E171884239D10CE011F0004F02D0012ACC
:1065700038D032E0012A02BF9FED350ABDEC068B10
:1065800010BD9FED340ABDEC068B10BD2FE011F05D
:10659000004F0CD121E0B1F1FF4F1ED011F5000FDB
:1065A00005D011F0004F15D00AB1012A08D0022001
:1065B00000F022FABDEC068BBDE8104000F03AB9BD
:1065C000022000F019FA00F035F9BDEC068BB1EEAF
:1065D000400A10BD0AB1012A04D0B0EE690ABDEC30
:1065E000068B10BDBDEC068B9FED1B0A10BDBDECEC
:1065F000068BB7EE000A10BD30EE410AB5EE001A68
:106600009FED172A00EE413AB6EE001A60EE001A2E
:1066100000EE431A61EEC11A9FED101A20EE011A26
:1066200020EE020A9FED0F2A01EE820A71EE001A97
:1066300011EE900A00F500606FF30B0009EE100AEE
:1066400031EE491A31EE00AA9CE50000FFFF3F0041
:10665000000080FF0000807F0000008000B0B84193
:10666000D49A38BB3BAAB84100B510EE101A2DEDF4
:10667000028B81B0524A6846B2EB410F2ED94FF0DF
:10668000E640B0EB410F94BF00204FF0FF30009088
:106690000098B0EE408A00286ADB10F0010F4BD062
:1066A00068EE080A9FED471A9FED470A00EE810A3F
:1066B0009FED461A10F0020F00EE801AB7EE000AA6
:1066C00000EE810A02BF01B0BDEC028B00BD00BF2D
:1066D00001B0B1EE400ABDEC028B00BD3C4B21F095
:1066E0000042934241D911F0004FDFED3A0A20EE0B
:1066F000201ADFED390A19BF31EE601A71EE200A57
:1067000031EE201A71EE600ABDEEE01A11EE100AA9
:106710009FED321A00F0030000EEC10A9FED301A1F
:10672000009000EEC10A9FED2F1A00EEC10A9FED06
:106730002E1A00EEC10AABE728EE080A9FED2B1ACD
:10674000DFED2B0A10F0020F40EE410A9FED291AEF
:1067500000EE201A61EE000AB0EE480A08EE200AA8
:10676000B6D101B0BDEC028B00BD00F08BF88FE715
:1067700018EE100A4000B0F17F4F0DD218EE100A4B
:10678000FFF70AFA042808BF00F074F8B0EE480AD0
:1067900001B0BDEC028B00BD09D1012000F02CF945
:1067A00001B0BDEC028B5DF804EB00F053B801B012
:1067B000B0EE480ABDEC028B5DF804EB00F044B883
:1067C000B61F927EB93AB2BACA9F2A3DDDFFFFBE1C
:1067D000490E494683F9223F0000004B0000C93FA3
:1067E00000A0FD390020A2331A61342C336D4C39DE
:1067F000DA82083CA0AA2ABE10B52DED028BB1EEBC
:10680000C08A18EE100A20F00040C0F1FF40C00F0F
:106810000AD010EE100A20F00040C0F1FF40C00F77
:1068200004BF012000F0E8F8B0EE480ABDEC028B8E
:1068300010BD0000DFED030AB7EE001A81EE200A5A
:10684000704700000000000030EE000A704730EE94
:10685000200A7047DFED020A80EEA00A70470000B0
:10686000000000009FED020A20EE000A70470000C1
:10687000000000709FED020A20EE000A7047000041
:10688000000000102DE9F0014FF07F42B2EB410F04
:106890009FBF4FF0FF310160BDE8F00170474FF03E
:1068A000004242EA0123C1F3C752783A551112F06F
:1068B0001F0C434CCCF120067C44C1F3C752A2F11B
:1068C00078024FEA621204EB820254F8254008BFB6
:1068D000D2E9015612D0556804FA0CF425FA06F7ED
:1068E0003C43976805FA0CF527FA06F8D26807FAD0
:1068F0000CFCF24045EA08054CEA0206A4FB034CF6
:10690000A5FB0352A6FB03631D449D4234BF012631
:1069100000261319334416B1934202D903E093427F
:1069200001D2012200E00022624402F1200C920612
:10693000DC0C42EA443200EE102A5B03DFED210A50
:10694000F8EEC01A00EE103A4FEA9C1C11F0004F0E
:10695000B8EE400AC0F800C020EE201A00EE105A2F
:10696000DFED190AB8EE400A20EE200A71EE810A26
:1069700070EE800A10EE902A02F500626FF30B02AF
:1069800000EE902A70EEE11A31EEC11ADFED101A16
:1069900030EE411A9FED0D0A20EE800A01EE210A29
:1069A0009FED0C1A00EE810A04BFBDE8F0017047AC
:1069B000CCF180510160BDE8F001B1EE400A7047B2
:1069C00008710300000000360000802C22AAFD2977
:1069D000DB0FC92F0000C92F02E008C8121F08C131
:1069E000002AFAD170477047002001E001C1121F50
:1069F000002AFBD170470000014908607047000081
:106A0000BC0500202DE9FF5F82B00021DDE90430E4
:106A1000020DDDF840B0034318D044F61050A2F246
:106A2000FF3242431514119801281FD0A5EB0B002B
:106A3000401C5FEA000A4FF000064E4FDFF8389125
:106A4000B046504615D5CAF1000413E01198012450
:106A50004AA3012801D16FEA0B010298119AC0E9FB
:106A60000031C0E9024206B0BDE8F09FCBF1000062
:106A7000DFE704460021404A491842EB0450CDE9C3
:106A8000001012E0E00707D032463B464046494638
:106A9000F9F740FD8046894632463B461046194686
:106AA000F9F738FD06460F466410002CEAD1DDE9FF
:106AB0000401DDE90023BAF1000F06DAF9F72AFD37
:106AC00042464B46F9F726FD05E0F9F795FD4246AB
:106AD0004B46F9F791FD04460E460022284BF9F784
:106AE00045FF03D84FF0FF30014607E00022254B59
:106AF00020463146F9F767FCF9F7F9FE102409E062
:106B0000002C0ADB0A220023F9F7C2FB039B303278
:106B10001A55641E50EA0102F2D1641C039AC4F1B2
:106B200011031444119A012A03D0012208430DD104
:106B30000AE0084304D000204FF0110B119072E7D7
:106B4000A3EB0B056D1E0DE05B4504DD4FF000026D
:106B500005F1010504E003DA4FF00002A5F101059B
:106B6000002AECD002981199C0E90231C0E9004531
:106B700079E70000000014400000F03F3000000002
:106B80000000F0430000E03F2DE9FF4F95B09A462A
:106B9000884606460025EEE1252877D100242746C1
:106BA000F94A0121039400E0044316F8013F203B19
:106BB00001FA03F01042F7D130782A2811D06FF093
:106BC0002F033078A0F13002092A16D8039A44F036
:106BD000020402EB820203EB42021044761C039093
:106BE000EFE758F8042B0392002A03DA504244F4EA
:106BF0000054039044F00204761C30782E2816D1FD
:106C000016F8010F44F004042A280DD06FF02F026B
:106C10003078A0F13003092B09D807EB870302EB8A
:106C20004303C718761CF3E758F8047B761C3078CA
:106C30006C280FD006DC4C2817D068280DD06A28A5
:106C400014D104E0742810D07A280FD10DE044F458
:106C500000140AE044F4801401E044F44014727813
:106C6000824202D104F58014761C761C30786628A6
:106C70000BD013DC582877D009DC002875D04528C4
:106C8000F6D04628F4D047281AD193E118E06328BB
:106C900035D0642879D0652812D18BE1702873D063
:106CA00008DC6728F1D069286FD06E280DD06F28D6
:106CB00006D1ACE073282CD0752874D0782853D036
:106CC0005246179990476D1C54E1C4F302500228B4
:106CD00009D003280DD0D8F8001004280DD00D607D
:106CE00008F1040846E1D8F80010EA17C1E900529B
:106CF000F6E7D8F800100D80F2E70D70F0E718F80D
:106D0000041B8DF8001000208DF80100EB460120D7
:106D100003E058F804BB4FF0FF3061074FF000016B
:106D200002D40DE009F101018946B9420FDA81452B
:106D3000F8DB1BF809100029F4D108E009F1010182
:106D400089468142FADB1BF809100029F6D1039825
:106D50005346A0EB090721463846179A00F080FAFF
:106D6000284400EB090507E044E008E10DE01BF8CA
:106D7000010B524617999047B9F10109F7D25346D2
:106D800021463846179AF2E039E00A21C4F302524C
:106D90004FF0000B0091022A06D058F8040BC117DF
:106DA000032A09D00AE023E008F1070020F00702D7
:106DB000F2E80201904605E000B2C117042A01D1B1
:106DC00040B2C117002906DA0A460021404261EBB1
:106DD00002012D2202E0220504D52B228DF8042089
:106DE000012203E0E20701D02022F7E7914657E0B5
:106DF0000A2100E010214FF0000B00910BE0102160
:106E00004FF0000B44F004040827009103E0082031
:106E10004FF0000B0090C4F30252022A05D058F83C
:106E2000040B0021032A08D008E008F1070020F035
:106E30000702F2E80201904603E080B2042A00D182
:106E4000C0B24FF0000922072AD53278702A07D045
:106E5000DDF800C08CF0100C5CEA0B0C05D00EE0E5
:106E600040228DF80420012208E050EA010306D0F8
:106E700030238DF804308DF8052002229146009BC6
:106E800083F0080353EA0B030AD150EA010201D14F
:106E9000620705D530228DF804204FF001097F1ECE
:106EA0003278582A04D039A20C920CAA02920BE034
:106EB0003BA2F9E75B46009AF9F7EAF90C9B9B5C69
:106EC000029A521E0292137050EA0102F2D1029805
:106ED00004A9081A00F1200B600702D524F48034BD
:106EE00000E001275F4502DDA7EB0B0000E000207A
:106EF00000EB0B01009003984944401A0390E00313
:106F000006D453462146179A039800F0A9F9054480
:106F1000002706E001A85246C05D179990476D1CF6
:106F20007F1C4F45F6DBE0030CD553462146179AEC
:106F3000039800F095F9054404E030205246179973
:106F400090476D1C0099481E00900029F5DC08E070
:106F50000298029952460078491C0291179990476D
:106F60006D1CBBF10001ABF1010BF1DC5BE100F04A
:106F700065F90544761C307800287FF40DAE19B011
:106F80002846BDE8F08F0000092801003031323377
:106F90003435363738396162636465660000000055
:106FA000303132333435363738394142434445463F
:106FB00000000000600700D4062708F1070020F059
:106FC0000700F0E80223804603F0004C5FEA0C0063
:106FD00001D097A009E0200501D596A005E0E007C3
:106FE00001D095A001E0AFF24C001390307823F06F
:106FF000004365280CD006DC452809D046281DD062
:1070000047287FD13BE0662818D067287AD136E040
:107010000021112F01DB112000E0781CCDE90001D7
:1070200004A90CA8FFF7EEFCDDE90D010C9A4FF066
:10703000000B07F10109109200914EE04FF0004063
:107040000097CDE9011004A90CA8FFF7DBFCDDE9EE
:107050000D020C9B0F994FF0000B9146109300927C
:1070600011B9791C00EB0109B7EB090003D4C0F199
:10707000FF3B07F10109A9EB0700019042E0012F56
:1070800000DA01270021112F01DD112000E0384630
:10709000CDE9000104A90CA8FFF7B4FCDDE90D015E
:1070A0000C9A00914FF0000BB946109221070FD4B3
:1070B000009A4A4503DA914601E0A9F10109B9F1C4
:1070C000010F05DD109AA9F10101515C3029F4D0BE
:1070D000B84202DA10F1040F03DA0121CDE9011000
:1070E00010E0002803DC8344A9EB000102E0411C0E
:1070F000494500DD8946A0EB0B00401C01904FF094
:1071000000400290200705D40198484502DB4FF06B
:10711000FF30019000208DF84B0002980DF14B07D5
:10712000B0F1004F25D002200C902B200D9002983A
:1071300000280CDA404202902D200D9007E00A2131
:107140000298F9F7DBFA3031029007F8011D0C992B
:10715000481E0C900029F2DC02980028EFD1791E1D
:107160000D980870307800F0200040F0450007F8D6
:10717000020D11A8C01BC01D02901398007800B129
:10718000012000EB0901019801EBE0710298014434
:107190000398401A401E0390E00306D4534621464C
:1071A000179A039800F05CF805441398007818B11A
:1071B0005246179990476D1CE00323D5534621464C
:1071C000179A039800F04CF805441BE0BBF1000F40
:1071D00007DB0098584504DD1098179910F80B004C
:1071E00001E0179930205246904701980BF1010BAE
:1071F000401E05F10105019004D12E205246179939
:1072000090476D1CB9F10001A9F10109DEDC05E030
:1072100017F8010B5246179990476D1C0299481EAA
:1072200002900029F4DC53462146179A03989EE603
:107230002D0000002B000000200000002DE9F0418F
:10724000044600251E461746880404D405E0394646
:107250002020B0476D1C641EF9D52846BDE8F0819A
:107260002DE9F041044600251E469046C80301D58D
:10727000302700E02027880404D505E04146384641
:10728000B0476D1C641EF9D52846BDE8F0810000AA
:1072900010B52DED028BB0EE408A05F033FF18B922
:1072A0000020BDEC028B10BD00240DE0BCEEC80A2E
:1072B00010EE102A91B2C4EBC4021B4B03EB820008
:1072C0000F2201F0FBFC641C032CEFDB1748B0F825
:1072D0007C0000BB1548B0F87E00E0B91348B0F858
:1072E0008000C0B91148B0F98200B0F5805F12D1BA
:1072F0000E48B0F98400B0F5805F0CD10B48B0F9AE
:107300008600B0F5805F06D10948006820F00200D1
:107310000749086005E00648006840F0020004499B
:1073200008600120BDE7000058070020CC050020C0
:10733000040100200348B0F8520008B9012070474A
:107340000020FCE7040700200149A1F85200704723
:10735000040700207CB505464D4805F083FE00B9C2
:107360007CBD04224A49084600F081FBFFF7E2FF9A
:1073700050B94748016800918088ADF80400DDE904
:10738000000105F0C3FFEBE74149B1F90010414AA4
:10739000B2F97C20891A3F4AB2F9822001FB02F03F
:1073A000C11700EB1151091309B23B4A118038494A
:1073B000B1F902203749B1F97E10511A354AB2F9B4
:1073C000822001FB02F0C11700EB1151091309B231
:1073D000314A51802E49B1F904202E49B1F980106B
:1073E000511A2C4AB2F9822001FB02F0C11700EBBE
:1073F0001151091309B2284A9180104600F0B4FADD
:107400002548B0F9000000EE100AB8EEC00ADFED22
:10741000230A80EE201A224880ED001A1E48B0F997
:10742000020000EE100AB8EEC00ADFED1C0A80EE82
:10743000201A1B4880ED011A1748B0F9040000EE2D
:10744000100AB8EEC00ADFED150A80EE201A1448C3
:1074500080ED021A002413E0114901EB8401D1ED03
:10746000000AB0EE600AC4EBC4010E4A02EB8100D0
:1074700001F064FB0A4800EB840080ED000A641C04
:10748000032CE9DB064A07CA85E8070000BF67E767
:1074900038010020CC0500203E010020000080457E
:1074A000F80600205807002010B52DED048BF0EEF3
:1074B000408AB0EEE80AB0EE408AF7EE000A70EEBD
:1074C000C80AB0EE600AFFF797F9DFED100A9FEDEA
:1074D000101A41EE080A9FED0F1A08EE201ADFED90
:1074E0000E0A48EE010A20EE200AB0EE409AF5EEB0
:1074F000C08AF1EE10FA06D29FED080A30EE490A72
:10750000BDEC048B10BDB0EE490AF9E72716983D93
:10751000306E99BC843459BEA40DC93FDB0F49407D
:1075200000B59BB001210420FAF7EAFF012108020F
:10753000FBF726F801218805FAF7E2FF20201990D1
:1075400003208DF8680000208DF86B0019A93348DE
:10755000FAF775FC3248FAF755F904A8FAF7BEFABB
:1075600030480590002004902F4806900020079096
:1075700001200890002009900A904FF400600B90C1
:1075800080000C9040110D9040020E9004A92448F8
:10759000FAF778FA01212248FAF728F96846F9F74C
:1075A0005FFA002000904FF44030019000200290DC
:1075B00003906846F9F73CFA13A8F9F7F8FA0120A6
:1075C0008DF851000020139016901590179001200F
:1075D0008DF8600000208DF8500013A911484C3838
:1075E000F9F75AFA032301220F210E484C38F9F714
:1075F0007DFA01210B484C38F9F743FA012109487B
:107600004C38F9F733FA012106484C38F9F705FAF6
:1076100004484C38F9F7C6FA1BB000BD0008024018
:10762000706402404C200140E403002000B59FB08C
:10763000002036E000EB4002974901EB820191ED1A
:10764000000ADFED960A80EE201A00EB400101AA45
:1076500002EB810181ED001A00EB40028E4901EB43
:10766000820191ED010ADFED8D0A80EE201A00EB18
:10767000400101AA02EB810181ED011A00EB4002F9
:10768000854901EB820191ED020ADFED850A80EE6A
:10769000201A00EB400101AA02EB810181ED021AE0
:1076A000401C0A28C6DBDDED031AB0EE611ADDEDE1
:1076B000021AF0EE610ADDED011AB0EE610A9FEDEB
:1076C000793A0121DFED782A9FED782ADFED781AEB
:1076D000784806F015F8DDED061AB0EE611ADDED1A
:1076E000051AF0EE610ADDED041AB0EE610A9FEDB5
:1076F0006D3A0121DFED6C2A9FED6C2ADFED6C1AEB
:107700006C48583005F0FCFFDDED091AB0EE611A47
:10771000DDED081AF0EE610ADDED071AB0EE610A40
:107720009FED603A0121DFED602A9FED632ADFEDD6
:107730005B1A6048B03005F0E3FFDDED0C1AB0EEE7
:10774000611ADDED0B1AF0EE610ADDED0A1AB0EEFA
:10775000610A9FED5A3A0021DFED532A9FED562A28
:10776000DFED561A564805F0CBFFDDED0F1AB0EEEF
:10777000611ADDED0E1AF0EE610ADDED0D1AB0EEC4
:10778000610A9FED4E3A0021DFED472A9FED4A2A1C
:10779000DFED4A1A4A48583005F0B2FFDDED121A03
:1077A000B0EE611ADDED111AF0EE610ADDED101A8E
:1077B000B0EE610A9FED413A0021DFED3B2A9FEDDB
:1077C000412ADFED3E1A3E48B03005F099FFDDED6D
:1077D000151AB0EE611ADDED141AF0EE610ADDED56
:1077E000131AB0EE610AB2EE0E3A0121DFED2E2A35
:1077F0009FED352ADFED2D1A344805F081FFDDEDD0
:10780000181AB0EE611ADDED171AF0EE610ADDED1F
:10781000161AB0EE610A9FED293A0021DFED222A07
:107820009FED282ADFED251A2848583005F068FF1B
:10783000DDED1B1AB0EE611ADDED1A1AF0EE610AE9
:10784000DDED191AB0EE610A9FED1C3A0021DFED63
:10785000162AB3EE0E2ADFED181A1C48B03005F0D8
:107860004FFFDDED1E1AB0EE611ADDED1D1AF0EED0
:10787000610ADDED1C1AB0EE610A9FED103A00219D
:10788000DFED092A9FED0F2ADFED0C1A104805F0F5
:1078900037FF1FB000BD0000D00500200000C84227
:1078A00000007A440000A0426F12033B0000FA433C
:1078B000000048432C8F0020000096430000000089
:1078C0003490002000001643000048443C91002002
:1078D0004492002070B504460D462946204609F022
:1078E000E3F907F065FC70BD2DE9F04104461B4843
:1078F0000068471C032F03D1002701201849087096
:1079000016480068451E002D00DA0225154850F87B
:10791000256013480078C0B1301B02D57042001BAF
:1079200000E0301BB0F57A7F0BDA0E480B4909688E
:1079300040F82140094807600A4807F027FBBDE8E6
:10794000F081084850F82500F9E70648034909681E
:1079500040F82140014807602046F0E75801002028
:107960005C010020AC0700202DE9F04104463548B9
:10797000007808B1BDE8F081B4F90050B4F90260B4
:10798000B4F90470304890ED001A00EE905AF8EE09
:10799000E00A21EE201AD0ED031A00EE906AF8EE0C
:1079A000E00A01EEA01AD0ED061A00EE907AF8EE89
:1079B000E00A01EEA01AB0EE410AFEF7FFFA00B2AB
:1079C0002080214890ED011A00EE905AF8EEE00A6E
:1079D00021EE201AD0ED041A00EE906AF8EEE00ACB
:1079E00001EEA01AD0ED071A00EE907AF8EEE00A48
:1079F00001EEA01AB0EE410AFEF7E0FA00B2608094
:107A0000114890ED021A00EE905AF8EEE00A21EECD
:107A1000201AD0ED051A00EE906AF8EEE00A01EEA9
:107A2000A01AD0ED081A00EE907AF8EEE00A01EE06
:107A3000A01AB0EE410AFEF7C1FA00B2A08000BF62
:107A400098E70000DC01002068080020002801DA27
:107A5000424200E002468A4201DA002006E00028A5
:107A600001DD401A02E0002800DA0844704770B5D2
:107A70000C461546B4F90010B4F90220B4F90430EC
:107A8000092D06D2DFE805F005060A10181E262C7F
:107A9000340000BF01804280838033E002804E4288
:107AA00036B2468083802DE04E4236B20680564282
:107AB00036B24680838025E0564236B20680418049
:107AC00083801FE04E4236B2068042805E4236B26C
:107AD000868017E0028041805E4236B2868011E0E7
:107AE0000180564236B246805E4236B2868009E058
:107AF000564236B206804E4236B246805E4236B2BA
:107B0000868000BF00BF70BD0C46154600BF5020E8
:107B100080F31188BFF34F8FBFF36F8F00BF2946EB
:107B2000204608F033FF2A46214602A0FEF724F83B
:107B300000BFFEE7417373657274206661696C650E
:107B4000642025733A25640A00000000B0EE401A54
:107B5000F0EEE02AF0EE621AF0EEC12AB0EE622AF0
:107B6000F4EEC21AF1EE10FA02DDF0EE612A01E045
:107B7000F0EE422AB0EE620AB5EEC00AF1EE10FA5B
:107B80000ED0F4EEC21AF1EE10FA02D2F0EE612A33
:107B900001E0F0EE422A82EE803AB0EE430A03E0C2
:107BA000DFED222AB0EE620ADFED212A9FED213AB5
:107BB00053EE002A9FED203A12EE803ADFED1F2AA5
:107BC00053EE002A9FED1E3A12EE803AF1EE433A50
:107BD000DFED1C2A9FED1C3A43EE002AB7EE003A77
:107BE00002EE803AC3EE832AB0EE620AB4EEE12AD6
:107BF000F1EE10FA05DDDFED152A72EEC02AB0EEC7
:107C0000620AF5EEC00AF1EE10FA05D2DFED102A95
:107C100072EEC02AB0EE620AB5EEC01AF1EE10FAAA
:107C200003D2F1EE402AB0EE620A70470000000075
:107C3000E3B59E3E39094E3D88FA163E45FE7F3F2C
:107C4000A7DFA83469A2163E99FB243FDB0FC93F8A
:107C5000DB0F49400146AA2000F1AF02D0B20A78FA
:107C60000244D0B24A780244D0B2002204E08B1C15
:107C70009B5C0344D8B2521C4B789342F7DC7047AC
:107C800010B50C48007800B110BD002220210A2058
:107C90000AF0DDF9084908600846006828B940F292
:107CA000252206A10DA0FFF72FFF01200149087032
:107CB00000BFE9E71C010020200100202E2E5C738C
:107CC00072635C636F6D6D756E69636174655C731F
:107CD00072635C61746B702E630000007278517582
:107CE0006575650070B52DED028B0446207801287E
:107CF00042D1A078222825D00CDC042819D004DC3D
:107D0000012810D0022836D10EE0052814D02128F1
:107D100031D112E023281AD024281DD0252820D0C4
:107D2000262828D122E026E04FF4C87003F0F0FDA9
:107D300021E001F04FFE1EE01DE04FF4C870FFF798
:107D400003FB18E04FF4C870FFF7FEFA13E04FF49E
:107D5000C870FFF7F9FA0EE04FF4C870FFF7F4FAB5
:107D600009E04FF4C870FFF7EFFA04E04FF4C87071
:107D7000FFF7EAFA00BFF1E3207802287ED1A0786D
:107D800001287CD1FE48D0ED094AB0EE644AD0ED1E
:107D9000084AF0EE643AD0ED074AB0EE643AD0ED0E
:107DA000064AF0EE642AD0ED054AB0EE642AD0ED22
:107DB000044AF0EE641AD0ED034AB0EE641AD0ED36
:107DC000024AF0EE640AD0ED014AB0EE640A0120E6
:107DD00007F0B2FAEA48D0ED124AB0EE644AD0EDAC
:107DE000114AF0EE643AD0ED104AB0EE643AD0EDAC
:107DF0000F4AF0EE642AD0ED0E4AB0EE642AD0EDC0
:107E00000D4AF0EE641AD0ED0C4AB0EE641AD0EDD3
:107E10000B4AF0EE640AD0ED0A4AB0EE640A022082
:107E200007F08AFAD648D0ED1B4AB0EE644AD0ED8E
:107E30001A4AF0EE643AD0ED194AB0EE643AD0ED49
:107E4000184AF0EE642AD0ED174AB0EE642AD0ED5D
:107E5000164AF0EE641AD0ED154AB0EE641AD0ED71
:107E6000144AF0EE640AD0ED134AB0EE640A03201F
:107E700007F062FAC248D0ED1E1A01E09BE194E0DF
:107E8000B0EE611AD0ED1D1AF0EE610AD0ED1C1AA9
:107E9000B0EE610A9FEDBB4ADFEDBA3A9FEDB93A09
:107EA000DFEDB82A9FEDB72ADFEDB61A042007F000
:107EB00043FAB348B0F98C0000F57A7004EE900AEA
:107EC000F8EEE44AB0EE644AAD48B0F98A0000F535
:107ED0007A7004EE900AF8EEE44AF0EE643AA848AC
:107EE000B0F9880000F57A7004EE900AF8EEE44AE2
:107EF000B0EE643AA248B0F9860004EE900AF8EEBB
:107F0000E44AF0EE642A9E48B0F9840004EE900A38
:107F1000F8EEE44AB0EE642A9948B0F9820004EE23
:107F2000900AF8EEE44AF0EE641A9548B0F9800041
:107F300000F57A7004EE900AF8EEE44AB0EE641AA6
:107F40008F48B0F97E0000F57A7004EE900AF8EEE2
:107F5000E44AF0EE640A8A48B0F97C0000F57A70D1
:107F600004EE900AF8EEE44AB0EE640A052007F049
:107F7000E3F985480088C0F3402008EE100A9FED21
:107F8000814ADFED803A9FED7F3ADFED7E2A9FED5B
:107F90007D2AF8EE481A9FED7B1ADFED7A0A9FEDF5
:107FA000790A062007F0C8F900BFA078A1287DD182
:107FB00007F08EF808F0C2FC7148D0ED094AB0EE27
:107FC000644AD0ED084AF0EE643AD0ED074AB0EECC
:107FD000643AD0ED064AF0EE642AD0ED054AB0EEE0
:107FE000642AD0ED044AF0EE641AD0ED034AB0EEF4
:107FF000641AD0ED024AF0EE640AD0ED014AB0EE08
:10800000640A012007F098F95D48D0ED124AB0EEFD
:10801000644AD0ED114AF0EE643AD0ED104AB0EE69
:10802000643AD0ED0F4AF0EE642AD0ED0E4AB0EE7D
:10803000642AD0ED0D4AF0EE641AD0ED0C4AB0EE91
:10804000641AD0ED0B4AF0EE640AD0ED0A4AB0EEA5
:10805000640A022007F070F94948D0ED1B4AB0EEDF
:10806000644AD0ED1A4AF0EE643AD0ED194AB0EE07
:10807000643AD0ED184AF0EE642AD0ED174AB0EE1B
:10808000642AD0ED164AF0EE641AD0ED154AB0EE2F
:10809000641AD0ED144AF0EE640AD0ED134AB0EE43
:1080A000640A032007F048F9354800E01DE2D0EDEE
:1080B0001E1AB0EE611AD0ED1D1AF0EE610AD0ED75
:1080C0001C1AB0EE610A9FED2F4ADFED2E3A9FEDAC
:1080D0002D3ADFED2C2A9FED2B2ADFED2A1A042002
:1080E00007F02AF92648B0F98C0000F57A7004EE02
:1080F000900AF8EEE44AB0EE644A2148B0F98A00EA
:1081000000F57A7004EE900AF8EEE44AF0EE643A74
:108110001B48B0F9880000F57A7004EE900AF8EE7A
:10812000E44AB0EE643A1648B0F9860004EE900ACC
:10813000F8EEE44AF0EE642A1148B0F9840004EE47
:10814000900AF8EEE44AB0EE642A0D48B0F98200D5
:1081500004EE900AF8EEE44AF0EE641A0848B0F92A
:10816000800000F57A7004EE900AF8EEE44AB0EE72
:10817000641A0348B0F97E0000F57A7006E000004A
:10818000CC050020000000000001002004EE900A51
:10819000F8EEE44AF0EE640AF248B0F97C0000F52B
:1081A0007A7004EE900AF8EEE44AB0EE640A052014
:1081B00007F0C2F8D2E12078102875D1A07800022B
:1081C00000B2E178084300EE100AB8EEC00AE548B4
:1081D00080ED010A2079000200B26179084300EEC7
:1081E000100AB8EEC00ADF4880ED020AA07900024A
:1081F00000B2E179084300EE100AB8EEC00AD9488F
:1082000080ED030A207A000200B2617A084300EE92
:10821000100AB8EEC00AD34880ED040AA07A000222
:1082200000B2E17A084300EE100AB8EEC00ACD4869
:1082300080ED050A207B000200B2617B084300EE5E
:10824000100AB8EEC00AC74880ED060AA07B0002FB
:1082500000B2E17B084300EE100AB8EEC00AC14844
:1082600080ED070A207C000200B2617C084300EE2A
:10827000100AB8EEC00ABB4880ED080AA07C0002D4
:1082800000B2E17C084300EE100AB8EEC00AB5481F
:1082900080ED090A2046FFF7DDFC054620782946D7
:1082A00006F0BDFF5AE1FFE72078112875D1A078CC
:1082B000000200B2E178084300EE100AB8EEC00AEE
:1082C000A84880ED0A0A2079000200B261790843CB
:1082D00000EE100AB8EEC00AA24880ED0B0AA079A1
:1082E000000200B2E179084300EE100AB8EEC00ABD
:1082F0009C4880ED0C0A207A000200B2617A0843A3
:1083000000EE100AB8EEC00A964880ED0D0AA07A79
:10831000000200B2E17A084300EE100AB8EEC00A8B
:10832000904880ED0E0A207B000200B2617B08437A
:1083300000EE100AB8EEC00A8A4880ED0F0AA07B52
:10834000000200B2E17B084300EE100AB8EEC00A5A
:10835000844880ED100A207C000200B2617C084352
:1083600000EE100AB8EEC00A7E4880ED110AA07C2B
:10837000000200B2E17C084300EE100AB8EEC00A29
:10838000784880ED120A2046FFF764FC0546207805
:10839000294606F044FFE1E0FFE72078122875D176
:1083A000A078000200B2E178084300EE100AB8EEAF
:1083B000C00A6C4880ED130A2079000200B261798E
:1083C000084300EE100AB8EEC00A664880ED140AB1
:1083D000A079000200B2E179084300EE100AB8EE7D
:1083E000C00A604880ED150A207A000200B2617A66
:1083F000084300EE100AB8EEC00A5A4880ED160A8B
:10840000A07A000200B2E17A084300EE100AB8EE4A
:10841000C00A544880ED170A207B000200B2617B3D
:10842000084300EE100AB8EEC00A4E4880ED180A64
:10843000A07B000200B2E17B084300EE100AB8EE18
:10844000C00A484880ED190A207C000200B2617C15
:10845000084300EE100AB8EEC00A424880ED1A0A3E
:10846000A07C000200B2E17C084300EE100AB8EEE6
:10847000C00A3C4880ED1B0A2046FFF7EBFB05468F
:108480002078294606F0CBFE68E0FFE72078132825
:108490002CD1A078000200B2E178084300EE100A67
:1084A000B8EEC00A2F4880ED1C0A2079000200B205
:1084B0006179084300EE100AB8EEC00A294880ED41
:1084C0001D0AA079000200B2E179084300EE100A0B
:1084D000B8EEC00A234880ED1E0A2046FFF7BAFB1B
:1084E00005462078294606F09AFE37E020781428C1
:1084F00008D12046FFF7AEFB05462078294606F056
:108500008EFE2BE02078152828D1207A000200B2B8
:10851000617A084308B1012000E00020054655B10A
:1085200003F03EF8032806D10F48006840F40070BD
:108530000D49086005E00C48006820F400700A4905
:1085400008602046FFF786FB06462078314606F095
:1085500066FE08F0F3F906F02BFE00BFBDEC028BBF
:1085600070BD0000CC0500200001002010B50446BD
:108570002CB940F22B220CA113A0FFF7C5FA6078AA
:108580001E2805DD4FF40B7207A110A0FFF7BCFAFF
:1085900000235A1E21461648006809F063FE08B100
:1085A000012010BD0020FCE72E2E5C7372635C631B
:1085B0006F6D6D756E69636174655C7372635C6128
:1085C000746B702E6300000070000000702D3E641C
:1085D0006174614C656E203C3D2041544B505F4DB1
:1085E00041585F444154415F53495A4500000000DF
:1085F0002001002088B009E000235A1E6946044883
:10860000006809F041FD6846FFF76CFBF4E70000E5
:108610002001002010B50446204609F00BF810BDDB
:1086200030B52DED028B87B06D4800881E2190FB80
:10863000F1F201FB120088BB00246A480078C0F305
:1086400040056948007800F0010000B10124664847
:10865000007800F0080000B102246348007800F0C0
:10866000200000B10324614991ED071ABDEEC11A43
:1086700011EE100A91ED021AB1EE411AF0EE410A24
:1086800091ED011AB0EE410A2A462146584B93ED6E
:10869000001AB1EE411A07F0CDF800BF504800882B
:1086A0000A2190FBF1F201FB1200F8B95148B0F930
:1086B00004005049B1F902104E4AB2F900204E4B65
:1086C000B3F90430CDE90132CDE903104A48B0F9DD
:1086D0000200494C0090B4F90030484CB4F9042031
:1086E000B4F90210B4F9000006F0C2FF3C4800885B
:1086F000282190FBF1F201FB1200B0B94048418AF9
:10870000028AC0893E4B9B89CDE90230CDE9042124
:108710003B4840893A490989394CCDE900106388C2
:108720002288E188A08806F009FF2D48008864218E
:1087300090FBF1F201FB120080B905F099F9B0EE5F
:10874000408A9FED300A28EE000ABCEEC00A10EE07
:10875000101A88B2002106F0CEFE00BF2048008823
:10876000282190FBF1F201FB120058B90020009083
:1087700001900290244C0390E388A28861882088AD
:1087800006F060FD16480088282190FBF1F201FBFD
:108790001200A0B9154A92ED070ABCEEC00A10EE0D
:1087A000102A91B2194A92ED000ADFED160A20EE66
:1087B000200ABDEEC00A10EE100A07F00EF80848B5
:1087C0000088401C80B2064908804FF6FF7188423D
:1087D00002DB01200249088007B0BDEC028B30BDEE
:1087E000240100200001002008010020B48E002098
:1087F0002005002066010020D60100203E01002057
:108800007C0600200000C8424E0500204C010020DC
:1088100004E0FFF705FF012009F09EF8F9E710B525
:1088200000F0B4FB10BD0000014800787047000064
:10883000480100201CB5044601A9684600F052FB1F
:108840009DED000AF2EE040A20EE200ABDEEC00AF9
:1088500010EE100AFFF748F800EE100AB8EEC00A52
:10886000F2EE040A80EE201A8DED001A9DED000A4A
:1088700084ED010A9DED010A84ED020AFFF7D4FFA1
:1088800040B99DED000A04F07BFE9FED0B0A84EDDC
:10889000030A0AE09DED000A05F012FB0748D0ED3F
:1088A000000A30EE600A84ED030A94ED030A0448DE
:1088B00080ED000A1CBD00000000000050010020F7
:1088C0004C0100202DE9F041044640F24C40A4FB4D
:1088D000001240F6E4430020A1FB035C02FB03C24C
:1088E00001FB0021034A03462846F7F7D1FC80B27A
:1088F000BDE8F081187C3E0070B5044614B900F064
:108900009DF870BD0025002114E0114A02EBC10062
:108910000278A24200D00CE00E4A12680AB905465D
:108920000AE042780B4B1B685B789A4200DA0546F6
:1089300002E0491C1829E8D300BF05B9E1E7054862
:1089400005600020044908800449086000BFD8E79A
:10895000682A0108F4030020EA030020EC03002049
:1089600070B5054600246E00142E00DD142600BFED
:1089700002222046641C07490A5414222046641C23
:108980000A54B442F4DBFF2008550F20FFF7B4FF70
:1089900070BD0000208C00201CB501210420F9F7D7
:1089A000AFFD4FF40050009001208DF8040000202E
:1089B0008DF8060002208DF8050069460448F9F795
:1089C0003EFA4FF400510248F9F7ADFA1CBD000021
:1089D0000008024010B5164800684068154909882B
:1089E000405CFE2803D10020124908801EE0104898
:1089F000006840680F490988405CFF2802D100F0F8
:108A00001DF813E002F0D2FE0446094800684068F1
:108A100008490988405C0A2111FB004006490860AA
:108A200004480088401C0349088000BF10BD0000B6
:108A3000F4030020EA030020EC03002010B54FF4FB
:108A400000510A48F9F76FFA0020094908700949EE
:108A5000086009490880094908600948007810B190
:108A600004F0EEF901E004F0DFF910BD0008024067
:108A7000E8030020EC030020EA030020F4030020B8
:108A8000F003002008B502F091FE009048E00A21B2
:108A9000684608F07BFF2348008800F4007010B19E
:108AA0000B20FFF729FF2048006800B938E002F0EA
:108AB0007DFE04461D480068A04200D930E01C48F5
:108AC0000078A8B901201A49087017480068406862
:108AD00018490988405C00B34FF400511648F9F773
:108AE00024FA04F0ADF909F027F909F02BF914E0A4
:108AF00000200F4908700C48006840680D4909883B
:108B0000405C50B14FF400510B48F9F70CFA04F0F7
:108B10008BF909F00BF909F015F9FFF75BFF00BFBE
:108B2000B5E7000008010020F4030020EC0300205A
:108B3000E8030020EA03002000080240F0EE400AAB
:108B400090ED051AD0ED001A01EEA01AB0EE410A20
:108B500090ED011A21EE201AD0ED031A01EEC01A91
:108B6000D0ED061A31EE211A80ED051A90ED021AA9
:108B700021EE201AD0ED041A01EEC01A80ED061A7B
:108B8000704700002DE9F0412DED0C8B04460D4699
:108B90001646F0EE40AA1F4605EBD571B6EB610F05
:108BA00069DA00EE105AB8EE400AF0EE40CA00EE64
:108BB000106AB8EE400ADFED3F0A20EE200AC0EE50
:108BC0002C0AB0EE60DAB0EE4D0A07F0AFFAF0EE24
:108BD00040DAB0EE4D0A01F0D1F9F0EE408AB0EE85
:108BE000000A2AEE800ACDEE800AB0EE60BA17B114
:108BF000012F1ED114E0B7EE000A30EE680AF0EE45
:108C0000000A80EE209AB7EE000A70EE689AB7EE7E
:108C1000000A30EE680AF0EE000A80EE20AA08E0B2
:108C2000B7EE009AB8EE000A68EE809AB7EE00AA96
:108C300000BF00BFB7EE000A3BEE008AB8EE000AA4
:108C400068EE80BAB7EE000A30EE4BCA89EE080A29
:108C500084ED000A89EE880A84ED010A8AEE080A8A
:108C600084ED020A8BEE880A84ED030A8CEE080A72
:108C700084ED040A13E0B7EE000A84ED000A9FEDCC
:108C80000E0A84ED010A9FED0C0A84ED020A9FEDA5
:108C90000A0A84ED030A9FED080A84ED040A9FED99
:108CA000060A84ED060A84ED050ABDEC0C8BBDE8CE
:108CB000F0810000DB0FC9400000000070B52DED11
:108CC000028B04460D461646B0EE000AFDF794FDF1
:108CD000F7EE000A80EE801AB0EE418A0023B0EE73
:108CE000480A324629462046FFF74CFFBDEC028B6E
:108CF00070BD00002DE9F14F82B067488069C1174F
:108D00004FF4FA33C41A61F10005A4FB041005FB0B
:108D1000040004FB05026048B0F91000C317A1FB72
:108D2000008A02FB00A001FB03095B48B0F90E00BA
:108D3000C117A0FB042301FB043100FB0510400414
:108D400040EAD230510411EB080840EB09095248BF
:108D5000B0F90C0018F1000849EBC009A4FB04109D
:108D600005FB040004FB05024B48B0F90A004FEA7A
:108D7000E07CA1FB003A02FB00A001FB0C004FEAE3
:108D8000132141EA00614FEA20224348B0F908006C
:108D90004FEAE073A446A0FB0CBE03FB04E300FB18
:108DA00005304FEA003040EA1B504FEA0B33CC1835
:108DB00042EB0005221C45F500403749C9880023D5
:108DC000A2FB01AC00FB01C002FB03004410C5176D
:108DD000002184EA01006940084301D1BDE8FE8F0B
:108DE0000298C0F58010C7170646F80740EA5600FB
:108DF000F107B1EB080160EB090040F635430022B2
:108E0000A1FB03CA00FB03A001FB020122462B4683
:108E10006046CDE900C1F7F76CFA06460F461E48DA
:108E2000B0F91600C217710B41EAC74C7B13A0FBC7
:108E30000C1A02FB0CA200FB0322700B40EAC74095
:108E40004FEA673CA1FB003A02FB00A001FB0C01CA
:108E5000580E40EAC1144D160F48B0F91400C1175E
:108E6000A0FB062301FB063100FB0711D00C40EAF2
:108E700041384FEAE149311947EB050011EB080190
:108E800040EB0900090A41EA00610348B0F9120009
:108E900000010E183046A1E7388C002030B501469D
:108EA000CC100F4D2D88A4EB45040D4DB5F90250A3
:108EB0006C43E2120A4C2488C4EB2114644324134B
:108EC000074DB5F904506C43A313D418044DAC619D
:108ED0002C46A46904EB84048034201230BD0000C9
:108EE000388C002070B504460D4600F025F80E4879
:108EF0000068FFF7D3FF00EE100AB8EE400ADFED7E
:108F00000B0A80EE201A85ED001A09480068FFF769
:108F1000F1FE00EE100AB8EE400ADFED060A80EE20
:108F2000201A84ED001A70BD000400200000C84221
:108F3000FC030020000080430EB501A80623F722A1
:108F4000762100900E4802F02CFE9DF804000003EC
:108F50009DF8051040EA01109DF8061040EA111036
:108F6000084908609DF8070000039DF8081040EAD2
:108F700001109DF8091040EA1110034908600EBD68
:108F800014040020FC030020000400201CB51D4830
:108F9000007808B101201CBD02F0CCFD002001903A
:108FA00000240EE001ABD0227621174802F01BFE10
:108FB0009DF80400582800D105E00A2001F03EFA8F
:108FC000641C0A2CEEDB00BF9DF80400582816D163
:108FD0000E4818238822762100900B4802F0E1FD0C
:108FE0007723F4227621084802F02CFE1023F52284
:108FF0007621054802F026FE01200249087001484A
:109000000078C8E7F803002014040020388C002002
:1090100000B50246D2ED000AB0EE600A00F0AEFFE5
:10902000B0EE404AD2ED000AB0EE600A07F07EF8DA
:10903000F0EE404AD2ED010AB0EE600A00F09EFF69
:10904000F0EE403AD2ED010AB0EE600A07F06EF899
:10905000B0EE403AD2ED020AB0EE600A00F08EFFA8
:10906000B0EE405AD2ED020AB0EE600A07F05EF8A8
:10907000F0EE405A25EE040AB0EE406A25EE840A6E
:10908000F0EE406A24EE850AB0EE407A24EEA50A9E
:10909000F0EE407A25EE230A81ED000AB1EE630A74
:1090A00020EE250A81ED010A81ED023AB0EE660A52
:1090B00007EE030A81ED030AB0EE460A07EEC30A83
:1090C00081ED040AB1EE640A20EE230A81ED050A5F
:1090D000B0EE670A06EE430A81ED060AB0EE470AD3
:1090E00006EE830A81ED070A23EE840A81ED080A61
:1090F00000BD00000448808840F24C41884201DAFB
:10910000002070470120FCE77C06002070B5044673
:109110000D46607801232A4604F1340101F0A4FCD5
:1091200008B1032070BD94F8321294F8330241EA7A
:1091300000204AF65521884201D00220F2E794F837
:109140006D00010694F86C0041EA004194F86B0050
:1091500041EA002094F86A10084320F07F400E494D
:10916000884201D10020DDE794F88900010694F8D7
:10917000880041EA004194F8870041EA002094F811
:109180008610084320F07F400349884201D1002027
:10919000C8E70120C6E7000046415400024600E04F
:1091A000521C107810B110788842F9D110787047AD
:1091B0002DE9F74F88B00898006801900198007871
:1091C00030380790079809280AD8019840783A283B
:1091D00006D10198801C019008990198086001E06F
:1091E00000200790002109980160079818B10B2012
:1091F0000BB0BDE8F08FD149079851F820400CB969
:109200000C20F5E709980460207878B1607801F0C7
:109210005AFC804608F0010040B90A9820B108F0D5
:10922000040008B10A20E3E70020E1E700202070F5
:1092300007986070607801F0C7FB804608F0010075
:1092400008B10320D4E70A9820B108F0040008B15F
:109250000A20CDE74FF0000949462046FFF756FFA8
:10926000054600BF012D21D14FF0000BBBF1000FCF
:1092700003D0ABF1010000F0FF0B4FF4DF7000EB07
:109280000B1104F134000F18387978B1F87A01061F
:10929000B87A41EA0041787A41EA0020397A40EA16
:1092A000010949462046FFF731FF0546032D01D14C
:1092B00001209DE70DB10D209AE73F20015D94F854
:1092C000400041EA0020B0F5007F01D00D208FE77B
:1092D0004A20015D94F84B0041EA002ABAF1000FE0
:1092E0000ED194F85B00010694F85A0041EA00415F
:1092F00094F8590041EA002094F8581040EA010A15
:10930000C4F81CA04420065DE670012E03D0022E96
:1093100001D00D206CE70AFB06FA4120005D0646ED
:10932000A07016B1701E304008B10D2060E74520D6
:10933000015D94F8460041EA00202081207A00F087
:109340000F0008B10D2053E74720015D94F8480055
:1093500041EA00200690069870B994F8570001067B
:1093600094F8560041EA004194F8550041EA002083
:1093700094F85410084306904220015D94F843008D
:1093800041EA00200290029808B90D2030E70298C7
:109390005044218900EB11100590DDE9050181425F
:1093A00001D20D2024E7DDE90510401AA178B0FBB9
:1093B000F1F00490049808B90D2019E7012540F652
:1093C000F6710498884200D302254FF6F67104988E
:1093D000884200D303250498801CA061C4F8209023
:1093E00002984844606205984844E062032D16D113
:1093F000208908B10D20FBE694F86300010694F87B
:10940000620041EA004194F8610041EA002094F8CA
:1094100060100843A062A0698000039014E02089D6
:1094200008B90D20E4E6606A5044A062022D02D122
:10943000A069400007E0207E00F00100A16901EB77
:10944000410100EB51000390E169039800F2FF1025
:10945000B1EB502F01D20D20CAE64FF0FF30206152
:109460000020E060032D5CD1607194F8641094F8E2
:10947000650041EA0020484460616078012304F1FE
:109480003401626901F0F0FAF0BB94F8321294F8FA
:10949000330241EA00204AF65521884241D1372063
:1094A000005D01063620005D41EA00413520005D87
:1094B00041EA002094F8341008432149884230D111
:1094C00094F81B02010694F81A0241EA004194F84C
:1094D000190241EA002094F81812084319498842F9
:1094E0001FD194F82302010694F8220241EA0041B8
:1094F00094F8210241EA002094F820120843E06029
:1095000094F81F02010600E00BE094F81E0241EA05
:10951000004194F81D0241EA002094F81C1208430F
:109520002061257008480088401C80B206490880E8
:10953000E08000202063207100BF59E6B4050020C0
:109540005252614172724161B8050020F0EE401A3A
:10955000F4EEE01AF1EE10FA02D2B0EE600A7047B3
:10956000F4EEC11AF1EE10FA02DDB0EE410AF6E7B0
:10957000B0EE610AF3E770B503460D46586A021D66
:10958000680A1E68B678B0FBF6F400BF02CA09B9D3
:10959000002070BD8C4200D202E0641A121DF5E773
:1095A00000BF10682044F4E70246891E9069801EBF
:1095B000884201D8002070479378D06A01FB0300ED
:1095C000F9E700002DE9F04705460C46207820F029
:1095D0004000401E00EB800101EBC00600274FF069
:1095E000010800BF1A48C05D205C1949C95D2144CB
:1095F000497840EA0129B8F1000F10D0484601F03F
:109600007DFE8046FF2E07D23146761C35F81100CC
:1096100001F074FE404508D00020BDE8F0874FF609
:10962000FF70814501D00020F7E7781C07460D2820
:10963000D8D3207800F0400038B1B8F1000F04D042
:1096400035F8160008B10020E7E70120E5E7000043
:10965000822B010810B501200349087002F0A6F81A
:109660000149486010BD0000BC000020014800888E
:1096700070470000B000002070B52DED048B064649
:109680000C46B9480078012824D0B849098808B2A6
:10969000052101F073FFB6490880B449498808B232
:1096A000052101F06BFFB2494880B049C98808B272
:1096B0000A2101F063FF404200B2AD49C880AB49C6
:1096C00088884FF4FA62511000F038FC00B2A849C3
:1096D000888026E0012001F01FFA0020A4490880BC
:1096E0004880C88096ED0F0ADFEDA20AB4EEE00ACA
:1096F000F1EE10FA08DC02F059F89B494968401A6B
:1097000044F62061884205D900209949888003F0F9
:10971000E5FD03E04FF49660954988800420FFF74B
:10972000EBF89348B0F9040040F24C41884202DC67
:1097300000208F49C8809048007800F00400E0B312
:1097400096ED030AB1EE400ABDEEC00A10EE101A03
:1097500008B200F045FEB0EE409AB0EE490AFCF7C0
:1097600085FBB0EE408AB0EE490AFCF77DFFF0EED3
:10977000408A7F48B0F9020000EE100AB8EEC00A35
:1097800020EE080A7A48B0F9000000EE900AF8EEE0
:10979000E00A00EEA80ABDEEC00A10EE100A05B2FB
:1097A0007348B0F9000000EE100AB8EEC00A20EECF
:1097B000080A6F48B0F9020000E00FE000EE900ADE
:1097C000F8EEE00A00EEE80ABDEEC00A10EE100A5C
:1097D00000B2674908800846458000BF204605F072
:1097E00085FC6548007800F0020010B30221432098
:1097F000015544200155452001555D49B1F900004E
:109800009FED5E0A05F014FC84ED050A5849B1F994
:1098100002009FED5A0A05F00BFC84ED060A54493C
:10982000B1F906009FED550A05F002FC84ED070A28
:1098300022E05148007800F00100E8B10221452003
:1098400001554B49B1F90000B3EE0E0A05F0CEFB0D
:1098500084ED010A4649B1F90200B3EE0E0A05F0A3
:10986000C5FB84ED020A4249B1F906009FED430AA7
:1098700005F0DEFB84ED070A3F48007800F00800A1
:1098800000285CD03E48007830B92146304606F0CA
:1098900025FC01203A4908703549B1F90410394ACC
:1098A0001288881A3221FEF7D1F805B275B9364808
:1098B000007801280AD101214220015596ED070ABE
:1098C00084ED0B0A00203049087037E0002D1BDDC5
:1098D00002214220015500EE105AB8EEC00ADFED19
:1098E0002B0A60EE200A27480088C0F5FA6032385B
:1098F00000EE100AB8EEC00A80EE801A84ED0F1A4E
:1099000001202149087019E002214220015500EE92
:10991000105AB8EEC00ADFED1E0A60EE200A1948A0
:109920000088A0F21A4000EE100AB8EEC00A80EEDD
:10993000801A84ED0F1A01201349087000BF0C48EB
:10994000B0F9040000EE100AB8EEC00A84ED120A65
:109950000749B1F90000B3EE0E0A05F047FB84EDAC
:10996000130ABDEC048B70BDBC0000207C060020F7
:10997000B4000020000048440801002000004843D3
:10998000B2000020B0000020C400002000001643F8
:109990000000DC420020014908707047B20000203E
:1099A00010B502F057F8024908700846007810BD5B
:1099B0006C0100200648008828B90548408810B985
:1099C0000348808808B1012070470020FCE70000B0
:1099D0006601002010B50948007870B101F0E6FE7C
:1099E00007490860002007490880488088800C20CB
:1099F000FEF782FF044806F003F910BD6C01002059
:109A00007001002074010020B807002030B52DED52
:109A1000028B83B004467B4802F064F840B9002012
:109A2000794908804880888003B0BDEC028B30BD46
:109A3000082274497448FEF71AF874480068002830
:109A400069D001F0B3FE71490968401A47F23051FC
:109A5000884261D24FF400716D48F8F771FA9FEDBA
:109A60006D0AF0EE408A9FED6B0AB0EE408A00204E
:109A700024E0654931F91010674A32F91020891A3B
:109A8000494300EE101AB8EEC00A30EE280AF0EE94
:109A9000408A5D4931F910105F4A32F910201144B3
:109AA000494300EE101AF8EEC00AB1EE001A80EE3B
:109AB000810A30EE080AB0EE408A401C0328D8DB49
:109AC0009FED560AB4EEC08AF1EE10FA23DD88EE5F
:109AD000880ADFED530AB4EEE00AF1EE10FA1ADD5F
:109AE0004948B0F9000000904748B0F902000190E1
:109AF0004548B0F90400029069464A4805F022FF43
:109B000041480088444908803F48408848803E4892
:109B10008088888000BF1BE000203C4908606946BF
:109B2000404806F08BF800250DE0684600EB850004
:109B3000D0ED000AB0EE600AFCF740FA01B23A48F4
:109B400020F815106D1C032DEFDB05F031FB00BF75
:109B50002D48FDF709FF2C48008833498839B1F8B2
:109B60008810401A00B228490880084641882E48CB
:109B70008838B0F88A00081A00B22349488008469D
:109B8000818829488838B0F88C00081A00B21E492C
:109B900088800846B0F9000000EE100AB8EEC00A4E
:109BA00084ED000A0846B0F9020000EE100AB8EE93
:109BB000C00A84ED010A0846B0F9040000EE100A5C
:109BC000B8EEC00A84ED020A17488838B0F8880059
:109BD00080B915488838B0F88A0058B912488838D2
:109BE000B0F88C0030B91148006820F004000F492B
:109BF000086005E00D48006840F004000B4908606B
:109C000000BF11E760010020660100207001002004
:109C10000004024000000000740100200AD7233C29
:109C20002E90A03CB807002054060020040100201C
:109C300070B5014600200B469824002204E013F87A
:109C4000016B3518E8B2521CA242F8D391F8965035
:109C5000451BE8B270BD000010B52DED028B3748F2
:109C6000007810B1BDEC028B10BD9820344908601B
:109C70000846007800F0030008B1012000E0002051
:109C80002F49096800EB91002D49086008462D49CD
:109C900002682D48F9F7C0F92A4800780B2828D126
:109CA0002848FFF7C5FF274991F89610884219D137
:109CB0002448007800EE100AB8EE400AF2EE040ADA
:109CC00080EE201A11EE104A2046F6F704FD41EC12
:109CD000180B53EC182B1DA0FBF74EFF0120224957
:109CE000087009E021A0FBF747FF00201E4908701B
:109CF00002E000201C4908701B48007890B99822A7
:109D000020491048F6F726FB0E48FFF791FF0D4952
:109D100081F896000A4802680B48F9F791F901208A
:109D20001149087003220021012008F090F916491A
:109D3000086001200149087000BF93E7A4000020DB
:109D4000A0000020CC05002000F00F0856657273BB
:109D5000696F6E205625312E316620636865636B0E
:109D6000205B4F4B5D0D0A00A50000205665727305
:109D7000696F6E20636865636B205B4641494C5D8B
:109D80000D0A000008000020A8000020002435E093
:109D900000235A1E19461A48006808F075F900BFDA
:109DA00001F004FD17490968401AB0F5FA6F1DD992
:109DB0001548007800F00200C0B91448FFF738FFDA
:109DC0000446124890F89600A04208D00F4880F848
:109DD00096400F480D4902680E48F9F731F90E48D0
:109DE000006820F020000C490860D9E700236422B5
:109DF00019460348006808F047F9D1E7C8E70000B2
:109E0000A8000020AC00002000010020CC050020AC
:109E1000A000002000F00F080401002010B50F483A
:109E2000007800B110BD51200D4908700020487025
:109E300003220021012008F00AF90A4908600846B7
:109E4000006830B100231A4619460648006808F039
:109E500009FA01200149087000BFE3E72C01002046
:109E6000B80600202801002070B504461E4800688E
:109E7000C0F3080008B1012000E0002005461B489F
:109E8000007808B9002070BD1DB1204600F034F8FC
:109E9000F9E700235A1E19461548006808F0F4F83F
:109EA00001281FD1134840781E2808DA114842784B
:109EB000801C8454801E4078401C0E4948700A2C37
:109EC00003D00C4840781E2805DB0A4807F0B2FB97
:109ED00000200849487000231A46194604480068C3
:109EE00008F0C0F9E0B2CEE704ED00E02C0100205C
:109EF00028010020B806002038B504466A46002133
:109F00000C48006808F0DFFA012811D10A484078AF
:109F10001E2808DA08484278801C8454801E407845
:109F2000401C0549487069460248006808F084FAF8
:109F3000204638BD28010020B806002003468B4289
:109F400001DA08467047934201DD1046FAE71846E9
:109F5000F8E7F0EE401AF4EEE01AF1EE10FA02D251
:109F6000B0EE600A7047F4EEC11AF1EE10FA02DDAD
:109F7000B0EE410AF6E7B0EE610AF3E700B5F0EEA5
:109F8000402ADFED040A72EEA00AB0EE600A06F085
:109F9000CDF800BDDB0FC93F10B5044624B95422EB
:109FA00005A10CA0FDF7B0FD0023142221460C48AA
:109FB000006808F069F810BD2E2E5C7372635C6453
:109FC0007269766572735C7372635C6370706D2E18
:109FD0006300000074696D657374616D700000004A
:109FE0000404002000B589B001210846F8F788FA7A
:109FF00001210804F8F7C4FA01A8F7F798FF022036
:10A000008DF808000820019001A92048F7F717FFF4
:10A01000032211461D48F7F75AFF06A8F9F748FD35
:10A02000A720ADF818000020ADF81A0006A91848BE
:10A03000F9F7FCFC03A8F9F721FC0420ADF80C00AB
:10A0400003A91348F9F7E3FB18208DF80000052059
:10A050008DF8010000208DF8020001208DF803002A
:10A060006846F8F769F900220221402007F0EFFF67
:10A0700008490860012205210548F9F708FC01217B
:10A080000348F9F7CAFA09B000BD00000000024019
:10A09000004001400404002001480078704700009F
:10A0A0000B0400202DE9F04704468946B9F1000F62
:10A0B00006D1E76817B1A069B84211D801270FE0AF
:10A0C0004946204601F080FB0646022E02D20120BE
:10A0D000BDE8F087A069B04201D93046F8E74F46A5
:10A0E0003D4600BF6D1CA069A84204D80225BD42B0
:10A0F00001D90020ECE72946204601F065FB064621
:10A1000006B909E0701C08B1012E01D13046DFE725
:10A11000BD42E7D10020DBE700BF6FF07042294667
:10A12000204604F003FE8046B8F1000F08D1B9F1D3
:10A13000000F05D02A464946204604F0F7FD804628
:10A14000B8F1000F09D1E5602069401C68B12069B1
:10A15000401E20610120607107E0B8F1010F02D1BB
:10A160004FF0FF3000E0012005462846B0E7000030
:10A170002DE9F34F83B0814604980068019002E016
:10A180000198401C0190019800782F28F8D0019880
:10A1900000785C28F4D0D9F81CA000252F4600BF19
:10A1A00038467F1C01990C5C202C03DB2F2C01D03E
:10A1B0005C2C00D132E0FF2D03D3062005B0BDE8B2
:10A1C000F08FE4B2812C13DBE0B2FE2810DC3846BD
:10A1D0007F1C01990E5C402E01DB7E2E05DD802E5A
:10A1E00001DBFE2E01DD0620E8E706EB042084B249
:10A1F0000121204601F044F804460CB90620DDE7B1
:10A20000802C06DA214671A0FEF7C8FF08B10620AF
:10A21000D4E728466D1C2AF81040C1E700BF01981A
:10A22000C11904980160202C01DA042000E000200C
:10A23000804608E0681E3AF81040202C02D02E2CF0
:10A2400000D002E06D1E002DF4D100BF0DB9062034
:10A25000B4E700202AF815000B222021D9F81800B5
:10A2600002F036FE002700E07F1C3AF81700202895
:10A27000FAD03AF817002E28F6D00FB148F00308AC
:10A2800000E06D1E25B1681E3AF810002E28F8D1A6
:10A290000020064602904FF0080B00BF38467F1C96
:10A2A0003AF8104004B963E0202C03D02E2C04D1DE
:10A2B000AF4202D048F00308F0E70298584501D2B7
:10A2C000AF4214D1BBF10B0F02D148F003084FE0AD
:10A2D000AF4201D048F00308AF4200D948E02F4612
:10A2E000082002904FF00B0BB006060ED6E7802C2C
:10A2F00009DB204601F002F80021009000F0C0FFC9
:10A30000044648F00208FF2C11DDABF10100029970
:10A31000884204D848F00308CDF808B0BEE72212FE
:10A32000D9F818300298411C02911A5419E024B14E
:10A33000214629A0FEF732FF18B15F2448F0030838
:10A340000FE0412C04DB5A2C02DC46F0020608E048
:10A35000612C06DB7A2C04DC46F00106A4F1200017
:10A3600084B2D9F818300298411C02911C5495E728
:10A3700000BFD9F818000078E52803D10520D9F8E6
:10A3800018100870BBF1080F01D1B006060E06F0D8
:10A390000C000C2803D006F00300032801D148F07C
:10A3A000020808F0020058B906F00300012801D1A4
:10A3B00048F0100806F00C00042801D148F0080805
:10A3C000D9F8180080F80B800020F7E6222A3A3CE2
:10A3D0003E3F7C7F000000002B2C3B3D5B5D00007E
:10A3E00000EE100AB8EEC00ADFED020A20EE200AE5
:10A3F0007047000035FA8E3C70B504460420F8F72B
:10A40000C9FF0C48046025464FF47A70454301208B
:10A41000094908804FF0E020006940F002004FF049
:10A42000E021086108464561006940F001000861CB
:10A4300070BD0000E0010020E401002070B504467A
:10A4400008F0E0F8012811D00C480088844206DBAF
:10A450000A48008894FBF0F5284607F07DFA074883
:10A46000008894FBF0F100FB114084B24FF47A7144
:10A4700004FB01F000F004F870BD0000E4010020CE
:10A4800070B5034600224FF0E02675690D4E366820
:10A4900003FB06F44FF0E026B16910E04FF0E02630
:10A4A000B06988420BD0884202D20E1A324402E0D0
:10A4B0002E1A0E4432440146A24200D300E0EDE7DA
:10A4C00000BF70BDE0010020002101617047000065
:10A4D0000169491C01610169012908D180ED010A66
:10A4E00080ED000ADFED150AC0ED020A25E0D0ED8F
:10A4F000000A30EE601AD0ED040AF8EEE01AC1EE60
:10A50000210A90ED001A70EE810AC0ED010AD0ED2B
:10A51000020A90ED001A30EE411AD0ED011A70EEE9
:10A52000611A41EE210AC0ED030AD0ED010AC0ED27
:10A53000000AD0ED030AC0ED020A704700000000D7
:10A5400010B52DED028B0446204600F007F8B0EE62
:10A55000408AFCF751F9BDEC028B10BD016901295D
:10A560000ADDD0ED030A0169491E00EE101AB8EEAB
:10A57000C01A80EE810A70479FED010AFBE70000D8
:10A58000000000002DE9F04104460E46002120465F
:10A5900000F0B7F90546EDB9002700BF2169206832
:10A5A00002F046FD054605B113E060690078E52834
:10A5B00002D06069007820B9781C0746B04201D10A
:10A5C00007E000270121204600F076F80546002D1F
:10A5D000E4D000BF2846BDE8F0812DE9F0470446ED
:10A5E0000021204600F08DF9074617B13846BDE836
:10A5F000F0874FF0FF09CA4600BF2169206802F0CA
:10A6000017FD074607B154E065692E780EB9042797
:10A610004FE0E87A00F03F08E52E05D008F008008A
:10A6200028B1B8F10F0F02D04FF0FF093AE0B8F1AE
:10A630000F0F1CD1E069A0B306F0400030B195F8CF
:10A640000DA026F04006B146E08820844E450AD190
:10A65000687B504507D12946E069FEF7B3FF10B18A
:10A66000A9F1010000E0FF2000F0FF091AE0B9F1B4
:10A67000000F05D1284606F095F9504500D118E0A5
:10A680004FF0FF094FF6FF702084A069C07A00F0F8
:10A69000010030B90B222846A16902F0F9FB00B98C
:10A6A00007E0FFE70021204600F006F80746002FEC
:10A6B000A3D000BF38469AE72DE9F041044688460A
:10A6C00000BFE088401C86B20EB1206910B904209A
:10A6D000BDE8F08106F00F0000286DD12069401C14
:10A6E0002061E06828B920680089B04264DC042059
:10A6F000EEE720688078401E00EA161000285BD143
:10A70000E168206801F060F80546012D01D80220BB
:10A71000DEE7681C08B90120DAE720688069A842F2
:10A7200044D8B8F1000F01D10420D1E7E1682068D6
:10A73000FFF7B8FC05460DB90720C9E7012D01D187
:10A740000220C5E7681C08B90120C1E7206806F0AF
:10A750009DF908B10120BBE7216801F134004FF4F5
:10A760000072002102F0B4FB29462068FEF71CFFAE
:10A770002168086300270FE0012021680871206824
:10A7800006F084F908B10120A2E72068006B401CA4
:10A7900021680863781CC7B220688078B842EBDC77
:10A7A0002068006BC01B2168086300BFE560294674
:10A7B0002068FEF7F9FE2061E6802068343006F05C
:10A7C0000F0100EB41106061002081E72DE9FE4F91
:10A7D0000446D4F81880D4F81C900C2241466846F0
:10A7E00002F069FB00BF9DF80B0000F0010028B3E8
:10A7F000002088F80B00E06101260DE033464A4650
:10A800006946404600F05BFE2046FFF7E6FE05463F
:10A8100005B103E0701C86B2642EEFDB00BF642E2E
:10A8200002D10720BDE8FE8F042D01D02846F9E7AC
:10A830009DF80B0088F80B00C4F81C909DF80B00E5
:10A8400000F0020070B1002601E0701C86B239F8F9
:10A8500016000028F9D106F119000D2190FBF1F046
:10A8600087B200E0012739462046FFF78BFE0546F8
:10A870005DBB781E80B2071E27D0E088C01B81B266
:10A88000204600F03EF80546FDB9A06906F08AF8BA
:10A89000824600BF2169206802F0CAFB054605B167
:10A8A00012E0FAB253466169E06900F077FD0120D9
:10A8B0002168087100212046FFF7FEFE05461DB9FC
:10A8C000781E80B2071EE5D100BFC5B92169206896
:10A8D00002F0AEFB054695B920220021606902F026
:10A8E000F7FA0B22D4E9050102F0E5FAA069C07A73
:10A8F00000F018006169087301202168087128467A
:10A9000090E72DE9F04104460E46E680A568012D4A
:10A9100003D020688069A84202D80220BDE8F081F7
:10A920002DB920680078032801D12068856A65B9AF
:10A93000E56020680089B04201DC0220EEE7206873
:10A94000806A00EB1610206120E020688078070103
:10A9500012E02946206800F037FF0546681C08B958
:10A960000120DBE7022D03D320688069A84201D8CB
:10A970000220D3E7F01B86B2BE42EADAE560294640
:10A980002068FEF711FE00EB1610206120683430BD
:10A9900006F00F0100EB411060610020BEE70000EF
:10A9A00070B50446074805680068A043054908607B
:10A9B00008460068A84202D00120FDF7D1FF0148F7
:10A9C000006870BD0801002070B50446002514B170
:10A9D000012C0ED10BE0F7F72FFF054635B1F8F744
:10A9E0004DF8FF20F8F792FAF8F743F803E0012555
:10A9F00001E0012500BF00BF0DB1012070BD0020A6
:10AA0000FCE700002DE9F04106460F4615462EBB37
:10AA100037B1012F1AD0022F0FD0032F1BD111E015
:10AA2000002010490860F8F7A2F808B9002400E0F7
:10AA3000012401200B4908600FE04FF400702880CA
:10AA400000240AE008202880002406E0F7F7B9FE79
:10AA50002860002401E0042400BF00E00124204617
:10AA6000BDE8F081840241422DE9F04105460E46E1
:10AA700017461C464FF0000814B90420BDE8F081C9
:10AA800015B1012D14D110E0224639463046F7F7B2
:10AA90009BFF8046B8F1000F06D0F7F7EFFFFF20CD
:10AAA000F8F734FAF7F7E5FF05E04FF0010802E0A8
:10AAB0004FF0010800BF00BFB8F1000F01D1002026
:10AAC000DCE70120DAE70146002070472DE9F0417C
:10AAD00005460E4617461C464FF0000814B90420E0
:10AAE000BDE8F08115B1012D0AD106E022463946B4
:10AAF0003046F8F74DF8804605E04FF0010802E0D7
:10AB00004FF0010800BF00BFB8F1000F01D10020D5
:10AB1000E6E70120E4E7000070B504460748056851
:10AB2000006820430549086008460068A84202D032
:10AB30000120FDF715FF0148006870BD08010020E5
:10AB40002DE9FE4F04460D46204607F0CDF8029051
:10AB5000029810B10298BDE8FE8FA07900F0800045
:10AB600008B10220F7E7606A00287DD0681C002841
:10AB700041D1D4F8248058F804AB4FF0020926697B
:10AB80006EB300BF00964FF0000B09F1020900BF41
:10AB900001960BF1010B3146206800F015FE0646C8
:10ABA000012E05D8A07940F08000A0710220D2E7E4
:10ABB000701C28B9A07940F08000A0710120CAE77C
:10ABC0000198401C8642E3D0D14504D848F804BB24
:10ABD000009848F8040B20688069B042D2D8606AB7
:10ABE000C0F80090D14503D80020C8F8000050E01C
:10ABF000112002904DE0E068A84200D2E568A5600F
:10AC0000002D46D0691E2046FEF7B5FC60616169E3
:10AC10002068FEF7C9FC07462FB9A07940F08000F4
:10AC2000A071022097E720688078401E691E00EA24
:10AC3000512007442089C0F3080050B3A069B842EE
:10AC400027D0A07900F0400098B12168487801230E
:10AC500004F12801A269FFF739FF30B1A07940F073
:10AC60008000A071012076E714E0A07920F0400078
:10AC7000A0712168487801233A4604F12801FFF7C2
:10AC8000F3FE28B1A07940F08000A071012062E7B6
:10AC9000A761C1E0E068A84204D2A07900F00200F8
:10ACA00000B9E568D4F808904FF00008C4F80880AF
:10ACB000002D77D0206880784702B9F1000F11D0BD
:10ACC000681EB0FBF7F1A9F10100B0FBF7F081427B
:10ACD00008D3A9F10100791E8843A060A0682D1A4D
:10ACE000666918E02669AEB900212068FFF7DAF935
:10ACF0000646012E05D1A07940F08000A071022007
:10AD000029E7701C28B9A07940F08000A0710120CB
:10AD100021E726616661EEB329E0A07900F0020028
:10AD200038B131462068FFF7BDF9064636B93D46D1
:10AD30001FE03146206800F047FD0646701C28B928
:10AD4000A07940F08000A071012004E7012E03D912
:10AD500020688069B04205D8A07940F08000A071D9
:10AD60000220F8E66661A0683844A060ED1BBD4291
:10AD7000D3D800BFA0682844A060C5F3080048B13C
:10AD800031462068FEF710FC8046B8F1000F07D16D
:10AD9000A07900E006E040F08000A0710220DAE631
:10ADA00008EB55282089C0F3080050B3A06940453E
:10ADB00027D0A07900F0400090B1216848780123A5
:10ADC00004F12801A269FFF781FE28B1A07940F0C3
:10ADD0008000A0710120BEE6A07920F04000A071A3
:10ADE000216848780123424604F12801FFF73CFE20
:10ADF00028B1A07940F08000A0710120ABE6C4F832
:10AE00001880D4E90201884205D9A068E060A079E1
:10AE100040F02000A07100BF02989CE60246012A83
:10AE200001DB0B207047074850F822300BB100209F
:10AE3000187009B100200870024840F82210002064
:10AE4000F0E70000B40500202DE9F743ADF50C7DD7
:10AE50000546164625B909200DF50F7DBDE8F0839E
:10AE60000020286006F01F0626F0010283A98DA8A5
:10AE7000FEF79EF90746002F7ED180A88990CDF875
:10AE800028D283A88D9900F0C9FA0746889C0FB98B
:10AE900004B9062706F01C00002851D04FB1042F3A
:10AEA00003D183A8FFF792FC074646F00806889C6A
:10AEB00009E0E07A00F0110008B1072703E006F08E
:10AEC000040000B10827002F39D106F0080000283F
:10AED00035D000F0EBFC804684F80E804FEA182154
:10AEE000E1734FEA184121744FEA18616174002040
:10AEF000E072207700216177A177E177214683987E
:10AF000001F03EFF81460021204605F075FA012040
:10AF100083990871B9F1000F11D08398D0F830806F
:10AF20004946839804F0A0F8074647B9A9F1010003
:10AF30008399C8604146839802F07AF807460EE08C
:10AF40006FB9E07A00F0100008B1042707E006F0BE
:10AF5000020020B1E07A00F0010000B1072747B9F4
:10AF600006F0080008B146F020068398006BE861FF
:10AF70002C620FB9AE7100E018E02146839801F011
:10AF8000FFFE2861E07F0106A07F41EA0041607F6B
:10AF900041EA0020217F0843E8600020A860A86102
:10AFA0006862839828608398C088A880384653E7F1
:10AFB0002DE9F0410446204606F096FE0746002F94
:10AFC0004CD1A07900F02000002847D0A07900F0F3
:10AFD000400078B121684878012304F12801A26972
:10AFE000FFF774FD10B10120BDE8F081A07920F0D9
:10AFF0004000A071E169206802F01AF80746002FAE
:10B000002CD1256AE87A40F02000E872207B28776E
:10B01000A089010A6977E068010CA977E068010E50
:10B02000E9772846216905F0E7F900F03FFC06467C
:10B03000AE75310AE975310C2976310E697600203A
:10B04000A8740021E974A07920F02000A0710120EB
:10B0500021680871206805F0B5FC07463846C3E74B
:10B060002DE9FF4F83B0044615469B460498019096
:10B070000020CBF80000204606F036FE0290029831
:10B0800018B1029807B0BDE8F08FA07900F08000F9
:10B0900008B10220F6E7A07900F0020008B9072005
:10B0A000F0E7E0682844E168884200D20025D6E055
:10B0B0002089C0F3080000287ED120688078401ED7
:10B0C000A16800EA512000F0FF0ABAF1000F32D166
:10B0D000A06858B9D4F81080B8F1000F13D100213E
:10B0E0002068FEF7DFFF804620610CE0606A28B12F
:10B0F0002046A168FEF73FFA804604E061692068B7
:10B10000FEF7D0FF8046B8F1000F00D1AAE0B8F1F9
:10B11000010F05D1A07940F08000A0710220B1E7B5
:10B1200008F1010028B9A07940F08000A071012049
:10B13000A8E7C4F81480A07900F0400090B121681D
:10B140004878012304F12801A269FFF7BFFC28B168
:10B15000A07940F08000A071012093E7A07920F051
:10B160004000A07161692068FEF71EFA06462EB9FC
:10B17000A07940F08000A071022083E756444FEA96
:10B180005529B9F1000F30D00AEB09002168897800
:10B19000884203D920688078A0EB0A0909F0FF03F0
:10B1A0002168487832460199FFF790FC38B1A079C0
:10B1B00040F08000A07100E02EE0012062E7A0696D
:10B1C000801B48450ED2A069801B019A02EB4021EA
:10B1D0004FF4007204F1280001F06DFEA07920F018
:10B1E0004000A0714FEA49272DE0A069B04212D07B
:10B1F000D4E9020188420ED2216848780123324600
:10B2000004F12801FFF730FC28B1A07940F080005C
:10B21000A071012036E7A6612089C0F30800C0F5BF
:10B220000077AF4200D92F462189C1F3080204F10B
:10B23000280150183A46019901F03DFEA07940F0EE
:10B240004000A07100BF019838440190A0683844C4
:10B25000A060DBF800003844CBF80000ED1B002DA7
:10B260007FF426AF00BFD4E90201884201D9A0686B
:10B27000E060A07940F02000A071002002E700000B
:10B280002DE9F04102460F46802A01DA10462FE0F0
:10B290001FB1184B45F2205602E0174B45F22056DD
:10B2A0000025102416E0A6EB050C0CEBDC7805EB72
:10B2B00068014FEA410C33F81CC0944500D10BE003
:10B2C0004FEA410C33F81CC0944501DA0D4600E00A
:10B2D0000E46641E002CE6D100BF34B14FF0010CC5
:10B2E0000CEB410C33F81CC001E04FF0000C604641
:10B2F000BDE8F08140800208BC2B01080246002115
:10B3000000E0491C094830F8110020B1074830F826
:10B3100011009042F5D1054830F8110018B10448E9
:10B3200030F8110070471046FCE70000C4D4030851
:10B33000A4D6030810B5024600200AE04B788340EB
:10B3400003F080030BB1472300E0212342F82030B3
:10B35000401C0828F2DB00200CE00B78834003F04F
:10B3600080030BB1472400E0212400F1080342F8D8
:10B370002340401C0828F0DB00200CE08B78834041
:10B3800003F080030BB1472400E0212400F11003F7
:10B3900042F82340401C0828F0DB10BDF0B50446FD
:10B3A0001D464D730F27CF7200270F738F76BC4653
:10B3B00081F81BC0571E07EB870C0CEBC706002754
:10B3C00038463B4600BF4FF6FF77B84203D03746BA
:10B3D000761C34F81700DFF840C01CF803C001F8F1
:10B3E0000C000712DFF830C01CF803C08C448CF846
:10B3F000017008B94FF6FF705F1C3B460D2FE2D37A
:10B400004FF6FF77B84202D034F816700FB942F009
:10B4100040020A70F0BD0000822B01082DE9F341C3
:10B420000446019800782F2803D0019800785C2802
:10B4300002D10198401C01900020A0600198007882
:10B44000202807D200212046FFF75BFA054600209E
:10B45000606129E000BF01A92046FEF789FE05468C
:10B4600005B120E02046FFF7B8F80546A069C67A86
:10B4700045B1042D00D016E000BF06F0040000B96D
:10B48000052510E006F0040000B10CE06769F87AC9
:10B4900000F0100008B9052505E03946206801F0E4
:10B4A0006FFCA060D7E700BF2846BDE8FC8170B5FF
:10B4B00004460D462046FEF7D7FC204670BD2DE918
:10B4C000FC4707468A4690461C460B2251463846A2
:10B4D00001F0F1FC052C0BDD00BF601000EBC43166
:10B4E00038F8022B881884B2B8F800000028F4D18C
:10B4F000072600BF2046E11704EB11710911A4EBE8
:10B500000111303101F0FF09B9F1390F03DD09F103
:10B51000070000F0FF093046761E0DF80090204627
:10B52000E11704EB1171C1F30F14002CE2D17E205E
:10B530000DF8060000250BE0785D812807DB785DBB
:10B54000FE2804DC701EA84200D106E06D1C6D1CB4
:10B55000B54202D2785D2028EED100BF00BF082E90
:10B5600004D23046761C1DF8000000E02020294659
:10B570006D1C7854082DF2D3BDE8FC8770B50446E5
:10B580000D46A4F2DC504FF4FA725142FEF7D6FC9D
:10B5900006B229463046FCF759FA06B2304670BD6D
:10B5A0000148007870470000EC00002003B5BDF9A9
:10B5B0000400002803DABDF90400404201E0BDF9AF
:10B5C000040000EE100AB8EEC00AB7EE081AC0EE8A
:10B5D000010ABDF90000002803DABDF9000040426D
:10B5E00001E0BDF9000000EE100AB8EEC00AF4EE6A
:10B5F000C00AF1EE10FA2CDDBDF90400002803DAD0
:10B60000BDF90400404201E0BDF9040000EE100A5B
:10B61000B8EEC00AB7EE081AC0EE010ABDF9020082
:10B62000002803DABDF90200404201E0BDF9020042
:10B6300000EE100AB8EEC00AF4EEC00AF1EE10FAFD
:10B6400007DDBDF90400002801DC01200CBD00204D
:10B65000FCE7BDF90000002803DABDF90000404214
:10B6600001E0BDF9000000EE100AB8EEC00AB7EE26
:10B67000081AC0EE010ABDF90200002803DABDF97C
:10B680000200404201E0BDF9020000EE100AB8EEEF
:10B69000C00AF4EEC00AF1EE10FA2CDDBDF900008C
:10B6A000002803DABDF90000404201E0BDF90000C6
:10B6B00000EE100AB8EEC00AB7EE081AC0EE010A92
:10B6C000BDF90400002803DABDF90400404201E09E
:10B6D000BDF9040000EE100AB8EEC00AF4EEC00A8C
:10B6E000F1EE10FA07DDBDF90000002801DD0220AF
:10B6F000ACE70320AAE7BDF90200002803DABDF990
:10B700000200404201E0BDF9020000EE100AB8EE6E
:10B71000C00AB7EE081AC0EE010ABDF90000002801
:10B7200003DABDF90000404201E0BDF9000000EE7F
:10B73000100AB8EEC00AF4EEC00AF1EE10FA2CDDE1
:10B74000BDF90200002803DABDF90200404201E021
:10B75000BDF9020000EE100AB8EEC00AB7EE081AF2
:10B76000C0EE010ABDF90400002803DABDF90400A7
:10B77000404201E0BDF9040000EE100AB8EEC00A34
:10B78000F4EEC00AF1EE10FA07DDBDF90200002860
:10B7900001DD04205AE7052058E74FF0FF3055E758
:10B7A0000148007870470000F000002010B506F056
:10B7B00029FF012802D006F035FF10BD01480068BE
:10B7C000FBE70000840400202DE9F04105460C460B
:10B7D000022C02D3A869A04202D80120BDE8F08162
:10B7E0002878012804D002282CD003285AD13DE023
:10B7F000274607EB5707686A00EB5721284601F0F8
:10B8000017FC00B14EE0C7F3080105F1340010F851
:10B8100001807F1C686A00EB5721284601F008FC74
:10B8200000B13FE0C7F3080105F13400405C48EA8D
:10B83000002804F0010010B14FEA1810CEE7C8F359
:10B840000B00CBE7686A00EB1421284601F0F0FBFF
:10B8500000B127E040F2FF1000EA440105F1340096
:10B860000E183078717840EA0120B7E7686A00EB7B
:10B87000D411284601F0DCFB00B113E040F2FF10C8
:10B8800000EA840105F134000E18F0780006B17862
:10B8900040EA0140717840EA01203178084320F005
:10B8A00070409BE700BF4FF0FF3097E700207047E4
:10B8B00010B52DED028BB0EE408A01F023FC18B9D3
:10B8C0000020BDEC028B10BD4FF47A7000F020F820
:10B8D00000240DE0BCEEC80A10EE102A91B2C4EBB1
:10B8E000C402054B03EB82005022FDF7E7F9641C0C
:10B8F000032CEFDB0120E4E7140800200348B0F834
:10B90000500008B9012070470020FCE77C010020AE
:10B910000149A1F8500070477C0100207CB5054624
:10B92000454801F0C7FB00B97CBD042242490846E6
:10B93000FCF79DF8FFF7E2FFD8B93F480168009196
:10B940008088ADF80400DDE9000101F069FE9FED9B
:10B950003B0A3B4880ED000A9FED380A80ED010A62
:10B960009FED360A80ED020A024607CA85E8070005
:10B97000DAE73148008833498989401A00B23249F0
:10B9800008802D4841882F48C089081A00B22E49E6
:10B990004880294881882B48008A081A00B22A4921
:10B9A00088800846FBF7E0FF2748B0F9000000EE6A
:10B9B000100AB8EEC00ADFED250A80EE201A2048F2
:10B9C00080ED001A2048B0F9020000EE100AB8EE2F
:10B9D000C00ADFED1E0A80EE201A194880ED011A18
:10B9E0001948B0F9040000EE100AB8EEC00ADFED05
:10B9F000170A80EE201A124880ED021A002413E084
:10BA00000F4901EB8401D1ED000AB0EE600AC4EBEE
:10BA1000C4010F4A02EB8100FDF790F8084800EBE3
:10BA2000840080ED000A641C032CE9DB044A07CA89
:10BA300085E8070000BF77E7D00100200000000084
:10BA4000080800207C010020D60100203333834108
:10BA50001408002038B52148007808B1012038BD0D
:10BA600000F068F80020009000240EE06B460A22E7
:10BA70001E211B4800F0B7F89DF80000482800D1AF
:10BA800005E00A20FEF7DAFC641C0A2CEEDB00BF9E
:10BA90009DF8000048281DD1782300221E2110485F
:10BAA00000F0D0F80520FEF7C9FC202301221E215A
:10BAB0000B4800F0C7F80520FEF7C0FC0023022267
:10BAC0001E21074800F0BEF86420FEF7B7FC0120F5
:10BAD0000249087001480078C1E700001004002006
:10BAE000140400203EB5044601A8062303221E21AB
:10BAF00000900F4800F055F805469DF805009DF8A8
:10BB0000041040EA012000B220809DF807009DF853
:10BB1000061040EA012000B2A0809DF809009DF8BF
:10BB2000081040EA012000B2608028463EBD0000B7
:10BB30001404002010B50648007800B110BD054877
:10BB400000F063FA01200249087000BFF6E7000028
:10BB5000780400201404002038B50446002000902A
:10BB60006946206A06F068FC009838B14FF08050B2
:10BB700003490860BFF34F8FBFF36F8F38BD0000DC
:10BB800004ED00E010B5044640F201202168096888
:10BB900008802168002208684FF4C061F6F7E3FAD4
:10BBA00010BD2DE9F04188B00746884614461D4671
:10BBB0000E9EFF2C07D12B460122414603A800967A
:10BBC00000F06CF808E001202346002241468DE891
:10BBD000610003A800F072F803A9384600F0C2FA29
:10BBE00008B0BDE8F081F8B505460E4617461C467C
:10BBF00001233A46314628460094FFF7D2FFF8BDAC
:10BC00002DE9F04188B00746884614461D460E9E31
:10BC1000FF2C07D12B460022414603A8009600F0D6
:10BC20003DF808E000202346024641468DE86100C9
:10BC300003A800F043F803A9384600F093FA08B0CF
:10BC4000BDE8F0817FB582B004460D46164605A8D2
:10BC500001233246294600902046FFF7D1FF06B067
:10BC600070BD10B504462168086C0021F5F7BEFDD3
:10BC70002268916C106CF5F79FFD2168086800211F
:10BC8000F6F70CFA216808680021F6F713FA216824
:10BC90000022086C1421F5F7D7FE10BD30B5039CC7
:10BCA00001718271002505734FF6FF75C581036030
:10BCB0000025C57104610225457130BDF0B505ACA4
:10BCC00070CC017184710273C38105600027C77154
:10BCD000066102274771F0BD10B504462268916CD9
:10BCE000106CF5F75DFE40B12046FFF7BAFF204625
:10BCF000FFF732FF2046FFF745FF2268D16C106C3A
:10BD0000F5F74EFE60B12268D16C106CF5F754FD6A
:10BD10000121E1722046FFF71FFF2046FFF732FFA7
:10BD200010BD38B504462168886B0121F6F7E8FBA1
:10BD30002068C06BA062206800681030E0620021BB
:10BD400021636163A163E1634FF480612164002199
:10BD50006164A164E1644FF40031216500216165F3
:10BD6000A165E1652166206890F844008DF8000027
:10BD700007208DF8010000208DF8020001208DF8C9
:10BD800003006846F6F7D8FA38BD000010B504463F
:10BD9000216808681E49F6F7C9F9B8B1617A481EEA
:10BDA0006072002905DD40F20110216809680880F1
:10BDB00007E00121E1722046FFF7CEFE2046FFF7A3
:10BDC000E1FE216808681249F6F762F921680868FF
:10BDD0001049F6F7ABF920B1216808680D49F6F76C
:10BDE00057F9216808680C49F6F7A0F920B12168D5
:10BDF00008680949F6F74CF9216808680749F6F719
:10BE000095F920B1216808680449F6F741F910BD99
:10BE100000040010000100100008001000020010D3
:10BE200070B5044620680068858A05F00100F8B105
:10BE30000020A061A07A20B1608A4FF6FF7188428D
:10BE400008D0227A5206110E226810680022F6F7F6
:10BE50000BFAD9E0216808680121F6F70DF9227A7A
:10BE60005206110E226810680122F6F7FDF9CBE0A8
:10BE700005F00200002857D0A07A20B1608A4FF662
:10BE8000FF71884224D020680068068B608A4FF6D4
:10BE9000FF71884215D0207C58B1628A110A22684D
:10BEA0001068F6F7E9F9A17C22681068F6F7E4F962
:10BEB00004E0A17C22681068F6F7DEF94FF6FF7106
:10BEC00061822168012208689102F6F74CF99BE033
:10BED0006068012805D1216808680021F6F7CCF8D0
:10BEE00004E0216808680121F6F7E4F821680022DF
:10BEF00008684FF4C061F6F736F921680122086C32
:10BF00001421F5F7A1FD216808680121F6F7C6F8AC
:10BF100000BF00BF00BFBFF35F8F00BF00BF00BF07
:10BF200020680068068B6FE005F0040088B3206885
:10BF30000068068B06F0040078B1A07A012805D1CC
:10BF400040F2011021680968088019E02046FFF7D7
:10BF500003FE2046FFF716FE12E021680868F6F798
:10BF60007FF9A269511CA161616988546168A06967
:10BF7000884205D12046FFF7EFFD2046FFF702FE7D
:10BF800000BF20680068008800F480700028F8D1A5
:10BF90003AE0FFE705F04000A0B121680868F6F735
:10BFA0005FF9A269511CA161616988546168A06947
:10BFB000884229D12168002208684FF48061F6F791
:10BFC000D2F821E005F08000F0B1A07A012807D175
:10BFD0002168002208684FF48061F6F7C4F813E086
:10BFE000A3695A1CA2616269D15C22681068F6F7E5
:10BFF00043F96168A069884206D121680022086877
:10C000004FF48061F6F7AFF870BD10B504462046D6
:10C0100000F001F810BD30B587B004462168486AC9
:10C020000121F6F76DFA216848690121F6F768FAEF
:10C03000216848680121F6F783FA6846F5F777FF2B
:10C0400001208DF8040002208DF8050001208DF8F4
:10C0500006002068C0690090216888696946F5F784
:10C06000EEFE2068C06A00902168886A6946F5F78C
:10C07000E6FE2568AD8DABB22568AD8BAAB225680A
:10C08000A96AA86900F0D6F802208DF8040020689B
:10C09000C0690090216888696946F5F7D0FE20687C
:10C0A000C06A00902168886A6946F5F7C8FE23686F
:10C0B00093F834201B8C99B223689869F5F707FF31
:10C0C000236893F834201B8E99B22368986AF5F799
:10C0D000FEFE21680868F5F7F9FF0020ADF81000B2
:10C0E0004BF6FF70ADF812003020ADF814004FF49D
:10C0F0008060ADF816000001ADF8180020680069F6
:10C1000003902168086803A9F6F736F82168012230
:10C1100008681102F6F727F82068007A8DF8080001
:10C1200007208DF8090000208DF80A0001208DF805
:10C130000B0002A8F6F700F92068007B8DF80800D4
:10C1400002A8F6F7F9F82046FFF7EBFD03220021DD
:10C15000012005F07CFF2062012005F067FF60628E
:10C1600007B030BD70B504460D46002600235A1EA8
:10C170001946606A05F088FF14222946201DF4F74D
:10C18000E9F8204600F028F8002314221946206A16
:10C1900005F07AFF012803D1E07A38B9012605E0DD
:10C1A0002046FFF75EFD204600F03DF800231A46CA
:10C1B0001946606A06F056F8304670BD08B5002191
:10C1C0000091009102E00099491C009100EB0011E0
:10C1D000009A9142F7D808BD10B50446A07A01280C
:10C1E0000ED16168A163616921632168086C04F163
:10C1F0002801F5F747FC2168086C0121F5F7F6FAEC
:10C200002168002208684FF48061F5F7ACFF2168CF
:10C21000012208685102F5F7A6FF40F201102168DB
:10C220000968088010BD10B504462046FFF7F3FEEC
:10C2300010BD00002DE9F04780460C4615461E460D
:10C2400031462046F5F771FE29464046F5F76DFE6A
:10C2500000271EE0DFF8849000BF29464046F5F72E
:10C2600059FE20B9B9F10000A9F10109F5D1AA20C0
:10C27000FFF7A4FF29464046F5F755FEAA20FFF731
:10C280009DFF29464046F5F750FEAA20FFF796FF8E
:10C290007F1C092FDEDB29464046F5F746FEAA2023
:10C2A000FFF78CFF31462046F5F73DFEAA20FFF749
:10C2B00085FF31462046F5F736FEAA20FFF77EFFC0
:10C2C00029464046F5F731FEAA20FFF777FF3146B1
:10C2D0002046F5F72AFEBDE8F0870000E947010097
:10C2E0005948D0ED004A64EEA44AB0EE640A5748BB
:10C2F000D0ED004A64EEA44AF0EE640A5448D0ED52
:10C30000004A64EEA44AB0EE641A5248D0ED004AE6
:10C310004D4890ED005A64EE854AF0EE641A4D489F
:10C32000D0ED004A494890ED005A64EE854AB0EEDF
:10C33000642A4848D0ED004A454890ED005A64EE22
:10C34000854AF0EE642A4048D0ED004A3F4890ED1F
:10C35000005A64EE854AB0EE643A3B48D0ED004A9C
:10C360003B4890ED005A64EE854AF0EE643A374857
:10C37000D0ED004A364890ED005A64EE854AB0EEA2
:10C38000644AF7EE004AB0EE005A45EE604AB0EE5D
:10C39000005A45EE414A3048C0ED004AF1EE624A8B
:10C3A00073EE244AB0EE005A64EE854AC0ED014AAD
:10C3B000F1EE424A73EEE44AB0EE005A64EE854A6A
:10C3C000C0ED024AF1EE624A73EE644AB0EE005AE2
:10C3D00064EE854AC0ED034AF7EE004AB0EE005A1B
:10C3E00045EE404AB0EE005A45EE414AC0ED044ADF
:10C3F000F1EE614A74EE244AB0EE005A64EE854ACA
:10C40000C0ED054AF1EE424A73EEA44AB0EE005A7E
:10C4100064EE854AC0ED064AF1EE614A74EE644A64
:10C42000B0EE005A64EE854AC0ED074AF7EE004AC6
:10C43000B0EE005A45EE404AB0EE005A45EE604A72
:10C44000C0ED084A704700001005002014050020C8
:10C45000180500200C050020948D002010B52DED4E
:10C46000028B0F20FDF7BCFFB0EE408AFDF786FD82
:10C47000034880ED000AFFF733FFBDEC028B10BDCF
:10C480001C0500200848007800F0020048B9074861
:10C4900001680068401E054A106011B1B2EE040A3E
:10C4A0007047B7EE000AFBE70001002024050020DA
:10C4B00010B52DED108B8AB0B0EE409AB0EE608AC8
:10C4C000F0EE418AB0EE61BAF0EE429AB0EE62AAA6
:10C4D000F0EE43CAF0EE63BAB0EE44CA0446F0EEA2
:10C4E00064AA29EE090A08EE080A08EEA80A8DEDEA
:10C4F000090A002C77D02CEEAC0A0BEEAB0A0CEE3E
:10C500000C0A8DED070AFFF7BDFFF7EE000A20EEDB
:10C51000200A8DED060A9DED070ADFEDEB0AB4EE69
:10C52000E00AF1EE10FA5FDD9DED070A00F0C8FBAE
:10C530008DED050A9DED050A2CEE800AF0EE40CA4D
:10C540009DED050A2BEE800AF0EE40BA9DED050A3E
:10C550002CEE000AB0EE40CADC4890ED000A20EE56
:10C560002C0AD0ED010A00EEAB0AD0ED020A00EE73
:10C570008C0A8DED040A90ED030A20EE2C0AD0ED12
:10C58000040A00EEAB0AD0ED050A00EE8C0A8DED30
:10C59000030ADDED040A20EEA01ADDED030A00EE29
:10C5A000A01AB0EE410AFAF727F98DED020A9DEDC7
:10C5B000030ADDED020A20EE600A8DED010AC34890
:10C5C000D0ED060A9DED010A20EE80DAD0ED070AD3
:10C5D0009DED010A60EE80DAD0ED080A9DED010ABA
:10C5E00020EE80EA06E01EE09FEDB9DADFEDB8DA72
:10C5F0009FEDB7EA9DED060AF0EE490A40EE0D0AFE
:10C60000B0EE609A9DED060AF0EE480A40EE2D0A63
:10C61000B0EE608A9DED060AF0EE680A40EE0E0A62
:10C62000F0EE608A00BFB5EEC0BAF1EE10FA09D1A3
:10C63000F5EEC09AF1EE10FA04D1B5EEC0AAF1EE13
:10C6400010FA7CD06BEE0B0A49EEA90A4AEE0A0AF0
:10C65000B0EE600A00F034FB8DED070A9DED070A8D
:10C660002BEE000AB0EE40BA9DED070A29EE800AD3
:10C67000F0EE409A9DED070A2AEE000AB0EE40AABD
:10C68000924890ED080A20EE290AD0ED070A0AEE3A
:10C69000600AB0EE40DA90ED060A20EE0A0AD0ED0C
:10C6A000080A0BEE600AF0EE40DA90ED070A20EE81
:10C6B0000B0AD0ED060A09EEE00AB0EE40EA9DED65
:10C6C000090ADFED840AB4EEE00AF1EE10FA35D281
:10C6D0009FED810A6DEE000A804890ED000A00EEA1
:10C6E000AA0A80ED000A9FED7C0A6DEE800A7C4864
:10C6F00090ED000A00EEAA0A80ED000A9FED760A8E
:10C700006EEE000A774890ED000A00EEAA0A80ED6E
:10C71000000A724890ED000A39EE000AB0EE409A25
:10C720006F4890ED000A38EE000AB0EE408A6D487E
:10C7300090ED000A38EE800AF0EE408A00E018E042
:10C74000DFED690AB0EE490A00EE8D0AB0EE409ABC
:10C75000DFED650AB0EE480A00EEAD0AB0EE408AA1
:10C76000DFED610AB0EE680A00EE8E0AF0EE408A54
:10C7700000BFB6EE000A2AEE800A20EE090AB0EEEB
:10C78000409AB6EE000A2AEE800A20EE080AB0EEC1
:10C79000408AB6EE000A2AEE800A20EE280AF0EE61
:10C7A000408A524890ED00FA5148D0ED00FA5148C5
:10C7B00090ED000A8DED080AB1EE6F0A60EE090AED
:10C7C0009DED080A40EE480A4B4890ED000A40EE05
:10C7D000680A464890ED000A30EE800A80ED000AB3
:10C7E0006FEE090A9DED080A40EE280A424890EDD6
:10C7F000000A40EE480A3E4890ED000A30EE800AFA
:10C8000080ED000A2FEE080A0FEEE80A3A48D0ED54
:10C81000000A00EE890A3748D0ED000A30EE200AFF
:10C8200080ED000A2FEE280A0FEE880ADDED080AD7
:10C8300000EEC90A3048D0ED000A30EE200A80ED43
:10C84000000A2A48D0ED000A60EEA00A284890EDC0
:10C85000001AD0ED001A41EE210A264890ED001A88
:10C86000D0ED001A41EE210A234890ED001AD0EDD8
:10C87000001A41EE210AB0EE600A00F021FAF0EE53
:10C8800040EA1A4890ED000A20EE2E0A80ED000AD8
:10C89000174890ED000A20EE2E0A80ED000A154898
:10C8A00090ED000A20EE2E0A80ED000A124890ED6D
:10C8B000000A20EE2E0A80ED000AFFF711FD0AB0F3
:10C8C000BDEC108B10BD00000AD7233C948D0020D6
:10C8D00000000000E68AF93D0AD7A33B28050020A6
:10C8E0002C050020300500209A99193F0C050020E6
:10C8F0001005002014050020180500202249D1ED64
:10C90000001A90ED002A61EE821A91ED012AD0ED15
:10C91000012A42EE221A91ED022AD0ED022A42EEBD
:10C92000221AB0EE610AD1ED031A90ED002A61EEF1
:10C93000821A91ED042AD0ED012A42EE221A91EDDD
:10C94000052AD0ED022A42EE221AF0EE610AD1ED5C
:10C95000061A90ED002A61EE821A91ED072AD0EDB9
:10C96000012A42EE221A91ED082AD0ED022A42EE67
:10C97000221AB0EE611A80ED000AF1EE601AC0EDE5
:10C98000011A80ED021A7047948D0020D0ED011A33
:10C99000F1EE611AC0ED011A2149D1ED001A90EDB6
:10C9A000002A61EE821A91ED032AD0ED012A42EEAF
:10C9B000221A91ED062AD0ED022A42EE221AB0EE9A
:10C9C000610AD1ED011A90ED002A61EE821A91ED13
:10C9D000042AD0ED012A42EE221A91ED072AD0ED69
:10C9E000022A42EE221AF0EE610AD1ED021A90ED0F
:10C9F000002A61EE821A91ED052AD0ED012A42EE5D
:10CA0000221A91ED082AD0ED022A42EE221AB0EE47
:10CA1000611A80ED000AC0ED010A80ED021A70472C
:10CA2000948D002070B52DED028B8AB004460D4622
:10CA3000B0EE408AFCF7BEFF0646D4E90412E06877
:10CA400007AB07C3D4E901022168CDE905020491CF
:10CA5000D4E90712A06901AB07C39DED070ADFED1A
:10CA6000230A20EE200A8DED070A9DED080ADFED6E
:10CA70001F0A20EE200A8DED080A9DED090ADFED60
:10CA80001B0A20EE200A8DED090ADDED034AB0EE07
:10CA9000644ADDED024AF0EE643ADDED014AB0EEA3
:10CAA000643ADDED064AF0EE642ADDED054AB0EEAB
:10CAB000642ADDED044AF0EE641ADDED094AB0EEB9
:10CAC000641ADDED084AF0EE640ADDED074AB0EEC7
:10CAD000640AF0EE484A3046FFF7EAFC284600F0C8
:10CAE00007F80AB0BDEC028B70BD000035FA8E3C31
:10CAF00010B50446304890ED081AF0EE410A90ED6A
:10CB0000071AB0EE410AFBF721F8DFED2C0A80EEA0
:10CB1000201A84ED011A2848D0ED060AF1EE600AC9
:10CB2000B0EE600AFAF7C0FCDFED250A30EEC00A6D
:10CB3000DFED220A80EE201A84ED021A1E4890EDE5
:10CB4000001AF0EE410A90ED031AB0EE410AFAF72E
:10CB5000FDFFDFED1A0A80EE201A84ED031A94ED32
:10CB6000030A184880ED000A94ED030AB5EEC00AE6
:10CB7000F1EE10FA07D294ED030ADFED130A30EE5E
:10CB8000200A84ED030A0C4890ED080A0F48D0ED06
:10CB9000000AB4EEE00AF1EE10FA06DD0C48006877
:10CBA00040F010000A49086005E00948006820F0DC
:10CBB00010000749086010BD948D002035FA8E3CA6
:10CBC000DB0FC93F20050020000034431C05002076
:10CBD000040100200EB5234800F084F818B10120AC
:10CBE000214908703DE000201F4908701D488E381B
:10CBF000B0F98E0000EE100AB8EEC00AF2EE040A98
:10CC000080EE201A9FED190A21EE000A8DED000A30
:10CC100014488E38B0F9900000EE100AB8EEC00A41
:10CC2000B2EE041AC0EE010A9FED100A20EE800A4F
:10CC30008DED010A0B488E38B0F9920000EE100A13
:10CC4000B8EEC00AB2EE041AC0EE010A9FED070A60
:10CC500020EE800A8DED020A05496846FCF7D8F9F6
:10CC600000BF0EBD5A060020DC01002035FA8E3CC4
:10CC7000680800200021104880F82010002018E0EB
:10CC80009FED0E0A0C49143101EB800181ED000A81
:10CC90009FED0A0A0849243101EB800181ED000A69
:10CCA0009FED060A0449303101EB800181ED000A55
:10CCB000401C0328E4DB7047B88D00200000000012
:10CCC00010B52DED028BB0EE408AB0EE480AF9F7B0
:10CCD00093FDB7EE001AC1EE000AB0EE600ABDEC9B
:10CCE000028B10BD0146088828B9488818B9888881
:10CCF00008B9012070470020FCE710B5FBF794FD50
:10CD000008B9012010BD00F0F9FF08B90120F9E7CA
:10CD1000FAF710FB08B90120F4E7FEF7EFFD08B9B8
:10CD20000120EFE70020EDE70348B0F852000128AA
:10CD300000D170470020FCE7040700200348B0F84A
:10CD40005000012800D170470020FCE77C01002042
:10CD50000448B0F85200B0F5C87F01D101207047F7
:10CD60000020FCE7040700200448B0F85000B0F5AC
:10CD70007A7F01D1012070470020FCE77C01002070
:10CD800010B502468C7ECB7E44EA03201378032B39
:10CD900005D10C7D4B7D44EA032340EA034010BDDE
:10CDA0001CB501210220F5F7ABFB4FF40070009099
:10CDB00001208DF8040000208DF8060002208DF877
:10CDC000050069460148F5F73AF81CBD0004024029
:10CDD00010B5014600201AE001EB41020D4B9A5CB0
:10CDE00000EB40030C4CE25401EB4102094B1A44A6
:10CDF000527800EB400323445A7001EB4102054B8B
:10CE00001A44927800EB400323449A70401C08288F
:10CE1000E2DB10BDE0290108A006002010B504F0F7
:10CE2000C5FF00F001F810BD10B50420FFF7D0FFDA
:10CE30000821024805F06CF810BD0000A006002093
:10CE400010B50020FFF7C4FF0821024805F060F884
:10CE500010BD0000A00600201CB503F040FE0748EE
:10CE6000022100234FF49672CDE9001004A1074877
:10CE700005F098FB04F0B8FE00BFFEE700000020BC
:10CE800053544152545F5441534B0000E504010890
:10CE9000F0B503461C460D46002000BF161EA2F149
:10CEA000010207D014F8017B15F801CBA7EB0C06A3
:10CEB000301EF3D0F0BD70B503460C4603E014F805
:10CEC000015B03F8015B151EA2F10102F7D170BDF1
:10CED00030B5034601E003F8011B141EA2F1010264
:10CEE000F9D130BD00B58BB001210420F5F708FB66
:10CEF00001210220F5F724FB2D48F6F7A3FB0222BF
:10CF000006212C48F4F7E3FF022209212948F4F70F
:10CF1000DEFF4FF41070099002208DF828008DF884
:10CF2000290000208DF82A0001208DF82B0009A986
:10CF30002048F4F784FF4CF6145007900320ADF816
:10CF400018000020ADF81A00ADF820008DF822007E
:10CF500006A91748F6F76AFD6020ADF80400012025
:10CF6000ADF8060000200390ADF810004FF480707B
:10CF7000ADF8140001A90E48F6F792FC01A90C487F
:10CF8000F6F7D6FC08210A48F6F7C8FC082108483D
:10CF9000F6F70AFD01210648F6F730FB01210448A7
:10CFA000F6F73BFB0120044908700BB000BD000000
:10CFB00000040040000802408104002070B50446CF
:10CFC0000D461948007868B334B1012C0DD0022CFD
:10CFD00014D0032C24D11AE0284601F0FAFF0646AB
:10CFE00031461248F6F7EDFC1BE0284601F0F1FF50
:10CFF000064631460D48F6F7E6FC12E0284601F0F9
:10D00000E8FF064631460948F6F7DFFC09E0284606
:10D0100001F0DFFF064631460448F6F7D8FC00E091
:10D0200000BF00BF70BD000081040020000400406C
:10D0300070B504460D46206BA84210D0204603F080
:10D0400025FD08B1012070BD607801232A4604F156
:10D050003401FDF709FD08B10120F4E72563002044
:10D06000F1E700001CB504461148007808B900201B
:10D070001CBD6A4606213B2000F0CEF89DF8010059
:10D080009DF8001040EA012000B220809DF80300C6
:10D090009DF8021040EA012000B260809DF8050072
:10D0A0009DF8041040EA012000B2A0800120DFE7D3
:10D0B000820400201CB504461148007808B90020FD
:10D0C0001CBD6A460621432000F0A6F89DF8010029
:10D0D0009DF8001040EA012000B220809DF8030076
:10D0E0009DF8021040EA012000B260809DF8050022
:10D0F0009DF8041040EA012000B2A0800120DFE783
:10D10000820400200EB54248007808B101200EBD0F
:10D1100003F084F8012003F0E3F8042001900120DB
:10D120008DF8080000208DF80A0002208DF8090013
:10D1300001208DF80B0001A93648F4F780FE80210C
:10D140006B2000F083F83220FDF778F90321682086
:10D1500000F07CF83220FDF771F980216B2000F09F
:10D1600075F83220FDF76AF90321682000F06EF8A7
:10D170003220FDF763F9002000906A4601217520F6
:10D1800000F04AF89DF8000068283AD101216B2090
:10D1900000F05CF80F20FDF751F910216A2000F033
:10D1A00055F80F20FDF74AF900216C2000F04EF8E9
:10D1B0000F20FDF743F90021192000F047F80F2058
:10D1C000FDF73CF918211B2000F040F80F20FDF777
:10D1D00035F910211C2000F039F80F20FDF72EF949
:10D1E0001021372000F032F80F20FDF727F9022137
:10D1F0001A2000F02BF80120FDF720F90120044946
:10D200000870022003F06CF8014800787FE7000006
:10D21000820400200008024070B504460D46164600
:10D2200004210948F4F77FFE44F0800003F0B8F8C9
:10D230002A460021304603F06DF804210248F4F735
:10D2400074FE012070BD00000008024070B5054664
:10D250000C4604210A48F4F766FE0120FDF7EEF8BB
:10D26000284603F09DF8204603F09AF8042104486C
:10D27000F4F75BFE0120FDF7E1F8012070BD00002E
:10D280000008024010B503F045FC1348008800F484
:10D290007E70B0B91048007800F0020000B110BDF7
:10D2A0000D48006840F002000B490860084600681D
:10D2B00040F00400086003F045FB0620FBF71CFB70
:10D2C000EDE70548007800F0020010B90120FBF7F7
:10D2D00047FB00BFE3E700000001002010B507484E
:10D2E000007800F0020040B10448006820F002001D
:10D2F000024908600520FBF7FFFA10BD000100207D
:10D3000010B54FF44070F5F753F810BD73B59AB0EF
:10D31000DDE91A01FEF74AF90446002C01DA1CB0D7
:10D3200070BD2CBBFFF714FD10B3002014E00022E9
:10D330008F490A54002100EB40028D4B4C3B43F8CF
:10D34000221000EB400203EB8202516000EB40022E
:10D3500003EB82029160401C0628E8DB0020844930
:10D360004C3988648348006820F0020081490860D5
:10D370007F48005D002866D104EB44007C494C39AD
:10D3800051F82000BDF96810084404EB4401784AC4
:10D390004C3A42F8210004EB4400114601EB8000B6
:10D3A0004068BDF96A10084404EB440102EB8101B6
:10D3B000486004EB4400114601EB80008068BDF931
:10D3C0006C10084404EB440102EB81018860FFF714
:10D3D000ABFCC0B301216648015504EB440064492D
:10D3E0004C3951F820004FF4C87190FBF1F004EB78
:10D3F00044015F4A4C3A42F8210004EB44001146D4
:10D4000001EB800040684FF4C87190FBF1F004EB31
:10D41000440102EB8101486004EB4400114601EB3A
:10D42000800080684FF4C87190FBF1F004EB440178
:10D4300002EB810188601046806C401C11468864B4
:10D440000220FBF78DFA4A484C38806C06287CD1C4
:10D4500006A802F0D5FB002509E005EB4500444A8B
:10D460004C3A02EB800106A802F06CFA6D1C062D06
:10D47000F3DB03A906A802F0E1FB00250DE003A8F9
:10D4800000EB8500D0ED000AB0EE600AF8F796FDDB
:10D4900001B2394820F815106D1C032DEFDB06A8EA
:10D4A00002F0AEFB002530E005EB450030494C3979
:10D4B00051F8200030497C39B1F97C10401A0090B5
:10D4C00005EB45002A494C3901EB800041682A48A8
:10D4D0007C38B0F97E00081A019005EB450024491C
:10D4E0004C3901EB8000816823487C38B0F980001A
:10D4F000081A02902E4605EBD67041104FF4805367
:10D500006A4606A802F021FB6D1C062DCCDB03A9A0
:10D5100006A802F0AFFB002512E003A800EB85008F
:10D52000D0ED000A9FED151A60EE810AB0EE600A98
:10D53000F8F744FD01B21048801D20F815106D1C4D
:10D54000032DEADB0B48006800E006E040F0020033
:10D550000849086001F02CFE00BF05484C38B0F8BF
:10D560005200401E02494C39A1F8520000BFD6E6D5
:10D5700050070020040100204806002000008045DC
:10D5800010B52DED028BF0EE408A1F4890ED000A99
:10D5900038EEC00AB0EE408A90ED000ADFED1B0ABB
:10D5A00008EE200A80ED000AB5EEC08AF1EE10FA0E
:10D5B00002D2B1EE480A01E0B0EE480A1248D0EDBE
:10D5C000000A9FED131A60EE810AB4EEE00AF1EE54
:10D5D00010FA12D2FEF7EAF80E490968401AFA2842
:10D5E0000FD9094890ED000A00F06AFC0A4880ED66
:10D5F000000A01200949087003E0FEF7D7F8054941
:10D600000860BDEC028B10BD540100209A99193EB0
:10D6100017B7513844010020500100204801002074
:10D6200013B52DED028B00245DE0FFF79DFB50B19B
:10D630000020324941F8240004EB8402143101EB4C
:10D640008200FCF741FF2D4850F8240002A931F96F
:10D6500014100844294941F8240002A931F9141092
:10D6600000EE901AF8EEE00AB0EE600A04EB8402D5
:10D670002249143101EB8200FCF72AFF00211F48E8
:10D680000C3020F81410FFF759FB58B304EB840258
:10D690001A49143101EB8200FCF752FFB0EE408AC8
:10D6A000B1EE000AB4EEC08AF1EE10FA04DCB5EE79
:10D6B000C08AF1EE10FA06D14FF47A70FEF728F91D
:10D6C000BDEC028B1CBD0D4850F8240000F5FA702B
:10D6D0004FF47A7190FBF1F001B208480C3020F859
:10D6E000141000BF641C032C9FDB0448B0F85000EA
:10D6F000401E0249A1F8500000BFE1E77C01002074
:10D7000070B52DED088B0446F0EE408AB0EE609ABD
:10D71000F0EE419AB0EE61AAF0EE42AAB0EE628A53
:10D720000D46B0EE43BA9FED230A84ED000A9FED4B
:10D73000210A84ED010A9FED1F0A84ED020A9FED84
:10D740001D0A84ED030A9FED1B0A84ED040AC4ED53
:10D75000058A84ED069AC4ED079A9FED160A84EDBA
:10D76000080A9FED140A84ED090A9FED120A84ED60
:10D770000A0A84ED0BAAC4ED0CAA84ED0D8A84F884
:10D78000385094F8380090B1B7EE000AC0EE080A9D
:10D79000BCEEE00A10EE100A86B2BCEECB0A10EE28
:10D7A000100A82B2314604F13C00FBF787FABDEC67
:10D7B000088B70BD000000009FED080A80ED010A93
:10D7C0009FED060A80ED020A9FED040A80ED030A30
:10D7D0009FED020A80ED040A70470000000000007F
:10D7E0009FED020A80ED030A704700000000000070
:10D7F00080ED030A7047000010B52DED028B044642
:10D80000B0EE408A9FED420AF0EE408A84ED018A34
:10D8100094ED030AD4ED010A94ED0D1A00EE810A8D
:10D8200084ED030A94ED0B0AB5EEC00AF1EE10FA8E
:10D8300011D0D4ED0B1AB0EE611AD4ED0B1AF1EE43
:10D84000611AF0EE610AD4ED031AB0EE610AFCF73A
:10D8500080FB84ED030A94ED010AD4ED020A30EE58
:10D86000600AD4ED0D0A80EE201A84ED041A94F8B3
:10D87000380048B1D4ED040AB0EE600A04F13C006F
:10D88000FBF75CF984ED040A94ED050AD4ED010A76
:10D8900020EE200A84ED080A94ED060AD4ED030A6E
:10D8A00020EE200A84ED090A94ED070AD4ED040A5B
:10D8B00020EE200A84ED0A0A94ED080AD4ED090A44
:10D8C00030EE200AD4ED0A0A30EE200AF0EE408A4B
:10D8D00094ED0C0AB5EEC00AF1EE10FA0FD094EDFB
:10D8E0000C0AB0EE401A94ED0C0AB1EE400AF0EECC
:10D8F000400AB0EE680AFCF72CFBF0EE408A94ED8B
:10D90000010A84ED020AB0EE680ABDEC028B10BD7C
:10D910000000000010B52DED088B0446B0EE408AE3
:10D92000F0EE608AF5EEC08AF1EE10FA03D89FEDB2
:10D930004F0AF0EE408A94ED000A60EE08AA94EDDA
:10D94000030AD4ED010A60EE880A00EEA80A84ED0D
:10D95000030AD4ED081AB0EE611AD4ED071AF0EEFE
:10D96000610AD4ED031AB0EE610AFBF7EFFD84ED16
:10D97000030A94ED040A38EE400A80EE28AA84EDEA
:10D98000048A94ED090AB5EEC00AF1EE10FA18DD2A
:10D9900094ED090AF7EE000AB4EEE00AF1EE10FA8F
:10D9A0000FD294ED0A0AD4ED090A94ED0A1A3AEE60
:10D9B000411A00EE810A84ED0A0A94ED0A0AB0EEDB
:10D9C00040AA94ED020A20EE0ABA94ED030A30EE62
:10D9D0002A0A30EE0B9A94ED060AB0EE401A94ED46
:10D9E000050AF0EE400AB0EE490AFBF7AFFDF0EE93
:10D9F000409AB4EE699AF1EE10FA32D039EE690A23
:10DA0000F0EE40BAB5EEC08AF1EE10FA04DDF5EEA4
:10DA1000C0BAF1EE10FA09DCB5EEC08AF1EE10FAE8
:10DA20001ED2F5EEC0BAF1EE10FA19D294ED030A47
:10DA3000D4ED010A60EE880A00EEE80A84ED030ADC
:10DA4000D4ED081AB0EE611AD4ED071AF0EE610AAF
:10DA5000D4ED031AB0EE610AFBF778FD84ED030AFA
:10DA600000BFB0EE690ABDEC088B10BD6F12833A9F
:10DA70000548008800EE100AF8EE400A9FED031AF0
:10DA800080EE810A70470000D60000200000C842E6
:10DA900010B5F9F745FD0320064908700120064935
:10DAA000087000200549088005490880054908805C
:10DAB00010BD0000EC000020C8000020CA000020BB
:10DAC000CC000020CE000020B4E0642003F044FF2E
:10DAD0009FED590A03F0BEF85848007803284CD14E
:10DAE00057480088642848DD0020544908709FED9D
:10DAF000520A03F0AFF853480088FAF7E3FE4FF4F8
:10DB0000D47190FBF1F0441C082C00D908244E4934
:10DB10000C7008460078352110FB01F04FF6FF71BC
:10DB200001EAC0004949088047480078AF2110FB4E
:10DB300001F04FF6FF7101EA400045490880424874
:10DB4000007800EB401000EB80004FF6FF7101EA17
:10DB50004000404908803B480088FAF7B3FEC4EB18
:10DB6000C4013A4A1288A2EB4101884201D3012044
:10DB700000E000203849087011E0304800780328A0
:10DB80000DD02F480088642809DC03202B49087039
:10DB900000202D4908702E4908802E49088027480A
:10DBA0000078032835D02548007820B101280DD011
:10DBB00002282CD120E0264800880A38204909880C
:10DBC000884202DB01201D49087021E021480088BD
:10DBD0000A381B490988884203DB0220174908706C
:10DBE00009E0174801881A4800880A30814202DD9E
:10DBF0000020124908700BE0114801881548008880
:10DC00000A30814202DD01200C49087000E000BFAB
:10DC100000BF0A480078012802D0022808D103E09A
:10DC20000920FAF769FE04E00820FAF765FE00E033
:10DC300000BF00BF49E70000CDCCCC3DEC00002088
:10DC4000D6000020D8000020C8000020CA00002014
:10DC5000CC000020CE000020D500002020EE812A3C
:10DC600022EE002AF0EE421A0D4901EB800191EDFF
:10DC7000002A32EE212A0A4901EB800181ED002AB7
:10DC800007490C3101EB800191ED002A01EE212AB8
:10DC900003490C3101EB800181ED002A704700003F
:10DCA000DC8D002020EE801A61EE001AB0EE002A12
:10DCB00081EE821A104901EB8001D1ED001A01EECC
:10DCC000801A0D490C3901EB8001D1ED001A31EEBB
:10DCD000211A09490C3901EB800181ED001A06492E
:10DCE00001EB800191ED001A00EE801A024901EB70
:10DCF000800181ED001A7047E88D0020014890F8FE
:10DD000020007047B88D0020002017E09FED100A1A
:10DD1000104901EB800181ED000A9FED0D0A0D49CC
:10DD2000103101EB800181ED000A9FED090A0949DC
:10DD30001C3101EB800181ED000A401C0328E5DB6A
:10DD40000448143890ED000A80ED0B0A704700007B
:10DD500000000000CC8D002010B504462B48007850
:10DD600000F0020028B394ED030ABCEEC00A10EEE6
:10DD7000100A2749088094ED030ABCEEC00A10EE91
:10DD8000100AC880088840F23A7240F24C41FCF711
:10DD9000D5F8A0F57A701E490880C88840F23A721A
:10DDA00040F24C41FCF7CAF8A0F57A701849C880D7
:10DDB00021E01648008800F40070C0B11549B1F99F
:10DDC00004004FF4FA625110FCF7B8F8A0F57A702D
:10DDD0000F4908800F49B1F904004FF4FA6251105D
:10DDE000FCF7ACF8A0F57A700949C88003E0002080
:10DDF00007490880C880064801880020FFF7DEF840
:10DE00000348C1880320FFF7D9F810BD00010020A6
:10DE10004E050020B400002010B5FFF763F810BDD8
:10DE200008B545E0FDF7C2FC04466846FCF7B4F8C7
:10DE3000012834D1FCF730F9B0B1BDF8000040F64C
:10DE40003401884210DA1B4800780C2806DABDF845
:10DE500000001949174A127821F812001548007875
:10DE6000401C144908701AE0002012490870012073
:10DE7000124908711048808840F2B631884205DBAB
:10DE80000D48808840F63401884203DD01200B49AB
:10DE9000487102E0002009494871084804600748B9
:10DEA0000068201AB0F57A7F02D900200349087172
:10DEB000B8E70000100100207C06002014010020BB
:10DEC00010B52DED028BB0EE408A9FED0B0AC8EE27
:10DED000000AF0EE608ADFED090AB0EE680AF8F792
:10DEE00091F8F7EE000A30EEC00ADFED050A20EEE9
:10DEF000200ABDEC028B10BD80E6C547B1DC423E76
:10DF0000D048874A08B5044600210846FFF756F86E
:10DF100000210120FFF752F800210220FFF74EF800
:10DF200000210320FFF74AF82E48006820F0020085
:10DF30002C4908604FF400712B48F3F7F6FF256871
:10DF40006668A768D4F80C80D4F81090D4F814A0B0
:10DF5000D4F818B0E069009024A0F7F70DFE294628
:10DF600028A0F7F709FE314629A0F7F705FE394644
:10DF70002AA0F7F701FE41462BA0F7F7FDFD494621
:10DF80002CA0F7F7F9FD51462DA0F7F7F5FD5946FE
:10DF90002EA0F7F7F1FD30A00099F7F7EDFD31481D
:10DFA000016831A0F7F7E8FD2E481038016831A06C
:10DFB000F7F7E2FD2B480C38016831A0F7F7DCFDDC
:10DFC00028480838016831A0F7F7D6FD2548001D1C
:10DFD000016831A0F7F7D0FD972132A002F0D6FCFE
:10DFE00000BFFEE700010020000402405B486172B0
:10DFF00064206661756C742068616E646C65725D26
:10E000000A0000005230203D2025780A0000000060
:10E010005231203D2025780A000000005232203D78
:10E020002025780A000000005233203D2025780A80
:10E0300000000000523132203D2025780A00000007
:10E040004C52203D2025780A000000005043203D1E
:10E050002025780A00000000505352203D202578EA
:10E060000A00000038ED00E042464152203D2025E4
:10E07000780A000043465352203D2025780A0000CC
:10E0800048465352203D2025780A0000444653520A
:10E09000203D2025780A000041465352203D20258E
:10E0A000780A00002E2E5C7372635C647269766578
:10E0B00072735C7372635C6E7669632E630000003A
:10E0C00010B5042019E04E4931F8101040F21452F6
:10E0D000914203DA00214B4A11540DE0484931F8CE
:10E0E000101040F2A462914203DD0221454A11540E
:10E0F00002E00121434A1154401C0C28E3DB414853
:10E100008079C0B94048007800F0010010B90120C2
:10E11000FCF702FD3C48007800F0080010B1082030
:10E12000FCF73EFC3848007800F0200030B3202097
:10E13000FCF736FC22E033488079012812D13248BE
:10E14000007800F0080020B90820FCF7E5FCFBF798
:10E1500021FC2D48007800F0200078B12020FCF749
:10E160001FFC0BE027488079022807D12648007859
:10E1700000F0200010B92020FCF7CEFC2148C07927
:10E1800040B92148007800F0040078B10420FCF781
:10E1900007FC0BE01B48C079022807D11A48007819
:10E1A00000F0040010B90420FCF7B6FC15484079D3
:10E1B00048B91548008800F4007088B14FF4007029
:10E1C000FCF7EEFB0CE00F484079022808D10E481E
:10E1D000008800F4007018B94FF40070FCF79CFC44
:10E1E0000848007950B107480079022806D107484D
:10E1F000007800F0020008B1FFF770F810BD0000D1
:10E200007C0600207006002008010020000100208C
:10E2100070B5FDF7CBFA044602F062FFFDF7C0FAD5
:10E22000054638480068854210D137480078FA28FA
:10E230000FDA36480068201A14280AD333480460DD
:10E2400031480078401C3049087002E000202E4917
:10E2500008702C4805602C480078142800D070BD48
:10E26000284800685F2801D1FFF738F82548006882
:10E270009F2804D12648007908B9FFF703F8214800
:10E280000068EB2808D14FF0FF310020F9F722FB9E
:10E290000A201D490870E2E71A480068E72807D1FC
:10E2A00001210020F9F716FB0A2017490870D6E76C
:10E2B00014480068EE2807D10021481EF9F70AFB30
:10E2C0000A2011490870CAE70E480068ED2807D1F6
:10E2D00000210120F9F7FEFA0A200B490870BEE779
:10E2E00008480068D62803D1012001F0E9FE06E0C5
:10E2F00004480068D52802D1002001F0E1FE00BFEB
:10E30000ADE70000FC000020F8000020F400002031
:10E31000700600202DE9F04105460E461C480768AE
:10E320001C480068001D03F00DFA50B91948006838
:10E3300090F82C100120884017490968814316483D
:10E340000160681C38B936B112480168091D1348CC
:10E3500003F06AFA1AE07C190E4800684460BC4277
:10E3600007D20C480168091D0D48006803F042FA05
:10E370000CE008480168091D0A48006803F03AFAF1
:10E3800009480068844201D207480460BDE8F08172
:10E39000A803002094030020AC030020E48B00209D
:10E3A0009C03002098030020C403002010B50446FD
:10E3B00003F046FA24480068401C234908602348BB
:10E3C000006840B9214804600846006801280DD162
:10E3D00000F0CEF90AE01E48006838B91B48006812
:10E3E000C06AE16A884201D8184804601948006888
:10E3F000401C1849086008460068606494F82C10B6
:10E400000120884014490968084313490860E16AFB
:10E4100001EB8101114A02EB8100211D03F004FA96
:10E4200003F020FA0A48006868B108480068C06A2A
:10E43000E16A884207D24FF0805009490860BFF373
:10E440004F8FBFF36F8F10BDA403002094030020F3
:10E45000B0030020C0030020AC0300201C8B002070
:10E4600004ED00E010B503F0EBF910480068D0B9F6
:10E470000F4803F0AFF90F4803F0ACF90C480E4910
:10E4800008600C480D49086000220C21C82003F0E8
:10E49000DEFD064908600846006820B108A103486F
:10E4A000006803F01DFA03F0DDF910BDD803002069
:10E4B000F88B00200C8C0020D0030020D403002017
:10E4C000546D72510000000070B523E003F0C4FBEE
:10E4D0001348006808B9012000E00020054604F058
:10E4E000B7F9BDB903F0ACF90D48C068C468201D88
:10E4F00003F028F90B480068401E0A4908600A48E2
:10E500000068401E0849086003F0ACF9204600F09E
:10E5100060F800BF044800680028D7D170BD000033
:10E52000D08B0020A4030020A003002070B5044677
:10E530000D46206C70B1216CE0680844E0606168B1
:10E54000E068884201D32068E0602846226CE168D8
:10E55000F1F700FF70BD2DE9F04104460F46154666
:10E560004FF00008A66B206C40B9206860BB606863
:10E5700004F0ECF880460020606025E07DB9394663
:10E58000226CA068F1F7E6FE216CA0680844A06048
:10E59000D4E90110884217D32068A06014E03946FE
:10E5A000226CE068F1F7D6FE216CE068401AE0606A
:10E5B0002168E068884203D2216C6068401AE060FC
:10E5C000022D01D106B1761E701CA0634046BDE845
:10E5D000F08110B50446206B03F054F9204603F097
:10E5E00051F910BD0146084A126812680AB90122A1
:10E5F00000E000220A600A6822B9034A1268D26861
:10E60000106800E000207047D003002030B54FF4C0
:10E61000F043174800F007042CB1C01D20F007009C
:10E62000134C041B1B1B0246124C22600024114D8C
:10E630006C60D018083820F007000F4C20600024D0
:10E640000D4D2D686C600C4D2D682C601146441AE0
:10E650004C60094C24680C60084D4C682C60084DD7
:10E660004C682C604FF00044064D2C6030BD00001B
:10E67000CA120020780300208003002088030020B5
:10E68000840300208C03002000BFFFF71DFF03F070
:10E690006DF8FAE710B504464CB1002060602060C8
:10E6A000E06000231A461946204603F0DBFD10BD4A
:10E6B0002DE9F04106460D4617469846069C0DB9D1
:10E6C000246000E02760E66325640121204603F012
:10E6D00089FD84F850800020A064BDE8F0812DE918
:10E6E000F05F81460F4690469A460A9E0C9C4FEA80
:10E6F0008801A522206BF1F74DFEA8F10100216BE6
:10E7000001EB800B2BF0070B002507E0795D04F18E
:10E7100034004155785D00B902E06D1C102DF5D331
:10E7200000BF002143200155062E00D30526E662D6
:10E73000E66400202065201D03F059F804F118005C
:10E7400003F055F82461C6F10600A0616462002060
:10E750006065A06584F85C0052464946584600F062
:10E76000FFFB20600B9808B10B980460BDE8F09F98
:10E7700010B5002407E004EB84010F4A02EB81008E
:10E7800003F028F8641C062CF5D30C4803F022F89B
:10E790000B4803F01FF80B4803F01CF80A4803F07D
:10E7A00019F80A4803F016F80448094908600448B3
:10E7B0000849086010BD00001C8B0020948B0020CD
:10E7C000A88B0020BC8B0020D08B0020E48B002085
:10E7D000980300209C03002010B50146164800E075
:10E7E000006803688B42FBD30246436813448B42A4
:10E7F00004D143684C682344436001460A464B6891
:10E8000013440468A34211D10C4C03682468A3424A
:10E8100008D04B680468646823444B6003681B6835
:10E820000B6005E0054B1B680B6001E003680B60A3
:10E83000884200D0016010BD7803002080030020D2
:10E840002DE9F04104460D4616461F464FF00008DC
:10E8500065602461B5420CD8F01BA169884202D3DF
:10E860004FF0010811E0211D0948006802F0C2FFC5
:10E870000BE0BE4204D2BD4202D34FF0010804E0D7
:10E88000211D0448006802F0B5FF4046BDE8F08154
:10E89000D4030020D003002070B5054602F0D0FF5D
:10E8A000A86B08B9012400E0002402F0DBFF204639
:10E8B00070BD70B5054602F0C3FFA86BE96B8842D6
:10E8C00001D1012400E0002402F0CCFF204670BDFD
:10E8D0002DE9F3410D460098846C0027A06BE16B95
:10E8E00088421BD294F945602A4669462046FFF7C4
:10E8F00032FE0746701C60B9606A08B9012000E06A
:10E90000002050B904F1240003F062FF28B1012770
:10E9100003E0701C40B284F8450000BF3846BDE8F3
:10E92000FC810000F8B505460E4610480068C06836
:10E93000C468201D02F006FFE069012811D1A0691A
:10E9400041192B4632462046FFF77AFF48B1002096
:10E9500003462A4601460090204604F00BF807467D
:10E9600000BF2046616A8847F8BD0000D003002040
:10E9700070B586B04DE0039800284ADB059C6069BD
:10E9800008B9012000E0002010B9201D02F0DAFED5
:10E9900002A800F09FF8054603980A2837D2DFE85E
:10E9A00000F00905072527320608262800BF00BF0A
:10E9B00000BF00BF0498A269811803462A4620467A
:10E9C000FFF73EFF88B12046616A8847E069012869
:10E9D0000BD1002000900498A16942180023194629
:10E9E000204603F0C7FF064600BF11E000BF0FE05E
:10E9F00000BF0498A061A06941192B462A46204611
:10EA0000FFF71EFF04E0204602F03CFF00E000BFDD
:10EA100000BF00231A4603A90348006803F034FB33
:10EA20000028A8D106B070BDD8030020F8B505466F
:10EA30000C4603F011F9684600F04CF806460098C1
:10EA400020BB44B9B54206D803F002FF3146284640
:10EA5000FFF768FF1CE03CB10E480068006808B989
:10EA6000012000E000200446A91B22460A48006855
:10EA700002F04CFF03F0ECFE50B94FF08050074914
:10EA80000860BFF34F8FBFF36F8F01E003F0E0FE2C
:10EA9000F8BD0000D4030020D803002004ED00E0FE
:10EAA0000A490968096809B9012100E0002121B17A
:10EAB0004FF0FF31064A116006E004490968C96851
:10EAC000C868034A4168116070470000980300203D
:10EAD000C403002070B5044603F0A4FD05460748B2
:10EAE0000068854204D200F00BF80120206001E0AC
:10EAF0000020206001480560284670BDE00300202A
:10EB00002DE9F84326E01D480068C06805681B48E9
:10EB10000068C068C468201D02F014FE2046616AC7
:10EB20008847E069012815D1A0694619AE4207D986
:10EB300066602461211D1148006802F05BFE09E057
:10EB4000002003462A4601460090204603F012FFAB
:10EB5000804600BF09480068006808B9012000E04D
:10EB600000200028CFD00548076805480068034901
:10EB7000086003480760BDE8F8830000D003002068
:10EB8000D403002000BF502080F31188BFF34F8FC3
:10EB9000BFF36F8F00BF00BFFEE708B500BF684638
:10EBA000FFF720FD044620460099FFF73FFFFFF7DF
:10EBB000DFFEF4E770B5044602F042FE94F94550DA
:10EBC0001AE0A06C38B100212046FFF781FE88B121
:10EBD00002F07CFF0EE0606A08B9012000E000202E
:10EBE00038B904F1240003F0F3FD18B102F06EFF10
:10EBF00000E003E0681E45B2002DE2DC00BFFF200C
:10EC000084F8450002F02EFE02F01AFE94F94450FA
:10EC100010E0206908B9012000E0002048B904F1A3
:10EC2000100003F0D5FD08B102F050FF681E45B298
:10EC300000E001E0002DECDC00BFFF2084F8440080
:10EC400002F010FE70BD0000B0EE401A90ED010A17
:10EC5000B5EEC00AF1EE10FA0DD100EE101AB8EEC2
:10EC6000400ADFED0F1A20EE210AF7EE001A81EEBE
:10EC7000802A80ED012AC0ED020A90ED010A30EEF3
:10EC8000200AC0EE801A90ED000A31EE402A90ED85
:10EC9000000A01EE820A80ED000A90ED000A70473A
:10ECA000DB0FC94010B504461C4890ED020A84ED04
:10ECB0000D0A90ED030A84ED0E0A90ED040A84ED2E
:10ECC0000F0AFCF773FD16490968401A0A2824D375
:10ECD000124890ED090A84ED050A90ED0A0A84EDC8
:10ECE000060A90ED0B0A84ED070A90ED0C0A84EDFC
:10ECF000090A90ED0D0A84ED0A0AD0ED0E0AB0EE75
:10ED0000600A9FED081ADFED080AFBF722F984ED8F
:10ED10000B0AFCF74BFD0249086010BDB88D0020BE
:10ED20004805002000001643000016C32DE9F047F7
:10ED300005460E461746022E02D3A869B04202D8F5
:10ED40004FF002088AE02878012804D0022841D038
:10ED500003287DD154E0B14609EB5909686A00EBFC
:10ED600059212846FEF764F98046B8F1000F00D01B
:10ED700071E0C9F3080105F134000C1806F0010038
:10ED800020B1F9B2207861F31F1000E038462070FE
:10ED900009F1010901202871686A00EB5921284610
:10EDA000FEF746F98046B8F1000F00D053E0C9F3F2
:10EDB000080105F134000C1806F0010010B1C7F38A
:10EDC000071005E0207800F0F000C7F303210843A6
:10EDD000207040E0686A00EB16212846FEF728F90B
:10EDE0008046B8F1000F00D035E040F2FF1000EA95
:10EDF000460105F134000C182770380A60702AE0CB
:10EE0000686A00EBD6112846FEF712F98046B8F181
:10EE1000000F00D01FE040F2FF1000EA860105F16C
:10EE200034000C18E0780006A17840EA01406178CF
:10EE300040EA01202178084300F070400743277022
:10EE4000380A6070380CA070380EE07003E0FFE7FD
:10EE50004FF0020800BF00BF012028714046BDE806
:10EE6000F08700002DE9F04105464FF0000802F060
:10EE7000F3FE2E48006808B9FFF7C8FB2C4800686D
:10EE80002840002847D145B1083505F0070020B1DA
:10EE900005F00700C0F108000544002D3BD02548CF
:10EEA0000068854237D8244E3046046801E0264683
:10EEB00024686068A84202D220680028F7D11B4865
:10EEC0000068844227D0306800F10808206830606C
:10EED0006068401B102807D967196068401B78607C
:10EEE00065603846FFF778FC124960680968081ABF
:10EEF000104908600846006810490968884203D232
:10EF00000C4800680D4908600949606809680843B1
:10EF100060600020206003F09BFCB8F1000F01D17D
:10EF200002F034FC4046BDE8F08100008003002080
:10EF30008C03002084030020780300208803002035
:10EF40000648006830B10549096801F15000096DB3
:10EF5000491C0160014800687047000094030020CC
:10EF6000001F4FF080730360001F21F00103036056
:10EF7000001F054B036014380260001F6FF002038E
:10EF8000036020387047000085EB00080EB501468D
:10EF900091E80D008DE80D00DDE90002904204DDEE
:10EFA0000098019A0092019000BFDDE901029042B1
:10EFB00004DD0198029A0192029000BFDDE900028F
:10EFC000904204DD0098019A0092019000BF0198E0
:10EFD0000EBD014645F2082048434FF47A72B0FB5B
:10EFE000F2F045F20822104480B2704710B52DEDC2
:10EFF000028B0446B0EE408A4FF4FA72514220462A
:10F00000FAF79CFF04B2B0EE482AF1EE481A9FEDE1
:10F01000061ADFED060A00EE104AB8EEC00A00F04C
:10F02000EBF8BDEC028B10BD0000FA430000FAC300
:10F0300010B52DED028B0446B0EE408AB0EE482AA2
:10F04000F1EE481A9FED061ADFED060A00EE104AAF
:10F05000B8EEC00A00F0D0F8BDEC028B10BD000085
:10F060000000FA430000FAC32DE9F04104460E46C1
:10F07000022E02D3A069B04201D8022725E0002762
:10F080001FE031462046FCF79FFB054605B91BE013
:10F09000012D01D1022717E0681C08B9012713E0F0
:10F0A000002231462046FFF741FE074607B10BE03C
:10F0B0002069401C20B12069401C20610120607142
:10F0C0002E46A069B042DCD800BF3846BDE8F081CA
:10F0D00010B5982203490448F1F73CF900F068F8AC
:10F0E00010BD000008000020CC05002000224321B4
:10F0F0000A5444210A5445210A54002180F8401042
:10F1000041210A5442210A54704710B5FAF76AFFA8
:10F1100010BD000008B50025FCF748FB009040E05A
:10F120000121684602F032FC1420B5FBF0F100FB2F
:10F130001150002834D1FCF739FB044619480079F6
:10F14000012803D1FFF764F8FEF7BAFF16480078EC
:10F1500000F0020008B31348007918B11148407953
:10F1600001280FD111484078D0B910488068A042DA
:10F1700002D2FEF7B3F813E001200C494870FAF709
:10F1800069FA0DE0F9F7B6FF0646012E04D141F207
:10F19000883020440549886002E0002003498860E7
:10F1A0006D1CBDE714010020000100209406002022
:10F1B00010B50D48007800F0020098B90120F9F769
:10F1C000CFFB00231A4619460848006803F04AF8A6
:10F1D000FCF7ECFA064908600648006840F0200099
:10F1E0000449086010BD000000010020A8000020B4
:10F1F000AC00002004010020F0EE402A32EE610A4B
:10F2000032EEE04A20EE040AB0EE403A31EE600AF7
:10F21000F0EE403A83EE230A30EE210A704730B513
:10F2200089B004460D46EF208DF8040002208DF8C9
:10F2300005008DF806408DF8075001A8F9F7EAF9A6
:10F2400009B030BD1FB588B0002406208DF800003D
:10F250009DF821202146641C0DF1020042549DF8C6
:10F2600020202146641C42549DF825202146641C20
:10F2700042549DF824202146641C42549DF82920C4
:10F280002146641C42549DF828202146641C4254A7
:10F290009DF82D202146641C42549DF82C202046C8
:10F2A000611CCCB20DF102010A549DF839202046B0
:10F2B000611CCCB20DF102010A549DF838202046A1
:10F2C000611CCCB20DF102010A549DF83D2020468C
:10F2D000611CCCB20DF102010A549DF83C2020467D
:10F2E000611CCCB20DF102010A549DF84120204668
:10F2F000611CCCB20DF102010A549DF84020204659
:10F30000611CCCB20DF102010A549DF84520204643
:10F31000611CCCB20DF102010A549DF84420204634
:10F32000611CCCB20DF102010A548DF8014068460F
:10F33000F9F770F90CB010BD30B52DED0A8B89B01E
:10F340000546B0EE408AF0EE608AB0EE419AF0EEEB
:10F35000619AB0EE42AAF0EE62AAB0EE43BAF0EEC5
:10F3600063BAB0EE44CA002405F10F00C0B28DF8B4
:10F370000400BDEEC80A10EE100A00B200909DF81D
:10F3800001202146641C0DF1060042549DF8002026
:10F390002146641C4254BDEEE80A10EE100A00B289
:10F3A00000909DF801202146641C0DF10600425496
:10F3B0009DF800202146641C4254BDEEC90A10EE9F
:10F3C000100A00B200909DF801202146641C0DF146
:10F3D000060042549DF800202146641C4254BDEEB4
:10F3E000E90A10EE100A00B200909DF801202146B3
:10F3F000641C0DF1060042549DF800202046611C5B
:10F40000CCB20DF106010A54BDEECA0A10EE100A84
:10F4100000B200909DF801202046611CCCB20DF195
:10F4200006010A549DF800202046611CCCB20DF163
:10F4300006010A54BDEEEA0A10EE100A00B200906E
:10F440009DF801202046611CCCB20DF106010A5442
:10F450009DF800202046611CCCB20DF106010A5433
:10F46000BDEECB0A10EE100A00B200909DF801200C
:10F470002046611CCCB20DF106010A549DF8002013
:10F480002046611CCCB20DF106010A54BDEEEB0A18
:10F4900010EE100A00B200909DF801202046611C79
:10F4A000CCB20DF106010A549DF800202046611CE3
:10F4B000CCB20DF106010A54BDEECC0A10EE100AD2
:10F4C00000B200909DF801202046611CCCB20DF1E5
:10F4D00006010A549DF800202046611CCCB20DF1B3
:10F4E00006010A548DF8054001A8F9F793F809B010
:10F4F000BDEC0A8B30BD13B588B0002405208DF813
:10F5000000009DF821202146641C0DF102004254A8
:10F510009DF820202146641C42549DF82520214658
:10F52000641C42549DF824202146641C42548DF8EA
:10F5300001406846F9F76EF80AB010BD1FB588B0F3
:10F54000002403208DF800009DF821202146641C32
:10F550000DF1020042549DF820202146641C4254C3
:10F560009DF825202146641C42549DF82420214604
:10F57000641C42549DF829202146641C42549DF885
:10F5800028202146641C42549DF82D202146641CED
:10F5900042549DF82C202046611CCCB20DF1020192
:10F5A0000A549DF839202046611CCCB20DF10201AD
:10F5B0000A549DF838202046611CCCB20DF102019E
:10F5C0000A549DF83D202046611CCCB20DF1020189
:10F5D0000A549DF83C202046611CCCB20DF102017A
:10F5E0000A549DF841202046611CCCB20DF1020165
:10F5F0000A549DF840202046611CCCB20DF1020156
:10F600000A549DF845202046611CCCB20DF1020140
:10F610000A549DF844202046611CCCB20DF1020131
:10F620000A549DF849202046611CCCB20DF102011C
:10F630000A549DF848202046611CCCB20DF102010D
:10F640000A549DF84D202046611CCCB20DF10201F8
:10F650000A549DF84C202046611CCCB20DF10201E9
:10F660000A548DF801406846F8F7D4FF0CB010BD7D
:10F670002DE9F04F89B005460E4617469846DDE95C
:10F6800013ABDDF84890002402208DF804000095AB
:10F690009DF801202146641C0DF1060042549DF89E
:10F6A00000202146641C425400969DF8012021460A
:10F6B000641C42549DF800202146641C425400976B
:10F6C0009DF801202146641C42549DF800202146EB
:10F6D000641C4254CDF800809DF801202146641C32
:10F6E00042549DF800202046611CCCB20DF1060169
:10F6F0000A54CDF800909DF801202046611CCCB240
:10F700000DF106010A549DF800202046611CCCB280
:10F710000DF106010A54CDF800A09DF80120204605
:10F72000611CCCB20DF106010A549DF80020204660
:10F73000611CCCB20DF106010A54CDF800B09DF861
:10F7400001202046611CCCB20DF106010A549DF83F
:10F7500000202046611CCCB20DF106010A54159818
:10F7600000909DF801202046611CCCB20DF10601ED
:10F770000A549DF800202046611CCCB20DF1060110
:10F780000A54169800909DF801202046611CCCB2C6
:10F790000DF106010A549DF800202046611CCCB2F0
:10F7A0000DF106010A54002000909DF8012020462A
:10F7B000611CCCB20DF106010A549DF800202046D0
:10F7C000611CCCB20DF106010A548DF8054001A868
:10F7D000F8F720FF09B0BDE8F08F13B588B000241A
:10F7E00007208DF800009DF823202146641C0DF1B0
:10F7F000020042549DF822202146641C42549DF888
:10F8000021202146641C42549DF820202146641C7E
:10F8100042549DF825202146641C42549DF8242022
:10F820002146641C42548DF801406846F8F7F2FE08
:10F830000AB010BDF0B52DED048B8BB0B0EE408A50
:10F84000F0EE608AB0EE419A05460E461746002457
:10F85000019501208DF80C009FED390A28EE000A71
:10F86000BDEEC00A10EE100A00B202909DF8092009
:10F870002146641C0DF10E0042549DF808202146DB
:10F88000641C42549FED2E0A28EE800ABDEEC00A89
:10F8900010EE100A00B202909DF809202146641C67
:10F8A0000DF10E0042549DF808202146641C42547C
:10F8B0009FED230A29EE000ABDEEC00A10EE100AE1
:10F8C00000B202909DF809202146641C0DF10E0043
:10F8D00042549DF808202146641C42549DF807209C
:10F8E0002146641C42549DF806202146601CC4B287
:10F8F0000DF10E0042549DF805202046611CCCB24B
:10F900000DF10E010A549DF804202046611CCCB272
:10F910000DF10E010A542046611CCCB20DF10E010E
:10F920000E542046611CCCB20DF10E010F548DF81F
:10F930000D4003A8F8F76EFE0BB0BDEC048BF0BDD4
:10F940000000C842D0ED040A91ED001AF8EEC11A89
:10F9500091ED001AB8EEC11A41EE810AC0ED040A19
:10F96000D0ED050A91ED001AF8EEC11A91ED011AD9
:10F97000B8EEC11A41EE810AC0ED050AD0ED060AC3
:10F9800091ED001AF8EEC11A91ED021AB8EEC11A03
:10F9900041EE810AC0ED060A90ED071AD1ED000A8A
:10F9A000F8EEE00A71EE200AC0ED070AD0ED080A71
:10F9B00091ED011AF8EEC11A91ED001AB8EEC11AD4
:10F9C00041EE810AC0ED080AD0ED090A91ED011A55
:10F9D000F8EEC11A91ED011AB8EEC11A41EE810A92
:10F9E000C0ED090AD0ED0A0A91ED011AF8EEC11A2C
:10F9F00091ED021AB8EEC11A41EE810AC0ED0A0A71
:10FA000090ED0B1AD1ED010AF8EEE00A71EE200A32
:10FA1000C0ED0B0AD0ED0C0A91ED021AF8EEC11AF6
:10FA200091ED001AB8EEC11A41EE810AC0ED0C0A40
:10FA3000D0ED0D0A91ED021AF8EEC11A91ED011AFE
:10FA4000B8EEC11A41EE810AC0ED0D0AD0ED0E0AE2
:10FA500091ED021AF8EEC11A91ED021AB8EEC11A30
:10FA600041EE810AC0ED0E0A90ED0F1AD1ED020AA7
:10FA7000F8EEE00A71EE200AC0ED0F0A90ED101AC0
:10FA8000D1ED000AF8EEE00A71EE200AC0ED100A8E
:10FA900090ED111AD1ED010AF8EEE00A71EE200A9C
:10FAA000C0ED110A90ED121AD1ED020AF8EEE00A4B
:10FAB00071EE200AC0ED120AD0ED130AB7EE001A5B
:10FAC00070EE810AC0ED130AD1ED000AF8EEE00AEB
:10FAD00060EEA00A91ED011AF8EEC11A91ED011A3B
:10FAE000B8EEC11A41EE810A91ED021AF8EEC11A80
:10FAF00091ED021AB8EEC11A41EE810AB0EE600A29
:10FB0000D0ED000A91ED001AB8EEC11A41EE000ADC
:10FB1000C0ED000AD0ED010A91ED011AB8EEC11A4C
:10FB200041EE000AC0ED010AD0ED020A91ED021A81
:10FB3000B8EEC11A41EE000AC0ED020AD0ED030A88
:10FB400070EE800AC0ED030A704730B514460022FB
:10FB50002EE054F8225000EE905AB8EEE01A00EE73
:10FB6000903AF8EEE00AC1EE201AB0EE610A00F118
:10FB7000100505EB011505EB8205D5ED000A40EEF9
:10FB8000000A00F1100505EB011505EB8205C5ED36
:10FB9000000A00F1400505EB8205D5ED000A40EEB4
:10FBA000000A00F1400505EB8205C5ED000A521C74
:10FBB000032ACEDB00F1100202EB011292ED030AE0
:10FBC000F7EE000A30EE200A00F1100202EB0112FB
:10FBD00082ED030A00EB810292ED000AF7EE000AC3
:10FBE00030EE200A00EB810282ED000A90ED030A5C
:10FBF000F7EE000A30EE200A80ED030A30BD000067
:10FC00000246002015E000210AE09FED0B0A02F1F8
:10FC1000100303EB001303EB810383ED000A491C7F
:10FC20000429F2DB9FED040A02EB800181ED000A5A
:10FC3000401C0428E7DB7047000000007FB5044645
:10FC40000D462246694604F1100000F093F80020AA
:10FC50000DE0694601EB800191ED000AF0EE000A2B
:10FC600080EE201A05EB800181ED001A401C03286C
:10FC7000EFDB7FBD7FB505460E462A46694605F196
:10FC8000100000F077F800240DE0684600EB8400D7
:10FC9000D0ED000AB0EE600AF6F7AEFD06EB840088
:10FCA00080ED000A641C032CEFDB7FBD30B50346FA
:10FCB0001446032031E004EB800595ED000A01EBCA
:10FCC000800585ED000A421C14E003EB001505EBEE
:10FCD0008205D5ED000A01EB820595ED001A01EBD6
:10FCE000800595ED000A00EEC10A01EB800585ED67
:10FCF000000A521C042AE8DB03EB001505EB800523
:10FD000095ED000A01EB8005D5ED000A80EE801A22
:10FD100001EB800585ED001A401E0028CBDA30BDCE
:10FD200030B503461446002021E004EB800595ED34
:10FD3000000A01EB800585ED000A002214E003EBC8
:10FD4000001505EB8205D5ED000A01EB820595ED66
:10FD5000001A01EB800595ED000A00EEC10A01EBE7
:10FD6000800585ED000A521C8242E8DB401C042815
:10FD7000DBDB30BD2DE9FF4105460E461746284620
:10FD800000F01AF8002407E09FED0A0A684600EB2D
:10FD9000840080ED000A641C042CF5DB3A466946B9
:10FDA0002846FFF7BDFF6A4631462846FFF77EFF2B
:10FDB000BDE8FF810000000030B5014604240020AA
:10FDC0005CE002461FE000231AE001EB001505EBA2
:10FDD000820595ED000A01EB001505EB8305D5EDD5
:10FDE000000A01EB031505EB820595ED001A00EE04
:10FDF000C10A01EB001505EB820585ED000A5B1CCD
:10FE00008342E2DB521C042ADDDB421C33E0002388
:10FE10001AE001EB021505EB800595ED000A01EBF8
:10FE2000021505EB8305D5ED000A01EB031505EB83
:10FE3000800595ED001A00EEC10A01EB021505EBF5
:10FE4000800585ED000A5B1C8342E2DB01EB0215B5
:10FE500005EB800595ED000A01EB001505EB80052B
:10FE6000D5ED000A80EE201A01EB021505EB8005A6
:10FE700085ED001A521CA242C9DB401C0428A0DBFD
:10FE800030BD70B504460D4604F10C0000F084F856
:10FE9000204600F061F804F1180000F08DF804F13C
:10FEA000240000F069F870BD10B51F48007800B15B
:10FEB00010BDFCF78FFE9FED1D0AFBF7F9FC1C49F6
:10FEC00008709FED1A0AF7F7E3F919490978084015
:10FED00017490870F8F7A3FC16490870F9F760FD98
:10FEE0001549087000220C21012002F0B0F81349D6
:10FEF000086000220C21012002F0A9F810490860D6
:10FF000000220C21012002F0A2F80E490860002214
:10FF10001021012002F09BF80B49086001200249E2
:10FF2000087000BFC4E70000580500200000FA4335
:10FF3000590500205B0500205A0500205C050020C3
:10FF40006005002064050020680500200148007855
:10FF5000704700005A05002010B5044600231A46D9
:10FF600021460448006802F08FF8012800D110BD36
:10FF70000020FCE75C05002010B5044600231A466B
:10FF800021460448006802F07FF8012800D110BD26
:10FF90000020FCE76805002010B5044600231A463F
:10FFA00021460448006802F06FF8012800D110BD16
:10FFB0000020FCE76005002010B5044600231A4627
:10FFC00021460448006802F05FF8012800D110BD06
:10FFD0000020FCE76405002008B50024FBF7E6FBE1
:10FFE0000090FFF761FF5AE00121684601F0CEFC66
:10FFF0002B48007828B104F0010010B92948FBF71C
:020000040801F1
:100000008DFC2748007830B104F0010018B925486C
:100010000C38F7F79FF92448007848B16420B4FB06
:10002000F0F100FB114018B91E480C30F9F7EEFC56
:100030001E48007848B11420B4FBF0F100FB1140D9
:1000400018B918481830F8F7F5FB01F005FE02233F
:10005000002214490C391648006802F003F9022303
:10006000002210491348006802F0FCF80E4800789E
:1000700038B1022300220B490C310F48006802F00E
:10008000F1F80A48007838B10223002205491831F6
:100090000A48006802F0E6F802F0DAFB641CA3E705
:1000A00059050020088E00205A0500205B0500201D
:1000B0005C05002060050020640500206805002024
:1000C00010B5044604480470007810B1FCF7B8FE7F
:1000D00001E0FCF7A9FE10BDF003002070B5044656
:1000E0000D46F9F707F8064646B940F2DC500B49D1
:1000F00008809FED0B0A00F031FC07E0094880887A
:10010000064908809FED080A00F028FCFDF7FCFD79
:1001100094ED070A85ED0B0A70BD0000B0000020C9
:100120000000C8C3B400002000000000F0EE400A48
:10013000BDEEE00A10EE100A10F1200F01DB2028BE
:1001400002DD9FED2C0A704705E09FED2B0A30EE93
:10015000C00AF0EE400A9FED290AF4EEC00AF1EE63
:1001600010FAF2DC05E09FED240A30EE800AF0EE92
:10017000400A9FED230AF4EEC00AF1EE10FAF2D322
:100180009FED200AF4EEC00AF1EE10FA0ADD9FEDB1
:100190001D0A30EEC00ADFED1B1A31EEC00AF0EE88
:1001A000400A10E09FED180AF4EEC00AF1EE10FAD2
:1001B00009D29FED140A30EE800ADFED131A31EEFA
:1001C000C00AF0EE400A20EEA01A20EE812A9FED30
:1001D0000F0ADFED0F1A41EE001A9FED0E0A01EE35
:1001E000210ADFED0D1A41EE001AB0EE600A02EEB0
:1001F000210AA8E700000000DB0FC940DB0F4940DF
:10020000DB0F49C0DB0FC93FDB0FC9BF9A7C2E361D
:10021000FAAF4FB93587083CA4AA2ABE00B587B00B
:100220002C48007808B107B000BD01210846F2F75C
:1002300067F901210803F2F7A3F9E02005900220F5
:100240008DF8180000208DF81A0002208DF8190092
:1002500001208DF81B0005A91F48F1F7F0FD0522CC
:1002600011461D48F1F733FE052206211A48F1F721
:100270002EFE052207211848F1F729FE1748F2F74C
:10028000A5FD4FF48270ADF802000020ADF800002B
:10029000ADF804000220ADF806000120ADF808001A
:1002A0004002ADF80A000020ADF80E000720ADF8BE
:1002B00010003020ADF80C0069460848F2F7ECFD5C
:1002C00001210648F2F776FD01200249087000BFBF
:1002D000A9E700008804002000000240003001402F
:1002E00070B5054600210948F2F764FD0748048807
:1002F0004FF6C7700440064830F815000443034821
:1003000004800121F2F756FD70BD0000003001406D
:10031000782B01082DE9F04104460D4616464FF4AE
:100320007A781E48808932E015B115F8010B00E09B
:10033000FF20074608E0B8F10000A8F101011FFA0C
:1003400081F801D1BDE8F08102211448F2F796FD51
:100350000028F0D039461148F2F79CFD4FF47A7826
:1003600007E0B8F10000A8F101011FFA81F800D1FF
:10037000E8E701210948F2F781FD0028F1D007489C
:10038000F2F785FDC7B20CB104F8017B00BF301E47
:10039000A6F10106C8D10120D4E7000000300140D9
:1003A00070B504464FF47A7505E0281EA5F10101E9
:1003B0008DB200D170BD02210E48F2F75FFD00281A
:1003C000F3D021460B48F2F765FD4FF47A7505E04E
:1003D000281EA5F101018DB200D1EBE701210548EE
:1003E000F2F74CFD0028F3D00248F2F750FDC0B2FE
:1003F000E0E700000030014081760B0AC3760A0C6A
:1004000002750B0E4375704710B50948007800B1AE
:1004100010BD00F093FAFDF7FFFCFCF71FF8F3F7AF
:1004200051FBF2F709FA01200149087000BFEFE71C
:100430006C0500201CB50024FBF7B8F9019003E01F
:10044000012101A801F0A2FAFBF758FA0028F7D021
:10045000F2F72AF93BE0012101A801F097FA04F034
:10046000010018B921461A48FFF70BFD04F00100FE
:1004700028B99FED180A18491548FCF7D3FA04F07B
:10048000010028B99FED130A1349114800F0FEFD41
:1004900004F0010028B911490F48F9F7EDF800F010
:1004A00039FB0F4B0D4A0C490948009400F0F6F84F
:1004B00004F0010010B90A48FDF74EFC04F00100F9
:1004C00020B9064A04490648F1F784FF641CC2E7D4
:1004D000808E00206F12033BB48E0020308E0020EF
:1004E000F48E00207CB5054601F0AAF90020052114
:1004F00003464FF4FA72CDE900103CA13E4802F0E9
:1005000051F80020052103464FF4E172CDE90010B7
:100510003AA13C4802F046F8002004210346962206
:10052000CDE9001038A1394802F03CF80020042140
:1005300003469622CDE9001035A1374802F032F883
:10054000002003210346C822CDE9001033A136481C
:1005500002F028F8002003210346C822CDE900104C
:1005600032A1354802F01EF80020032103469622EE
:10057000CDE9001031A1334802F014F80020032126
:1005800003464FF49672CDE900102FA1314802F0D6
:1005900009F8002002210346C822CDE900102EA14F
:1005A0002F4801F0FFFF0020012103469622CDE9EC
:1005B00000102CA12D4801F0F5FF00200121034679
:1005C0009622CDE900102AA12C4801F0EBFF01F0A2
:1005D000E9FC044621462AA0F5F7CEFA2E48006829
:1005E00001F00EFA01F03EF97CBD00005354414287
:1005F000494C495A455200003504010853454E53B1
:100600004F525300D9FF000850504D0021DE000822
:1006100052585F5441534B0015F100085553424C5A
:10062000494E4B5F52580000F91401085553424C93
:10063000494E4B5F54580000BD16010841544B50C1
:100640005F5458001188000841544B505F52585F66
:10065000414E4C00F585000842454550455200008A
:10066000858A00085057524D474E5400C9DA000899
:10067000434F4E4649475F5441534B008D9D000800
:100680004672656520686561703A2025642062794C
:100690007465730A00000000000000202DE9F0419D
:1006A0002DED028B07460D4614461E46DDF82080D0
:1006B00008F0010080B94220005D01280CD1D4ED82
:1006C0000B0A95ED071A70EEC10AB0EE600A8F486A
:1006D000FDF792F884ED0F0A08F00100F8B9422006
:1006E000005DE0B1D4ED0F0A95ED0B1A70EEC10A72
:1006F000B0EE600A85485838FDF77EF8844880EDF2
:10070000000AF8F7B3FF00EE100AB8EE400A80487E
:10071000D0ED000A30EE200A7E4880ED000A08F095
:100720000100002875D194F8400010B14120005D0F
:1007300040B994ED010A784880ED010A94ED020A6F
:1007400080ED020A7448D0ED010A95ED011A70EEB1
:10075000C10AB0EE600A7148FDF74EF8704880EDAE
:10076000010A6D48D0ED020A95ED021A70EEC10A39
:10077000B0EE600A69485830FDF73EF8684880EDF1
:10078000020A94ED070AB5EEC00AF1EE10FA36D16E
:10079000614890ED030AB5EEC00AF1EE10FA03D1FC
:1007A00095ED030A80ED030A5B4890ED030AD5ED51
:1007B000030A30EE608A9FED5B0AB4EEC08AF1EE68
:1007C00010FA05DB9FED580A38EE400AB0EE408A79
:1007D0009FED560AB4EEC08AF1EE10FA05D89FEDEF
:1007E000520A38EE000AB0EE408AB0EE480A474896
:1007F000B038FDF701F84A4880ED030A09E09FEDA3
:100800004C0A454880ED030A94ED070A444880ED00
:10081000030A08F00100002857D14320005D022898
:1008200003D04420005D02280FD194ED050A3C4816
:1008300080ED010A94ED060A80ED020A3748FCF7C4
:10084000BBFF36485830FCF7B7FF3A48B0F9040010
:1008500040F24C4188420CDC3748FCF7C1FF364877
:100860005830FCF7BDFF2D485838FCF7B9FF00F0B1
:1008700069F82B48D0ED010A97ED031A70EEC10A12
:10088000B0EE600A2C48FCF7B7FF86ED000A24485A
:10089000D0ED020A97ED041A70EEC10AB0EE600ABC
:1008A00025485830FCF7A8FF86ED010A1C48D0ED1A
:1008B000030A97ED051A70EEC10AB0EE600A1748F8
:1008C0005838FCF799FF86ED020A4220005D20B9F6
:1008D00094ED120A86ED030A04E00E4890ED000A3A
:1008E00086ED030A94ED010AD5ED010A30EE600AA7
:1008F00086ED040A94ED020AD5ED020A30EE600A94
:1009000086ED050ABDEC028BBDE8F08194910020D4
:1009100070050020740500200C8F0020349000200A
:100920001C8F0020000034430000B443000034C397
:1009300000000000B40000202C8F002010B5F6F756
:1009400075FE10BD034890ED030A034880ED030ACD
:1009500070470000B48E00200C8F002010B52DEDE4
:10096000028BB0EE408A084890ED8A0AC8EE000A71
:10097000F0EE608AB0EE680A00F50470FCF738FF0C
:10098000BDEC028B10BD00002C8F0020034A044BED
:100990001A601A4650609160704700001F008A2F4D
:1009A000C005002030B5014600200B2200BF4310D7
:1009B00003EBC01411F8015B6319D8B2531E1A1E61
:1009C000F5D130BD70B50446204600F05FF805460D
:1009D000002D59D1207803284FD1607900284CD0C0
:1009E000002020634FF40072002104F13400FCF772
:1009F0006FFA552184F83212AA2184F8331252205A
:100A000084F83400522135200155612136200155EA
:100A1000412137200155722184F8181284F81912E7
:100A2000412184F81A12612184F81B12217C84F878
:100A30001C12208A010A84F81D122069010C84F816
:100A40001E122069010E84F81F12217B84F82012E7
:100A5000A089010A84F82112E068010C84F82212AE
:100A6000E068010E84F823126078012304F1340158
:100A70006269FAF72BF80020607160780022114655
:100A8000F9F7C0FF00B10125284670BD70B50446D6
:100A9000207910B3256B607801232A4604F13401D4
:100AA000FAF714F808B1012070BD00202071606AC7
:100AB000A84212D8E169606A0844A8420DD9E678D4
:100AC00009E0E0690544607801232A4604F1340115
:100AD000F9F7FCFF761E022EF3D20020E4E710B5F2
:100AE000FCF70EFCA820F9F787FCFCF759F9FCF796
:100AF00095F9F7F751FFF9F7AFF8FCF7C9FFFEF7E3
:100B000004FB00F0C3FCF7F7BBF8F9F787F9FFF730
:100B10007BFC10BD10B53F48007800F0020028B102
:100B20004FF400713C48F1F7FEF971E0FCF7E5F88D
:100B300048B13848006840F010003649086000208D
:100B4000364908700DE03348006820F01000314944
:100B500008603248007820B9012030490870F7F762
:100B6000CBFE2F48007800F0100030B9294800680B
:100B700040F008002749086005E02648006820F09A
:100B80000800244908602648007800F0020030B9C7
:100B90002048006840F040001E49086005E01D48FC
:100BA000006820F040001B490860FFF7CFF958B1FA
:100BB0001B48007800F0040030B91648006840F087
:100BC00020001449086005E01248006820F0200069
:100BD000104908601248007800F0200030B10D483C
:100BE000006840F480700B49086005E0094800681F
:100BF00020F48070074908600648008800F47E7081
:100C000010B901F08DF801E001F096F801F0BCF8A0
:100C100010BD000000010020000402400C01002073
:100C20000401002010B52DED028BB0EE408AF7F7DD
:100C3000FBFD18B1054880ED008A04E09FED040A31
:100C4000024880ED000ABDEC028B10BDB88D00207B
:100C50000000000010B52DED028BB0EE408A0E486A
:100C600000880E4908800446F0EE480A012100EE93
:100C7000104AB8EE400A0A48FDF7E6FFBCEEC00A8B
:100C800010EE100A84B22046F7F71CFE05490880D2
:100C9000BDEC028B10BD0000E4030020D800002052
:100CA00064060020D600002070B52DED048B0446AC
:100CB0000D464048B0F9920000EE100AB8EEC00AA6
:100CC000F2EE040A80EE201A9FED3B0A21EE000AA4
:100CD000B0EE409AFFF72AFAB0EE408A3548B0F9F4
:100CE000920000EE100AB8EEC00AB2EE041AC0EE8E
:100CF000010A9FED310A20EE800AB0EE409AF9F722
:100D00003DF9F0EE408AF1EE480A00EE105AB8EED6
:100D1000C00A60EE800A00EE104AB8EEC00A48EE43
:100D2000800A2448B0F98E0000EE100AB8EEC00A1E
:100D300030EE800ABDEEC00A10EE100A00B21D4966
:100D4000A1F88E00B1F98E001E225142F9F7F6F893
:100D500000B21849A1F88E0000EE105AB8EEC00A91
:100D600068EE800A00EE104AB8EEC00A48EE000AAB
:100D70000846B0F9900000EE100AB8EEC00A30EE56
:100D8000800ABDEEC00A10EE100A01B20948A0F8B0
:100D900090100146B1F990001E225142F9F7CEF8A9
:100DA00001B20448A0F89010FBF714FFBDEC048BCF
:100DB00070BD0000CC05002035FA8E3C10B52DED3D
:100DC000048B84B0B0EE408A404890ED040AF0EE07
:100DD000400AB0EE480A0220FCF764FF3B4890ED61
:100DE000030AF0EE400AB0EE480A0120FCF75AFF71
:100DF000364890ED020AF0EE400AB0EE480A0020B4
:100E0000FCF750FF012400200190029003902F482E
:100E100090ED000AD0ED0B0A30EE600AF0EE408A49
:100E20009FED2B1AF0EE680AB0EE480A0220FCF79C
:100E300015FF9DED030ADFED270A08EEE00A8DEDB0
:100E4000030A9DED010A20EE000ADDED020A9DED88
:100E5000021A00EE810ADDED030A9DED031A00EE91
:100E6000810AB0EE409A9FED1C0AB4EEC09AF1EEF2
:100E700010FA27D201A8FBF789FD144890ED050A66
:100E8000DDED010A9FED151A60EE810A00EE880A79
:100E900080ED050A90ED060ADDED020A9FED0F1ABE
:100EA00060EE810A00EE880A80ED060A90ED070ADE
:100EB000DDED030A9FED091A60EE810A00EE880A53
:100EC00080ED070A04B0BDEC048B10BDB88D002086
:100ED000295C8F3E2E90A03D7DCA6A470AD7233CED
:100EE00010B52DED040B2DED028B84B09DED060A9F
:100EF000DFED5E0A20EE200A8DED010A9DED070A66
:100F0000DFED5A0A20EE200A8DED020A9DED080A57
:100F1000DFED560A20EE200A8DED030A9DED010A51
:100F20005348D0ED050A30EE600A8DED010A9DEDC3
:100F3000020AD0ED060A30EE600A8DED020A9DED40
:100F4000030AD0ED070A30EE600A8DED030A01A80E
:100F5000FBF7D4FC464890F8200090BB4548007849
:100F600000F0100068B39DED030A4348D0ED000A7D
:100F700030EE600AB0EE408A90ED000ADFED3F0AE5
:100F800008EE200A80ED000AB5EEC08AF1EE10FAF4
:100F900002D2B1EE480A01E0B0EE480AF1EE040ACE
:100FA000B4EEE00AF1EE10FA0CD2FAF7FFFB344986
:100FB0000968401AFA2809D901212D4880F8201023
:100FC00004E004E0FAF7F2FB2D49086000BF28486E
:100FD00090F82000B8B39DED030A2748D0ED000A31
:100FE00030EE600A8DED030A002429E001A901EB2F
:100FF000840191ED000ABDEEC00A10EE100A042132
:10100000F6F724FD01A800EB840090ED000A1848D3
:10101000083000EB8400D0ED000A70EE600A14483E
:10102000083000EB840090ED000A9FED161A00EEE8
:10103000810A0F48083000EB840080ED000A641C30
:10104000032CD3DB0DE0FFE79FED0F0A084880ED8E
:10105000020A9FED0D0A80ED030A9FED0B0A80ED59
:10106000040A04B0BDEC028B1FBD00008F2A75443A
:10107000B88D002004010020400500200AD7233B42
:10108000440500209A99993E0000000070B52DEDAE
:10109000028B04460D46B0EE408A1048007820B915
:1010A000FBF7E8FD01200D490870D4ED0C0AB0EE05
:1010B000600AFFF7B7FD94ED021AD4ED010A94ED32
:1010C000000AFFF70DFFB0EE480AFFF777FE28464B
:1010D000FDF7E8FDBDEC028B70BD00004C05002063
:1010E00000202C49098840F24C42914201DD022146
:1010F00000E0002108432749098840F26C729142C0
:1011000001DA012100E0002108432249498840F228
:101110004C42914201DD022100E0002140EA8100C1
:101120001C49498840F26C72914201DA012100E0C9
:10113000002140EA81001749898840F24C429142DF
:1011400001DD022100E0002140EA011011498988F7
:1011500040F26C72914201DA012100E0002140EA84
:1011600001100C49C98840F24C42914201DD022134
:1011700000E0002140EA81100649C98840F26C7203
:10118000914201DA012100E0002140EA8110024988
:10119000087070477C060020F000002010B504465F
:1011A00000234FF47A7221460548006800F06CFF76
:1011B000012800D110BD0020207000BFFAE7000018
:1011C000F00100202DE9F04106460F462548007841
:1011D000012838D12448006818B900202149087036
:1011E00031E02148006840280ED92048008885B2A7
:1011F00040241E48006840301C4908601A480068B6
:1012000040381949086014E01848008885B216482B
:10121000008884B2154800681349096808441349D6
:101220000860002010490860402C02D102200D49BE
:1012300008700F484219234681213046EFF7DBFD45
:101240000020BDE8F08107480078022808D100237B
:101250001A4681213046EFF7CEFD00200149087083
:101260000020EEE7F8020020F4020020F002002047
:10127000CA10002070B504460D4605EB850104F543
:101280005D7000EBC100008B86B2064831460269F2
:10129000054890474023044A01212046EFF750FDBE
:1012A000002070BD000200208A10002070B50446A6
:1012B0000D4681212046EFF7C6FC01212046EFF7BD
:1012C000C2FC82212046EFF7BEFC024948688047F5
:1012D000002070BD0002002010B5044608480068D8
:1012E000FF280AD00748836807480849026804486D
:1012F00000689847FF2002490860002010BD0000E8
:10130000FC0200200002002000030020E402002074
:1013100070B505460E460223402281212846EFF78C
:10132000DBFC0223402201212846EFF7D5FC0323F2
:10133000082282212846EFF7CFFC084C02202071BA
:10134000002060710649086880474023054A012152
:101350002846EFF7F5FC002070BD000030020020A9
:10136000000200208A10002010B5044607480168DA
:101370000068401C054A1060012905D10020114673
:1013800008602046F0F7FAFD002010BD740300202D
:1013900070B505460C46207800F0600068B3202840
:1013A00025D1E088D8B1207800F0800058B1E288DB
:1013B000607823498B6823499847E2882149284669
:1013C000F2F7E0FD11E060781F490860E0881F49EE
:1013D0000860E2881B492846F2F7ABFD05E060781B
:1013E000174900228B6811469847002070BD21469E
:1013F0002846F2F78FFD0220F8E76078062804D02F
:101400000A2808D00B2818D10BE021462846F2F70D
:1014100081FD0220EAE701220D492846F2F7B2FDDC
:101420000BE0A078012803DAA0780949086003E0FE
:1014300021462846F2F76EFD00BF00BF0020D5E729
:1014400000020020E4020020FC0200200003002033
:10145000E002002008B50848084B094A0121009025
:101460000848F2F78AFF00220121802000F0EFFDFA
:101470000549086008BD0000700200200403002038
:10148000140200208C080020F001002010B50D4847
:10149000007800B110BDFFF7DDFF002220211E20E3
:1014A00000F0D5FD084908600846006820B93822D8
:1014B00006A10FA0F6F728FB01200249087000BF23
:1014C000E8E7000031010020340100202E2E5C737B
:1014D00072635C636F6D6D756E69636174655C7377
:1014E00072635C7573626C696E6B2E630000000042
:1014F000747851756575650008B5002500240020D5
:10150000404908707CE06846FFF748FE002874D028
:101510003C480078062867D2DFE800F0030F1D2959
:1015200044579DF80000AA2801D1012000E00020C6
:10153000344908709DF800405EE09DF80000AF2837
:1015400001D1022000E000202E4908709DF8000023
:101550002044C4B250E09DF800002B4908700320DD
:10156000284908709DF800002044C4B244E09DF86A
:1015700000001E2812DC9DF8000023494870002559
:101580009DF80000002801DD042000E005201D4931
:1015900008709DF800002044C4B202E00020194900
:1015A000087029E09DF800101748801C4155681C00
:1015B000C5B29DF800002044C4B213484078A84248
:1015C00002D105200F49087016E09DF80000844202
:1015D00003D10D48F6F7CAFF02E000200949087060
:1015E00000200849087007E0A02200E005E007A1FC
:1015F0000FA0F6F789FA00BF02E000200149087049
:1016000081E7000030010020D80600202E2E5C73F8
:1016100072635C636F6D6D756E69636174655C7335
:1016200072635C7573626C696E6B2E630000000000
:101630003000000010B5044624B93F220BA114A0CD
:10164000F6F762FA60781E2804DD402207A111A097
:10165000F6F75AFA00231A4621461748006800F0A8
:1016600001FE08B1012010BD0020FCE72E2E5C73A6
:1016700072635C636F6D6D756E69636174655C73D5
:1016800072635C7573626C696E6B2E6300000000A0
:1016900070000000702D3E646174614C656E203CEA
:1016A0003D2041544B505F4D41585F444154415F90
:1016B00053495A45000000003401002098B032E040
:1016C00000235A1E10A91848006800F0DDFCAA206B
:1016D0008DF800008DF801009DF840008DF80200A3
:1016E0009DF841008DF803009DF841200DF1420165
:1016F00001A8EEF72FFE0025002004E01DF80010E1
:101700002944CDB2401C9DF84110091D8142F5DCF1
:101710009DF84100401DC4B2601E0DF800502146E6
:10172000684600F003F8CBE73401002070B50546A9
:101730000E46002403E0285DF4F7F2F9641CB4427D
:10174000F9DB70BD01460A69D1E901309860D1E941
:10175000010358605068884201D1886850600020B9
:1017600008611068401E10601068704710B5FAF7E5
:101770001DF8044604480068201A642803D902486A
:101780000460F0F77BFD10BD0400002000BF502076
:1017900080F31188BFF34F8FBFF36F8F00BF00BF7F
:1017A000FEE7000000BF502080F31188BFF34F8F89
:1017B000BFF36F8F00BF02A0F4F7DEF900BFFEE7B2
:1017C0000A537461636B206F766572666C6F772164
:1017D0000A00000000F1080141604FF0FF31816014
:1017E00000F10801C1600161002101607047002122
:1017F0000161704710B502460B685C1C0CB910699A
:1018000007E002F1080000E04068446824689C4258
:10181000FAD944684C604C68A160886041600A61F4
:101820001468641C146010BD42684A6093688B6041
:10183000936859609160086103685B1C036070479E
:1018400000BF502080F31188BFF34F8FBFF36F8F1D
:1018500000BF03480068401C014908607047000051
:101860009003002006480068401E054908600846AD
:10187000006820B9002080F3118800BF00BF7047C6
:101880009003002070B506463546D6B1083D2C467B
:101890000C4960680968084098B1206888B909490E
:1018A000606809688843606000F0D6F9064960689E
:1018B00009680844044908602046FCF78DFF00F0E1
:1018C000C7FF70BD8C0300208403002003484FF045
:1018D000E021486107200861704700003F90020046
:1018E000024600200BE0084B53F8303033B9064B6A
:1018F00043F8301003EBC0035A6002E0401C0A2892
:10190000F1D300BF70470000CC8A00202DE9F041E0
:1019100005460E4617462C46FFF792FF94F9440001
:10192000401C10B9002084F8440094F94500401C84
:1019300010B9002084F84500FFF794FFA06B28B988
:101940003A46314604F1240000F0D6F82046FDF76F
:1019500031F9BDE8F081000070B50446002544B1BE
:1019600000F07AF900212046FCF7D4FC00F070FF6B
:1019700005463DB94FF0805003490860BFF34F8FD3
:10198000BFF36F8F70BD000004ED00E02DE9F0475C
:10199000044688464FF0000900F05EF916480668D4
:1019A000206800EB08052068B04207D92068A842EB
:1019B0000BD9B54209D94FF0010906E02068A842C9
:1019C00001D8B54201D94FF001092560B9F1000FE6
:1019D00003D0A81B0021FCF79DFC00F039FF07464F
:1019E0003FB94FF0805005490860BFF34F8FBFF3F8
:1019F0006F8FBDE8F0870000A803002004ED00E031
:101A000070B50546FFF71CFF15B92748006800E0D0
:101A100028460446201DFFF795FE78B9E06A00EBE2
:101A20008000224951F8200040B994F82C10012080
:101A300088401F49096881431D480160A06A18B1A8
:101A400004F11800FFF77EFE1A480068401C19498F
:101A5000086015480068844209D1211D1648FFF727
:101A6000E3FE16480068401C1449086009E0144869
:101A70000068401E124908602046FCF7AAFDFDF7E9
:101A80000FF8FFF7EFFE0F48006858B106480068EE
:101A9000844207D14FF080500B490860BFF34F8F4D
:101AA000BFF36F8F70BD0000940300201C8B0020DB
:101AB000AC030020C0030020D08B0020A003002036
:101AC000A4030020B003002004ED00E00120014940
:101AD00008607047B803002070B505460C460548FD
:101AE000016818312846FFF785FE01212046FCF7E2
:101AF00011FC70BD9403002070B506460D461446D7
:101B00000648016818313046FFF78EFE0CB14FF0E1
:101B1000FF3521462846FCF7FDFB70BD94030020ED
:101B200070B505462C46002D4BD02649E06A096861
:101B3000C96A884245D2A06900F0004028B921480E
:101B40000068C06AC0F10600A061E16A01EB810192
:101B50001D4A02EB81016069884201D1012000E049
:101B6000002050B3201DFFF7EDFD78B9E06A00EBCF
:101B70008000154951F8200040B994F82C1001203C
:101B80008840124909688143104801600D48006887
:101B9000C06AE06294F82C10012088400B49096863
:101BA00008430A490860E16A01EB8101064A02EB39
:101BB0008100211DFFF738FE03E002480068C06A7B
:101BC000E06270BD940300201C8B0020AC03002059
:101BD00003490968016003490968416070470000D2
:101BE000BC030020A80300201CB5144800210B46AC
:101BF0009622CDE9001012A1134800F0D3FC044650
:101C0000012C02D100F098FE0446012C14D100BF33
:101C1000502080F31188BFF34F8FBFF36F8F00BF49
:101C20004FF0FF3009490860012009490860002091
:101C30000849086000F0BCF91CBD0000C803002082
:101C400049444C450000000089E60008C403002018
:101C5000B0030020A803002002480068401C01498E
:101C600008607047CC03002010B51A48006818B10E
:101C70000120194908602BE0002017490860174827
:101C80000068006815490968096B884205D813483F
:101C9000016834310068FFF785FD11480068B0FA2B
:101CA00080F0C0F11F0101EB81020E4B03EB8200BB
:101CB00042685268426000F108024368934202D1D0
:101CC0004268526842604268D268044B1A6000BFA2
:101CD00010BD0000CC030020B803002094030020B6
:101CE000AC0300201C8B002070B505462C464CB17F
:101CF000206838B12068007820B12068C088A188A9
:101D0000884201D0092070BD21684878F8F7DBFED1
:101D100000F0010008B10320F5E70020F3E7000020
:101D2000022001490870704780040020002001490A
:101D30000870704780040020012001490870704736
:101D40008004002010B50E48007820B1012808D08A
:101D5000022812D10BE04FF400710A48F0F7E5F8C1
:101D60000BE04FF400710748F0F7DDF805E04FF4A1
:101D700000710448F0F7E4F800BF00BF10BD000098
:101D8000800400200004024010B5F9F70FFD064959
:101D90000968401AB0F5FA7F05D9FFF7D3FFF9F7C4
:101DA00005FD0149086010BD7C04002000B59BB012
:101DB00001210846F0F7A4FB01210846F0F7C0FB1B
:101DC00001214805F0F79CFB4FF4004011900220E0
:101DD0008DF8480000208DF84A008DF84B00022055
:101DE0008DF8490011A94448F0F729F801220F2184
:101DF0004148F0F76CF8682019900020ADF86000B9
:101E0000ADF86800ADF862008DF86A0018A94FF0CF
:101E10008040F1F70BFE6020ADF84C000120ADF8DA
:101E20004E0000201590ADF8580013A94FF08040E7
:101E3000F1F736FD0821C806F1F770FD01225102C5
:101E40004805F1F7F6FB2D48EFF7DCFC2C48039032
:101E50002C4804904FF48060089000200F904FF4BD
:101E600080500A9018200690002007904FF4805070
:101E70000990002010904020059080000B904002B7
:101E80000C9000200D900E904FF0C0600290012148
:101E90001A48EFF763FD00221B491848EFF769FD68
:101EA00002A91648EFF7EEFD012210211348EFF7C3
:101EB000CBFD10208DF8040009208DF805000020CE
:101EC0008DF8060001208DF8070001A8F0F734FA1C
:101ED00003220021012000F0BAF80C4908600846EE
:101EE000006830B100231A4619460848006800F01F
:101EF000B9F91BB000BD000000000240886002403C
:101F000034000040548C0020B48C0020F0040020E9
:101F100070B505460C46012C00DA70BD00235A1E30
:101F200019461948006800F0AFF80020174908600A
:101F300017480460174805600846006800EB400039
:101F4000144A126881181448F9F7F4F90F48006828
:101F5000401C0E4908600846006800EB40000D4A2E
:101F6000126881180D48F9F7E5F908480068401C27
:101F70000649086001210A48EFF738FC012188076B
:101F8000F1F74BFB00BFC8E7F0040020F404002089
:101F9000F8040020FC040020548C0020B48C0020A5
:101FA00088600240014800687047000084030020F8
:101FB00010B50E48006840F470000C4908600846EF
:101FC000006840F070400860FFF780FC002008497E
:101FD0000860EEF705F90748006840F04040054901
:101FE0000860EEF7EDF8002010BD000020ED00E0E5
:101FF0009003002034EF00E010B500BF502080F3C4
:102000001188BFF34F8FBFF36F8F00BF00F010FB3D
:1020100018B14FF080500449086000BF002080F3E1
:10202000118800BF10BD000004ED00E02DE9F04173
:1020300004460126002722460021012000F007F86F
:1020400005462846FCF726FB2846BDE8F0812DE929
:10205000F84307460D4690460DB9002601E007FB00
:1020600005F606F15400FCF7FDFE044644B104F108
:10207000540943464A46294638460094FCF718FB63
:102080002046BDE8F88300002DE9FF4782B00546F1
:1020900089461E464FF0000A2C4600BFFFF7D0FBD2
:1020A000D4F83880B8F1000F3BD0E76849462046A5
:1020B000FCF73CFADEB9A8F10100A063206810B972
:1020C000FCF73EFF6060206908B9012000E00020B5
:1020D00008BB04F1100000F07BFBE0B14FF0805032
:1020E0003F490860BFF34F8FBFF36F8F13E0E76086
:1020F000606A08B9012000E0002060B904F1240002
:1021000000F066FB38B14FF0805035490860BFF3EE
:102110004F8FBFF36F8FFFF7A5FB012006B0BDE81F
:10212000F087049818B9FFF79DFB0020F6E7BAF195
:10213000000F04D16846FFF74BFD4FF0010AFFF78F
:1021400091FBFFF789FDFFF77BFB94F94400401CEE
:1021500010B9002084F8440094F94500401C10B9DF
:10216000002084F84500FFF77DFB04A9684600F0D5
:10217000EBF940BB2046FCF78FFBF0B1206830B98B
:10218000FFF75EFB6068FFF7CBFCFFF76BFB04F12A
:1021900024000499FFF7A0FC2046FCF70BFD00F09B
:1021A00057FB00287FF47AAF4FF080500C4908604D
:1021B000BFF34F8FBFF36F8F70E72046FCF7FAFC39
:1021C00000F046FB6AE72046FCF7F4FC00F040FB19
:1021D0002046FCF761FB0028EED000209EE70000BF
:1021E00004ED00E070B505460E462C46FFF728FBCF
:1021F000D4E90F12206801FB020060600020A06398
:102200002068A060E06B401E226C216800FB021079
:10221000E060FF2084F8440084F845009EB92069FE
:1022200008B9012000E00020A8B904F1100000F076
:10223000CFFA80B14FF0805009490860BFF34F8F4B
:10224000BFF36F8F07E004F11000FFF7C3FA04F14A
:102250002400FFF7BFFAFFF705FB012070BD000067
:1022600004ED00E02DE9FF4383B0074688461D4694
:102270004FF000093C4600BFFFF7E2FAA06BE16BAC
:10228000884201D3022D38D12A4641462046FCF728
:1022900062F90646A06C68B129462046FCF718FB97
:1022A00028B34FF080503C490860BFF34F8FBFF315
:1022B0006F8F1CE0606A08B9012000E0002068B957
:1022C00004F1240000F084FA88B14FF080503249C4
:1022D0000860BFF34F8FBFF36F8F08E03EB14FF040
:1022E00080502D490860BFF34F8FBFF36F8FFFF70A
:1022F000B9FA012007B0BDE8F083059818B9FFF7D7
:10230000B1FA0020F6E7B9F1000F04D101A8FFF7F8
:102310005FFC4FF00109FFF7A5FAFFF79DFCFFF7FF
:102320008FFA94F94400401C10B9002084F844004E
:1023300094F94500401C10B9002084F84500FFF7CF
:1023400091FA05A901A800F0FFF8F0B92046FCF7C2
:10235000B0FAA0B104F110000599FFF7BDFB2046CB
:10236000FCF728FC00F074FA002885D14FF080506B
:1023700009490860BFF34F8FBFF36F8F7CE720469A
:10238000FCF718FC00F064FA76E72046FCF712FC34
:1023900000F05EFA0020ADE704ED00E02DE9F05F0B
:1023A00006468A4615461F46344600BF5021EFF3C5
:1023B000118081F31188BFF34F8FBFF36F8F00BF80
:1023C0008146A06BE16B884201D3022F2BD194F997
:1023D00045B03A4651462046FCF7BDF80BF10100E6
:1023E000C8B9A06C40B139462046FCF771FAB8B1C3
:1023F000B5B10120286013E0606A08B9012000E04F
:10240000002068B904F1240000F0E2F940B13DB1C8
:102410000120286004E00BF1010040B284F845007F
:102420004FF0010801E04FF0000800BF89F3118868
:1024300000BF4046BDE8F09F2DE9F04706460D4637
:10244000344600BF5021EFF3118081F31188BFF3B0
:102450004F8FBFF36F8F00BF8046D4F83890E06B8A
:10246000484528D994F945A009F10100A0630AF173
:102470000100C8B9A06C40B100212046FCF728FA41
:10248000B8B1B5B10120286013E0606A08B9012035
:1024900000E0002068B904F1240000F099F940B18F
:1024A0003DB10120286004E00AF1010040B284F847
:1024B0004500012700E0002700BF88F3118800BF16
:1024C0003846BDE8F0872DE9F05F05468A46164696
:1024D0002C4600BF5021EFF3118081F31188BFF328
:1024E0004F8FBFF36F8F00BF8046D4F83890B9F19B
:1024F000000F21D094F944B051462046FCF716F85D
:10250000A9F10100A0630BF1010070B9206908B9BD
:10251000012000E0002068B904F1100000F058F933
:1025200040B13EB10120306004E00BF1010040B247
:1025300084F84400012700E0002700BF88F31188D9
:1025400000BF3846BDE8F09F70B504460D46FFF762
:1025500077F9124802682868401C08B9002619E07B
:102560000F4920680968884204D06068904201D809
:1025700001260FE06068101A2968884209D228688D
:102580006168511A401A28602046FFF721FB002697
:1025900000E00126FFF766F9304670BDA803002071
:1025A000BC0300202DE9FF4F85B0804689461746C1
:1025B000DDE912ABB800FCF755FC064656B16020C9
:1025C000FCF750FC04460CB1266304E03046FFF7EC
:1025D00059F900E000247CB10020CDE900ABCDE941
:1025E00002403A4649464046089BFCF778F82046A8
:1025F000FBF7DCFE012501E04FF0FF35284609B06E
:10260000BDE8F08F0549096809B9012005E00449D2
:10261000096809B9022000E000207047B0030020DB
:10262000CC0300200149086870470000A80300207F
:102630002DE9F04100273A480068002863D1394865
:102640000068451C374805608DB93748D0F80080D0
:1026500036480068344908603448C0F8008034487F
:102660000068401C32490860FCF71AFA00BF314884
:10267000006885423BD300BF2B480068006808B95A
:10268000012000E0002020B14FF0FF302949086010
:102690002CE025480068C068C4686668B54202D26C
:1026A0002448066022E0201DFFF74CF8A06A18B10C
:1026B00004F11800FFF746F894F82C100120884028
:1026C0001D49096808431C490860E16A01EB810162
:1026D0001A4A02EB8100211DFFF7A6F81849E06AAB
:1026E0000968C96A8842C7D30127C5E700BF1448F3
:1026F0000068C06A00EB8000104951F820000128F2
:1027000000D9012704E00F480068401C0D4908600B
:102710000D48006800B101273846BDE8F08100008F
:10272000CC030020A8030020980300209C03002075
:10273000BC030020C4030020AC0300201C8B00203D
:1027400094030020B4030020B803002070B50546B0
:102750002C460026ADB3206D401E2065E16CE06A7A
:1027600088422ED0206D60BB201DFEF7EBFF78B9AC
:10277000E06A00EB8000144951F8200040B994F859
:102780002C10012088401149096881430F480160DD
:10279000E06CE062E06AC0F10600A06194F82C10E1
:1027A0000120884009490968084308490860E16A2E
:1027B00001EB8101044A02EB8100211DFFF734F88F
:1027C0000126304670BD00001C8B0020AC030020A9
:1027D00070B50646F068C46804F11800FEF7B2FF51
:1027E00015480068A8B9201DFEF7ACFF94F82C101E
:1027F0000120884011490968084310490860E16ACE
:1028000001EB81010E4A02EB8100211DFFF70CF85C
:1028100004E004F118010B48FFF706F80A49E06AE2
:102820000968C96A884204D901250120074908605E
:1028300000E00025284670BDCC030020AC0300203A
:102840001C8B0020BC8B002094030020B8030020C8
:1028500070B500240026FEF7F3FF2E480068401EE6
:102860002C4908600846006800284FD12A480068B3
:1028700000284BD024E02948C068C46804F118003F
:10288000FEF760FF201DFEF75DFF94F82C1001207D
:10289000884023490968084321490860E16A01EB3F
:1028A0008101204A02EB8100211DFEF7BDFF1E4978
:1028B000E06A0968C96A884202D301201B4908609E
:1028C0001648006808B9012000E000200028D2D096
:1028D0000CB1FCF7E5F81648056865B100BFFFF7D5
:1028E000A7FE10B10120114908606D1E002DF6D120
:1028F00000200F4908600D48006838B101263007F4
:102900000C490860BFF34F8FBFF36F8FFEF7AAFF2C
:10291000304670BDCC030020A4030020BC8B0020F7
:10292000AC0300201C8B002094030020B80300207F
:10293000B403002004ED00E01CB50024FBF792FD79
:102940000748006850B10748012100239622CDE9CD
:10295000001005A10648FFF725FE044620461CBDD1
:10296000D8030020DC030020546D722053766300EE
:102970009BEB00082DE9FE4305460C4616461F4614
:10298000DDF828804FF000091448006810B3009467
:1029900001960295062C15DAFFF734FE022808D1BD
:1029A0000023424669460D480068FFF75BFC8146FC
:1029B00010E000231A46694608480068FFF752FCF9
:1029C000814607E000233A46694604480068FFF75D
:1029D000E5FC81464846BDE8FE830000D8030020A0
:1029E000FF000000FF000000FFFFFFFF000000FFEE
:1029F00000FFFFD700FFFF000A0AFF1E050505FFC5
:102A000000F50A05FF0F050F05FF00640AFF1932E4
:102A1000FF3202FF3232FF0A0A0A0A0A28280A286D
:102A20000A28280A0A0A0A0A46FF05050F050505AD
:102A30000F1EFF0405040508050F0508050405041D
:102A400005FF05050505FF140F2305FF140A140AE9
:102A5000140AFF05050564FF0A0AFF050F0A0F1493
:102A6000FF0A0805FF000000010000004C2A0108D1
:102A700002010000582A010803020000142A01087C
:102A800004030000172A010805040000052A0108B4
:102A900006050000FB290108070600002A2A010894
:102AA00008070000112A0108090800000E2A010881
:102AB0000A090000208C00200B0A0000F8290108F8
:102AC0000C0B0000422A01080D0C0000472A0108E7
:102AD0000E0D0000332A01080F0E0000208C00208C
:102AE000100F00000A2A010811100000002A010836
:102AF000121100000000000013120000000000008E
:102B000014130000532A0108151400005B2A010861
:102B100016150000612A01081716000000000000C9
:102B200018170000000000000054004000002000C2
:102B30001F00000020000000801A060002000000B4
:102B400000040240400000000600000002000000F7
:102B500000040240800000000700000004000000A4
:102B60000000200000000002106002400B00000086
:102B7000200000100800001038003000100008008D
:102B8000000001030507090E10121416181C1E0080
:102B90000004000200018000400020001000080036
:102BA0000400020000000080004000200010000827
:102BB000004000200010000800040002A400E8A16A
:102BC000A700ECA1A800A7A1B000E3A1B100C0A19B
:102BD000B700A4A1D700C1A1E000A4A8E100A2A869
:102BE000E800A8A8E900A6A8EA00BAA8EC00ACA8EA
:102BF000ED00AAA8F200B0A8F300AEA8F700C2A1A9
:102C0000F900B4A8FA00B2A8FC00B9A80101A1A873
:102C10001301A5A81B01A7A82B01A9A84401BDA8C1
:102C20004801BEA84D01ADA86B01B1A8CE01A3A873
:102C3000D001ABA8D201AFA8D401B3A8D601B5A8E2
:102C4000D801B6A8DA01B7A8DC01B8A85102BBA820
:102C50006102C0A8C702A6A1C902A5A1CA0240A8D4
:102C6000CB0241A8D90242A89103A1A69203A2A631
:102C70009303A3A69403A4A69503A5A69603A6A6CC
:102C80009703A7A69803A8A69903A9A69A03AAA69C
:102C90009B03ABA69C03ACA69D03ADA69E03AEA66C
:102CA0009F03AFA6A003B0A6A103B1A6A303B2A63B
:102CB000A403B3A6A503B4A6A603B5A6A703B6A608
:102CC000A803B7A6A903B8A6B103C1A6B203C2A6BA
:102CD000B303C3A6B403C4A6B503C5A6B603C6A66C
:102CE000B703C7A6B803C8A6B903C9A6BA03CAA63C
:102CF000BB03CBA6BC03CCA6BD03CDA6BE03CEA60C
:102D0000BF03CFA6C003D0A6C103D1A6C303D2A6DA
:102D1000C403D3A6C503D4A6C603D5A6C703D6A6A7
:102D2000C803D7A6C903D8A60104A7A71004A1A762
:102D30001104A2A71204A3A71304A4A71404A5A70F
:102D40001504A6A71604A8A71704A9A71804AAA7DC
:102D50001904ABA71A04ACA71B04ADA71C04AEA7AB
:102D60001D04AFA71E04B0A71F04B1A72004B2A77B
:102D70002104B3A72204B4A72304B5A72404B6A74B
:102D80002504B7A72604B8A72704B9A72804BAA71B
:102D90002904BBA72A04BCA72B04BDA72C04BEA7EB
:102DA0002D04BFA72E04C0A72F04C1A73004D1A7AC
:102DB0003104D2A73204D3A73304D4A73404D5A74F
:102DC0003504D6A73604D8A73704D9A73804DAA71C
:102DD0003904DBA73A04DCA73B04DDA73C04DEA7EB
:102DE0003D04DFA73E04E0A73F04E1A74004E2A7BB
:102DF0004104E3A74204E4A74304E5A74404E6A78B
:102E00004504E7A74604E8A74704E9A74804EAA75A
:102E10004904EBA74A04ECA74B04EDA74C04EEA72A
:102E20004D04EFA74E04F0A74F04F1A75104D7A714
:102E300010205CA9132043A81420AAA1152044A89F
:102E40001620ACA11820AEA11920AFA11C20B0A162
:102E50001D20B1A1252045A82620ADA13020EBA141
:102E60003220E4A13320E5A1352046A83B20F9A17A
:102E7000AC2080000321E6A1052147A8092148A82C
:102E80001621EDA1212159A96021F1A26121F2A20F
:102E90006221F3A26321F4A26421F5A26521F6A2C6
:102EA0006621F7A26721F8A26821F9A26921FAA296
:102EB0006A21FBA26B21FCA27021A1A27121A2A216
:102EC0007221A3A27321A4A27421A5A27521A6A296
:102ED0007621A7A27721A8A27821A9A27921AAA266
:102EE0009021FBA19121FCA19221FAA19321FDA1A6
:102EF000962149A897214AA898214BA899214CA826
:102F00000822CAA10F22C7A11122C6A115224DA8CD
:102F10001A22CCA11D22D8A11E22DEA11F224EA85A
:102F20002022CFA123224FA82522CEA12722C4A14F
:102F30002822C5A12922C9A12A22C8A12B22D2A1B7
:102F40002E22D3A13422E0A13522DFA13622C3A153
:102F50003722CBA13D22D7A14822D6A14C22D5A110
:102F6000522250A86022D9A16122D4A16422DCA1FE
:102F70006522DDA1662251A8672252A86E22DAA13D
:102F80006F22DBA1952292A89922D1A1A522CDA1E1
:102F9000BF2253A81223D0A16024D9A26124DAA2AF
:102FA0006224DBA26324DCA26424DDA26524DEA209
:102FB0006624DFA26724E0A26824E1A26924E2A2D9
:102FC0007424C5A27524C6A27624C7A27724C8A2F9
:102FD0007824C9A27924CAA27A24CBA27B24CCA2C9
:102FE0007C24CDA27D24CEA27E24CFA27F24D0A299
:102FF0008024D1A28124D2A28224D3A28324D4A269
:103000008424D5A28524D6A28624D7A28724D8A238
:103010008824B1A28924B2A28A24B3A28B24B4A2A8
:103020008C24B5A28D24B6A28E24B7A28F24B8A278
:103030009024B9A29124BAA29224BBA29324BCA248
:103040009424BDA29524BEA29624BFA29724C0A218
:103050009824C1A29924C2A29A24C3A29B24C4A2E8
:103060000025A4A90125A5A90225A6A90325A7A98C
:103070000425A8A90525A9A90625AAA90725ABA95C
:103080000825ACA90925ADA90A25AEA90B25AFA92C
:103090000C25B0A90D25B1A90E25B2A90F25B3A9FC
:1030A0001025B4A91125B5A91225B6A91325B7A9CC
:1030B0001425B8A91525B9A91625BAA91725BBA99C
:1030C0001825BCA91925BDA91A25BEA91B25BFA96C
:1030D0001C25C0A91D25C1A91E25C2A91F25C3A93C
:1030E0002025C4A92125C5A92225C6A92325C7A90C
:1030F0002425C8A92525C9A92625CAA92725CBA9DC
:103100002825CCA92925CDA92A25CEA92B25CFA9AB
:103110002C25D0A92D25D1A92E25D2A92F25D3A97B
:103120003025D4A93125D5A93225D6A93325D7A94B
:103130003425D8A93525D9A93625DAA93725DBA91B
:103140003825DCA93925DDA93A25DEA93B25DFA9EB
:103150003C25E0A93D25E1A93E25E2A93F25E3A9BB
:103160004025E4A94125E5A94225E6A94325E7A98B
:103170004425E8A94525E9A94625EAA94725EBA95B
:103180004825ECA94925EDA94A25EEA94B25EFA92B
:10319000502554A8512555A8522556A8532557A85F
:1031A000542558A8552559A856255AA857255BA82F
:1031B00058255CA859255DA85A255EA85B255FA8FF
:1031C0005C2560A85D2561A85E2562A85F2563A8CF
:1031D000602564A8612565A8622566A8632567A89F
:1031E000642568A8652569A866256AA867256BA86F
:1031F00068256CA869256DA86A256EA86B256FA83F
:103200006C2570A86D2571A86E2572A86F2573A80E
:10321000702574A8712575A8722576A8732577A8DE
:10322000812578A8822579A883257AA884257BA87A
:1032300085257CA886257DA887257EA8882580A849
:10324000892581A88A2582A88B2583A88C2584A816
:103250008D2585A88E2586A88F2587A8932588A8E3
:10326000942589A895258AA8A025F6A1A125F5A1D0
:10327000B225F8A1B325F7A1BC258BA8BD258CA844
:10328000C625F4A1C725F3A1CB25F0A1CE25F2A137
:10329000CF25F1A1E2258DA8E3258EA8E4258FA8EE
:1032A000E52590A80526EFA10626EEA1092691A8FE
:1032B0004026E2A14226E1A10030A1A10130A2A155
:1032C0000230A3A10330A8A10530A9A1063065A949
:1032D000073096A90830B4A10930B5A10A30B6A1CB
:1032E0000B30B7A10C30B8A10D30B9A10E30BAA186
:1032F0000F30BBA11030BEA11130BFA1123093A876
:103300001330FEA11430B2A11530B3A11630BCA108
:103310001730BDA11D3094A81E3095A8213040A9BA
:10332000223041A9233042A9243043A9253044A9A1
:10333000263045A9273046A9283047A9293048A971
:103340004130A1A44230A2A44330A3A44430A4A499
:103350004530A5A44630A6A44730A7A44830A8A469
:103360004930A9A44A30AAA44B30ABA44C30ACA439
:103370004D30ADA44E30AEA44F30AFA45030B0A409
:103380005130B1A45230B2A45330B3A45430B4A4D9
:103390005530B5A45630B6A45730B7A45830B8A4A9
:1033A0005930B9A45A30BAA45B30BBA45C30BCA479
:1033B0005D30BDA45E30BEA45F30BFA46030C0A449
:1033C0006130C1A46230C2A46330C3A46430C4A419
:1033D0006530C5A46630C6A46730C7A46830C8A4E9
:1033E0006930C9A46A30CAA46B30CBA46C30CCA4B9
:1033F0006D30CDA46E30CEA46F30CFA47030D0A489
:103400007130D1A47230D2A47330D3A47430D4A458
:103410007530D5A47630D6A47730D7A47830D8A428
:103420007930D9A47A30DAA47B30DBA47C30DCA4F8
:103430007D30DDA47E30DEA47F30DFA48030E0A4C8
:103440008130E1A48230E2A48330E3A48430E4A498
:103450008530E5A48630E6A48730E7A48830E8A468
:103460008930E9A48A30EAA48B30EBA48C30ECA438
:103470008D30EDA48E30EEA48F30EFA49030F0A408
:103480009130F1A49230F2A49330F3A49B3061A95F
:103490009C3062A99D3066A99E3067A9A130A1A584
:1034A000A230A2A5A330A3A5A430A4A5A530A5A5AC
:1034B000A630A6A5A730A7A5A830A8A5A930A9A57C
:1034C000AA30AAA5AB30ABA5AC30ACA5AD30ADA54C
:1034D000AE30AEA5AF30AFA5B030B0A5B130B1A51C
:1034E000B230B2A5B330B3A5B430B4A5B530B5A5EC
:1034F000B630B6A5B730B7A5B830B8A5B930B9A5BC
:10350000BA30BAA5BB30BBA5BC30BCA5BD30BDA58B
:10351000BE30BEA5BF30BFA5C030C0A5C130C1A55B
:10352000C230C2A5C330C3A5C430C4A5C530C5A52B
:10353000C630C6A5C730C7A5C830C8A5C930C9A5FB
:10354000CA30CAA5CB30CBA5CC30CCA5CD30CDA5CB
:10355000CE30CEA5CF30CFA5D030D0A5D130D1A59B
:10356000D230D2A5D330D3A5D430D4A5D530D5A56B
:10357000D630D6A5D730D7A5D830D8A5D930D9A53B
:10358000DA30DAA5DB30DBA5DC30DCA5DD30DDA50B
:10359000DE30DEA5DF30DFA5E030E0A5E130E1A5DB
:1035A000E230E2A5E330E3A5E430E4A5E530E5A5AB
:1035B000E630E6A5E730E7A5E830E8A5E930E9A57B
:1035C000EA30EAA5EB30EBA5EC30ECA5ED30EDA54B
:1035D000EE30EEA5EF30EFA5F030F0A5F130F1A51B
:1035E000F230F2A5F330F3A5F430F4A5F530F5A5EB
:1035F000F630F6A5FC3060A9FD3063A9FE3064A961
:103600000531C5A80631C6A80731C7A80831C8A822
:103610000931C9A80A31CAA80B31CBA80C31CCA8F2
:103620000D31CDA80E31CEA80F31CFA81031D0A8C2
:103630001131D1A81231D2A81331D3A81431D4A892
:103640001531D5A81631D6A81731D7A81831D8A862
:103650001931D9A81A31DAA81B31DBA81C31DCA832
:103660001D31DDA81E31DEA81F31DFA82031E0A802
:103670002131E1A82231E2A82331E3A82431E4A8D2
:103680002531E5A82631E6A82731E7A82831E8A8A2
:103690002931E9A82032E5A22132E6A22232E7A2AE
:1036A0002332E8A22432E9A22532EAA22632EBA292
:1036B0002732ECA22832EDA22932EEA231325AA9E9
:1036C000A33249A98E334AA98F334BA99C334CA905
:1036D0009D334DA99E334EA9A1334FA9C43350A9A0
:1036E000CE3351A9D13352A9D23353A9D53354A9DA
:1036F000004EBBD2014EA1B6024E4081034EDFC642
:10370000044E4181054E4281064E4381074EF2CD63
:10371000084EC9D5094EFDC80A4ECFC90B4EC2CFBF
:103720000C4EA2D80D4EBBB20E4EEBD30F4E4481C1
:10373000104EA4D8114EF3B3124E4581134EA8D7A4
:10374000144ED2C7154EA7D8164EC0CA174E468182
:10375000184EF0C7194EFBB11A4EB5D21B4ED4B459
:103760001C4EABB61D4EBFCB1E4EA9D81F4E478177
:10377000204E4881214E4981224EAAB6234E4A81CD
:10378000244EBDC1254ECFD1264E4B81274EA5C913
:10379000284EADD8294E4C812A4EF6B82B4EBED1BC
:1037A0002C4EDCE32D4ED0D62E4E4D812F4E4E8129
:1037B000304EE1B7314E4F81324EAEB4334E508170
:1037C000344ED9C1354E5181364EBCD8374E528118
:1037D000384EE8CD394EA4B53A4EAACE3B4EF7D678
:1037E0003C4E53813D4EF6C03E4ED9BE3F4EAFD803
:1037F000404E5481414E5581424E5681434ECBC47A
:10380000444E5781454EC3BE464E5881474EB1D8AF
:10381000484EB4C3494EE5D24A4E59814B4EAED6BE
:103820004C4EDACE4D4EA7D54E4EF5BA4F4EA6B7FA
:10383000504ED6C0514E5A81524EB9C6534ED2C583
:10384000544EC7C7554E5B81564ED4B9574E5C8116
:10385000584ECBB3594ED2D25A4E5D815B4E5E81EB
:103860005C4EBFD85D4EC5BE5E4EF2C65F4EB2D254
:10387000604EB0CF614EE7CF624E5F81634E608194
:10388000644E6181654E6281664EE9CA674E63810E
:10389000684E6481694EC0D86A4E65816B4E668100
:1038A0006C4E67816D4E68816E4E69816F4E6A8184
:1038B000704EF2C2714ED2C2724E6B81734EE9C825
:1038C000744E6C81754E6D81764E6E81774E6F8130
:1038D000784E7081794E71817A4E72817B4E738100
:1038E0007C4E74817D4E75817E4EACC77F4E768155
:1038F000804E7781814E7881824E7981834E7A81A4
:10390000844E7B81854E7C81864ECBC1874E7D81E6
:10391000884EE8D3894EF9D58A4E7E818B4EC2CA35
:103920008C4EFEB68D4EA1D88E4EDAD38F4EF7BF99
:10393000904E8081914EC6D4924EA5BB934EC1D875
:10394000944EE5CE954EAEBE964E8181974E8281C5
:10395000984EA8D8994E83819A4EC7D19B4EA9D034
:103960009C4E84819D4E85819E4E86819F4EBDD802
:10397000A04EEFD9A14EF6CDA24EBABFA34E87817D
:10398000A44EBBBDA54EA5BAA64EE0D2A74EFAB234
:10399000A84EE0BAA94EB6C4AA4E8881AB4EEDCF70
:1039A000AC4EA9BEAD4EA4CDAE4EC1C1AF4E8981C5
:1039B000B04E8A81B14E8B81B24ED7C7B34EF1D98A
:1039C000B44E8C81B54EF4D9B64E8D81B74E8E81F2
:1039D000B84E8F81B94E9081BA4ECBC8BB4EE9D854
:1039E000BC4E9181BD4E9281BE4E9381BF4EDAD2C4
:1039F000C04EB2CAC14ECAC8C24EECD8C34EEAD8F5
:103A0000C44EC6D8C54EF6BDC64ECDC6C74EF0B3E1
:103A1000C84E9481C94EEBD8CA4EF1BDCB4EE9BD1C
:103A2000CC4E9581CD4ED4C8CE4ED3B4CF4E9681D8
:103A3000D04E9781D14ED8C2D24E9881D34ED6B2B5
:103A4000D44ED0D7D54ECBCAD64EFBCBD74ECCD545
:103A5000D84EB6B8D94EC9CFDA4E9981DB4E9A818D
:103A6000DC4E9B81DD4EDAD9DE4EF0D8DF4EAAC7A0
:103A7000E04E9C81E14EEED8E24E9D81E34EFAB4D9
:103A8000E44EEEC1E54ED4D2E64E9E81E74E9F81D4
:103A9000E84EEDD8E94EA081EA4EC7D2EB4EEFD802
:103AA000EC4EC7C3ED4EA181EE4EA281EF4EA38135
:103AB000F04EF6D1F14EA481F24ED9D6F34EF2D8A3
:103AC000F44EA581F54EF5D8F64EFEBCF74EDBBCA4
:103AD000F84EA681F94EA781FA4EA881FB4ECEC8BA
:103AE000FC4EA981FD4EDDB7FE4EAA81FF4EC2B746
:103AF000004FAB81014FF3C6024FAC81034FAD8144
:103B0000044FAE81054FAF81064FB081074FB181A1
:103B1000084FB281094FF8D80A4FC1D20B4FB38179
:103B20000C4FB4810D4FE9CE0E4FBFBC0F4FFCB709
:103B3000104FA5B7114FDDD0124FB581134FB6818D
:103B4000144FB781154FB881164FB981174FDAD688
:103B5000184FC5D3194FEFBB1A4FE1BB1B4FF1D81C
:103B60001C4FBA811D4FBB811E4FA1C91F4FB0CE44
:103B7000204FABB4214FBC81224FF3D8234FBD81DE
:103B8000244FCBC9254FF6D8264FD7C2274FF7D899
:103B9000284FBE81294FBF812A4FB1CE2B4FF9D874
:103BA0002C4FC0812D4FC1812E4FC2812F4FAEB2FD
:103BB000304FC0B9314FC381324FA3D9334FC48185
:103BC000344FE9B0354FC581364FE6C1374FC68116
:103BD000384FECC9394FC7813A4FC5CB3B4FC881ED
:103BE0003C4FC6CB3D4FA4D93E4FC9813F4FCA8100
:103BF000404FCB81414FCC81424FCD81434FE8B5FF
:103C0000444FCE81454FCF81464FABB5474FD08112
:103C1000484FD181494FD2814A4FD3814B4FD481F4
:103C20004C4FD5814D4FBBCE4E4FCDB54F4FA1D749
:103C3000504FF4D7514FD3D3524FD681534FE5CC89
:103C4000544FD781554FCEBA564FD881574FA2D92E
:103C5000584FDCD9594FE0D35A4FFDD85B4FF0B7DE
:103C60005C4FF7D75D4FFED85E4FFAD85F4FA1D9B2
:103C7000604FE3C4614FD981624FDA81634FB6D39D
:103C8000644FF4D8654FDDD9664FDB81674FFBD8B1
:103C9000684FDC81694FE5C56A4FDD816B4FDE817E
:103CA0006C4FD0C06D4FDF816E4FE0816F4FF0D110
:103CB000704FDBB0714FE181724FE281734FD1BC25
:103CC000744FA6D9754FE381764FA5D9774FE4811C
:103CD000784FE581794FE6817A4FE7817B4FACD908
:103CE0007C4FAED97D4FE8817E4FABD97F4FB9CAAB
:103CF000804FE981814FEA81824FEB81834FA9D9BF
:103D0000844FB6D6854FEC81864FED81874FEE818B
:103D1000884FDEB3894FA8D98A4FEF818B4FFDC002
:103D20008C4FF0818D4FCCCA8E4FF1818F4FAAD925
:103D3000904FF281914FA7D9924FF381934FF48125
:103D4000944FB0D9954FF581964FF681974FB1B604
:103D5000984FF781994FF8819A4FF9819B4FA9B9F4
:103D60009C4FFA819D4FC0D29E4FFB819F4FFC819B
:103D7000A04FC0CFA14FFD81A24FFE81A34FC2C271
:103D8000A44F4082A54FC4BDA64FECD5A74FE0B2CB
:103D9000A84FC8C7A94FEBBFAA4FADD9AB4F4182BF
:103DA000AC4FAFD9AD4F4282AE4FEACEAF4FEEBA75
:103DB000B04F4382B14F4482B24F4582B34F4682E7
:103DC000B44F4782B54FD6C7B64F4882B74F4982E6
:103DD000B84F4A82B94F4B82BA4F4C82BB4F4D828B
:103DE000BC4F4E82BD4F4F82BE4F5082BF4FE3B19A
:103DF000C04F5182C14F5282C24F5382C34FD9B478
:103E0000C44FEDB6C54FB4D9C64F5482C74F558283
:103E1000C84F5682C94F5782CA4FA1BFCB4F588255
:103E2000CC4F5982CD4F5A82CE4FDED9CF4FCEC71D
:103E3000D04FFEC0D14FB8D9D24F5B82D34F5C82F6
:103E4000D44F5D82D54F5E82D64F5F82D74FD7CB9E
:103E5000D84FFDB7D94F6082DA4FB5D9DB4F6182B9
:103E6000DC4FB7D9DD4FA3B1DE4FE1D3DF4FB9D976
:103E7000E04F6282E14FC5D0E24F6382E34FB6D993
:103E8000E44F6482E54F6582E64FB1D9E74F668221
:103E9000E84FB2D9E94FA9C1EA4FB3D9EB4F6782D6
:103EA000EC4F6882ED4FF3BCEE4FDED0EF4FA9B878
:103EB000F04F6982F14FE3BEF24F6A82F34FBDD9F2
:103EC000F44F6B82F54F6C82F64F6D82F74F6E8226
:103ED000F84FBAD9F94F6F82FA4FB3B0FB4F7082E7
:103EE000FC4F7182FD4F7282FE4FC2D9FF4F738229
:103EF000005074820150758202507682035077829E
:103F0000045078820550798206507A8207507B826D
:103F100008507C8209507D820A507E820B5080823C
:103F20000C50C4D90D50B6B10E5081820F50BFD97C
:103F300010508282115083821250B9B5135084827E
:103F40001450F3BE15508582165086821750878212
:103F50001850C8CC1950F2BA1A50D0D21B508882CF
:103F60001C50C3D91D5089821E508A821F50E8BD43
:103F700020508B822150ABB322508C8223508D82F3
:103F800024508E822550C5D92650EBBE27508F82F3
:103F90002850C6D92950BBD92A50DFC42B50908253
:103FA0002C50BED92D50C1D92E50C0D92F5091823E
:103FB00030509282315093823250948233509582A5
:103FC0003450968235509782365098823750998275
:103FD00038509A8239509B823A50AED53B509C82E1
:103FE0003C50B5D63D509D823E50E3C73F509E8227
:103FF00040509F824150A0824250A1824350C8D974
:104000004450A2824550A3824650A4824750D9BC56
:104010004850CAD94950A5824A50A6824B50A7821F
:104020004C50BCD94D50A8824E50CBD94F50ABC646
:104030005050A9825150AA825250AB825350AC8248
:104040005450AD825550C9D95650AE825750AF82A8
:104050005850B0825950B1825A50F6D75B50B28254
:104060005C50A3CD5D50B3825E50B4825F50B58288
:104070006050B6826150B7826250B8826350B98294
:104080006450BA826550A1BD6650BB826750BC8245
:104090006850BD826950BE826A50BF826B50C08238
:1040A0006C50CCD96D50C1826E50C2826F50C382A9
:1040B0007050C4827150C5827250C6827350C782DC
:1040C0007450C8827550C9827650BCC57750B5CD42
:1040D0007850CA827950CB827A50CC827B50CDD92D
:1040E0007C50CD827D50CE827E50C7D97F50A5B303
:1040F0008050FEBF8150CF828250D0828350D182C7
:104100008450D2828550B5B88650D3828750D482ED
:104110008850FCC08950D5828A50D6828B50D78275
:104120008C50D8828D50F8B08E50D9828F50DA8260
:104130009050DB829150DC829250DD829350DE827F
:104140009450DF829550E0829650E1829750E2824F
:104150009850E3829950E4829A50E5829B50E6821F
:104160009C50E7829D50E8829E50E9829F50EA82EF
:10417000A050EB82A150EC82A250ED82A350F6B485
:10418000A450EE82A550CED9A650EF82A750CFD929
:10419000A850A2B4A950D0D9AA50F082AB50F18255
:1041A000AC50DFB4AD50F282AE50F382AF50F48227
:1041B000B050F582B150F682B250C1B0B350F78220
:1041C000B450F882B550F982B650FA82B750FB82EB
:1041D000B850FC82B950FD82BA50D1D9BB50B5C994
:1041E000BC50FE82BD504083BE504183BF504283CD
:1041F000C0504383C1504483C2504583C35046835B
:10420000C4504783C5504883C6504983C7504A832A
:10421000C8504B83C9504C83CA504D83CB504E83FA
:10422000CC504F83CD505083CE505183CF50F1CFDF
:10423000D0505283D1505383D2505483D35055839E
:10424000D4505683D5505783D650D2D9D75058839F
:10425000D8505983D9505A83DA50C5C1DB505B839B
:10426000DC505C83DD505D83DE505E83DF505F8316
:10427000E0506083E1506183E2506283E3506383E6
:10428000E4506483E5506583E650D6D9E750AEC963
:10429000E8506683E9506783EA506883EB5069838E
:1042A000EC50D5D9ED50D4D9EE50D7D9EF506A8320
:1042B000F0506B83F1506C83F2506D83F350DBCB85
:1042C000F4506E83F550A9BDF6506F83F75070839C
:1042D000F8507183F9507283FA507383FB50A7C66C
:1042E000FC507483FD507583FE507683FF507783B6
:1042F000005178830151798302517A8303517B8382
:1043000004517C8305517D830651D3D90751D8D9F7
:1043100008517E83095180830A5181830B51D9D979
:104320000C5182830D5183830E5184830F518583F9
:1043300010518683115187831251E5C81351888328
:104340001451898315518A8316518B8317518C839D
:1043500018518D8319518E831A518F831B5190836D
:104360001C5191831D5192831E5193831F5194833D
:10437000205195832151DCC022519683235197838C
:10438000245198832551998326519A8327519B83E1
:1043900028519C8329519D832A519E832B519F83B1
:1043A0002C51A0832D51A1832E51A2832F51A38381
:1043B0003051A4833151A5833251A6833351A78351
:1043C0003451A8833551A9833651AA833751AB8321
:1043D0003851AC833951AD833A51AE833B51AF83F1
:1043E0003C51B0833D51B1833E51B2833F51F9B648
:1043F0004051A3D84151CAD44251B3834351AAD4A6
:104400004451D6D04551E4B34651D7D54751B48332
:104410004851C8CF4951E2B94A51B5834B51CBBF3E
:104420004C51B6834D51E2C34E51B7834F51B883BF
:104430005051B9835151D2B65251BA835351BB83B3
:104440005451C3CD5551EED95651F0D95751BC8373
:104450005851BD835951BE835A51B3B55B51BF8387
:104460005C51B5B65D51C0835E51C1835F51C2835B
:104470006051C3836151C4836251A4BE6351C5833B
:104480006451C6836551EBC86651C7836751C883C1
:104490006851ABC86951C9836A51CA836B51CBB0AB
:1044A0006C51ABB96D51F9C16E51E2D96F51CB83EB
:1044B0007051BCC07151B2B97251CC837351D8B92B
:1044C0007451CBD07551F8B17651E4C67751DFBE47
:1044D0007851E4B57951C8D77A51CD837B51F8D161
:1044E0007C51E6BC7D51DECA7E51CE837F51CF83A5
:1044F0008051BDBC8151E6D98251E7D88351D08328
:104500008451D1838551DAC48651D2838751D383B4
:104510008851D4B88951BDC88A51D4838B51D58371
:104520008C51E1B28D51D9D48E51D6838F51D7831E
:104530009051D8839151D9839251B0C39351DA836A
:104540009451DB839551E1C39651A2DA9751DFC8AC
:104550009851DC839951B4D09A51DD839B51FCBEB4
:104560009C51A9C59D51DE839E51DF839F51E083FD
:10457000A051DAB9A151E183A251A3DAA351E28398
:10458000A451A9D4A551A4DAA651E383A751E48389
:10459000A851E583A951E683AA51E783AB51FBD922
:1045A000AC51ACB6AD51E883AE51E983AF51EBB736
:1045B000B051F9B1B151FCD9B251E5B3B351F6BE26
:1045C000B451EA83B551F6BFB651B1D2B751E4C088
:1045D000B851EB83B951EC83BA51ED83BB51B3B6FB
:1045E000BC51FED9BD51FDD9BE51EE83BF51EF8301
:1045F000C051BBBEC151F083C251F183C351F2839C
:10460000C451E0C6C551F383C651BCD7C751A1DA26
:10461000C851F483C951B9C1CA51F583CB51F2B520
:10462000CC51E8C1CD51F683CE51F783CF51F5BCC3
:10463000D051F883D151D5B4D251F983D351FA83F3
:10464000D451FB83D551FC83D651FD83D751FE83D2
:10465000D8514084D9514184DA514284DB51DDC1C3
:10466000DC514384DD51FDC4DE514484DF51458477
:10467000E051B8BCE151B2B7E2514684E3514784FE
:10468000E451EFB7E5514884E6514984E7514A8443
:10469000E8514B84E9514C84EA514D84EB51ECD9FB
:1046A000EC514E84ED51BEC6EE514F84EF51ADBF7B
:1046B000F051CBBBF1515084F2515184F351CAB542
:1046C000F4515284F551C9DBF651D7D0F7515384D8
:1046D000F851B9CDF951BCB0FA51F6B3FB51F7BB63
:1046E000FC51CADBFD51AFBAFE515484FF51E4D4F2
:1046F0000052B6B50152F3B50252D6D80352D0C813
:1047000004525584055256840652D6B70752D0C774
:104710000852D7D8095257840A52AFBF0B52588457
:104720000C5259840D52BBDB0E52D8D80F525A840A
:1047300010525B841152CCD01252AEBB13525C8427
:1047400014525D8415525E841652BEEB1752D0C1CE
:104750001852F5C11952F2D41A52D5B81B52B4B43A
:104760001C525F841D52F5B31E5260841F52618437
:104770002052BEC92152628422526384235264842F
:104780002452D0C5255265842652668427526784F8
:104790002852D9C52952FBC02A5268842B52F0B145
:1047A0002C5269842D52D9D82E52CEB92F526A84F8
:1047B0003052BDB531526B8432526C843352DAD8E8
:1047C00034526D8435526E843652C6D63752A2CBDF
:1047D0003852AFC83952B2C93A52CCB43B52CCBFAE
:1047E0003C526F843D52F4B93E5270843F52DBD844
:1047F0004052DCD84152E7B64252C1BC4352EACCE7
:104800004452718445527284465273844752748470
:1048100048527584495276844A52F7CF4B52778476
:104820004C52DDD84D52B0C74E5278844F527984E5
:104830005052D0B95152A3BD52527A8453527B8404
:104840005452DECC55527C845652CAC657527D848F
:1048500058527E84595280845A5281845B52828499
:104860005C52E0D85D5283845E52DED85F5284840D
:10487000605285846152DFD8625286846352878495
:10488000645288846552FEB0665289846752E7BEDE
:1048900068528A846952A3CA6A52F4BC6B528B84F0
:1048A0006C528C846D528D846E528E846F52B1B86E
:1048B00070528F84715290847252EEB87352918408
:1048C000745292847552938476529484775295846C
:1048D00078529684795297847A5298847B5299843C
:1048E0007C529A847D52E2D87E529B847F52CBBD0B
:1048F00080529C848152E4D88252E3D883529D84B2
:1049000084529E8485529F848652A0848752A184BB
:104910008852FCC58952A2848A52A3848B52A484F3
:104920008C52A5848D52A6848E52A7848F52A8845F
:104930009052E5D89152A9849252AA849352E6D813
:104940009452AB849552AC849652AD849752AE8407
:104950009852AF849952B0849A52B1849B52A6C1A6
:104960009C52B2849D52B0C89E52ECB09F52A6B9E0
:10497000A052D3BCA152F1CEA252BDDBA352D3C1EF
:10498000A452B384A552B484A652B584A752B68467
:10499000A852AFB6A952FAD6AA52ACC5AB52D9BDED
:1049A000AC52BEDBAD52BFDBAE52B784AF52B8845F
:1049B000B052B984B152F8C0B252A2BEB352CDC007
:1049C000B452BA84B552BB84B652BC84B752BD84CB
:1049D000B852BE84B952BF84BA52C084BB52C1849B
:1049E000BC52C284BD52C384BE52C0DBBF52C6CAD1
:1049F000C052C484C152C584C252C684C352AAB232
:104A0000C452C784C552C884C652C984C752C2D3CF
:104A1000C852CA84C952E3C3CA52CB84CB52ABD169
:104A2000CC52CC84CD52CD84CE52CE84CF52CF84C2
:104A3000D052C2DBD152D084D252D5C0D352D1840D
:104A4000D452D284D552D384D652C3DBD752D48425
:104A5000D852B1BFD952D584DA52D684DB52D7842A
:104A6000DC52D884DD52D984DE52DA84DF52BCC4F1
:104A7000E052DB84E152DC84E252DD84E352DE84E6
:104A8000E452DAC7E552DF84E652E084E752E1847B
:104A9000E852E284E952E384EA52E484EB52E5848A
:104AA000EC52E684ED52E784EE52E884EF52E9845A
:104AB000F052C4DBF152EA84F252EB84F352EC84FC
:104AC000F452ED84F552EE84F652EF84F752F084FE
:104AD000F852F184F952E8D9FA52D7C9FB52F2845C
:104AE000FC52F384FD52F484FE52B4B9FF52F0CE6E
:104AF0000053C8D40153F5840253F6840353F7845A
:104B00000453F8840553FCB00653D2B40753F98418
:104B10000853D9D00953FA840A53FB840B53FC84FD
:104B20000C53FD840D53E9D90E53FE840F53CBDE95
:104B30001053EBD9115340851253418513534285CD
:104B4000145343851553B0D81653AFBB1753B1B1A7
:104B5000185344851953D7B31A53CED81B534585E0
:104B60001C5346851D53D1D41E5347851F5348857A
:104B70002053B3BD2153EFBF225349852353BBCFED
:104B800024534A8525534B852653D0D827534C852B
:104B900028534D8529534E852A53CBB72B534F8528
:104BA0002C5350852D5351852E53D1D82F535285D8
:104BB000305353853153548532535585335356857D
:104BC00034535785355358853653598537535A854D
:104BD00038535B853953A5C63A53F8C73B53BDD20A
:104BE0003C535C853D535D853E53D2D83F53E4C46E
:104BF00040535E854153AECA42535F854353A7C7B6
:104C0000445360854553A6D8465361854753FDC933
:104C10004853E7CE4953DCBB4A53EBB04B53628554
:104C20004C5363854D5364854E53AABB4F53ADD04F
:104C3000505365855153B0B15253E4D75353BFD746
:104C4000545366855553A5B55653F4C25753CFC434
:104C500058536785595368855A53A9B25B53698580
:104C60005C53B7B25D536A855E53E5B15F53B2DF03
:104C70006053BCD56153A8BF6253ACC26353D5D84F
:104C80006453B1C265536B856653D4D86753D4CE91
:104C900068536C856953E0DA6A536D856B53C0CEF7
:104CA0006C536E856D536F856E53B4D86F53AEC31E
:104CB0007053A1D37153A3CE725370857353B4BC98
:104CC0007453B4C87553D1C2765371857753EDBE12
:104CD0007853B6D0795372857A53E1DA7B53738572
:104CE0007C5374857D5375857E5376857F53E4C7E9
:104CF00080537785815378858253A7B38353798511
:104D00008453F2B68553FCCC8653FAC087537A8518
:104D100088537B858953F7C08A537C858B53B9D1DF
:104D20008C53E1D18D53C7D88E537D858F537E85AB
:104D300090538085915381859253828593538385C7
:104D4000945384859553DEB2965385859753868513
:104D50009853E5C0995387859A53F1BA9B53888538
:104D60009C5389859D53C8D89E538A859F53ADD443
:104D7000A0538B85A1538C85A253E1CFA353C9D8EF
:104D8000A4538D85A553CAD8A653C3CFA7538E85E8
:104D9000A853F8B3A953C7BEAA538F85AB539085C8
:104DA000AC539185AD539285AE53CBD8AF53938519
:104DB000B0539485B1539585B2539685B353978577
:104DC000B4539885B5539985B653CCDBB7539A85C0
:104DD000B8539B85B9539C85BA539D85BB53A5C8D1
:104DE000BC539E85BD539F85BE53A085BF53D8CF6E
:104DF000C053A185C153FEC8C253CEB2C353A285CE
:104E0000C453A385C553A485C653A585C753A6859A
:104E1000C853D6D3C953E6B2CA53B0BCCB53D1D3CF
:104E2000CC53ABCBCD53B4B7CE53A785CF53A885C6
:104E3000D053A985D153A2B7D253AA85D353AB85FA
:104E4000D453E5CAD553AC85D653A1C8D753DCCAD1
:104E5000D853E4B1D953F0D0DA53AD85DB53D1C583
:104E6000DC53AE85DD53AF85DE53B085DF53C5DB44
:104E7000E053FEB5E153B185E253B285E353DABFA7
:104E8000E453C5B9E553E4BEE653EDC1E753B3853A
:104E9000E853B6DFE953B5DFEA53BBD6EB53D0BDD9
:104EA000EC53D9D5ED53C8B0EE53A3B6EF53C9BFF9
:104EB000F053A8CCF153B3DFF253B7CAF353D2D3B4
:104EC000F453B485F553CFD8F653B6D2F753C5BAD9
:104ED000F853BECBF953BECCFA53B585FB53B7DFBD
:104EE000FC53F0B5FD53B4DFFE53B685FF53B785D1
:104EF0000054B8850154F5D30254B9850354D4B392
:104F00000454F7B80554BA850654BADF0754BB8574
:104F10000854CFBA0954AABC0A54F5B50B54BC8541
:104F20000C54ACCD0D54FBC30E54F3BA0F54F4C063
:104F30001054C2CD1154F2CF1254B8DF1354C5CF60
:104F40001454BD851554C0C21654B9DF1754F0C2AD
:104F50001854BE851954BF851A54C0851B54FDBE14
:104F60001C54C1851D54DFC11E54CCCD1F54F7D233
:104F70002054CDB72154C1DF2254C2852354C4DF4D
:104F80002454C3852554C4852654F1B72754C9B089
:104F90002854D6B62954D4B72A54C5852B54ACBA54
:104FA0002C54FDCC2D54D4BF2E54B1CB2F54F4C669
:104FB0003054C6853154A8D63254C5DF3354C78522
:104FC0003454E2CE3554B3B33654C8853754C9850A
:104FD0003854FCCE3954B5B43A54CA853B54C7CE84
:104FE0003C54F0BA3D54CB853E54E1CE3F54CC8581
:104FF0004054BDD14154CD854254CE854354C0DF89
:105000004454CF854554D0854654F4B44754D18593
:105010004854CAB34954D2854A54E6B84B54BBDF0E
:105020004C54D3854D54D4854E54D5854F54D68594
:105030005054C5C45154D7855254BCDF5354BDDFBE
:105040005454BEDF5554BBC55654BFDF5754C2DF5E
:105050005854B1D45954C3DF5A54D8855B54BAC795
:105060005C54D8CE5D54D9855E54DA855F54DB85B7
:105070006054DC856154DD856254D8C46354DE8598
:105080006454CADF6554DF856654CFDF6754E0851A
:105090006854DCD66954E1856A54E2856B54E38533
:1050A0006C54E4856D54E5856E54E6856F54E78550
:1050B0007054E8857154C9DF7254DADF7354B6CE88
:1050C0007454E9857554C7BA7654CEDF7754C8DF77
:1050D0007854DEC57954EA857A54EB857B54EBC964
:1050E0007C54F4BA7D54FCC37E54EC857F54ED852A
:1050F0008054D7BE8154EE858254C6DF8354EF8539
:105100008454CDDF8554F0858654D8C58754F18505
:105110008854F2858954F3858A54F4858B54A6D536
:105120008C54CDBA8D54F5858E54CCBE8F54BDD3DE
:105130009054C0B89154F6859254E4D69354F785B0
:105140009454C7DF9554BEB99654A7BF9754F885B9
:105150009854F9859954FCC19A54CBDF9B54CCDF09
:105160009C54FA859D54D0DF9E54FB859F54FC854A
:10517000A054FD85A154FE85A2544086A354DBDFD4
:10518000A454E5DFA5544186A654D7DFA754D6DF43
:10519000A854C9D7A954E3DFAA54E4DFAB54EBE524
:1051A000AC54A7D2AD54D2DFAE544286AF54A9BF9F
:1051B000B0544386B154DBD4B2544486B354C8BF10
:1051C000B454D4DFB5544586B6544686B7544786A2
:1051D000B854CCCFB9544886BA544986BB54DDDFA5
:1051E000BC544A86BD54CAD1BE544B86BF54DEDF80
:1051F000C054A7B0C154B7C6C254D3DFC3544C8601
:10520000C454E5BAC5544D86C654DFB6C754DBCD89
:10521000C854FEB9C954D5D4CA544E86CB544F860F
:10522000CC54DFDFCD54ECCFCE54A5B0CF54E7DF64
:10523000D054D1DFD154C6D1D254D5DFD354D8DF26
:10524000D454D9DFD554DCDFD6545086D754A9BB0B
:10525000D8545186D954E0DFDA54E1DFDB5452866A
:10526000DC54E2DFDD54E6DFDE54E8DFDF54B4D3A4
:10527000E0545386E1545486E2545586E3545686EE
:10528000E4545786E554E7B8E654B6C5E754EADF78
:10529000E854DAC9E954A8C1EA54C4C4EB545886A6
:1052A000EC545986ED54DEBFEE54F8CFEF545A86D5
:1052B000F0545B86F1545C86F254DCD5F354EEDF97
:1052C000F4545D86F5545E86F6545F86F754608626
:1052D000F8546186F9546286FA54B8B2FB54638676
:1052E000FC54DFBAFD54ECDFFE546486FF54C1DB8E
:1052F000005565860155E4D10255668603556786DB
:1053000004556886055569860655F4CB0755BDB426
:1053100008556A860955A6B00A556B860B556C86EA
:105320000C556D860D556E860E556F860F55F1DF47
:105330001055C6CC1155F2DF125570861355718683
:105340001455EDDF155572861655738617557486FC
:1053500018557586195576861A5577861B55E9DFD7
:105360001C5578861D5579861E557A861F557B8675
:105370002055EBDF21557C862255EFDF2355F0DFEA
:105380002455BDBB25557D8626557E862755F3DFE2
:1053900028558086295581862A55F4DF2B5582862B
:1053A0002C55A3BB2D5583862E55DBCA2F55A8CE71
:1053B0003055A7E03155AAB3325584863355A6E05F
:1053C0003455858635558686365587863755A1E00E
:1053D00038558886395589863A558A863B558B8655
:1053E0003C55FEDF3D558C863E55D9CD3F55FCDF03
:1053F00040558D864155FADF42558E864355D0BFC4
:105400004455C4D745558F864655CCC947559086D7
:10541000485591864955F8DF4A55A1B04B559286BB
:105420004C5593864D5594864E5595864F55968688
:105430005055FDDF5155978652559886535599869C
:1054400054559A865555FBDF5655A2E057559B8615
:1054500058559C8659559D865A559E865B559F8604
:105460005C55A8E05D55A0865E55A1865F55A28675
:105470006055A3866155C8B76255A4866355A58655
:105480006455A1C66555B6C96655B2C06755F5DF06
:105490006855A6866955A7866A55BEC56B55A88608
:1054A0006C55C4D86D55F9DF6E55F6C46F55A98695
:1054B0007055AA867155AB867255AC867355AD860C
:1054C0007455AE867555A3E07655A4E07755A5E0F2
:1054D0007855A5D07955AF867A55B0867B55B4E01E
:1054E0007C55E4CC7D55B1867E55B1E07F55B286C2
:1054F0008055A6BF8155AFE08255B9CE8355ABE04C
:105500008455C6C98555B3868655B4868755AEC0C1
:105510008855AEE08955EDBA8A55B0BA8B55A9E0E9
:105520008C55B5868D55B6868E55B7868F55F6DF68
:105530009055B8869155B3E09255B9869355BA8681
:105540009455B8E09555BB869655BC869755BD8653
:105550009855ADB49955B9E09A55BE869B55BF860E
:105560009C55B2CF9D55C8BA9E55C0869F55B0E098
:10557000A055C186A155C286A255C386A355C4862F
:10558000A455C586A555C686A655C786A755FAD083
:10559000A855C886A955C986AA55CA86AB55CB86D3
:1055A000AC55CC86AD55CD86AE55CE86AF55CF86A3
:1055B000B055D086B155ACE0B255D186B355FBD4C9
:1055C000B455D286B555F7DFB655D386B755E7C57E
:1055D000B855D486B955ADE0BA55D586BB55F7D385
:1055E000BC55D686BD55B6E0BE55B7E0BF55D7868B
:1055F000C055D886C155D986C255DA86C355DB86D3
:10560000C455C4E0C555E1D0C655DC86C755DD8616
:10561000C855DE86C955BCE0CA55DF86CB55E08645
:10562000CC55C9E0CD55CAE0CE55E186CF55E286CE
:10563000D055E386D155BEE0D255AAE0D355A4C9D2
:10564000D455C1E0D555E486D655B2E0D755E586A8
:10565000D855E686D955E786DA55E886DB55E986DA
:10566000DC55C8CADD55C3E0DE55EA86DF55B5E036
:10567000E055EB86E155CBCEE255EC86E355C3CB46
:10568000E455CDE0E555C6E0E655C2E0E755ED86C8
:10569000E855CBE0E955EE86EA55BAE0EB55BFE0B8
:1056A000EC55C0E0ED55EF86EE55F086EF55C5E0C0
:1056B000F055F186F155F286F255C7E0F355C8E092
:1056C000F455F386F555CCE0F655F486F755BBE076
:1056D000F855F586F955F686FA55F786FB55F8869E
:1056E000FC55F986FD55D4CBFE55D5E0FF55FA861D
:1056F0000056D6E00156D2E00256FB860356FC86E1
:105700000456FD860556FE86065640870756418795
:105710000856D0E00956CEBC0A5642870B5643873E
:105720000C56D1E00D5644870E56C2B80F56C5D858
:105730001056458711564687125647871356488795
:105740001456498715564A8716564B8717564C8765
:105750001856EAD019564D871A564E871B56EFC277
:105760001C564F871D5650871E56CFE01F56BDE072
:105770002056518721565287225653872356D4E00C
:105780002456D3E025565487265655872756D7E00A
:1057900028565687295657872A5658872B56598791
:1057A0002C56DCE02D56D8E02E565A872F565B87B4
:1057B00030565C873156F6D63256B0B333565D87D5
:1057C0003456ECD735565E873656BBCB37565F8797
:1057D000385660873956DAE03A5661873B56FBCE39
:1057E0003C5662873D5663873E5664873F56D9BA1A
:1057F0004056658741566687425667874356688795
:105800004456698745566A8746566B8747566C8764
:1058100048566D8749566E874A566F874B56708734
:105820004C56E1E04D56DDE04E56ADD24F567187F5
:1058300050567287515673875256748753567587E0
:105840005456E2E055567687565677875756DBE032
:105850005856D9E05956DFE05A5678875B56798713
:105860005C56E0E05D567A875E567B875F567C87A4
:1058700060567D8761567E876256DEE0635680877C
:105880006456E4E06556818766568287675683874B
:105890006856F7C66956ACD86A56EBD46B56E6E044
:1058A0006C56C9CA6D5684876E5685876F56868733
:1058B000705687877156E5E07256888773568987D8
:1058C00074568A8775568B877656C1B877568C87FB
:1058D00078568D8779568E877A568F877B56E7E084
:1058E0007C56E8E07D5690877E5691877F5692875A
:1058F00080569387815694878256958783569687DC
:10590000845697878556E9E08656E3E08756988760
:105910008856998789569A878A569B878B569C8783
:105920008C569D878D569E878E56BFBA8F56E7CC74
:1059300090569F879156A0879256A1879356EAE08A
:105940009456A2879556A3879656A4879756A587FF
:105950009856A6879956A7879A56A8879B56A987CF
:105960009C56AA879D56AB879E56AC879F56AD879F
:10597000A056AE87A156AF87A256B087A356F9CFDF
:10598000A456B187A556B287A656B387A756B48743
:10599000A856B587A956B687AA56B787AB56B88713
:1059A000AC56B987AD56BA87AE56BB87AF56EBE05B
:1059B000B056BC87B156BD87B256BE87B356BF87B7
:1059C000B456C087B556C187B656C287B756C2C847
:1059D000B856C387B956C487BA56C587BB56C6875B
:1059E000BC56C0BDBD56C787BE56C887BF56C987FF
:1059F000C056CA87C156CB87C256CC87C356CD87FF
:105A0000C456CE87C556CF87C656D087C756D187CE
:105A1000C856D287C956D387CA56D2C4CB56D48764
:105A2000CC56D587CD56D687CE56D787CF56D88772
:105A3000D056D987D156DA87D256DB87D356DC8742
:105A4000D456ECE0D556DD87D656DE87D756EDE046
:105A5000D856DF87D956E087DA56F4C7DB56C4CB71
:105A6000DC56E187DD56EEE0DE56D8BBDF56B6D811
:105A7000E056F2D2E156EFE0E256C5CDE356E287BA
:105A8000E456DAB6E556E387E656E487E756E58757
:105A9000E856E687E956E787EA56E887EB56F1E0ED
:105AA000EC56E987ED56B0D4EE56EA87EF56EB8711
:105AB000F056A7C0F156D1B4F256EC87F356ED87F5
:105AC000F456A7CEF556F0E0F656EE87F756EF8778
:105AD000F856F087F956F2E0FA56CCB9FB56F18742
:105AE000FC56F287FD56FAB9FE56BCCDFF56F3E0E0
:105AF0000057F3870157F4870257F5870357D4C639
:105B00000457F4E00557F6870657B2D40757F787CE
:105B10000857A6C80957F6E00A57F5E00B57F8876B
:105B20000C57F9870D57FA870E57FB870F57FC87DD
:105B30001057FD871157FE87125740881357418829
:105B40001457428815574388165744881757458875
:105B500018574688195747881A5748881B57498845
:105B60001C57F7E01D574A881E574B881F57C1CD59
:105B700020574C8821574D8822574E882357A5CA55
:105B800024574F88255750882657518827575288C1
:105B90002857DAD42957D7DB2A57D9DB2B57538814
:105BA0002C57D8DB2D57E7B92E57DCDB2F57DDDB21
:105BB0003057D8B531575488325755883357DADBC8
:105BC0003457568835575788365758883757598825
:105BD00038575A883957DBDB3A57A1B33B57DFDBDD
:105BE0003C575B883D575C883E57F8BB3F575D8804
:105BF0004057B7D641575E884257E0DB43575F882E
:105C00004457608845576188465762884757F9BEB0
:105C100048576388495764884A57BBB74B576588CC
:105C20004C57D0DB4D57AECC4E57B2BF4F57B5BBDC
:105C30005057F8D75157D3BF525766885357678884
:105C4000545768885557698856576A885757E9BF27
:105C500058576B8859576C885A57E1BC5B57B3CC7F
:105C60005C57DEDB5D57D3B05E57EBCE5F57D8B7DE
:105C70006057B9D76157C2C662576D8863576E883F
:105C80006457A4C065576F886657B9CC675770884A
:105C90006857E7DB6957E1DB6A57BAC66B57E3DB46
:105CA0006C5771886D57E8DB6E5772886F57F7C570
:105CB0007057738871577488725775887357EADB09
:105CC00074577688755777887657E9DB7757C0BF62
:105CD00078577888795779887A577A887B57E6DBBE
:105CE0007C57E5DB7D577B887E577C887F577D8896
:105CF00080577E88815780888257B9B48357ACC05B
:105D00008457A2C28557E2DB8657E4DB8757818838
:105D100088578288895783888A5784888B57CDD043
:105D20008C57EDDB8D5785888E5786888F578788EF
:105D300090578888915789889257DDC09357F2DB36
:105D400094578A8895578B8896578C8897578D8853
:105D500098578E8899578F889A5790889B57E2B6A4
:105D60009C5791889D5792889E5793889F579488F7
:105D7000A057F3DBA157D2DBA257B8B9A357ABD4D6
:105D8000A457ECDBA5579588A657D1BFA757F0DBE2
:105D9000A8579688A957D1DBAA579788AB57E6B57D
:105DA000AC579888AD57EBDBAE57E5BFAF57998836
:105DB000B0579A88B1579B88B257EEDBB3579C888F
:105DC000B457F1DBB5579D88B6579E88B7579F8863
:105DD000B857F9DBB957A088BA57A188BB57A28832
:105DE000BC57A388BD57A488BE57A588BF57A688AF
:105DF000C057A788C157A888C257A1B9C357A3B035
:105E0000C457A988C557AA88C657AB88C757AC8856
:105E1000C857AD88C957AE88CA57AF88CB57F1C2AB
:105E2000CC57B088CD57B188CE57C7B3CF57EFDB2B
:105E3000D057B288D157B388D257F8DBD357B4883C
:105E4000D457D2C6D557F4DBD657B588D757B688BE
:105E5000D857F5DBD957F7DBDA57F6DBDB57B788CE
:105E6000DC57B888DD57FEDBDE57B988DF57F2D341
:105E7000E057BAB2E157BA88E257BB88E357BC880B
:105E8000E457FDDBE557BD88E657BE88E757BF8876
:105E9000E857C088E957C188EA57C288EB57C388DA
:105EA000EC57C488ED57A4DCEE57C588EF57FBDBF1
:105EB000F057C688F157C788F257C888F357C98882
:105EC000F457FADBF557CA88F657CB88F757CC88D2
:105ED000F857FCDBF957E0C5FA57F9BBFB57CD88FB
:105EE000FC57CE88FD57A3DCFE57CF88FF57D088DC
:105EF0000058A5DC0158D1880258C3CC0358D28879
:105F00000458D3880558D4880658D1B60758C0DD40
:105F10000858D5880958D6880A58D7880B58A1DC64
:105F20000C58D8880D58A2DC0E58D9880F58DA883A
:105F30001058DB881158B5C71258DC881358DD8813
:105F40001458DE881558E9B61658DF881758E088C7
:105F50001858E1881958A7DC1A58E2881B58E388BA
:105F60001C58E4881D58E5881E58A6DC1F58E68892
:105F70002058A9DC2158A4B12258E7882358E88882
:105F80002458CCB52558E9882658EA882758EB8844
:105F90002858EC882958ED882A58B0BF2B58EE882D
:105FA0002C58EF882D58F0882E58F1882F58F288F9
:105FB0003058DFD13158F3883258F4883358F58897
:105FC0003458F6883558C2B63658F7883758F888A6
:105FD0003858F9883958FA883A58FB883B58FC8871
:105FE0003C58FD883D58FE883E5840893F584189BD
:105FF0004058428941584389425844894358458909
:106000004458A8DC45584689465847894758488926
:106010004858498949584A894A584B894B584C89AC
:106020004C58FACB4D58F3EB4E584D894F584E898A
:1060300050584F895158DCCB525850895358518988
:106040005458FECB5558528956585389575854893D
:106050005858C1CC595855895A5856895B58578950
:106060005C5858895D5859895E58FBC85F585A89F1
:1060700060585B8961585C8962585D8963585E89A4
:1060800064585F896558AADC6658608967586189D9
:1060900068586289695863896A5864896B58EECC7C
:1060A0006C58ABDC6D5865896E5866896F58678986
:1060B000705868897158698972586A8973586B89F0
:1060C00074586C8975586D8976586E8977586F89C0
:1060D00078587089795871897A5872897B58738990
:1060E0007C5874897D5875897E58D3DB7F587689B2
:1060F0008058AFDC8158ACDC825877898358B3BEB6
:10610000845878898558FBCA8658798987587A894E
:1061100088587B898958ADDC8A587C898B587D8961
:106120008C587E898D5880898E5881898F588289B4
:1061300090588389915884899258CAC99358B9C490
:10614000945885899558868996588789975888895B
:10615000985889899958BDC79A58AEDC9B588A8946
:106160009C588B899D588C899E58F6D49F58E6D0B0
:10617000A0588D89A1588E89A2588F89A3589089DB
:10618000A4589189A5589289A6589389A7589489AB
:10619000A858ABC4A958D5B6AA589589AB589689C2
:1061A000AC589789AD589889AE589989AF589A8953
:1061B000B0589B89B1589C89B2589D89B3589E8923
:1061C000B4589F89B558A089B658A189B758A289F3
:1061D000B858A389B958A489BA58A589BB58A689C3
:1061E000BC58D4DBBD58A789BE58A889BF58A98917
:1061F000C058AA89C158DAB1C258AB89C358AC8912
:10620000C458AD89C558D5DBC658AE89C758AF89C3
:10621000C858B089C958B189CA58B289CB58B3890E
:10622000CC58B489CD58B589CE58B689CF58B789DE
:10623000D058B889D158D6DBD258B989D358BA8941
:10624000D458BB89D558BEBAD658BC89D758BD8951
:10625000D858BE89D958BF89DA58C089DB58C18956
:10626000DC58C289DD58C389DE58C489DF58C58926
:10627000E058C689E158C789E258C889E358C989F6
:10628000E458C0C8E558CA89E658CB89E758CC8994
:10629000E858CD89E958CE89EA58CF89EB58BFCA6A
:1062A000EC58C9C8ED58D089EE58B3D7EF58D1890A
:1062B000F058F9C9F158D289F258D389F358C7BFB9
:1062C000F458D489F558D589F658F8BAF758D689CC
:1062D000F858D789F958BCD2FA58D889FB58D989C7
:1062E000FC58DA89FD58DB89FE58DC89FF58DD89C6
:1062F0000059DE890159DF890259BAE20359E08960
:106300000459A6B40559E1890659E2890759B8B17B
:106310000859E3890959E4890A59E5890B59E6893D
:106320000C59E7890D59B4B80E59E8890F59C4CFF3
:106330001059E9891159EA891259EB891359EC89E5
:106340001459E7D91559A6CF1659E2CD1759ED8939
:106350001859EE891959EDD91A59E0B61B59EF8928
:106360001C59B9D21D59F0891E59F1891F59BBB961
:106370002059F2892159F3892259F4892359F58941
:106380002459B9E22559B7E22659F6892759F3B4B9
:106390002859F7892959ECCC2A59ABCC2B59F2B79B
:1063A0002C59F8892D59B2D82E59EBD12F59BBBA97
:1063B0003059F9893159A7CA3259FA893359FB89B9
:1063C0003459B7CD3559FC893659FD893759C4D26E
:1063D0003859E4BF3959D0BC3A59E1B63B59FE8926
:1063E0003C59C5DE3D59408A3E59418A3F59428A4F
:1063F0004059438A4159C6DE4259BCDB4359448A5D
:106400004459D9D14559458A4659468A4759E6C61D
:106410004859CEC44959EEB74A59478A4B59DCB757
:106420004C59488A4D59498A4E59FCBF4F59E0D7BB
:1064300050594A8A5159F5C652594B8A53594C8A78
:106440005459BCB15559C8DE5659B1BD5759D7CC6E
:106450005859CADE59594D8A5A59C9DE5B594E8A74
:106460005C594F8A5D59508A5E59518A5F59528AE8
:106470006059ECB56159538A6259DDC96359548A30
:106480006459558A6559C2B06659568A6759578A00
:106490006859588A6959598A6A595A8A6B595B8A64
:1064A0006C595C8A6D595D8A6E595E8A6F595F8A34
:1064B0007059608A7159618A7259628A7359AEC57E
:1064C0007459ABC57559638A7659CCC47759648AB7
:1064D0007859E9BC7959FDCB7A59658A7B59668A26
:1064E0007C59678A7D59C3BA7E59688A7F59698AFF
:1064F00080596A8A8159F9E58259E7C88359FAE5D2
:106500008459FDCD85596B8A8659B1D78759BEB854
:106510008859E8C289596C8A8A59D1C88B596D8AC1
:106520008C596E8A8D59FBE58E596F8A8F59708A06
:106530009059718A9159728A9259CAB69359CBBCB3
:106540009459738A9559748A9659FDD19759A1E641
:106550009859758A9959EEC39A59768A9B59778AC0
:106560009C59788A9D59798A9E59A4E69F597A8ABE
:10657000A0597B8AA1597C8AA2597D8AA359FEE53C
:10658000A459A5E6A559D7CDA6597E8AA759808AD0
:10659000A859C1B7A959FCE5AA59FDE5AB59A3E62D
:1065A000AC59818AAD59828AAE59DDC4AF59A8E68B
:1065B000B059838AB159848AB259A7E6B359858AFA
:1065C000B459868AB559878AB659888AB759898A4B
:1065D000B8598A8AB959C3C3BA598B8ABB59DEC61E
:1065E000BC598C8ABD598D8ABE59AAE6BF598E8A7C
:1065F000C0598F8AC159908AC259918AC359928AC7
:10660000C459938AC559948AC659B7C4C759958A3B
:10661000C859968AC959978ACA59A2E6CB59BCCAA1
:10662000CC59988ACD59998ACE599A8ACF599B8A42
:10663000D059E3BDD159C3B9D259A6E6D359D5D063
:10664000D459AFCED5599C8AD6599D8AD759A9E637
:10665000D859B0E6D9599E8ADA59A6D2DB599F8A11
:10666000DC59AABDDD59ADE6DE59A08ADF59A18A01
:10667000E059A28AE159A38AE259A48AE359AFE614
:10668000E459A58AE559D1C0E659A68AE759A78AEF
:10669000E859CCD2E959A88AEA59A98AEB59AA8AB9
:1066A000EC59A7BCED59AB8AEE59AC8AEF59AD8ACB
:1066B000F059AE8AF159AF8AF259B08AF359B18ACA
:1066C000F459B28AF559B38AF659B48AF759B58A9A
:1066D000F859B68AF959B1E6FA59B78AFB59F6D290
:1066E000FC59B88AFD59B98AFE59BA8AFF59CBD7E5
:1066F000005ABB8A015AFECD025ABC8A035ADECD2B
:10670000045AA6C2055AABE6065AACE6075ABFBD04
:10671000085AAEE6095AB3E60A5ABD8A0B5ABE8A2F
:106720000C5AB2E60D5ABF8A0E5AC08A0F5AC18A55
:10673000105AC28A115AB6E6125AC38A135AB8E6D8
:10674000145AC48A155AC58A165AC68A175AC78A4D
:10675000185AEFC4195AC88A1A5AC98A1B5ACA8ABF
:106760001C5AC8C41D5ACB8A1E5ACC8A1F5AEABE6C
:10677000205AEFC9215ACD8A225ACE8A235AB7E627
:10678000245ACF8A255AF0B6265AD08A275AD18A57
:10679000285AD28A295AE4C32A5AD38A2B5AD48A2D
:1067A0002C5AD58A2D5AD68A2E5AD78A2F5AD88A49
:1067B000305AD98A315AE9D3325AB4E6335ADA8A8E
:1067C000345AB5E6355ADB8A365AA2C8375ADC8ABB
:1067D000385ADD8A395ADE8A3A5ADF8A3B5AE08AC9
:1067E0003C5ABDE63D5AE18A3E5AE28A3F5AE38A64
:1067F000405AB9E6415AE48A425AE58A435AE68A3F
:10680000445AE78A455AE88A465AC5C6475AE98A29
:10681000485AEA8A495AF1CD4A5ABBE64B5AEB8AA2
:106820004C5AEC8A4D5AED8A4E5AEE8A4F5AEF8AEC
:10683000505AF08A515AF18A525AF28A535AF38ABC
:10684000545AF48A555ABCE6565AF58A575AF68A6B
:10685000585AF78A595AF88A5A5AE9BB5B5AF98A40
:106860005C5AFA8A5D5AFB8A5E5AFC8A5F5AFD8A34
:10687000605AFE8A615A408B625ABEE6635A418B67
:10688000645A428B655A438B665A448B675ABAE600
:10689000685A458B695A468B6A5AB7C06B5A478B00
:1068A0006C5A488B6D5A498B6E5A4A8B6F5A4B8B78
:1068B000705A4C8B715A4D8B725A4E8B735A4F8B48
:1068C000745AA4D3755ABFE6765AF4C9775AC3E608
:1068D000785A508B795A518B7A5AC4E67B5A528B2C
:1068E0007C5A538B7D5A548B7E5A558B7F5AF6D0E7
:1068F000805A568B815A578B825A588B835A598BA0
:10690000845A5A8B855A5B8B865A5C8B875A5D8B6F
:10691000885A5E8B895A5F8B8A5A608B8B5A618B3F
:106920008C5A628B8D5A638B8E5A648B8F5A658B0F
:10693000905A668B915A678B925ABDC3935A688B53
:10694000945A698B955A6A8B965A6B8B975A6C8BB3
:10695000985A6D8B995A6E8B9A5AC4C39B5AC2E649
:106960009C5A6F8B9D5A708B9E5A718B9F5A728B5B
:10697000A05A738BA15A748BA25A758BA35A768B2B
:10698000A45A778BA55A788BA65A798BA75A7A8BFB
:10699000A85A7B8BA95A7C8BAA5AC1E6AB5A7D8B2D
:1069A000AC5A7E8BAD5A808BAE5A818BAF5A828B9C
:1069B000B05A838BB15A848BB25AC7E6B35AB1CF5F
:1069C000B45A858BB55AF4EBB65A868BB75A878B77
:1069D000B85ACAE6B95A888BBA5A898BBB5A8A8B7D
:1069E000BC5A8B8BBD5A8C8BBE5AC5E6BF5A8D8B59
:1069F000C05A8E8BC15ADEBCC25AA9C9C35A8F8BEA
:106A0000C45A908BC55A918BC65A928BC75A938B96
:106A1000C85A948BC95AB5BCCA5A958BCB5A968B17
:106A2000CC5AD3CFCD5A978BCE5A988BCF5A998BBD
:106A3000D05A9A8BD15A9B8BD25AC8E6D35A9C8B88
:106A4000D45AC9E6D55A9D8BD65ACEE6D75A9E8BD4
:106A5000D85AD0E6D95A9F8BDA5AA08BDB5AA18B31
:106A6000DC5AD1E6DD5AA28BDE5AA38BDF5AA48B07
:106A7000E05ACBE6E15AD5B5E25AA58BE35ACCE60B
:106A8000E45AA68BE55AA78BE65ACFE6E75AA88BBD
:106A9000E85AA98BE95ADBC4EA5AAA8BEB5AC6E634
:106AA000EC5AAB8BED5AAC8BEE5AAD8BEF5AAE8BEA
:106AB000F05AAF8BF15ACDE6F25AB08BF35AB18B44
:106AC000F45AB28BF55AB38BF65AB48BF75AB58B8E
:106AD000F85AB68BF95AB78BFA5AB88BFB5AB98B5E
:106AE000FC5ABA8BFD5ABB8BFE5ABC8BFF5ABD8B2E
:106AF000005BBE8B015BBF8B025BC08B035BC18BFA
:106B0000045BC28B055BC38B065BC48B075BC58BC9
:106B1000085BC68B095BD2E60A5BC78B0B5BC88B35
:106B20000C5BC98B0D5BCA8B0E5BCB8B0F5BCC8B6D
:106B3000105BCD8B115BCE8B125BCF8B135BD08B3D
:106B4000145BD18B155BD28B165BD4E6175BD3E657
:106B5000185BD38B195BD48B1A5BD58B1B5BD68BE5
:106B60001C5BD78B1D5BD88B1E5BD98B1F5BDA8BB5
:106B7000205BDB8B215BDC8B225BDD8B235BDE8B85
:106B8000245BDF8B255BE08B265BE18B275BE28B55
:106B9000285BE38B295BE48B2A5BE58B2B5BE68B25
:106BA0002C5BE78B2D5BE88B2E5BE98B2F5BEA8BF5
:106BB000305BEB8B315BEC8B325BD5E6335BED8B83
:106BC000345BF8D9355BEE8B365BEF8B375BD6E603
:106BD000385BF08B395BF18B3A5BF28B3B5BF38B71
:106BE0003C5BF48B3D5BF58B3E5BF68B3F5BF78B41
:106BF000405BD7E6415BF88B425BF98B435BFA8BDA
:106C0000445BFB8B455BFC8B465BFD8B475BFE8BE4
:106C1000485B408C495B418C4A5B428C4B5B438CAC
:106C20004C5B448C4D5B458C4E5B468C4F5B478C7C
:106C3000505BD3D7515BDDE6525B488C535BDEE69D
:106C4000545BD7BF555BD0D4565B498C575BD6D7C6
:106C5000585BE6B4595BEFCB5A5BDAE65B5BC3D8B3
:106C60005C5BCED75D5BA2D05E5B4A8C5F5BCFC3C3
:106C7000605B4B8C615B4C8C625BDFE6635BBEBC34
:106C8000645BC2B9655BDBE6665BA7D1675B4D8C75
:106C9000685B4E8C695BA2BA6A5BCFC26B5B4F8C40
:106CA0006C5BABD86D5B508C6E5B518C6F5B528CA8
:106CB000705BEBCA715BEEE5725B538C735BDCE679
:106CC000745B548C755BF5B7765B558C775B568C33
:106CD000785B578C795B588C7A5BE6C87B5B598C08
:106CE0007C5B5A8C7D5BF5C47E5B5B8C7F5B5C8CD4
:106CF000805BB2E5815BFEC4825B5D8C835BFCCB19
:106D0000845BB3E5855BACD5865B5E8C875BEED33D
:106D1000885BD8CA895BB2B08A5B5F8C8B5BCECB59
:106D20008C5BEACD8D5B608C8E5B618C8F5BEABA8D
:106D3000905B628C915B638C925B648C935BB5E53A
:106D4000945B658C955BB4E5965B668C975BDAD754
:106D5000985BD9B9995BE6D69A5BA8B69B5BF0CDF8
:106D60009C5BCBD29D5BA6B19E5BB5CA9F5B678CDB
:106D7000A05BE8B3A15BF3C9A25BCDBFA35BFBD073
:106D8000A45BD2CAA55BB6E5A65BC2BBA75B688C59
:106D9000A85B698CA95B6A8CAA5BDCCFAB5BACB9E6
:106DA000AC5B6B8CAD5B6C8CAE5B6D8CAF5B6E8CDF
:106DB000B05BD7D4B15B6F8CB25B708CB35BA6BA9F
:106DC000B45BE7D1B55BFCCFB65BD2BCB75B718C73
:106DD000B85BB7E5B95BDDC8BA5B728CBB5B738C23
:106DE000BC5B748CBD5BEDBFBE5BF6B1BF5BDECB45
:106DF000C05B758CC15B768CC25BC5BCC35B778C9A
:106E0000C45BC4BCC55BFAD2C65BDCC3C75BDCBF7A
:106E1000C85B788CC95B798CCA5B7A8CCB5B7B8CCA
:106E2000CC5BBBB8CD5B7C8CCE5B7D8CCF5B7E8C32
:106E3000D05BC2C3D15B808CD25BAEBAD35BA2D431
:106E4000D45B818CD55B828CD65B838CD75B848C46
:106E5000D85B858CD95B868CDA5B878CDB5B888C16
:106E6000DC5B898CDD5BDEC7DE5BAFC4DF5BECB275
:106E7000E05B8A8CE15BD1B9E25B8B8CE35B8C8C51
:106E8000E45BBBE5E55BC8C1E65B8D8CE75B8E8CA4
:106E9000E85BAFD5E95B8F8CEA5B908CEB5B918C08
:106EA000EC5B928CED5B938CEE5BBCE5EF5B948CC2
:106EB000F05BBEE5F15B958CF25B968CF35B978C97
:106EC000F45B988CF55B998CF65B9A8CF75B9B8CEA
:106ED000F85BE7B4F95BD4B6FA5BC2CBFB5BB0D12D
:106EE000FC5BBCB5FD5B9C8CFE5B9D8CFF5BD9CADB
:106EF000005C9E8C015CE2B7025C9F8C035CA08C02
:106F0000045CE4C9055CA18C065CABBD075CA28C8B
:106F1000085CA38C095CBECE0A5CF0D70B5CA48C29
:106F20000C5CA58C0D5CA68C0E5CA78C0F5CA1D0B4
:106F3000105CA88C115CD9C9125CA98C135CAA8C5A
:106F4000145CFBB6155CD8E6165CE2BC175CAB8C37
:106F5000185CBEB3195CAC8C1A5CD0C91B5CAD8CE0
:106F60001C5CD9E61D5CA2B31E5CAE8C1F5CAF8CB2
:106F7000205CB08C215CB18C225CCCDE235CB28CBA
:106F8000245CC8D3255CCDDE265CB38C275CA2D202
:106F9000285CB48C295CB58C2A5CB68C2B5CB78CD5
:106FA0002C5CCEDE2D5CB88C2E5CB98C2F5CBA8C40
:106FB000305CBB8C315CCDBE325CBC8C335CBD8C38
:106FC000345CCFDE355CBE8C365CBF8C375CC08CED
:106FD000385CACCA395CFCD23A5CDFB33B5CEAE5B6
:106FE0003C5CE1C43D5CA1BE3E5CB2CE3F5CF2C401
:106FF000405CD6BE415CA8C6425CE3B2435CC18C37
:10700000445CC28C455CD3BE465CC38C475CC48C7C
:10701000485CFCC7495CEBCC4A5CECBD4B5CDDCE0C
:107020004C5CC58C4D5CC68C4E5CBACA4F5CC1C60C
:10703000505CECE5515CBCD0525CC78C535CC88C96
:10704000545CC98C555CB9D5565CCA8C575CCB8CEA
:10705000585CCC8C595CEDE55A5CCD8C5B5CCE8C7D
:107060005C5CCF8C5D5CD08C5E5CF4CA5F5CD18C68
:10707000605CC0CD615CC5C2625CD28C635CEFE5D4
:10708000645CD38C655CC4C2665CF0E5675CD48CE0
:10709000685CD58C695CD68C6A5CD78C6B5CD88C50
:1070A0006C5CD98C6D5CDA8C6E5CF8E56F5CCDCD78
:1070B000705CDB8C715CBDC9725CDC8C735CDD8CDC
:1070C000745CDE8C755CDF8C765CE08C775CE18CCC
:1070D000785CE28C795CD9D27A5CA8E17B5CE38C49
:1070E0007C5CE48C7D5CE58C7E5CE68C7F5CECD328
:1070F000805CE78C815CEACB825CF1C6835CE88CC7
:10710000845CE98C855CEA8C865CEB8C875CEC8C1F
:10711000885CACE1895CED8C8A5CEE8C8B5CEF8CDE
:107120008C5CA7E18D5CA9E18E5CF08C8F5CF18CAE
:10713000905CAAE1915CAFE1925CF28C935CF38C81
:10714000945CEDB2955CF48C965CABE1975CDAB83C
:10715000985CADE1995CAEE19A5CB0E19B5CBAB53C
:107160009C5CB1E19D5CF58C9E5CF68C9F5CF78C21
:10717000A05CF88CA15CF98CA25CB3E1A35CB8E1E3
:10718000A45CFA8CA55CFB8CA65CFC8CA75CFD8CDB
:10719000A85CFE8CA95CD2D1AA5C408DAB5CB6E148
:1071A000AC5CB5E1AD5CEBC1AE5C418DAF5C428DDA
:1071B000B05C438DB15CB7E1B25C448DB35CC0D4CC
:1071C000B45C458DB55CB2E1B65C468DB75CBAE1A6
:1071D000B85CB6B0B95C478DBA5C488DBB5C498D74
:1071E000BC5C4A8DBD5CB4E1BE5C4B8DBF5CF9BF3D
:1071F000C05C4C8DC15CB9E1C25C4D8DC35C4E8DF1
:10720000C45CBBE1C55C4F8DC65C508DC75C518DC5
:10721000C85C528DC95C538DCA5C548DCB5CBEE199
:10722000CC5C558DCD5C568DCE5C578DCF5C588D2A
:10723000D05C598DD15C5A8DD25CBCE1D35C5B8D46
:10724000D45C5C8DD55C5D8DD65C5E8DD75C5F8DCE
:10725000D85C608DD95CC5D6DA5C618DDB5C628DF3
:10726000DC5C638DDD5C648DDE5C658DDF5C668D72
:10727000E05C678DE15CBFCFE25C688DE35C698DAB
:10728000E45CBDE1E55CBFE1E65CCDC2E75C6A8D34
:10729000E85CEBB6E95C6B8DEA5CF8D3EB5C6C8D7B
:1072A000EC5C6D8DED5CCDC7EE5C6E8DEF5C6F8D33
:1072B000F05CE5B7F15C708DF25C718DF35C728D02
:1072C000F45C738DF55C748DF65C758DF75C768D72
:1072D000F85C778DF95C788DFA5C798DFB5CFEBE8D
:1072E000FC5C7A8DFD5C7B8DFE5C7C8DFF5C7D8D16
:1072F000005D7E8D015D808D025DC0E1035DC1E1B9
:10730000045D818D055D828D065DC7E1075DE7B394
:10731000085D838D095D848D0A5D858D0B5D868D8D
:107320000C5D878D0D5D888D0E5DE9C60F5D898DC5
:10733000105D8A8D115D8B8D125D8C8D135D8D8D31
:10734000145DDEB4155D8E8D165DC2D1175D8F8D17
:10735000185D908D195D918D1A5D928D1B5DC8E150
:107360001C5D938D1D5D948D1E5DC6E11F5D958D29
:10737000205D968D215D978D225D988D235D998D81
:10738000245DC5E1255D9A8D265DC3E1275DC2E1DF
:10739000285D9B8D295DC0B12A5D9C8D2B5D9D8DE7
:1073A0002C5D9E8D2D5DB8D52E5DC4E12F5D9F8D2A
:1073B000305DA08D315DA18D325DA28D335DA38DD9
:1073C000345DCBE1355DA48D365DA58D375DA68D31
:1073D000385DA78D395DA88D3A5DA98D3B5DAA8D7D
:1073E0003C5DAB8D3D5DCCE13E5DCAE13F5DAC8D6A
:1073F000405DAD8D415DAE8D425DAF8D435DB08D25
:10740000445DB18D455DB28D465DB38D475DFAEF4C
:10741000485DB48D495DB58D4A5DD3E14B5DD2E1E8
:107420004C5DB6C74D5DB68D4E5DB78D4F5DB88D69
:10743000505DB98D515DBA8D525DBB8D535DBC8D74
:10744000545DBD8D555DBE8D565DBF8D575DC08D44
:10745000585DC9E1595DC18D5A5DC28D5B5DCEE15C
:107460005C5DC38D5D5DD0E15E5DC48D5F5DC58D8E
:10747000605DC68D615DC78D625DC88D635DC98DC0
:10748000645DCA8D655DCB8D665DCC8D675DCD8D90
:10749000685DCE8D695DD4E16A5DCF8D6B5DD1E1B4
:1074A0006C5DCDE16D5DD08D6E5DD18D6F5DCFE199
:1074B000705DD28D715DD38D725DD48D735DD58D10
:1074C000745DD5E1755DD68D765DD78D775DD88D90
:1074D000785DD98D795DDA8D7A5DDB8D7B5DDC8DB4
:1074E0007C5DDD8D7D5DDE8D7E5DDF8D7F5DE08D84
:1074F000805DE18D815DE28D825DD6E1835DE38D0E
:10750000845DE48D855DE58D865DE68D875DE78D27
:10751000885DE88D895DE98D8A5DEA8D8B5DEB8DF7
:107520008C5DEC8D8D5DED8D8E5DEE8D8F5DEF8DC7
:10753000905DF08D915DF18D925DF28D935DF38D97
:10754000945DF48D955DF58D965DF68D975DF78D67
:10755000985DF88D995DD7E19A5DF98D9B5DFA8D07
:107560009C5DFB8D9D5DD8E19E5DFC8D9F5DFD8DDD
:10757000A05DFE8DA15D408EA25D418EA35D428E19
:10758000A45D438EA55D448EA65D458EA75D468EA7
:10759000A85D478EA95D488EAA5D498EAB5D4A8E77
:1075A000AC5D4B8EAD5D4C8EAE5D4D8EAF5D4E8E47
:1075B000B05D4F8EB15D508EB25D518EB35D528E17
:1075C000B45D538EB55D548EB65D558EB75DDAE110
:1075D000B85D568EB95D578EBA5D588EBB5D598EBB
:1075E000BC5D5A8EBD5D5B8EBE5D5C8EBF5D5D8E8B
:1075F000C05D5E8EC15D5F8EC25D608EC35D618E5B
:10760000C45D628EC55DDBE1C65D638EC75D648E61
:10761000C85D658EC95D668ECA5D678ECB5D688EFE
:10762000CC5D698ECD5DA1CECE5D6A8ECF5D6B8E59
:10763000D05D6C8ED15D6D8ED25D6E8ED35D6F8EA2
:10764000D45D708ED55D718ED65D728ED75D738E72
:10765000D85D748ED95D758EDA5D768EDB5DDDE783
:10766000DC5D778EDD5DA8B4DE5DDDD6DF5D788E16
:10767000E05D798EE15DB2D1E25DB2B3E35D7A8E19
:10768000E45D7B8EE55DA4B9E65DF3D7E75DC9C730
:10769000E85DDEBEE95DAEB9EA5D7C8EEB5DD7CE1E
:1076A000EC5D7D8EED5D7E8EEE5DEEB2EF5DCFDB4F
:1076B000F05D808EF15DBABCF25DD1D2F35DC8CBD6
:1076C000F45DCDB0F55D818EF65D828EF75DEFCF16
:1076D000F85D838EF95D848EFA5D858EFB5D868E06
:1076E000FC5D878EFD5DE3D9FE5DEDBDFF5D888E9F
:1076F000005E898E015ED2B1025ED0CA035EBCB26A
:10770000045E8A8E055EA7CB065EABB7075E8B8EE6
:10771000085EA6CA095E8C8E0A5E8D8E0B5E8E8E0A
:107720000C5EA3CF0D5E8F8E0E5E908E0F5EF8E026
:10773000105ECAD5115EFBE0125E918E135E928ED2
:10774000145EFAE0155EC1C5165EFBCC175E938E23
:10775000185EB1C1195EF9E01A5EE3D61B5EAFB2E6
:107760001C5EC4D61D5EDBB51E5E948E1F5E958EBC
:10777000205E968E215E978E225E988E235E998E75
:10778000245E9A8E255E9B8E265EF8B4275EA1D677
:10779000285E9C8E295E9D8E2A5E9E8E2B5E9F8E1D
:1077A0002C5EA08E2D5EAFCF2E5EEFB02F5EA18E31
:1077B000305EA28E315EFCE0325EA38E335EA48E1C
:1077C000345EA58E355EA68E365EA78E375EA1E14D
:1077D000385EA3B3395EA88E3A5EA98E3B5EFDE0AB
:1077E0003C5EFEE03D5EB1C33E5EAA8E3F5EAB8E68
:1077F000405EAC8E415EAD8E425EDDC3435EAE8EBA
:10780000445EA2E1455EF9B7465EAF8E475EB08E3C
:10781000485EB18E495EB28E4A5EB38E4B5EB48EC8
:107820004C5ECFBB4D5EB58E4E5EB68E4F5EB78E54
:10783000505EB88E515EB98E525EBA8E535EBB8E6C
:10784000545EA3E1555EBBC4565EBC8E575EBD8ED2
:10785000585EBE8E595EBF8E5A5EC08E5B5EA4E1DE
:107860005C5EC18E5D5EC28E5E5EA5E15F5EC38EB4
:10787000605EC48E615EA6E1625EB1B4635EC58E79
:10788000645EC68E655EC78E665EC88E675EC98E94
:10789000685ECA8E695ECB8E6A5ECC8E6B5ECD8E64
:1078A0006C5ECE8E6D5ECF8E6E5ED08E6F5ED18E34
:1078B000705ED28E715ED38E725EC9B8735EBDC6C5
:1078C000745EEAC4755ED48E765EA2B2775ED58EA3
:1078D000785ED2D0795ED68E7A5EDBE77B5EC3BB04
:1078E0007C5ED7D37D5EC4D37E5ED78E7F5EE3B9E8
:1078F000805ECFE2815ED88E825ED98E835EDA8E24
:10790000845EAFD7855EDB8E865EECC7875ED3B1C3
:10791000885EDC8E895EDD8E8A5EB2B48B5ED1E2DB
:107920008C5EDE8E8D5EDF8E8E5EE08E8F5EF2D0A0
:10793000905EAEC2915ED0E2925EE18E935EE2BF57
:10794000945EA6D3955ED7B5965ED2E2975EEAB511
:10795000985EE28E995EEDC39A5EFDB89B5EE38E03
:107960009C5EAEB89D5EE48E9E5ED3C59F5ECFB733
:10797000A05ED4E2A15EE58EA25EE68EA35EE78EF7
:10798000A45EE88EA55ED3E2A65EC8B6A75EF9D770
:10799000A85EE98EA95EEA8EAA5EEB8EAB5EEC8EE7
:1079A000AC5EED8EAD5EA5CDAE5EEE8EAF5EEF8EC3
:1079B000B05EF08EB15EF18EB25EF28EB35ED8E252
:1079C000B45EF38EB55ED6E2B65EFCCAB75EB5BFF6
:1079D000B85EB9D3B95ED5E2BA5EF48EBB5EF58E01
:1079E000BC5EF68EBD5EF78EBE5ED7E2BF5EF88EE1
:1079F000C05EF98EC15EFA8EC25EFB8EC35EFC8EE7
:107A0000C45EFD8EC55EFE8EC65E408FC75E418F32
:107A1000C85E428FC95EAEC1CA5EC8C0CB5E438F2E
:107A2000CC5E448FCD5E458FCE5E468FCF5E478F56
:107A3000D05E488FD15EDBE2D25EDAE2D35EAAC0CE
:107A4000D45E498FD55E4A8FD65ECEC1D75E4B8F4E
:107A5000D85E4C8FD95E4D8FDA5E4E8FDB5EDCE2F6
:107A6000DC5E4F8FDD5E508FDE5E518FDF5E528FAA
:107A7000E05E538FE15E548FE25E558FE35E568F7A
:107A8000E45E578FE55E588FE65E598FE75E5A8F4A
:107A9000E85EDDE2E95E5B8FEA5EDEE2EB5E5C8F74
:107AA000EC5E5D8FED5E5E8FEE5E5F8FEF5E608FF2
:107AB000F05E618FF15E628FF25E638FF35E648FC2
:107AC000F45EC8DBF55E658FF65ED3D1F75EA2CDBE
:107AD000F85E668FF95E678FFA5EA8BDFB5E688F01
:107AE000FC5E698FFD5E6A8FFE5EC3DEFF5EA5D819
:107AF000005FAABF015FCDDB025FECD2035FFAC675
:107B0000045FAAC5055F6B8F065F6C8F075F6D8F83
:107B1000085FC4DE095F6E8F0A5FD7B10B5FAEDF0F
:107B20000C5F6F8F0D5F708F0E5F718F0F5FBDCA1F
:107B3000105F728F115FB1DF125F738F135FADB98A
:107B4000145F748F155FFDD2165F758F175FA5B830
:107B5000185FEBBA195F768F1A5F778F1B5FDAB306
:107B60001C5F788F1D5F798F1E5F7A8F1F5FDCB57A
:107B7000205FC5D5215F7B8F225F7C8F235F7D8F48
:107B8000245F7E8F255FD6C3265FD2CF275FA1BB40
:107B9000285F808F295FF3E52A5FF2E52B5F818FF5
:107BA0002C5F828F2D5FF4E52E5F838F2F5FE4CDF6
:107BB000305F848F315FF5C8325F858F335F868F8A
:107BC000345F878F355F888F365F898F375F8A8F05
:107BD000385F8B8F395FAFB53A5FBFC73B5F8C8F24
:107BE0003C5FF6E53D5F8D8F3E5F8E8F3F5F8F8FF1
:107BF000405FB0EC415F908F425F918F435F928F07
:107C0000445F938F455F948F465F958F475F968F54
:107C1000485F978F495F988F4A5F998F4B5F9A8F24
:107C20004C5F9B8F4D5F9C8F4E5F9D8F4F5F9E8FF4
:107C3000505FE6E5515F9F8F525FE9B9535FB1B581
:107C4000545FA08F555FBCC2565FE8E5575FE7E51C
:107C5000585FE9E5595FA18F5A5FA28F5B5FA38FE1
:107C60005C5FA48F5D5FCDD25E5FA58F5F5FA68FE7
:107C7000605FA78F615FEAE1625FCED0635FA88F2C
:107C8000645FAECD655FA98F665FE5D1675FAA8F40
:107C9000685FAB8F695FCAB26A5FEBB16B5FAC8F35
:107CA0006C5FF2B16D5FEDC56E5FAD8F6F5FAE8FD4
:107CB000705FC3D5715FB0D3725FAF8F735FDCE16C
:107CC000745FB08F755FB18F765FB28F775FDDE1E4
:107CD000785FB38F795FDBD27A5FB48F7B5FB9B3A4
:107CE0007C5FCBB17D5FB58F7E5FB68F7F5FB78FD7
:107CF000805FF9CD815FF7D5825FDEE1835FB88F6A
:107D0000845FB6BE855FFDB4865FB98F875FDFE1B4
:107D1000885FDCBA895FE0E18A5FB2BB8B5FC9C272
:107D20008C5FE1E18D5FBA8F8E5FBB8F8F5FBC8F01
:107D3000905FECD0915FBD8F925FBDCD935FBE8FA2
:107D4000945FBF8F955FE2E1965FC08F975FC3B589
:107D5000985FC7C5995FE3E19A5FC18F9B5FC28F50
:107D60009C5FE4E19D5FC38F9E5FC48F9F5FC58F63
:107D7000A05FC68FA15FF9D3A25FC78FA35FC88F33
:107D8000A45FC98FA55FCA8FA65FCB8FA75FCC8F7B
:107D9000A85FE5E1A95FCD8FAA5FADD1AB5FCE8FC4
:107DA000AC5FCF8FAD5FE6E1AE5FA2CEAF5FD08FAD
:107DB000B05FD18FB15FD28FB25FD38FB35FD48FFB
:107DC000B45FD58FB55FE7E1B65FD68FB75FC2B559
:107DD000B85FD78FB95FD88FBA5FD98FBB5FDA8FA3
:107DE000BC5FE8E1BD5FD5BBBE5FDB8FBF5FDC8FF3
:107DF000C05FDD8FC15FDE8FC25FDF8FC35FC4D026
:107E0000C45FE0E2C55FD8B1C65FE4D2C75FE08F70
:107E1000C85FE18FC95FE1E2CA5FE28FCB5FE38FAA
:107E2000CC5FC9BCCD5FCCC8CE5FE48FCF5FE3E24F
:107E3000D05FFEECD15FFDECD25FAFDFD35FE58FAB
:107E4000D45FE68FD55FE78FD65FE2E2D75FBED61D
:107E5000D85FFCCDD95FA6C3DA5FE88FDB5FE98F1F
:107E6000DC5FEA8FDD5FC3E3DE5FEB8FDF5FEC8F0C
:107E7000E05FD2D6E15FE7E2E25FED8FE35FEE8F96
:107E8000E45FE8E2E55FEF8FE65FF08FE75FC7D37F
:107E9000E85FF18FE95FF28FEA5FECE2EB5FECBF46
:107EA000EC5FF38FED5FEDE2EE5FE5E2EF5FF48F05
:107EB000F05FF58FF15FC0B3F25FF68FF35FF78F7E
:107EC000F45FF88FF55FEEC4F65FF98FF75FFA8F16
:107ED000F85FEEE2F95FFB8FFA5FFC8FFB5FC3D0C8
:107EE000FC5FFD8FFD5FF6BAFE5FE9E2FF5FDEB784
:107EF0000060B3BB0160ACCC0260CBCB0360E4E2BA
:107F00000460E6E20560EAE20660EBE20760FE8FED
:107F100008604090096041900A60F7E20B6042906F
:107F20000C6043900D60F4E20E60F5D40F60F3E254
:107F300010604490116045901260ADC5136046908A
:107F40001460FAD51560C2C51660C0B217604790BC
:107F5000186048901960EFE21A6049901B60F2E2E5
:107F60001C60AFC11D60BCCB1E604A901F604B906F
:107F70002060A1B52160F9E222604C9023604D9011
:107F800024604E902560B1BC2660F1E22760D4D019
:107F90002860B9D42960F5E22A60D6B92B60F6E2F0
:107FA0002C604F902D6050902E6051902F60D3C761
:107FB00030605290316053903260549033605590ED
:107FC000346056903560F0E23660579037605890D4
:107FD0003860599039605A903A605B903B60DCD7CA
:107FE0003C60A1ED3D605C903E605D903F60F8E2DA
:107FF00040605E904160A5ED4260FEE24360D1CA00
:1080000044605F9045606090466061904760629018
:1080100048606390496064904A6065904B60B5C168
:108020004C6066904D60D0BB4E6067904F6068902A
:108030005060D6BF516069905260E3BA53606A9055
:1080400054606B905560A1CB56606C9057606D90FA
:1080500058606E905960A6ED5A60A3ED5B606F901A
:108060005C6070905D60A2ED5E6071905F60729088
:1080700060607390616074906260D6BB6360A7EDCE
:108080006460F4D065607590666076906760A4ED7A
:108090006860DEBA6960F7B66A60A1E36B60B2B689
:1080A0006C60F1CC6D60A7B96E6077906F60A2CF05
:1080B0007060A1C771607890726079907360D2BF70
:1080C00074607A9075607B907660F1B677607C9092
:1080D0007860FAE27960FBE27A60FDE27B60FCE2C4
:1080E0007C60D5C47D60A2E37E607D907F60C1D35B
:1080F00080607E9081608090826081908360A7E341
:108100008460C4C785608290866083908760849015
:10811000886085908960A4CF8A6086908B60879004
:108120008C60A9E38D60B7BA8E6088908F6089906B
:1081300090608A9091608B909260A8E393608C909D
:108140009460DABB95608D909660A3E397608E9003
:1081500098608F90996090909A60A4E39B60AAE3E6
:108160009C6091909D60A6E39E6092909F60F2CE8D
:10817000A060C6D3A1609390A2609490A360BCBBA2
:10818000A4609590A5609690A660C3D4A7609790D0
:10819000A860FAC4A9609890AA609990AB60A8ED15
:1081A000AC60FCD0AD60A5E3AE609A90AF60F5C363
:1081B000B0609B90B160ADE3B260AFB1B3609C9032
:1081C000B460B2E3B5609D90B6609E90B7609F903A
:1081D000B860C2BCB960A090BA60A190BB60ACE3CB
:1081E000BC60BFB5BD60A290BE60A390BF60A4900C
:1081F000C060A590C160A690C260A790C360A8901F
:10820000C460A990C560E9C7C660B0E3C760AA9022
:10821000C860AB90C960AC90CA60AABECB60EFCD1D
:10822000CC60AD90CD60AE90CE60AF90CF60B0909E
:10823000D060B190D160F3BBD260B290D360B39004
:10824000D460B490D560E8CCD660B590D760B690D5
:10825000D860AFE3D960B790DA60B1E3DB60B89083
:10826000DC60A7CFDD60AEE3DE60B990DF60A9CE51
:10827000E060DDBBE160BA90E260BB90E360BC907F
:10828000E460BD90E560BE90E660EBB5E760E5BEFA
:10829000E860D2B2E960CDB3EA60BF90EB60B9B1FB
:1082A000EC60ABE3ED60D1B2EE60ACB5EF60DFB98E
:1082B000F060E8B6F160C090F260C190F360EBCF7F
:1082C000F460B7E3F560C290F660CCBBF760C39092
:1082D000F860C490F960C7C8FA60CAD0FB60C59066
:1082E000FC60C690FD60C790FE60C890FF60C990BA
:1082F0000061B8E30161EEB30261CA900361CB9003
:108300000461CC900561CD900661A9ED0761CE9026
:108310000861FAD30961E4D30A61CF900B61D09070
:108320000C61D1900D61AAED0E61B9E30F61E2D24B
:108330001061D2901161D3901261D4901361D590E5
:108340001461D6901561B5E31661D7901761D89086
:108350001861D9901961DA901A61DED31B61DB9044
:108360001C61DC901D61DD901E61DE901F61D0B844
:108370002061B3E32161DF902261E0902361B6E3E5
:108380002461DFB72561E1902661B4E32761A2C0D3
:108390002861E2902961E3902A61E4902B61BAE3BD
:1083A0002C61E5902D61E6902E61E7902F61E890B9
:1083B0003061E9903161EA903261EB903361EC9089
:1083C0003461ED903561EE903661EF903761F09059
:1083D0003861F1903961F2903A61F3903B61F49029
:1083E0003C61F5903D61F6903E61F7903F61B8D4F5
:1083F0004061F8904161F9904261FA904361FB90CD
:108400004461FC904561FD904661FE90476140915A
:108410004861C8B4496141914A61BBE34B614291F3
:108420004C61C5BB4D6143914E61F7C94F614491A9
:10843000506145915161E5C952614691536147913F
:10844000546148915561BDC45661499157614A9143
:1084500058614B9159614C915A614D915B614E91BC
:108460005C614F915D61ABED5E6150915F615191D7
:1084700060615291616153916261FDC26361549187
:108480006461559165615691666157916761DBBB87
:108490006861AEBF696158916A6159916B615A9187
:1084A0006C615B916D615C916E615D916F615E91DC
:1084B0007061BFCE71615F91726160917361619112
:1084C000746162917561BCE3766163917761B6BF57
:1084D00078616491796165917A6166917B61679158
:1084E0007C6168917D6169917E616A917F616B9128
:1084F00080616C9181616D9182616E9183616F91F8
:1085000084617091856171918661729187617391C7
:1085100088617491896175918A6176918B61EFB1FF
:108520008C6177918D6178918E61F7D48F617991AB
:1085300090617A9191617B9192617C9193617D913F
:108540009461BEE395617E9196618091976181917E
:1085500098618291996183919A6184919B618591DF
:108560009C6186919D61ADED9E6187919F6188912F
:10857000A0618991A1618A91A2618B91A3618C9183
:10858000A4618D91A5618E91A6618F91A761BFE3D2
:10859000A861A9BAA961ACEDAA619091AB61919172
:1085A000AC61BDE3AD619291AE619391AF61949185
:1085B000B0619591B1619691B2619791B3619891D3
:1085C000B4619991B5619A91B6619B91B761C0E32D
:1085D000B8619C91B9619D91BA619E91BB619F9177
:1085E000BC61A091BD61A191BE61B6BABF61A2910B
:1085F000C061A391C161A491C261AEB6C361A591EE
:10860000C461A691C561A791C661A891C761A991EE
:10861000C861B8D0C961AA91CA61C3B0CB61AEEDDF
:10862000CC61AB91CD61AC91CE61AD91CF61AE919A
:10863000D061AF91D161AFEDD261C1C0D361B091D2
:10864000D461C1E3D561B191D661B291D761B391E3
:10865000D861B491D961B591DA61B691DB61B79116
:10866000DC61B891DD61B991DE61BA91DF61BB91E6
:10867000E061BC91E161BD91E261BE91E361BF91B6
:10868000E461C091E561C191E661B3C5E761C29162
:10869000E861C391E961C491EA61C591EB61C6915A
:1086A000EC61C791ED61C891EE61C991EF61CA912A
:1086B000F061CB91F161CC91F261CD91F361CE91FA
:1086C000F461CF91F561C2E3F661D091F761D19188
:1086D000F861D291F961D391FA61D491FB61D5919E
:1086E000FC61D691FD61D791FE61D891FF61B2DC4A
:1086F0000062D9910162DA910262DB910362DC913E
:108700000462DD910562DE910662B0ED0762DF91E1
:108710000862EAB80962E0910A62ECCE0B62A7EA4D
:108720000C62E7D00D62F9CA0E62D6C80F62B7CFED
:108730001062C9B31162D2CE1262E4BD1362E1913C
:108740001462E2911562DEE31662F2BB1762A8EAD8
:108750001862BDD51962E3911A62DDC61B62A9EAEF
:108760001C62E4911D62E5911E62E6911F62AAEA15
:108770002062E7912162ACEA2262ABEA2362E891CF
:108780002462AEEA2562ADEA2662E9912762EA91A7
:108790002862EB912962EC912A62D8BD2B62ED919F
:1087A0002C62AFEA2D62EE912E62BEC22F62EF9173
:1087B0003062F0913162F1913262F2913362C1B470
:1087C0003462F7B43562F3913662F4913762A7BB35
:1087D0003862F5913962F6913A62F7913B62F8910D
:1087E0003C62F9913D62E6EC3E62E5EC3F62BFB768
:1087F0004062F9CB4162E2B14262FA914362E7EC36
:108800004462FB914562FC914662FD914762C8C992
:108810004862E8EC4962E9EC4A62FE914B62D6CAD2
:108820004C62D0DE4D62C5B24E62FAD44F624092C5
:10883000506241925162CBC65262C7B05362F2B4E9
:108840005462D3C855624292566243925762449230
:108850005862D0CD596245925A6246925B62B8BF67
:108860005C6247925D6248925E6249925F624A92A0
:1088700060624B9261624C9262624D926362DBBFB6
:1088800064624E9265624F926662A4C76762B4D614
:10889000686250926962A9C06A62D1DE6B62A8C93F
:1088A0006C62EFD16D62A4C56E62E7B06F62B6B361
:1088B0007062C5C871625192726252927362E2B084
:1088C00074625392756254927662F6B777625592EB
:1088D000786256927962FAC57A6257927B625892B0
:1088E0007C62F3B67D6259927E62D2D57F62D0B34C
:1088F0008062BCBC81625A9282625B9283625C92AB
:108900008462ADB385625D9286625E9287625F9299
:10891000886260928962F1BE8A62D1B08B62619294
:108920008C6262928D6263928E6264928F626592B3
:10893000906266929162D6D29262E3CA9362A5D7A0
:10894000946267929562B6CD9662B6B69762B9BFE9
:108950009862DBD5996268929A62A7B89B62D7C584
:108960009C6269929D626A929E626B929F62D2DE65
:10897000A062D9BFA162D5C2A262C0C7A3626C9235
:10898000A462A4BBA562A8B1A6626D92A7626E9212
:10899000A862EAC5A9626F92AA627092AB62FBC537
:1089A000AC62A7CCAD627192AE627292AF6273920A
:1089B000B0627492B162A7B1B2627592B3627692FC
:1089C000B4627792B562D6B5B6627892B7627992A0
:1089D000B8627A92B962A8C4BA627B92BB62D3DEF3
:1089E000BC62BAD1BD62E9B3BE627C92BF62F2C31F
:1089F000C0627D92C1627E92C262F7B7C36280920A
:108A0000C462F4D6C562A3B5C662F0B2C762B4C48C
:108A1000C862E9C4C962ADC0CA62D4DECB628192C9
:108A2000CC62E8B0CD62C4C5CE62E0C1CF628292B2
:108A3000D062D5B9D1628392D262DCBED362D8CD86
:108A4000D462CEB0D5628492D662CFCDD762D6DE64
:108A5000D862D0BED962BED7DA62D5DEDB62D0D5AD
:108A6000DC62DDB0DD628592DE628692DF62E2C4A6
:108A7000E0628792E1628892E262A3C2E362F0BCA4
:108A8000E4628992E562B5D3E662B9C0E762A1C546
:108A9000E862A6B2E962F1D4EA628A92EB628B9252
:108AA000EC62A8C0ED62C3CAEE62D7DEEF62FCD50D
:108AB000F0628C92F162B0B9F2628D92F362ADC84D
:108AC000F462A9CBF5628E92F662D9DEF762BDBF81
:108AD000F8628F92F9629092FA629192FB6292929E
:108AE000FC62B4C6FD62A7D7FE62B0CAFF62C3C40F
:108AF000006393920163D6B30263D2B90363949285
:108B00000463959205639692066397920763B8D6BD
:108B10000863FCEA0963B4B00A6398920B63999204
:108B20000C639A920D639B920E63E6BF0F639C9257
:108B300010639D921163F4CC12639E9213639F9213
:108B40001463A0921563A1921663DACD1763A29203
:108B50001863A3921963A4921A63BFD61B63CEC293
:108B60001C63A5921D63CECE1E63A2CC1F63AED044
:108B70002063D3C42163B2B52263D8DE2363F5D565
:108B80002463B7BC2563D3BB2663A6922763A79251
:108B90002863A4B02963A8922A63B2C52B63ECB4FE
:108BA0002C63A9922D63AA922E63AB922F63F1D509
:108BB0003063AC923163AD923263FDEA3363AE92BF
:108BC0003463AF923563B0923663B1923763B29239
:108BD0003863B3923963DADE3A63A6CD3B63B4926D
:108BE0003C63B5923D63ECCD3E63B6923F63B79272
:108BF0004063B8924163B9924263E6CE4363DCDEE0
:108C00004463BA924563B1CD4663A6C04763BB9245
:108C10004863BC924963BDD74A63BD924B63DBDEB8
:108C20004C63C6B04D63B4BA4E63D3C94F63F3C44B
:108C30005063E8BE5163BE925263BF925363C092C9
:108C40005463C1925563B6B25663C2925763C392DE
:108C50005863C4925963C5925A63C6925B63C792C4
:108C60005C63C8925D63C9925E63CCC05F63F0CB06
:108C70006063CA926163F1BC6263BBBB6363B7B5F7
:108C80006463CB926563CC926663CD926763F5C5EE
:108C90006863CE926963E6DE6A63CF926B63D092BB
:108CA0006C63D1926D63E3DE6E63DDBE6F63D2925F
:108CB0007063D3927163DFDE7263D4927363D59273
:108CC0007463D6927563D7927663B7B47763DDBD6C
:108CD0007863D8927963D9927A63E0DE7B63EDC4DE
:108CE0007C63DA927D63DB927E63DC927F63DD924C
:108CF0008063C6CF8163DE928263E0B58363DF92D7
:108D00008463E0928563E1928663E2928763DEB6D4
:108D10008863DACA8963F4B58A63E5DE8B63E3921C
:108D20008C63C6D58D63E4928E63E1DE8F63CDCC18
:108D30009063FEC69163E5929263C5C59363E69224
:108D40009463E7929563E8929663B4D29763E9924D
:108D50009863F2BE9963EA929A63EB929B63EC92FA
:108D60009C63ED929D63EE929E63EF929F63F092FF
:108D7000A063D3C2A163F192A263BDCCA363B8B3D5
:108D8000A463F292A563D3BDA663F392A763D8BF91
:108D9000A863C6CDA963DAD1AA63EBB4AB63F4923E
:108DA000AC63E4DEAD63DDDEAE63E7DEAF63F592B8
:108DB000B063FEEAB163F692B263F792B363B0C2F6
:108DC000B463E2DEB563F892B663F992B763C0D6D6
:108DD000B863A7B5B963FA92BA63F4B2BB63FB9206
:108DE000BC63E8DEBD63FC92BE63F2DEBF63FD924E
:108DF000C063FE92C1634093C2634193C3634293D5
:108E0000C463EDDEC5634393C663F1DEC763449379
:108E1000C8634593C963E0C8CA634693CB6347936D
:108E2000CC634893CD63E1D7CE63EFDECF63E8C375
:108E3000D063E1CCD1634993D263E5B2D3634A9363
:108E4000D4634B93D5634C93D663BED2D7634D9313
:108E5000D8634E93D9634F93DA635093DB63519396
:108E6000DC635293DD635393DE63EEDEDF63549382
:108E7000E063EBDEE163D5CEE2635593E363A7B431
:108E8000E4635693E5635793E6635893E763599316
:108E9000E8635A93E963ABBFEA63BEBEEB635B93DF
:108EA000EC635C93ED63D2BDEE635D93EF635E9321
:108EB000F0635F93F1636093F263E9DEF3636193C0
:108EC000F463AED4F5636293F663DEDEF763639317
:108ED000F863EADEF9636493FA636593FB63669370
:108EE000FC636793FD63BFC0FE636893FF63ECDEC2
:108EF0000064F3B20164E9B80264A7C20364699331
:108F000004646A930564C1BD06646B9307646C9343
:108F100008646D9309646E930A646F930B64F5DEC5
:108F20000C64F8DE0D6470930E6471930F64ABB241
:108F30001064A4B411647293126473931364EAB45A
:108F40001464A6C9156474931664759317647693B4
:108F500018647793196478931A6479931B64F6DE26
:108F60001C64D1CB1D647A931E64E3B81F647B93A9
:108F70002064F7DE2164FADE22647C9323647D930F
:108F800024647E93256480932664F9DE27648193AC
:108F900028648293296483932A64C2CC2B648493CB
:108FA0002C64E1B02D64EEB42E6485932F64869317
:108FB00030648793316488933264899333648A93ED
:108FC0003464BAE535648B9336648C9337648D933F
:108FD00038648E9339648F933A64AFD03B64909336
:108FE0003C6491933D64EBB23E6492933F64A1EB89
:108FF000406493934164F4DE426494934364959394
:109000004464E3C94564F3DE4664DAB04764A1D240
:109010004864F7B1496496934A64AFCC4B64979324
:109020004C6498934D6499934E649A934F649B93C8
:1090300050649C9351649D935264F0DE53649E93FC
:109040005464A4CB55649F935664A0935764A19332
:109050005864AAD55964A2935A64A3935B64A493F9
:109060005C64A5935D64A6935E64FBDE5F64A79376
:109070006064A8936164A9936264AA936364AB93E8
:109080006464AC936564AD936664AE936764DDB469
:109090006864AF936964A6C46A64B0936B64B19367
:1090A0006C64B2936D64FDDE6E64B3936F64B493CD
:1090B0007064B5937164B6937264B7937364B89334
:1090C0007464B9937564BA937664BB937764BC9304
:1090D0007864FEC37964A1C47A64A1DF7B64BD9324
:1090E0007C64BE937D64BF937E64C0937F64C193B0
:1090F0008064C2938164C3938264CCC18364C4934B
:109100008464FCDE8564EFBE8664C5938764B2C662
:109110008864C6938964C7938A64C8938B64C9932F
:109120008C64CA938D64CB938E64CC938F64CD93FF
:109130009064CE939164C5B39264F6C89364CF9360
:109140009464D0939564BACB9664FEDE9764D19311
:109150009864D2939964A4DF9A64D3939B64D49364
:109160009C64D5939D64D6939E64B2D79F64D79335
:10917000A064D893A164D993A264DA93A364DB9327
:10918000A464B7B3A564DC93A664DD93A764DE93FF
:10919000A864DF93A964C3C1AA64E093AB64E193BC
:1091A000AC64CBC7AD64A5B2AE64E9B4AF64E2937E
:1091B000B064ABD7B164E393B264E493B364E59372
:1091C000B464E693B564ECC4B664E793B764A2DF15
:1091D000B864A3DFB964E893BA64A5DFBB64E9931C
:1091E000BC64B3BABD64EA93BE64EB93BF64EC9312
:1091F000C064A6DFC164ED93C264DEC0C364EE93B5
:10920000C464EF93C564C3C9C664F093C764F193A3
:10921000C864F293C964F393CA64F493CB64F5937E
:10922000CC64F693CD64D9B2CE64E6C7CF64F7932D
:10923000D064A7DFD164F893D264DCC7D364F99318
:10924000D464FA93D564FB93D664FC93D764A8DF07
:10925000D864A2EBD964FD93DA64FE93DB64409496
:10926000DC644194DD644294DE64D3CBDF644394D8
:10927000E0644494E1644594E264AADFE3644694C4
:10928000E464A9DFE5644794E664C1B2E764489406
:10929000E8644994E9644A94EA644B94EB644C941E
:1092A000EC644D94ED644E94EE644F94EF645094EE
:1092B000F0645194F1645294F2645394F3645494BE
:1092C000F4645594F5645694F6645794F76458948E
:1092D000F8645994F9645A94FA645B94FB645C945E
:1092E000FC645D94FD645E94FE645F94FF6460942E
:1092F0000065CAC501656194026562940365639463
:1093000004656494056565940665669407656794CD
:10931000086568940965ABDF0A6569940B656A9412
:109320000C656B940D656C940E656D940F656E9471
:1093300010656F94116570941265DCD41365719497
:109340001465729415657394166574941765759415
:109350001865C1C8196576941A6577941B65789469
:109360001C6579941D657A941E657B941F657C94B9
:1093700020657D9421657E94226580942365819487
:10938000246582942565ACDF2665839427658494E3
:1093900028658594296586942A6587942B65F0BE97
:1093A0002C6588942D6589942E65ADDF2F65A7D631
:1093B00030658A9431658B9432658C9433658D94D5
:1093C0003465B7EA3565B6EB3665D5CA37658E9430
:1093D0003865FCD83965C4B83A658F943B65A5B942
:1093E0003C6590943D6591943E65C5B73F65FED55B
:1093F0004065929441659394426594944365959435
:10940000446596944565CAB94665979447659894AE
:109410004865A7D04965CDF44A6599944B659A94FF
:109420004C65D0B54D659B944E659C944F65F4C3D7
:1094300050659D945165C8BE52659E9453659F9436
:109440005465A0945565B7EB5665BDB05765A194BA
:109450005865A2945965CCBD5A65A3945B65B2C1A9
:109460005C65A4945D65D6B15E65A8B35F65A5949F
:109470006065A6946165A7946265D2B86365A2C968
:109480006465A8946565A9946665D8B66765AA946D
:109490006865AB946965AC946A65AD946B65B8EB2F
:1094A0006C65B4BE6D65AE946E65AF946F65B09437
:1094B0007065FDCA7165B1947265C3C77365B29476
:1094C0007465FBD57565B3947665B4947765F3B729
:1094D0007865B5947965B6947A65B7947B65B894E8
:1094E0007C65B9947D65BA947E65BB947F65BC94B8
:1094F0008065BD948165BE948265BF948365C09488
:109500008465C1948565C2948665C3948765C4CE1D
:109510008865C4948965C5948A65C6948B65ABD506
:109520008C65F3B18D65C7948E65C8948F65C994B9
:109530009065B3EC9165DFB09265CA949365B5EC24
:109540009465CB949565CC949665CD949765B7B6A4
:109550009865CE949965CFC19A65CF949B65FAF5CD
:109560009C65B1D09D65D0949E65D1949F65E5D5ED
:10957000A065D294A165D3CEA265D394A365D494FB
:10958000A465EFBDA565E2B3A665D594A765ABB8A4
:10959000A865D694A965B6D5AA65D794AB65BDED87
:1095A000AC65D894AD65CFB6AE65D994AF65B9CB8F
:1095B000B065C2D0B165DA94B265DB94B365DC9472
:1095C000B465DD94B565DE94B665DF94B765E09467
:1095D000B865E194B965BDB7BA65E294BB65E3943B
:1095E000BC65B6ECBD65A9CABE65E494BF65E594EB
:1095F000C065E694C165D4C5C265E794C365B9EC9E
:10960000C465B8ECC565C3C2C665B7ECC765E89468
:10961000C865E994C965EA94CA65EB94CB65FDD049
:10962000CC65BAECCD65EC94CE65BBECCF65E5D7E7
:10963000D065ED94D165EE94D265BCECD365EF9422
:10964000D465F094D565F194D665BDECD765ECC6CC
:10965000D865F294D965F394DA65F494DB65F594F2
:10966000DC65F694DD65F794DE65F894DF65F994C2
:10967000E065DECEE165FA94E265C8BCE365FB9483
:10968000E465FC94E565D5C8E665A9B5E765C9BE9E
:10969000E865BCD6E965E7D4EA65FD94EB65FE9420
:1096A000EC65AED1ED65F1D0EE65B8EAEF65B9EAEB
:1096B000F065BAEAF165B5BAF2654095F365419592
:1096C000F4654295F5654395F665B1CAF765F5BF52
:1096D000F8654495F9654595FA65FACDFB654695BB
:1096E000FC654795FD654895FE654995FF654A957A
:1096F0000066C0EA01664B950266BAB00366BEEA30
:1097000004664C9505664D950666A5C007664E95A0
:1097100008664F95096650950A66BBEA0B66519537
:109720000C66FDB20D6652950E66F7C30F66E8BB78
:109730001066539511665495126655951366D7D2E7
:109740001466F4CE1566BFEA1666569517665795E9
:10975000186658951966BCEA1A6659951B665A959B
:109760001C665B951D66C3EA1E665C951F66C7D0C6
:109770002066B3D321665D9522665E9523665F956C
:10978000246660952566BAB4266661952766C1C3CE
:109790002866F2D7296662952A6663952B666495DA
:1097A0002C6665952D66D1D52E6666952F66C7CA3F
:1097B000306667953166C5EA3266689533666995A5
:1097C0003466C4EA3566C7EA3666C6EA37666A951D
:1097D00038666B9539666C953A666D953B666E9505
:1097E0003C66E7D63D666F953E66D4CF3F66709582
:1097F000406671954166CBEA426672954366CEBB80
:109800004466739545667495466675954766769584
:1098100048667795496678954A6679954B66FABDAC
:109820004C66CEC94D667A954E667B954F66CCEAFE
:1098300050667C9551667D955266B9C95366FECFD8
:109840005466CAEA5566CED45666CDEA5766CFEA64
:1098500058667E95596680955A66EDCD5B66819512
:109860005C6682955D6683955E6684955F66C9EAEF
:10987000606685956166CEEA6266869563668795C1
:109880006466EECE656688956666DEBB676689951A
:109890006866BFB369668A956A668B956B668C95B8
:1098A0006C668D956D668E956E66D5C66F66B0BE1C
:1098B0007066FACE71668F95726690957366919513
:1098C0007466E7C7756692957666A7BE7766D0EA36
:1098D00078669395796694957A66C7D67B669595F2
:1098E0007C6696957D6697957E66C0C17F669895E5
:1098F0008066999581669A958266DDD483669B958C
:109900008466D1EA85669C9586669D958766BECFFE
:1099100088669E9589669F958A66A0958B66A195B7
:109920008C66D2EA8D66A2958E66A3958F66A49505
:109930009066A5959166EECA9266A6959366A795E0
:109940009466A8959566A9959666AFC59766B5B0D5
:109950009866AA959966AB959A66AC959B66AD9507
:109960009C66AE959D66D4EA9E66AF959F66B0955F
:10997000A066B195A166B295A266B395A366B495AB
:10998000A466B595A566B695A666B795A766D3EA0B
:10999000A866DFF4A966B895AA66B995AB66BA95CC
:1099A000AC66BB95AD66BC95AE66BAC4AF66BD95F8
:1099B000B066BE95B166BF95B266C095B366C195F7
:1099C000B466A9B1B566C295B666C395B766C495C7
:1099D000B866C595B966DFE5BA66C695BB66C79534
:1099E000BC66C895BD66C995BE66D5EABF66CA9510
:1099F000C066CB95C166CC95C266CD95C366CE9543
:109A0000C466CF95C566D095C666D195C766D29512
:109A1000C866D395C966D495CA66D595CB66D695E2
:109A2000CC66D795CD66D895CE66D995CF66DA95B2
:109A3000D066DB95D166DC95D266DD95D366DE9582
:109A4000D466DF95D566E095D666E195D766E29552
:109A5000D866E395D966EFCADA66E495DB66D6EA9E
:109A6000DC66D7EADD66D8C6DE66E595DF66E69594
:109A7000E066E795E166E895E266E995E366EA95D2
:109A8000E466EB95E566EC95E666D8EAE766ED9563
:109A9000E866EE95E966D9EAEA66EF95EB66F09539
:109AA000EC66F195ED66F295EE66F395EF66F4954A
:109AB000F066BBD4F166F595F266FAC7F366B7D2E5
:109AC000F466FCB8F566F695F666F795F766C2EAB1
:109AD000F866F895F966DCB2FA66F995FB66FA95D0
:109AE000FC66FCC2FD66FB95FE66F8D4FF66E6CC1C
:109AF0000067EED70167FC950267FD950367FE9549
:109B00000467409605674196066742960767439645
:109B10000867C2D40967D0D30A67C3EB0B67F3C5E4
:109B20000C6744960D67FEB70E6745960F6746961D
:109B30001067D4EB116747961267489613674996EA
:109B40001467B7CB1567DEEB16674A961767CAC06E
:109B500018674B9619674C961A674D961B67FBCD95
:109B60001C674E961D67AFB31E674F961F67DAC618
:109B70002067509621675196226752962367539625
:109B800024675496256755962667FCEB27675696FB
:109B90002867BEC4296757962A67B4CE2B67A9C425
:109BA0002C67BEB12D67FDD42E6758962F67F5CA76
:109BB000306759963167ECD632675A9633675B96B1
:109BC0003467D3C63567E4B636675C9637675D960B
:109BD00038675E9639675F963A67FABB3B6760966F
:109BE0003C6761963D67E0D03E6762963F6763964B
:109BF0004067B1C9416764964267D3D44367A8C838
:109C000044676596456766964667CBB8476767962B
:109C10004867BEE84967BCC94A6768964B6769965A
:109C20004C67BBE84D676A964E67EEC04F67D3D06E
:109C30005067C4B25167E5B452676B965367BCE88E
:109C400054676C9655676D965667C8D557676E967C
:109C500058676F96596770965A6771965B677296E8
:109C60005C67C5B65D6773965E67BDE85F67F8CAF7
:109C70006067DCB86167F5CC626774966367759658
:109C8000646776966567B4C0666777966767789607
:109C90006867EED16967BFE86A67C2E86B67799663
:109CA0006C677A966D67BCBA6E677B966F67ADB16D
:109CB0007067DCBD71677C967267BDEA7367C3E845
:109CC00074677D967567C6E876677E967767CBE89A
:109CD00078678096796781967A6782967B678396A4
:109CE0007C67CCE87D6784967E67C9CB7F67E5B0EB
:109CF000806785968167ABBC826786968367879607
:109D00008467B9B985678896866789968767C1E849
:109D100088678A968967F7CD8A678B968B67CAE8CA
:109D20008C678C968D678D968E678E968F678F96D3
:109D30009067F6CE91679096926791969367929608
:109D4000946793969567EDD5966794969767D6C175
:109D50009867C4E8996795969A67B6C39B67969685
:109D60009C67FBB99D67A6D69E67C8E89F679796D4
:109D7000A0679896A1679996A267E0CAA367E6D400
:109D8000A4679A96A567C0E8A6679B96A767C5E8EB
:109D9000A867C7E8A9679C96AA67B9C7AB67E3B786
:109DA000AC679D96AD67C9E8AE679E96AF67DDBFAD
:109DB000B067D2E8B1679F96B267A096B367D7E85D
:109DC000B467A196B567D5E8B667DCBCB767CFBC0A
:109DD000B867DBE8B967A296BA67A396BB67A49693
:109DE000BC67A596BD67A696BE67A796BF67A896EF
:109DF000C067A996C167DEE8C267AA96C367DAE8BA
:109E0000C467FAB1C567AB96C667AC96C767AD962F
:109E1000C867AE96C967AF96CA67B096CB67B1966A
:109E2000CC67B296CD67B396CE67B496CF67D8B0FD
:109E3000D067B3C4D167CCB8D267E2C6D367BEC817
:109E4000D467E1C8D567B596D667B696D767B79693
:109E5000D867CFE8D967D4E8DA67D6E8DB67B89681
:109E6000DC67F1B9DD67D8E8DE67F5D7DF67B9965B
:109E7000E067FBC4E167BA96E267DCE8E367BB969C
:109E8000E467BC96E567E9B2E667BD96E767BE960C
:109E9000E867BF96E967D1E8EA67C096EB67C196C5
:109EA000EC67EDBCED67C296EE67C396EF67C2BF85
:109EB000F067CDE8F167F9D6F267C496F367F8C1A9
:109EC000F467F1B2F567C596F667C696F767C79669
:109ED000F867C896F967C996FA67CA96FB67CB9682
:109EE000FC67CC96FD67DFE8FE67CD96FF67C1CAC9
:109EF0000068D9E80168CE960268CF960368D096CC
:109F00000468D1960568A4D50668D2960768EAB1B8
:109F10000868BBD50968CEE80A68D0E80B68B0B617
:109F20000C68D3E80D68D3960E68DDE80F68B8C0FA
:109F30001068D4961168F7CA1268D5961368A8CB32
:109F40001468D6961568D7961668DCC61768F5C0EB
:109F50001868D8961968D9961A68DA961B68DB963D
:109F60001C68DC961D68E9E81E68DD961F68DE96B1
:109F70002068DF962168A3D02268E0962368E196E6
:109F80002468E2962568E3962668E4962768E596B5
:109F90002868E6962968F2E82A68EAD62B68E796E8
:109FA0002C68E8962D68E9962E68EA962F68EB965D
:109FB0003068EC963168ED963268E0E83368E1E8A5
:109FC0003468EE963568EF963668F0963768F9D1C2
:109FD0003868CBBA3968F9B83A68F1963B68F296B6
:109FE0003C68F1B83D68D4D43E68EFE83F68F3962A
:109FF0004068EEE84168ECE84268F0B94368D2CCCA
:10A000004468E6E84568A6CE4668F2BF4768F4961D
:10A010004868B8B04968F1E84A68F0E84B68F596D6
:10A020004C68C0D74D68F6964E68E4E84F68F796DE
:10A030005068A9CD5168A3C95268F8965368B8BB57
:10A040005468DBBD5568EAE85668F9965768FA9691
:10A050005868FB965968FC965A68FD965B68FE96B0
:10A060005C6840975D6841975E6842975F68439778
:10A070006068E2E86168E3E86268E5E86368B5B5EE
:10A080006468E7E86568C5C76668EBE86768EDE897
:10A090006868B0BD6968AED76A6844976B68F8E8CD
:10A0A0006C6845976D6846976E6847976F684897E4
:10A0B0007068499771684A9772684B9773684C97B4
:10A0C0007468F5E875684D977668B0CD7768F6E8FE
:10A0D00078684E9779684F977A6850977B68519760
:10A0E0007C6852977D6853977E6854977F68559730
:10A0F000806856978168BAC1826857978368E8E894
:10A10000846858978568B7C38668F0B087685997A0
:10A1100088685A9789685B978A685C978B685D97AF
:10A120008C685E978D685F978E6860978F68F4E89B
:10A130009068619791686297926863979368F7E86F
:10A140009468649795686597966866979768A3B9C9
:10A1500098686797996868979A6869979B686A97FB
:10A160009C686B979D686C979E686D979F686E97CB
:10A17000A0686F97A1687097A268D2C9A368719709
:10A18000A4687297A5687397A668CEC3A768E0CE47
:10A19000A868E6C0A9687497AA687597AB687697AF
:10A1A000AC687797AD68F3CBAE687897AF68DDCCD5
:10A1B000B068B5D0B1687997B2687A97B368E1CAE8
:10A1C000B4687B97B568F3E8B6687C97B7687D9705
:10A1D000B8687E97B9688097BA688197BB6882979C
:10A1E000BC688397BD688497BE688597BF6886976B
:10A1F000C068ECBCC1688797C268F9E8C3688897F3
:10A20000C4688997C5688A97C6688B97C7688C9712
:10A21000C8688D97C968DEC3CA688E97CB68E5C6E3
:10A22000CC688F97CD68F7B9CE689097CF68919733
:10A23000D0689297D1689397D268F4B0D368949716
:10A24000D4689597D568D8D7D6689697D7689797E2
:10A25000D868ACBCD9689897DA68EFC5DB6899977D
:10A26000DC689A97DD689B97DE689C97DF689D970E
:10A27000E068C4CCE1689E97E2689F97E368A6E92E
:10A28000E468A097E568A197E668A297E768A397B6
:10A29000E868A497E968A597EA68A697EB68A79786
:10A2A000EC68A897ED68A997EE68ADC9EF68AA9722
:10A2B000F068A2E9F168E2C0F268AB97F368AC9786
:10A2C000F468AD97F568C3BFF668AE97F768AF97C7
:10A2D000F868B097F968FEE8FA68D7B9FB68B197F3
:10A2E000FC68FBE8FD68B297FE68B397FF68B49717
:10A2F0000069B5970169A4E90269B6970369B79740
:10A300000469B8970569CED20669B9970769BA9703
:10A310000869BB970969BC970A69BD970B69A3E9EE
:10A320000C69BE970D69B2D60E69B5D70F69BF9794
:10A330001069A7E91169C0971269B7BD1369C19780
:10A340001469C2971569C3971669C4971769C597A9
:10A350001869C6971969C7971A69C8971B69C99779
:10A360001C69CA971D69CB971E69CC971F69FCE8C9
:10A370002069FDE82169CD972269CE972369CF979F
:10A380002469A1E92569D0972669D1972769D297D1
:10A390002869D3972969D4972A69D5972B69D697C5
:10A3A0002C69D7972D69D6CD2E69D8972F69D99763
:10A3B0003069ACD23169DA973269DB973369DC975F
:10A3C0003469B2E93569DD973669DE973769DF9719
:10A3D0003869E0973969A9E93A69E1973B69E297F9
:10A3E0003C69E3973D69AAB43E69E4973F69BBB411
:10A3F0004069E5974169E6974269ABE94369E797A8
:10A400004469E8974569E9974669EA974769EB9790
:10A410004869EC974969ED974A69EE974B69EF9760
:10A420004C69F0974D69F1974E69F2974F69F39730
:10A430005069F4975169F5975269F6975369F79700
:10A440005469A8D05569F8975669F9975769A5E9ED
:10A450005869FA975969FB975A69FEB35B69FC978B
:10A460005C69FD975D69ACE95E69E3C05F69FE9771
:10A470006069AAE961694098626941986369B9E9CC
:10A4800064694298656943986669B8E96769449860
:10A4900068694598696946986A6947986B69AEE941
:10A4A0006C6948986D6949986E69FAE86F694A98CD
:10A4B00070694B987169A8E972694C9873694D98F5
:10A4C00074694E9875694F98766950987769ACBFF2
:10A4D0007869B1E97969BAE97A6951987B695298E2
:10A4E0007C69A5C27D6953987E6954987F695598A7
:10A4F0008069AFE9816956988269C5B883695798C0
:10A500008469ADE9856958988669DCD38769B4E9BF
:10A510008869B5E98969B7E98A6959988B695A9850
:10A520008C695B988D69C7E98E695C988F695D98C5
:10A5300090695E9891695F98926960989369619853
:10A540009469C6C09569C5E99669629897696398E8
:10A550009869B0E9996964989A6965989B69BBE9BB
:10A560009C69F1B09D6966989E6967989F69689833
:10A57000A0696998A1696A98A2696B98A3696C98A7
:10A58000A4696D98A5696E98A6696F98A769BCE9DA
:10A59000A869A5D5A9697098AA697198AB69BEE93F
:10A5A000AC697298AD69BFE9AE697398AF69749888
:10A5B000B0697598B169C1E9B2697698B36977985D
:10A5C000B469F1C1B5697898B6697998B769B6C8C0
:10A5D000B8697A98B9697B98BA697C98BB69BDE912
:10A5E000BC697D98BD697E98BE698098BF69819875
:10A5F000C0698298C169C2E9C2698398C3698498B5
:10A60000C4698598C5698698C6698798C769889816
:10A61000C8698998C9698A98CA69C3E9CB698B985E
:10A62000CC69B3E9CD698C98CE69B6E9CF698D98CC
:10A63000D069B1BBD1698E98D2698F98D36990984F
:10A64000D469C0E9D5699198D6699298D7699398E9
:10A65000D8699498D9699598DA699698DB69F7BCB6
:10A66000DC699798DD699898DE699998DF69C4E993
:10A67000E069C6E9E1699A98E2699B98E3699C9868
:10A68000E4699D98E5699E98E6699F98E769A098B6
:10A69000E869A198E969A298EA69A398EB69A49886
:10A6A000EC69A598ED69CAE9EE69A698EF69A798E3
:10A6B000F069A898F169A998F269CEE9F369AA98B6
:10A6C000F469AB98F569AC98F669AD98F769AE98FE
:10A6D000F869AF98F969B098FA69B198FB69B298CE
:10A6E000FC69B398FD69DBB2FE69B498FF69C8E9FB
:10A6F000006AB598016AB698026AB798036AB89872
:10A70000046AB998056ABA98066ABB98076ABC9841
:10A71000086ABD98096ABE980A6AAEB70B6ABF9804
:10A720000C6AC0980D6AC1980E6AC2980F6AC398E5
:10A73000106AC498116AC598126AC698136AC798B5
:10A74000146AC898156AC998166ACA98176ACBE934
:10A75000186ACCE9196ACB981A6ACC981B6ACD980A
:10A760001C6ACE981D6ACF981E6AD0981F6AC1D500
:10A77000206AD198216AA3C4226AD298236AD39806
:10A78000246AD498256AD598266AD698276AD798D5
:10A79000286AD8E9296AD8982A6AE1BA2B6AD9982E
:10A7A0002C6ADA982D6ADB982E6ADC982F6AC9E940
:10A7B000306ADD98316AA3D3326ADE98336ADF9853
:10A7C000346AE098356AD4E9366AE198376AE298E3
:10A7D000386AE398396AE4983A6AE5983B6AE698F9
:10A7E0003C6AE7983D6AD7E93E6AD0E93F6AE89853
:10A7F000406AE998416AEA98426AEB98436AEC98A1
:10A80000446ACFE9456AED98466AEE98476AC1C73F
:10A81000486AEF98496AF0984A6AF1984B6AF29848
:10A820004C6AF3984D6AF4984E6AF5984F6AF69818
:10A83000506AD2E9516AF798526AF898536AF998BF
:10A84000546AFA98556AFB98566AFC98576AFD98BC
:10A85000586AD9E9596AC8B35A6AFE985B6AD3E95B
:10A860005C6A40995D6A41995E6A42995F6A439960
:10A87000606A4499616AF0CF626A4599636A469951
:10A88000646A4799656ACDE9666A4899676A499931
:10A89000686A4A99696A4B996A6A4C996B6A4D99D8
:10A8A0006C6A4E996D6A4F996E6A50996F6A5199A8
:10A8B000706A5299716AF7B3726A5399736A5499BC
:10A8C000746A5599756A5699766A5799776A58994C
:10A8D000786A5999796AD6E97A6A5A997B6A5B9952
:10A8E0007C6ADAE97D6A5C997E6A5D997F6A5E9925
:10A8F000806AB4CC816A5F99826A6099836A61993F
:10A90000846AADCF856A6299866A6399876A649919
:10A91000886A6599896A66998A6A67998B6A68996B
:10A920008C6A69998D6A6A998E6AD5E98F6A6B9982
:10A93000906ADCE9916ADBE9926A6C99936A6D9995
:10A94000946A6E99956A6F99966A7099976ADEE92A
:10A95000986A7199996A72999A6A73999B6A7499BB
:10A960009C6A75999D6A76999E6A77999F6A78998B
:10A97000A06AD1E9A16A7999A26A7A99A36A7B99B6
:10A98000A46A7C99A56A7D99A66A7E99A76A80992E
:10A99000A86A8199A96ADDE9AA6A8299AB6ADFE9A6
:10A9A000AC6ACAC3AD6A8399AE6A8499AF6A859965
:10A9B000B06A8699B16A8799B26A8899B36A8999A7
:10A9C000B46A8A99B56A8B99B66A8C99B76A8D9977
:10A9D000B86A8E99B96A8F99BA6A9099BB6A919947
:10A9E000BC6A9299BD6A9399BE6A9499BF6A959917
:10A9F000C06A9699C16A9799C26A9899C36A9999E7
:10AA0000C46A9A99C56A9B99C66A9C99C76A9D99B6
:10AA1000C86A9E99C96A9F99CA6AA099CB6AA19986
:10AA2000CC6AA299CD6AA399CE6AA499CF6AA59956
:10AA3000D06AA699D16AA799D26AA899D36AA99926
:10AA4000D46AAA99D56AAB99D66AAC99D76AAD99F6
:10AA5000D86AAE99D96AAF99DA6AB099DB6AB199C6
:10AA6000DC6AB299DD6AB399DE6AB499DF6AB59996
:10AA7000E06AB699E16AB799E26AB899E36AB99966
:10AA8000E46ABA99E56ABB99E66ABC99E76ABD9936
:10AA9000E86ABE99E96ABF99EA6AC099EB6AC19906
:10AAA000EC6AC299ED6AC399EE6AC499EF6AC599D6
:10AAB000F06AC699F16AC799F26AC899F36AC999A6
:10AAC000F46ACA99F56ACB99F66ACC99F76ACD9976
:10AAD000F86ACE99F96ACF99FA6AD099FB6AD19946
:10AAE000FC6AD299FD6AD399FE6AD499FF6AD59916
:10AAF000006BD699016BD799026BD899036BD999E2
:10AB0000046BDA99056BDB99066BDC99076BDD99B1
:10AB1000086BDE99096BDF990A6BE0990B6BE19981
:10AB20000C6BE2990D6BE3990E6BE4990F6BE59951
:10AB3000106BE699116BE799126BE899136BE99921
:10AB4000146BEA99156BEB99166BEC99176BED99F1
:10AB5000186BEE99196BEF991A6BF0991B6BF199C1
:10AB60001C6BF2991D6BF3991E6BF4991F6BF59991
:10AB7000206BB7C7216BCEB4226BB6BB236BC0D0A2
:10AB8000246BA3EC256BF699266BF799276BB7C559
:10AB9000286BF899296BF9992A6BFA992B6BFB9919
:10ABA0002C6BFC992D6BFD992E6BFE992F6B409AA7
:10ABB000306B419A316B429A326BFBD3336B439AC1
:10ABC000346B449A356B459A366B469A376BA4ECD6
:10ABD000386B479A396BA5EC3A6BDBC63B6B489AEE
:10ABE0003C6B499A3D6B4A9A3E6BEEBF3F6B4B9A6A
:10ABF000406B4C9A416B4D9A426B4E9A436BA6EC5C
:10AC0000446B4F9A456B509A466BA7EC476BAAD0A2
:10AC1000486B519A496BB8C74A6B529A4B6B539A1F
:10AC20004C6BE8B84D6B549A4E6B559A4F6B569AD5
:10AC3000506B579A516B589A526B599A536B5A9A58
:10AC4000546B5B9A556B5C9A566B5D9A576B5E9A28
:10AC5000586B5F9A596BA8EC5A6B609A5B6B619A60
:10AC60005C6B629A5D6B639A5E6B649A5F6B659ACC
:10AC7000606B669A616B679A626BB9D6636BFDD540
:10AC8000646BCBB4656BBDB2666BE4CE676BE7C635
:10AC9000686B689A696B699A6A6BE1CD6B6B6A9AAB
:10ACA0006C6B6B9A6D6B6C9A6E6B6D9A6F6B6E9A28
:10ACB000706B6F9A716B709A726B719A736B729AF8
:10ACC000746B739A756B749A766B759A776B769AC8
:10ACD000786B779A796BF5B47A6B789A7B6BC0CB8B
:10ACE0007C6BDFBC7D6B799A7E6B7A9A7F6B7B9AEB
:10ACF000806B7C9A816BE2E9826BE3E9836BEAD13A
:10AD0000846BE5E9856B7D9A866BF9B4876BE4E922
:10AD1000886B7E9A896BB3D18A6BE2CA8B6BD0B297
:10AD20008C6B809A8D6BE8E98E6B819A8F6B829A1F
:10AD3000906B839A916B849A926BE6E9936BE7E947
:10AD4000946B859A956B869A966BB3D6976B879A18
:10AD5000986B889A996B899A9A6BE9E99B6BEAE9F7
:10AD60009C6B8A9A9D6B8B9A9E6B8C9A9F6B8D9A2B
:10AD7000A06B8E9AA16BEBE9A26B8F9AA36B909A52
:10AD8000A46B919AA56B929AA66B939AA76B949ACF
:10AD9000A86B959AA96B969AAA6BECE9AB6B979AFC
:10ADA000AC6B989AAD6B999AAE6B9A9AAF6B9B9A73
:10ADB000B06B9C9AB16B9D9AB26B9E9AB36BAFECE1
:10ADC000B46BB9C5B56BCEB6B66B9F9AB76BF3D201
:10ADD000B86BA09AB96BA19ABA6BA29ABB6BA39AF3
:10ADE000BC6BA49ABD6BA59ABE6BA69ABF6BEEB561
:10ADF000C06BA79AC16BD9BBC26BB1ECC36BA89AED
:10AE0000C46BA99AC56BE3D2C66BAA9AC76BAB9AFF
:10AE1000C86BAC9AC96BAD9ACA6BAE9ACB6BE3CEDA
:10AE2000CC6BAF9ACD6BB8C4CE6BB09ACF6BBFC3AF
:10AE3000D06BB19AD16BB29AD26BBEB6D36BB9D884
:10AE4000D46BC8B1D56BCFB1D66BD1B1D76BFEC5C2
:10AE5000D86BB39AD96BD0B1DA6BB49ADB6BABC356
:10AE6000DC6BB59ADD6BB69ADE6BB79ADF6BB89A7E
:10AE7000E06BB99AE16BB1D5E26BBA9AE36BBB9A1E
:10AE8000E46BBC9AE56BBD9AE66BBE9AE76BBF9A22
:10AE9000E86BC09AE96BC19AEA6BA4EBEB6BC1BAA1
:10AEA000EC6BC29AED6BC39AEE6BC49AEF6BBACCA3
:10AEB000F06BC59AF16BC69AF26BC79AF36BA5EB70
:10AEC000F46BC89AF56BA7EBF66BC99AF76BCA9A45
:10AED000F86BCB9AF96BA8EBFA6BCC9AFB6BCD9A1B
:10AEE000FC6BCE9AFD6BA6EBFE6BCF9AFF6BD09AF4
:10AEF000006CD19A016CD29A026CD39A036CD49AEA
:10AF0000046CD59A056CA9EB066CABEB076CAAEB4D
:10AF1000086CD69A096CD79A0A6CD89A0B6CD99A95
:10AF20000C6CDA9A0D6CACEB0E6CDB9A0F6CCFCA22
:10AF3000106CB5D8116CF1C3126CDC9A136CA5C3FC
:10AF4000146CF8C6156CADEB166CCAC4176CDD9AA0
:10AF5000186CAEEB196CAFEB1A6CB0EB1B6CD5B781
:10AF60001C6CDE9A1D6CDF9A1E6CE09A1F6CFAB79F
:10AF7000206CE19A216CB1EB226CE2C7236CE29A5F
:10AF8000246CB3EB256CE39A266CA4BA276CF5D13C
:10AF9000286CB1B0296CB2EB2A6CB4EB2B6CE49A40
:10AFA0002C6CE59A2D6CE69A2E6CAAB52F6CC8C253
:10AFB000306CE8C7316CE79A326CB5EB336CE89AC9
:10AFC000346CAECB356CDFE3366CE99A376CEA9AB9
:10AFD000386CC0D3396CEB9A3A6CEC9A3B6CED9AB6
:10AFE0003C6CEE9A3D6CDBD93E6CEF9A3F6CF09A6C
:10AFF000406CA1CD416CADD6426CF3C7436CF19A65
:10B00000446CF29A456CF39A466CE0D9476CE3BB0A
:10B01000486CF49A496CBABA4A6CE2E34B6CF59A04
:10B020004C6CF69A4D6CF79A4E6CF89A4F6CF99AF4
:10B03000506CABCF516CFA9A526CFB9A536CFC9AE1
:10B04000546CE0E3556CC7C9566CFD9A576CB9BA9D
:10B05000586CFE9A596C409B5A6C419B5B6CB4D106
:10B060005C6CE1E35D6CEAC85E6CAFB95F6CADBD72
:10B07000606CD8B3616CDBCE626C429B636C439BAB
:10B08000646CC0CC656C449B666C459B676C469B4E
:10B09000686CE8E3696CE9E36A6CF4CD6B6C479B20
:10B0A0006C6C489B6D6C499B6E6C4A9B6F6C4B9BA8
:10B0B000706CADCC716C4C9B726CB3BC736C4D9B63
:10B0C000746CEAE3756C4E9B766CEBE3776C4F9B8C
:10B0D000786C509B796CDAD07A6C519B7B6C529B6C
:10B0E0007C6C539B7D6CFBC67E6CDAB77F6C549B8B
:10B0F000806C559B816CDFC7826CCAD2836CD6CEC4
:10B10000846C569B856CE4E3866CECE3876C579B00
:10B11000886CF2C9896CC1B38A6C589B8B6C599B43
:10B120008C6CE7E38D6C5A9B8E6C5B9B8F6CE3C6DB
:10B13000906CE5E3916C5C9B926C5D9B936CB3EDC2
:10B14000946CE6E3956C5E9B966C5F9B976C609B42
:10B15000986C619B996CB3C99A6C629B9B6CE6C5B9
:10B160009C6C639B9D6C649B9E6C659B9F6CB5B94E
:10B17000A06C669BA16CBBC3A26C679BA36CE3E352
:10B18000A46CBDC5A56CA4C1A66CD9C2A76CD7B26E
:10B19000A86C689BA96CEDE3AA6CA6BBAB6CADC4B4
:10B1A000AC6C699BAD6CF0E3AE6CDABEAF6C6A9BC5
:10B1B000B06C6B9BB16CFBE3B26CF5E3B36CD3BAD0
:10B1C000B46C6C9BB56C6D9BB66C6E9BB76C6F9BD7
:10B1D000B86CD0B7B96CCDD3BA6C709BBB6CCED603
:10B1E000BC6CD3D5BD6CC1B9BE6CB4D5BF6CD8D165
:10B1F000C06C719BC16C729BC26C739BC36C749B63
:10B20000C46CB9D0C56CF6C7C66C759BC76C769B11
:10B21000C86C779BC96CAAC8CA6CB4B2CB6C789B5B
:10B22000CC6CDAC3CD6C799BCE6C7A9BCF6C7B9B5C
:10B23000D06CEEE3D16C7C9BD26C7D9BD36CFCE339
:10B24000D46CEFE3D56CA8B7D66CF7E3D76CF4E316
:10B25000D86C7E9BD96C809BDA6C819BDB6CBAB717
:10B26000DC6C829BDD6C839BDE6CA2C5DF6C849BF7
:10B27000E06CF6E3E16CDDC5E26CA8B2E36CFCC601
:10B28000E46C859BE56CE0C4E66C869BE76C879B71
:10B29000E86CA2D7E96C889BEA6CE1C0EB6CF9E33F
:10B2A000EC6C899BED6C8A9BEE6CFAE3EF6CFDE332
:10B2B000F06CA9CCF16CF3E3F26C8B9BF36CBED316
:10B2C000F46C8C9BF56CC3B1F66CB4EDF76CF1E3E8
:10B2D000F86CF2E3F96C8D9BFA6CF8E3FB6CBAD076
:10B2E000FC6CC3C6FD6CF3D4FE6CFEE3FF6C8E9B5E
:10B2F000006D8F9B016DE0BD026D909B036D919B76
:10B30000046DA7E4056D929B066D939B076DA6E403
:10B31000086D949B096D959B0A6D969B0B6DF3D1FF
:10B320000C6DA3E40D6D979B0E6DA9E40F6D989BBA
:10B33000106D999B116D9A9B126DF7C8136D9B9BB5
:10B34000146D9C9B156D9D9B166D9E9B176DB4CFC8
:10B35000186D9F9B196DA8E41A6DAEE41B6DE5C2D4
:10B360001C6DA09B1D6DA19B1E6DB4B61F6DA29B95
:10B37000206DA39B216DA49B226DA59B236DA69B95
:10B38000246DA79B256DF2BD266DA89B276DA2E4B9
:10B39000286DA99B296DAA9B2A6DE9BA2B6DAAE499
:10B3A0002C6DAB9B2D6DAC9B2E6DACE42F6DAD9BCE
:10B3B000306DAE9B316DFDB6326DDED6336DB2E4CD
:10B3C000346DAF9B356DADE4366DB09B376DB19B81
:10B3D000386DB29B396DA1E43A6DB39B3B6DEEBB0A
:10B3E0003C6DDDCD3D6DA2C73E6DC9C53F6DB49BC3
:10B3F000406DB59B416DF7C1426DB69B436DA4E4B2
:10B40000446DB79B456DB3C7466DACBD476DBDBDC3
:10B41000486DA5E4496DB89B4A6DC7D74B6DE2B244
:10B420004C6DB99B4D6DABE44E6DC3BC4F6DAFE43D
:10B43000506DBA9B516DEBBB526DB0E4536DA8C516
:10B44000546DB1E4556DBB9B566DBC9B576DBD9B58
:10B45000586DBE9B596DE3D55A6DA3BF5B6DBF9B05
:10B460005C6DBAE45D6DC09B5E6DB7E45F6DC19BC2
:10B47000606DBBE4616DC29B626DC39B636DBDE497
:10B48000646DC49B656DC59B666DD6C6676DC69BB6
:10B49000686DC79B696DC6BA6A6DCBC06B6DC89B82
:10B4A0006C6DC99B6D6DCA9B6E6DA1B86F6DB4E478
:10B4B000706DCB9B716DCC9B726DCD9B736DCE9B74
:10B4C000746DA1D4756DCF9B766DD09B776DA3BA4B
:10B4D000786DFEBD796DD19B7A6DD29B7B6DD39BD0
:10B4E0007C6DBCE47D6DD49B7E6DD59B7F6DD69BC2
:10B4F000806DD79B816DD89B826DBFCD836DD99BAD
:10B50000846DDA9B856DF9C4866DDB9B876DDC9B52
:10B51000886DFBCF896DE6C98A6DDD9B8B6DDE9BE7
:10B520008C6DBFD38D6DDF9B8E6DD1CF8F6DE09B0A
:10B53000906DE19B916DB3E4926DE29B936DB8E4E5
:10B54000946DB9E4956DE9CC966DE39B976DE49BA2
:10B55000986DE59B996DE69B9A6DE79B9B6DCECCB4
:10B560009C6DE89B9D6DD4C09E6DB5E49F6DB0C190
:10B57000A06DB6E4A16DD0CEA26DE99BA36DC1BB59
:10B58000A46DD3B5A56DEA9BA66DF3C8A76DA7BD45
:10B59000A86DC7D5A96DACC9AA6DA2B8AB6DCAE438
:10B5A000AC6DEB9BAD6DEC9BAE6DCCE4AF6DC4D1DF
:10B5B000B06DED9BB16DEE9BB26DBAD2B36DEF9BEA
:10B5C000B46DF09BB56DADBAB66DF19BB76DF29BE6
:10B5D000B86DD4BAB96DF39BBA6DF49BBB6DF59B96
:10B5E000BC6DF69BBD6DF79BBE6DF89BBF6DC3E454
:10B5F000C06DEDB5C16DF99BC26DFA9BC36DFB9B30
:10B60000C46DCDD7C56DC0E4C66DFDCFC76DBFE4B9
:10B61000C86DFC9BC96DFD9BCA6DFE9BCB6DDCC1EB
:10B62000CC6DCACCCD6D409CCE6D419CCF6D429C03
:10B63000D06D439CD16DE7CAD26D449CD36D459CBF
:10B64000D46D469CD56D479CD66DD7C4D76D489CAC
:10B65000D86DD4CCD96DC8E4DA6D499CDB6D4A9CB9
:10B66000DC6D4B9CDD6DC7E4DE6DC1E4DF6D4C9C91
:10B67000E06DC4E4E16DADB5E26D4D9CE36D4E9CB3
:10B68000E46DD9D3E56D4F9CE66DC6E4E76D509C43
:10B69000E86D519CE96D529CEA6D539CEB6DF9D2BB
:10B6A000EC6DE3B4ED6D549CEE6DB4BBEF6D559C49
:10B6B000F06D569CF16DEEC9F26D579CF36DBEB402
:10B6C000F46D589CF56D599CF66D5A9CF76DECBB6A
:10B6D000F86D5B9CF96DCDD1FA6D5C9CFB6DEDCC8A
:10B6E000FC6DB5EDFD6D5D9CFE6D5E9CFF6D5F9C20
:10B6F000006E609C016E619C026E629C036E639C96
:10B70000046E649C056EE5C7066E659C076E669CBC
:10B71000086E679C096E689C0A6EA8D40B6E699CC3
:10B720000C6ECBE40D6ED5D70E6EC2E40F6E6A9C24
:10B73000106EA5BD116EC5E4126E6B9C136E6C9CF1
:10B74000146EE6D3156E6D9C166EC9E4176EF8C9BB
:10B75000186E6E9C196E6F9C1A6EBEE41B6E709C08
:10B760001C6E719C1D6EE5D31E6E729C1F6E739CC9
:10B77000206EFEC7216EC9B6226E749C236EFCD467
:10B78000246EB3B2256ED7E4266E759C276E769C28
:10B79000286E779C296EC2CE2A6E789C2B6ECDE4E3
:10B7A0002C6E799C2D6EBCCE2E6E7A9C2F6EDBB8E3
:10B7B000306E7B9C316E7C9C326ED6E4336E7D9C09
:10B7C000346ECABF356E7E9C366E809C376E819C0F
:10B7D000386ECED3396E829C3A6EECC33B6E839C3E
:10B7E0003C6E849C3D6E859C3E6E869C3F6E879C25
:10B7F000406E889C416E899C426E8A9C436EC8C58F
:10B80000446ED8E4456E8B9C466E8C9C476E8D9C36
:10B81000486E8E9C496E8F9C4A6E909C4B6E919C9C
:10B820004C6E929C4D6EC4CD4E6ECFE44F6E939C89
:10B83000506E949C516E959C526E969C536ED4E4BF
:10B84000546ED5E4556E979C566EFEBA576E989C12
:10B85000586EE6CF596E999C5A6E9A9C5B6EBFD516
:10B860005C6E9B9C5D6E9C9C5E6E9D9C5F6ED2E44C
:10B87000606E9E9C616E9F9C626EA09C636EA19C9C
:10B88000646EA29C656EA39C666EA49C676EA59C6C
:10B89000686EA69C696EA79C6A6EA89C6B6ED0E4CD
:10B8A0006C6EA99C6D6EAA9C6E6ECEE46F6EAB9CA6
:10B8B000706EAC9C716EAD9C726EAE9C736EAF9CE4
:10B8C000746EB09C756EB19C766EB29C776EB39CB4
:10B8D000786EB49C796EB59C7A6EB69C7B6EB79C84
:10B8E0007C6EB89C7D6EB99C7E6EE5CD7F6EAACADB
:10B8F000806EBA9C816EBB9C826EBC9C836EA3C022
:10B90000846EBD9C856EA6BD866ED3E4876EBE9C9C
:10B91000886EBF9C896EC8B88A6EC09C8B6EC19CB5
:10B920008C6EC29C8D6EC39C8E6EC49C8F6EE7E441
:10B93000906EB4D4916EC59C926EC69C936EC79C5B
:10B94000946EC89C956EC99C966ECA9C976ECB9C53
:10B95000986EDBE4996ECC9C9A6ECD9C9B6ECE9CCF
:10B960009C6EEFC19D6ECF9C9E6ED09C9F6EE9E455
:10B97000A06ED19CA16ED29CA26EE7D2A36ED39C86
:10B98000A46ED49CA56EDFE4A66ED59CA76EE0E401
:10B99000A86ED69CA96ED79CAA6EAACFAB6ED89C77
:10B9A000AC6ED99CAD6EDA9CAE6EDB9CAF6EDDCB1F
:10B9B000B06EDC9CB16EDAE4B26ED1E4B36EDD9CA5
:10B9C000B46EE5E4B56EDE9CB66EDCC8B76EE3E43B
:10B9D000B86EDF9CB96EE09CBA6EE7C4BB6EE2E461
:10B9E000BC6EE19CBD6EE1E4BE6EE29CBF6EE39C6A
:10B9F000C06EE49CC16EFCB3C26EE8E4C36EE59C0D
:10BA0000C46EE69CC56EE79CC66EE89CC76EE1B549
:10BA1000C86EE99CC96EEA9CCA6EEB9CCB6ECCD713
:10BA2000CC6EEC9CCD6EED9CCE6EEE9CCF6EE6E4C3
:10BA3000D06EEF9CD16EACBBD26EF09CD36ED2D7E1
:10BA4000D46ECFCCD56EF8EBD66EF19CD76EE4E415
:10BA5000D86EF29CD96EF39CDA6EF6B9DB6EF49C6C
:10BA6000DC6EF59CDD6EF69CDE6ECDD6DF6ED9E425
:10BA7000E06EDCE4E16EFAC2E26EDEE4E36EF79CB7
:10BA8000E46ECBC2E56EC4C0E66ED0C2E76EF89C31
:10BA9000E86EF5B1E96EB2CCEA6EF99CEB6EFA9CF9
:10BAA000EC6EFB9CED6EFC9CEE6EFD9CEF6EFE9CC6
:10BAB000F06E409DF16E419DF26E429DF36E439D8E
:10BAC000F46ECEB5F56E449DF66E459DF76E469DBF
:10BAD000F86E479DF96EEFE4FA6E489DFB6E499D46
:10BAE000FC6E4A9DFD6E4B9DFE6E4C9DFF6E4D9D06
:10BAF000006F4E9D016F4F9D026FAFC6036F509D4B
:10BB0000046F519D056F529D066FE1C6076F539DEF
:10BB1000086F549D096FF5E40A6F559D0B6F569D94
:10BB20000C6F579D0D6F589D0E6F599D0F6FA9C2D9
:10BB3000106F5A9D116F5B9D126F5C9D136FECC06F
:10BB4000146FDDD1156FEEE4166F5D9D176F5E9D6E
:10BB5000186F5F9D196F609D1A6F619D1B6F629DCD
:10BB60001C6F639D1D6F649D1E6F659D1F6F669D9D
:10BB7000206FAEC4216F679D226F689D236F699D02
:10BB8000246FEDE4256F6A9D266F6B9D276F6C9D7A
:10BB9000286F6D9D296FF6E42A6FF4E42B6FFEC2C7
:10BBA0002C6F6E9D2D6FDDE42E6F6F9D2F6FF0E477
:10BBB000306F709D316FFECA326F719D336FC4D587
:10BBC000346F729D356F739D366FF1E4376F749DDE
:10BBD000386F759D396F769D3A6F779D3B6F789D75
:10BBE0003C6F799D3D6F7A9D3E6FFAD13F6F7B9D93
:10BBF000406F7C9D416F7D9D426F7E9D436F809D18
:10BC0000446F819D456F829D466FEBE4476FECE486
:10BC1000486F839D496F849D4A6F859D4B6FF2E409
:10BC20004C6F869D4D6FABCE4E6F879D4F6F889D3D
:10BC3000506F899D516F8A9D526F8B9D536F8C9D64
:10BC4000546F8D9D556F8E9D566F8F9D576F909D34
:10BC5000586FCBC5596F919D5A6F929D5B6F939DA5
:10BC60005C6FB1C75D6F949D5E6FBAC25F6F959D4B
:10BC7000606F969D616F979D626FEAE4636F989D18
:10BC8000646F999D656F9A9D666FCAC1676F9B9D32
:10BC9000686F9C9D696F9D9D6A6F9E9D6B6F9F9D58
:10BCA0006C6FA09D6D6FB6CC6E6FB1B36F6FA19DC1
:10BCB000706FA29D716FA39D726FFBE4736FA49D63
:10BCC000746FF3E4756FA59D766FA69D776FA79D42
:10BCD000786FFAE4796FA89D7A6FFDE47B6FA99D78
:10BCE0007C6FFCE47D6FAA9D7E6FAB9D7F6FAC9DEA
:10BCF000806FAD9D816FAE9D826FAF9D836FB09D54
:10BD0000846FCEB3856FB19D866FB29D876FB39DF3
:10BD1000886FBAB3896FF7E48A6FB49D8B6FB59D56
:10BD20008C6FF9E48D6FF8E48E6FECC58F6FB69D64
:10BD3000906FB79D916FB89D926FB99D936FBA9DAB
:10BD4000946FBB9D956FBC9D966FBD9D976FBE9D7B
:10BD5000986FBF9D996FC09D9A6FC19D9B6FC29D4B
:10BD60009C6FBDC09D6FC39D9E6FC49D9F6FC59D01
:10BD7000A06FC69DA16FE8D4A26FC79DA36FC89D99
:10BD8000A46FC99DA56FCA9DA66FCB9DA76FA2E5A5
:10BD9000A86FCC9DA96FCD9DAA6FCE9DAB6FCF9D97
:10BDA000AC6FD09DAD6FD19DAE6FD29DAF6FD39D67
:10BDB000B06FD49DB16FD59DB26FD69DB36FC4B037
:10BDC000B46FD79DB56FD89DB66FA4E5B76FD99DF9
:10BDD000B86FDA9DB96FA3E5BA6FDB9DBB6FDC9DD1
:10BDE000BC6FDD9DBD6FDE9DBE6FDF9DBF6FE09DB3
:10BDF000C06FA4BCC16FE19DC26FA5E5C36FE29D9A
:10BE0000C46FE39DC56FE49DC66FE59DC76FE69D5A
:10BE1000C86FE79DC96FA1E5CA6FE89DCB6FE99D2B
:10BE2000CC6FEA9DCD6FEB9DCE6FEC9DCF6FED9DFE
:10BE3000D06FEE9DD16FFEE4D26FF4B1D36FEF9D62
:10BE4000D46FF09DD56FF19DD66FF29DD76FF39DA6
:10BE5000D86FF49DD96FF59DDA6FF69DDB6FF79D76
:10BE6000DC6FF89DDD6FF99DDE6FA8E5DF6FFA9D51
:10BE7000E06FA9E5E16FA6E5E26FFB9DE36FFC9D36
:10BE8000E46FFD9DE56FFE9DE66F409EE76F419E6E
:10BE9000E86F429EE96F439EEA6F449EEB6F459EBA
:10BEA000EC6F469EED6F479EEE6FA7E5EF6FAAE53C
:10BEB000F06F489EF16F499EF26F4A9EF36F4B9E62
:10BEC000F46F4C9EF56F4D9EF66F4E9EF76F4F9E32
:10BED000F86F509EF96F519EFA6F529EFB6F539E02
:10BEE000FC6F549EFD6F559EFE6F569EFF6F579ED2
:10BEF0000070589E0170599E02705A9E03705B9E9E
:10BF000004705C9E05705D9E06705E9E07705F9E6D
:10BF10000870609E0970619E0A70629E0B70639E3D
:10BF20000C70649E0D70659E0E70669E0F70679E0D
:10BF30001070689E1170D9C61270699E13706A9E47
:10BF400014706B9E15706C9E16706D9E17706E9EB1
:10BF500018706F9E1970709E1A70ABE51B70ADE57E
:10BF60001C70719E1D70729E1E70739E1F70749E59
:10BF70002070759E2170769E2270779E2370ACE5AE
:10BF80002470789E2570799E26707A9E27707B9EFD
:10BF900028707C9E29707D9E2A707E9E2B70809ECC
:10BFA0002C70819E2D70829E2E70839E2F70849E99
:10BFB0003070859E3170869E3270879E3370889E69
:10BFC0003470899E3570AFE536708A9E37708B9ECF
:10BFD00038708C9E3970AEE53A708D9E3B708E9EA7
:10BFE0003C708F9E3D70909E3E70919E3F70929EE1
:10BFF0004070939E4170949E4270959E4370969EB1
:10C000004470979E4570989E4670999E47709A9E80
:10C0100048709B9E49709C9E4A709D9E4B709E9E50
:10C020004C70E0B94D709F9E4E70A09E4F70B0E571
:10C030005070A19E5170A29E5270A39E5370A49EF8
:10C040005470A59E5570A69E5670A79E5770A89EC8
:10C050005870A99E5970AA9E5A70AB9E5B70AC9E98
:10C060005C70AD9E5D70AE9E5E70B1E55F70AF9E20
:10C070006070B09E6170B19E6270B29E6370B39E3C
:10C080006470B49E6570B59E6670B69E6770B79E0C
:10C090006870B89E6970B99E6A70BA9E6B70F0BB8A
:10C0A0006C70E1EC6D70F0C36E70BB9E6F70C6B5C6
:10C0B0007070D2BB7170BC9E7270BD9E7370BE9E5C
:10C0C0007470BF9E7570E9C17670EED47770C09EB3
:10C0D0007870C4BE7970C19E7A70C29E7B70C39E18
:10C0E0007C70C6D77D70C49E7E70D6D47F70D3B26C
:10C0F0008070BEEC8170C59E8270C69E8370C79EA4
:10C100008470C89E8570C1EA8670C99E8770CA9E79
:10C110008870CB9E8970AFC28A70B6B48B70CC9E8B
:10C120008C70CD9E8D70CE9E8E70D7D18F70CF9E2D
:10C130009070D09E9170D19E9270B4B39370D29E45
:10C140009470B2C89570BBBF9670C0EC9770D39EC8
:10C150009870D49E9970CBD69A70D59E9B70D69EBF
:10C160009C70BFEC9D70C1EC9E70D79E9F70D89E56
:10C17000A070D99EA170DA9EA270DB9EA370DC9E97
:10C18000A470DD9EA570DE9EA670DF9EA770E09E67
:10C19000A870E19EA970E29EAA70E39EAB70C5EC08
:10C1A000AC70E6BEAD70BFCCAE70DAC5AF70BCBED1
:10C1B000B070E49EB170C6ECB270E59EB370FEB193
:10C1C000B470E69EB570E79EB670E89EB770C4EC9A
:10C1D000B870A8D5B970E3B5BA70E99EBB70C2EC6F
:10C1E000BC70B6C1BD70E3B3BE70EA9EBF70EB9E7B
:10C1F000C070C3ECC170B8CBC270C3C0C370FECCFA
:10C20000C470EC9EC570ED9EC670EE9EC770EF9E2A
:10C21000C870D2C1C970F09ECA70C8ECCB70F19ED4
:10C22000CC70F29ECD70F39ECE70F49ECF70F59ED2
:10C23000D070F69ED170F79ED270F89ED370F99EA2
:10C24000D470FA9ED570FB9ED670FC9ED770FD9E72
:10C25000D870E6BAD970D3C0DA70FE9EDB70F2D621
:10C26000DC70409FDD70419FDE70429FDF70CCD15B
:10C27000E070439FE170449FE270459FE370469FEA
:10C28000E470BEBFE570479FE670B3B7E770D5C9ED
:10C29000E870C7ECE970E2BBEA70489FEB70CCCC69
:10C2A000EC70FDBDED70C8C8EE70499FEF70A9CF6E
:10C2B000F0704A9FF1704B9FF2704C9FF3704D9F4E
:10C2C000F4704E9FF5704F9FF670509FF770E9CD58
:10C2D000F870519FF970EBC5FA70529FFB70539F35
:10C2E000FC70549FFD70E9B7FE70559FFF70569F1C
:10C2F0000071579F0171589F0271599F03715A9F96
:10C3000004715B9F05715C9F06715D9F07715E9F65
:10C3100008715F9F0971C9D10A71B8BA0B71609F2A
:10C320000C71619F0D71629F0E71639F0F71649F0D
:10C330001071C9EC1171659F1271669F1371CAEC7F
:10C340001471679F1571C0BB1671CBEC1771689F94
:10C350001871E2EC1971BAB11A71D9B71B71699FE2
:10C360001C716A9F1D716B9F1E716C9F1F716D9F69
:10C3700020716E9F21716F9F2271709F2371719F39
:10C380002471729F2571739F2671B9BD2771749FA7
:10C390002871759F2971769F2A71779F2B71789FDD
:10C3A0002C71799F2D717A9F2E717B9F2F71CCEC10
:10C3B0003071E6D13171CDEC32717C9F33717D9F4C
:10C3C00034717E9F3571809F3671BBC83771819FF4
:10C3D0003871829F3971839F3A71849F3B71859F29
:10C3E0003C71869F3D71879F3E71889F3F71899FF9
:10C3F00040718A9F41718B9F42718C9F43718D9FC9
:10C4000044718E9F4571D1EC46718F9F4771909F0B
:10C410004871919F4971929F4A71D3EC4B71939FE0
:10C420004C71CDBB4D71949F4E71E5BC4F71959F82
:10C430005071969F5171979F5271989F5371999F18
:10C4400054719A9F55719B9F56719C9F57719D9FE8
:10C4500058719E9F59719F9F5A71A09F5B71A19FB8
:10C460005C71CFEC5D71A29F5E71B7C95F71A39FD4
:10C470006071A49F6171A59F6271A69F6371A79F60
:10C480006471BAC36571A89F6671E3EC6771D5D515
:10C490006871D0EC6971A99F6A71AA9F6B71AB9F9B
:10C4A0006C71AC9F6D71AD9F6E71F3D66F71AE9F65
:10C4B0007071AF9F7171B09F7271D2EC7371CEECDD
:10C4C0007471B19F7571B29F7671B39F7771B49F8C
:10C4D0007871D4EC7971B59F7A71D5EC7B71B69F88
:10C4E0007C71B79F7D71BFC97E71B89F7F71B99F05
:10C4F0008071BA9F8171BB9F8271BC9F8371BD9F08
:10C500008471A8CF8571BE9F8671BF9F8771C09FC0
:10C510008871C19F8971C29F8A71DCD08B71C39F62
:10C520008C71C49F8D71C59F8E71C69F8F71ACD168
:10C530009071C79F9171C89F9271C99F9371CA9F53
:10C540009471DBC89571CB9F9671CC9F9771CD9FED
:10C550009871D6EC9971F5CE9A71CE9F9B71CF9F51
:10C560009C71D09F9D71D19F9E71D29F9F71ECCA8B
:10C57000A071DAECA171D39FA271D49FA371D59F52
:10C58000A471D69FA571D79FA671D89FA771D99F77
:10C59000A871D9ECA971DA9FAA71DB9FAB71DC9FFE
:10C5A000AC71BEB0AD71DD9FAE71DE9FAF71DF9F2C
:10C5B000B071E09FB171E19FB271E29FB371D7ECAE
:10C5C000B471E39FB571D8ECB671E49FB771E59F84
:10C5D000B871E69FB971E4ECBA71E79FBB71E89F4F
:10C5E000BC71E99FBD71EA9FBE71EB9FBF71EC9F6B
:10C5F000C071ED9FC171EE9FC271EF9FC371BCC846
:10C60000C471F09FC571F19FC671F29FC771F39F0E
:10C61000C871F49FC971F59FCA71F69FCB71F79FDE
:10C62000CC71F89FCD71F99FCE71C7C1CF71FA9FC0
:10C63000D071FB9FD171FC9FD271FD9FD371FE9F82
:10C64000D471DCECD571E0D1D67140A0D77141A096
:10C65000D87142A0D97143A0DA7144A0DB7145A022
:10C66000DC7146A0DD7147A0DE7148A0DF7149A0F2
:10C67000E071DBECE1714AA0E2714BA0E3714CA0E8
:10C68000E4714DA0E571EFD4E6714EA0E771DDECE9
:10C69000E8714FA0E97150A0EA7151A0EB7152A06E
:10C6A000EC7153A0ED7154A0EE71C6DBEF7155A093
:10C6B000F07156A0F17157A0F27158A0F37159A012
:10C6C000F4715AA0F5715BA0F6715CA0F7715DA0E2
:10C6D000F8715EA0F971DEECFA715FA0FB7160A0E9
:10C6E000FC7161A0FD7162A0FE7163A0FF7164A086
:10C6F000007265A0017266A0027267A0037268A052
:10C70000047269A005726AA00672ACB107726BA0D0
:10C7100008726CA009726DA00A726EA00B726FA0F5
:10C720000C7270A00D7271A00E7272A00F7273A0C5
:10C73000107274A0117275A0127276A0137277A095
:10C74000147278A0157279A016727AA017727BA065
:10C7500018727CA019727DA01A727EA01B7280A034
:10C760001C7281A01D72DFEC1E7282A01F7283A05A
:10C77000207284A0217285A0227286A0237287A0D5
:10C78000247288A0257289A026728AA027728BA0A5
:10C790002872E0EC29728CA02A72A6D72B728DA089
:10C7A0002C72C0C52D728EA02E728FA02F7290A0F9
:10C7B0003072BCEB3172AEB0327291A0337292A083
:10C7C000347293A03572F4BE3672B8B83772AFD2F5
:10C7D0003872D6B03972F9B53A7294A03B72B3D8B8
:10C7E0003C7295A03D72ACCB3E7296A03F72DDE3E9
:10C7F000407297A0417298A0427299A043729AA089
:10C8000044729BA045729CA046729DA04772ACC624
:10C810004872E6B049729EA04A729FA04B72A0A0D7
:10C820004C72C6C54D72B9EB4E72A1A04F72A2A058
:10C830005072A3A05172A4A05272BAEB5372A5A079
:10C840005472A6A05572A7A05672BBEB5772A8A04F
:10C850005872A9A05972C0D15A72AAA05B72A3C51E
:10C860005C72ABA05D72F2EA5E72ACA05F72B2C4A1
:10C870006072ADA06172B5C46272CEC06372AEA0C8
:10C880006472AFA06572B0A06672F3EA6772C1C449
:10C890006872B1A06972EFCE6A72B2A06B72B3A077
:10C8A0006C72B4A06D72B5A06E72F0EA6F72F4EAA9
:10C8B0007072B6A07172B7A07272FCC97372B8A020
:10C8C0007472B9A07572A3C77672BAA07772BBA052
:10C8D0007872BCA07972D8CC7A72FECE7B72BDA081
:10C8E0007C72BEA07D72BFA07E72F5EA7F72F6EA0E
:10C8F0008072ACCF8172E7C08272C0A08372C1A087
:10C900008472F7EA8572C2A08672C3A08772C4A03F
:10C910008872C5A08972C6A08A72BFB68B72F8EA07
:10C920008C72C7A08D72F9EA8E72C8A08F72FAEA73
:10C930009072C9A09172CAA09272FBEA9372CBA0C6
:10C940009472CCA09572CDA09672CEA09772CFA013
:10C950009872D0A09972D1A09A72D2A09B72D3A0E3
:10C960009C72D4A09D72D5A09E72D6A09F72F1EA4F
:10C97000A072D7A0A172D8A0A272D9A0A372DAA087
:10C98000A472DBA0A572DCA0A672DDA0A772DEA057
:10C99000A872DFA0A972E0A0AA72E1A0AB72E2A027
:10C9A000AC72AEC8AD72EBE1AE72E3A0AF72B8B7D5
:10C9B000B072ECE1B172E4A0B272E5A0B372E6A08D
:10C9C000B472EDE1B572E7A0B672B4D7B772EEE11A
:10C9D000B872EFE1B972CCD3BA72E8A0BB72E9A029
:10C9E000BC72EAA0BD72EBA0BE72ECA0BF72EDA05B
:10C9F000C072EEA0C172F1E1C272F1BFC372F0E188
:10CA0000C472D2B5C572EFA0C672F0A0C772F1A011
:10CA1000C872B7B1C972F2A0CA72F3A0CB72F4A007
:10CA2000CC72F5A0CD72F3E1CE72F2E1CF72F6A036
:10CA3000D072FCBAD172F7A0D272F4E1D372F8A02E
:10CA4000D472F9A0D572FAA0D672FBA0D772B7B98A
:10CA5000D872FCA0D972D1BEDA72FDA0DB72FEA042
:10CA6000DC7240AADD7241AADE72FCC4DF7242AA07
:10CA7000E072DDBAE172C6BDE27243AAE37244AA73
:10CA8000E47245AAE57246AAE67247AAE77248AA86
:10CA9000E872F5E1E972F7E1EA7249AAEB724AAA93
:10CAA000EC72C0B6ED72C1CFEE72A8CAEF72F6E1B9
:10CAB000F072F8D5F172FCD3F272F8E1F372FCE196
:10CAC000F472F9E1F5724BAAF6724CAAF772FAE128
:10CAD000F872EAC0F9724DAAFA72FEE1FB72A1E2A5
:10CAE000FC72C7C0FD724EAAFE724FAAFF7250AA16
:10CAF000007351AA0173FBE1027352AA0373FDE1B3
:10CB0000047353AA057354AA067355AA077356AA49
:10CB1000087357AA097358AA0A73A5E20B7359AA96
:10CB20000C735AAA0D735BAA0E73D4C10F735CAA5F
:10CB300010735DAA11735EAA12735FAA1373A3E246
:10CB4000147360AA1573A8E21673FEB21773A2E2FB
:10CB5000187361AA197362AA1A7363AA1B73CDC3EF
:10CB60001C73C2B21D73A7E21E73A6E21F7364AAF0
:10CB7000207365AA2173A4E22273A9E2237366AA33
:10CB8000247367AA2573ABE2267368AA277369AA80
:10CB900028736AAA2973C9D02A73EDD62B73A8C348
:10CBA0002C73ACE22D736BAA2E73D7CF2F736CAAA4
:10CBB00030736DAA3173AEE232736EAA33736FAA0B
:10CBC0003473EFBA357370AA367371AA3773E0E91C
:10CBD0003873ADE23973AAE23A7372AA3B7373AA4F
:10CBE0003C7374AA3D7375AA3E73ABBB3F73B3D459
:10CBF000407376AA417377AA427378AA437379AADD
:10CC000044737AAA45737BAA46737CAA47737DAAAC
:10CC100048737EAA497380AA4A7381AA4B7382AA79
:10CC20004C7383AA4D73B0E24E7384AA4F7385AAE6
:10CC30005073AFE2517386AA5273E1E9537387AA26
:10CC4000547388AA557389AA56738AAA5773B1E296
:10CC500058738BAA59738CAA5A738DAA5B738EAAC8
:10CC60005C738FAA5D7390AA5E7391AA5F7392AA98
:10CC70006073B2E2617393AA627394AA637395AA14
:10CC8000647396AA657397AA667398AA677399AA3C
:10CC900068739AAA69739BAA6A739CAA6B739DAA0C
:10CCA0006C73B3E26D73A1CC6E739EAA6F73B4E222
:10CCB00070739FAA7173A0AA727340AB737341AB78
:10CCC000747342AB757343AB767344AB777345AB08
:10CCD000787346AB797347AB7A7348AB7B7349ABD8
:10CCE0007C734AAB7D734BAB7E73B5E27F734CAB09
:10CCF00080734DAB81734EAB82734FAB837350AB7C
:10CD00008473FED0857351AB867352AB8773CAC2EE
:10CD1000887353AB8973F1D38A7354AB8B73F5CD9E
:10CD20008C7355AB8D7356AB8E73E0E78F7357AB37
:10CD3000907358AB9173E1E7927359AB93735AAB0D
:10CD400094735BAB95735CAB9673C1BE97735DAB2D
:10CD500098735EAB99735FAB9A7360AB9B73EAC2D7
:10CD60009C7361AB9D7362AB9E7363AB9F73E4E78F
:10CD7000A07364ABA17365ABA273E3E7A37366AB67
:10CD8000A47367ABA57368ABA67369ABA7736AABF3
:10CD9000A8736BABA973E6CDAA736CABAB73B5C3C9
:10CDA000AC736DABAD736EABAE73E2E7AF73B7BB95
:10CDB000B073D6CFB1736FABB273E1C1B373E9E7B0
:10CDC000B47370ABB57371ABB67372ABB773E8E79E
:10CDD000B87373ABB97374ABBA73F4E7BB73A3B234
:10CDE000BC7375ABBD7376ABBE7377ABBF7378ABFB
:10CDF000C073EAE7C17379ABC273E6E7C3737AAB7A
:10CE0000C4737BABC5737CABC6737DABC7737EABA2
:10CE1000C873ECE7C973EBE7CA73BAC9CB7380ABCD
:10CE2000CC7381ABCD73E4D5CE7382ABCF73E5E722
:10CE3000D073A9B7D173E7E7D27383ABD37384AB55
:10CE4000D47385ABD57386ABD67387ABD77388ABFA
:10CE5000D87389ABD973EEE7DA738AABDB738BAB2C
:10CE6000DC738CABDD738DABDE73F3E7DF738EABFE
:10CE7000E073E9D6E1738FABE27390ABE37391ABF0
:10CE8000E47392ABE573EDE7E67393ABE773F2E718
:10CE9000E87394ABE973F1E7EA7395ABEB7396AB88
:10CEA000EC7397ABED73E0B0EE7398ABEF7399ABA7
:10CEB000F0739AABF1739BABF273F5E7F3739CAB32
:10CEC000F4739DABF5739EABF6739FABF773A0AB9A
:10CED000F87340ACF97341ACFA7342ACFB7343ACEA
:10CEE000FC7344ACFD7345ACFE7346ACFF7347ACBA
:10CEF000007448AC017449AC02744AAC0374F2C7C4
:10CF000004744BAC0574C5C00674EDC007744CAC1A
:10CF100008744DAC0974F0C10A74F0E70B744EACA0
:10CF20000C744FAC0D7450AC0E7451AC0F74F6E72A
:10CF30001074F6CB117452AC127453AC137454AC1D
:10CF4000147455AC157456AC167457AC177458ACB1
:10CF5000187459AC19745AAC1A74A2E81B74A1E87D
:10CF60001C745BAC1D745CAC1E745DAC1F745EAC59
:10CF700020745FAC217460AC2274C1D7237461AC9F
:10CF8000247462AC2574FAE72674F9E7277463AC5D
:10CF90002874FBE7297464AC2A74F7E72B7465AC3A
:10CFA0002C74FEE72D7466AC2E74FDE72F7467AC0D
:10CFB0003074FCE7317468AC327469AC3374D5C139
:10CFC0003474D9C73574FDC53674C3C537746AACBB
:10CFD00038746BAC39746CAC3A746DAC3B746EAC39
:10CFE0003C74EDC73D746FAC3E7470AC3F7471AC73
:10CFF000407472AC4174A3E8427473AC437474AC73
:10D00000447475AC457476AC467477AC477478ACB0
:10D01000487479AC49747AAC4A747BAC4B747CAC80
:10D020004C747DAC4D747EAC4E7480AC4F7481AC4E
:10D03000507482AC517483AC527484AC537485AC1C
:10D04000547486AC5574A6E8567487AC5774A5E83A
:10D05000587488AC5974A7E85A74F7BA5B74F8E747
:10D060005C74A4E85D7489AC5E74F0C85F74AAC98E
:10D0700060748AAC61748BAC62748CAC63748DAC7C
:10D0800064748EAC65748FAC667490AC677491AC4C
:10D09000687492AC697493AC6A7494AC6B7495AC1C
:10D0A0006C7496AC6D74A9E86E7497AC6F7498ACA0
:10D0B0007074E5B9717499AC72749AAC73749BAC6A
:10D0C00074749CAC75749DAC7674FED17774A8E8CA
:10D0D00078749EAC79749FAC7A74A0AC7B7440ADCC
:10D0E0007C7441AD7D7442AD7E74AAE87F7443AD1B
:10D0F0008074ADE88174AEE8827444AD8374A7C1D6
:10D10000847445AD857446AD867447AD8774AFE8C9
:10D11000887448AD897449AD8A744AAD8B74B0E89F
:10D120008C744BAD8D744CAD8E74ACE88F744DAD7A
:10D130009074B4E891744EAD92744FAD937450AD49
:10D14000947451AD957452AD967453AD977454ADBB
:10D15000987455AD997456AD9A7457AD9B7458AD8B
:10D160009C74ABE89D7459AD9E74B1E89F745AAD40
:10D17000A0745BADA1745CADA2745DADA3745EAD33
:10D18000A4745FADA57460ADA67461ADA774B5E875
:10D19000A874B2E8A974B3E8AA7462ADAB7463ADC5
:10D1A000AC7464ADAD7465ADAE7466ADAF7467ADAF
:10D1B000B07468ADB17469ADB2746AADB3746BAD7F
:10D1C000B4746CADB5746DADB6746EADB7746FAD4F
:10D1D000B87470ADB97471ADBA74B7E8BB7472ADA0
:10D1E000BC7473ADBD7474ADBE7475ADBF7476ADF3
:10D1F000C07477ADC17478ADC27479ADC3747AADC3
:10D20000C4747BADC5747CADC6747DADC7747EAD92
:10D21000C87480ADC97481ADCA7482ADCB7483AD5E
:10D22000CC7484ADCD7485ADCE7486ADCF7487AD2E
:10D23000D07488ADD17489ADD274B6E8D3748AAD98
:10D24000D4748BADD5748CADD6748DADD7748EADD2
:10D25000D8748FADD97490ADDA7491ADDB7492ADA2
:10D26000DC74CFB9DD7493ADDE74ACF0DF7494ADD3
:10D27000E074ADF0E17495ADE274B0C6E374EAB069
:10D28000E474BFC8E57496ADE674DFCDE77497AD7E
:10D29000E87498ADE97499ADEA749AADEB749BADFE
:10D2A000EC749CADED749DADEE74CDCEEF74B1EA2F
:10D2B000F0749EADF1749FADF274A0ADF37440AE06
:10D2C000F474B2EAF57441AEF674BFC6F774C9B42B
:10D2D000F87442AEF97443AEFA7444AEFB7445AED2
:10D2E000FC7446AEFD7447AEFE7448AEFF74B3EAFC
:10D2F000007549AE01754AAE02754BAE03754CAE72
:10D300000475E7D505754DAE06754EAE07754FAE83
:10D31000087550AE097551AE0A7552AE0B7553AE15
:10D320000C7554AE0D75F9DD0E7555AE0F75B4EA7A
:10D33000107556AE1175B5EA127557AE1375B6EA8B
:10D34000147558AE157559AE16755AAE17755BAE95
:10D350001875CAB81975B0DF1A75F5C91B755CAEBA
:10D360001C75F0CC1D755DAE1E755EAE1F75FAC9DD
:10D3700020755FAE217560AE227561AE237562AE19
:10D38000247563AE2575FBC9267564AE277565AE39
:10D390002875C3D32975A6CB2A7566AE2B75A6B89A
:10D3A0002C75AEF02D75C2B12E7567AE2F75B8E530
:10D3B0003075EFCC3175C9D33275D7BC3375EAC936
:10D3C000347568AE3575E7B5367569AE3775D0C456
:10D3D0003875E9B539756AAE3A75AEEE3B75ADBBD9
:10D3E0003C756BAE3D756CAE3E75DEE73F756DAE60
:10D3F0004075AFEE41756EAE42756FAE437570AE5F
:10D40000447571AE4575A9B3467572AE477573AE76
:10D410004875B2EE497574AE4A7575AE4B75B1EE8E
:10D420004C75E7BD4D7576AE4E75B0EE4F75B7CE07
:10D43000507577AE517578AE527579AE53757AAE38
:10D440005475CFC555757BAE56757CAE57757DAEA0
:10D4500058757EAE5975F4C15A75CEDB5B75B3EE67
:10D460005C75F3D05D7580AE5E7581AE5F7582AE22
:10D47000607583AE617584AE627585AE637586AE88
:10D48000647587AE6575D4C26675E8C6677588AE83
:10D49000687589AE69758AAE6A75ACB76B758BAE07
:10D4A0006C758CAE6D758DAE6E758EAE6F758FAE04
:10D4B000707590AE717591AE7275B4EE737592AE73
:10D4C0007475EBB3757593AE767594AE777595AE4E
:10D4D0007875FBBB7975B5EE7A7596AE7B7597AEB0
:10D4E0007C7598AE7D7599AE7E759AAE7F75DCE7DA
:10D4F00080759BAE81759CAE82759DAE8375B6EED0
:10D5000084759EAE85759FAE8675AEBD8775A0AEDF
:10D51000887540AF897541AF8A7542AF8B75E2F16E
:10D520008C7543AF8D7544AF8E7545AF8F75E8CA66
:10D53000907546AF9175C9D29275DAF0937547AF81
:10D540009475DBF0957548AF9675DCF09775C6C19C
:10D55000987549AF9975EDB89A75CEBE9B754AAF6F
:10D560009C754BAF9D75DEF09E754CAF9F75B1C538
:10D57000A075DDF0A175F1D1A2754DAFA375E0F0F6
:10D58000A475CCB0A575EABDA6754EAFA7754FAF13
:10D59000A87550AFA97551AFAA7552AFAB75DFD260
:10D5A000AC75DFF0AD7553AFAE75AFB4AF75E8B71E
:10D5B000B075E6F0B175E5F0B275A3C6B375E1F0EC
:10D5C000B475E2F0B575C3B4B67554AFB77555AF61
:10D5D000B875E3F0B975EED5BA7556AFBB7557AFF0
:10D5E000BC75DBCCBD75D2BEBE75B2BCBF7558AFC5
:10D5F000C07559AFC1755AAFC275E8F0C375E7F091
:10D60000C475E4F0C575A1B2C6755BAFC775A2D687
:10D61000C875B8D3C975B7BECA75ACC8CB755CAF91
:10D62000CC755DAFCD75EAF0CE755EAFCF755FAFEF
:10D63000D07560AFD17561AFD275F7D1D37562AFD8
:10D64000D475CCD6D575DBBAD675E9F0D77563AF8E
:10D65000D875BBB6D97564AFDA7565AFDB75B4CD77
:10D66000DC7566AFDD7567AFDE75A6C6DF7568AFC2
:10D67000E07569AFE1756AAFE275A1C1E375EBF0E2
:10D68000E475EEF0E5756BAFE675EDF0E775F0F07B
:10D69000E875ECF0E9756CAFEA75BEBBEB75EFF0C1
:10D6A000EC756DAFED756EAFEE756FAFEF7570AF7A
:10D6B000F075B5CCF175F2F0F27571AFF37572AF2C
:10D6C000F475D5B3F57573AFF67574AFF77575AFBF
:10D6D000F87576AFF975D4B1FA7577AFFB7578AF99
:10D6E000FC75F3F0FD7579AFFE757AAFFF75F4F058
:10D6F0000076F6F00176E1B402767BAF0376F1F0C6
:10D7000004767CAF0576F7F006767DAF07767EAFC0
:10D71000087680AF097681AF0A76FAF00B7682AF91
:10D720000C76F8F00D7683AF0E7684AF0F7685AF6A
:10D730001076F5F0117686AF127687AF137688AF44
:10D74000147689AF1576FDF016768AAF1776F9F064
:10D750001876FCF01976FEF01A768BAF1B76A1F1E5
:10D760001C768CAF1D768DAF1E768EAF1F76C1CE28
:10D770002076A4F121768FAF2276A3F1237690AFA5
:10D780002476F6C12576FBF02676DDCA277691AFA2
:10D79000287692AF2976F1B42A76F1B12B76B1CC06
:10D7A0002C7693AF2D76A6F12E7694AF2F7695AF8B
:10D7B0003076A7F1317696AF327697AF3376ACF10B
:10D7C0003476CED53576A9F1367698AF377699AFDF
:10D7D0003876B3C839769AAF3A769BAF3B769CAF32
:10D7E0003C76A2F13D769DAF3E76ABF13F76A8F157
:10D7F0004076A5F141769EAF42769FAF4376AAF17F
:10D800004476A0AF457640B0467641B0477642B008
:10D81000487643B0497644B04A7645B04B7646B038
:10D820004C76A9B04D76ADF14E7647B04F7648B004
:10D83000507649B051764AB052764BB053764CB0E0
:10D840005476AFF155764DB05676B1F157764EB06D
:10D8500058764FB0597650B05A7651B05B7652B088
:10D860005C76B0F15D7653B05E76AEF15F7654B023
:10D87000607655B0617656B0627657B06376A2D1C5
:10D88000647658B0657659B066765AB067765BB004
:10D8900068765CB069765DB06A765EB06B76B2F140
:10D8A0006C765FB06D7660B06E7661B06F76B3F116
:10D8B000707662B0717663B0727664B0737665B07C
:10D8C000747666B0757667B0767668B0777669B04C
:10D8D0007876EFB979766AB07A766BB07B76C7B531
:10D8E0007C766CB07D76D7B07E76D9B07F766DB021
:10D8F00080766EB081766FB08276EDD4837670B02C
:10D900008476C4B5857671B08676D4BD8776CABB79
:10D910008876A7F0897672B08A7673B08B76DEB897
:10D920008C7674B08D7675B08E76A8F08F7676B0E2
:10D93000907677B09176A8B0927678B09376A9F089
:10D94000947679B095767AB09676EECD97767BB070
:10D9500098767CB09976AAF09A767DB09B767EB068
:10D960009C7680B09D7681B09E7682B09F7683B0A3
:10D97000A07684B0A17685B0A27686B0A37687B073
:10D98000A476ABF0A57688B0A67689B0A7768AB0E3
:10D99000A8768BB0A9768CB0AA768DB0AB768EB017
:10D9A000AC768FB0AD7690B0AE76A4C6AF7691B0BF
:10D9B000B07692B0B176E5D6B276E4F1B37693B0B4
:10D9C000B476E5F1B57694B0B67695B0B77696B004
:10D9D000B87697B0B97698B0BA7699B0BB769AB067
:10D9E000BC769BB0BD769CB0BE769DB0BF76F3C3CF
:10D9F000C0769EB0C1769FB0C276DBD3C376A0B0AE
:10DA0000C47640B1C576D1D6C676E8C5C77641B1F1
:10DA1000C876AFD3C97642B1CA76E6D2CB7643B1E7
:10DA2000CC7644B1CD76C1EECE76BBB0CF76B5D54F
:10DA3000D076CED1D176E0BCD276D0BAD37645B10D
:10DA4000D476F8BFD57646B1D676C7B8D776C1B505
:10DA5000D876CCC5D97647B1DA7648B1DB76A2CA9A
:10DA6000DC7649B1DD764AB1DE764BB1DF76CBC3E9
:10DA7000E0764CB1E1764DB1E2764EB1E3764FB14E
:10DA8000E47650B1E576C2EEE67651B1E77652B172
:10DA9000E87653B1E97654B1EA7655B1EB7656B1F2
:10DAA000EC7657B1ED7658B1EE76BFC4EF76A2B6FC
:10DAB000F07659B1F176ECEDF276A4C3F3765AB173
:10DAC000F476B1D6F5765BB1F6765CB1F7765DB1FA
:10DAD000F876E0CFF976EFEDFA765EB1FB765FB1DE
:10DAE000FC76CEC5FD7660B1FE76DCB6FF7661B120
:10DAF000007762B10177A1CA027763B1037764B19D
:10DB00000477EDED057765B1067766B10777F0ED3F
:10DB10000877F1ED0977BCC30A7767B10B77B4BF1B
:10DB20000C7768B10D77EEED0E7769B10F776AB1BA
:10DB300010776BB111776CB112776DB113776EB14D
:10DB400014776FB1157770B1167771B1177772B11D
:10DB5000187773B11977F4ED1A77F2ED1B7774B17A
:10DB60001C7775B11D7776B11E7777B11F77E6D533
:10DB70002077DFC3217778B12277F3ED237779B16E
:10DB800024777AB125777BB12677F6ED27777CB1BC
:10DB90002877A3D52977A3D12A777DB12B777EB1BA
:10DBA0002C7780B12D77F5ED2E7781B12F77D0C30B
:10DBB000307782B1317783B1327784B1337785B1F1
:10DBC000347786B13577F7ED3677F4BF3777ECBE2B
:10DBD0003877F8ED397787B13A77F7CC3B7788B16A
:10DBE0003C77DBD13D7789B13E778AB13F778BB106
:10DBF0004077C5D74177F6D542778CB14377FCEDB6
:10DC000044778DB145778EB146778FB14777FBED7D
:10DC1000487790B1497791B14A7792B14B7793B1F8
:10DC20004C7794B14D7795B14E7796B14F7797B1C8
:10DC30005077F9ED5177FAED527798B1537799B162
:10DC400054779AB155779BB156779CB157779DB170
:10DC500058779EB159779FB15A77FDED5B77A6BE95
:10DC60005C77A0B15D7740B25E7741B25F7742B238
:10DC7000607743B26177AFCB6277A1EE6377BDB6D1
:10DC8000647744B26577A2EE6677C0C4677745B221
:10DC90006877FEED697746B26A7747B26B77DEBD8B
:10DCA0006C77C7B26D7748B26E7749B26F774AB278
:10DCB00070774BB271774CB272774DB273774EB2C8
:10DCC00074774FB2757750B2767751B2777752B298
:10DCD000787753B27977C3B67A7754B27B7755B2F7
:10DCE0007C7756B27D77A5EE7E77BAD87F77A3EEA4
:10DCF0008077A6EE817757B2827758B2837759B290
:10DD00008477E9C38577F2B386775AB287775BB2B7
:10DD100088775CB289775DB28A775EB28B775FB2C3
:10DD20008C77A7EE8D77A4EE8E77B9CF8F7760B220
:10DD3000907761B29177A8EE9277F7C2937762B24B
:10DD4000947763B2957764B2967765B2977766B247
:10DD5000987767B2997768B29A7769B29B776AB217
:10DD60009C776BB29D776CB29E776DB29F77A9EE70
:10DD7000A077AAEEA1776EB2A277ABDEA3776FB2DF
:10DD8000A47770B2A577B3C6A67771B2A777C6C7D6
:10DD9000A87772B2A977F5D6AA77C9B5AB7773B26F
:10DDA000AC77B2CBAD7774B2AE7775B2AF7776B2EF
:10DDB000B077ABEEB17777B2B27778B2B377ABCD5D
:10DDC000B47779B2B577ACEEB6777AB2B7777BB283
:10DDD000B8777CB2B9777DB2BA777EB2BB77B0D56F
:10DDE000BC7780B2BD77ADEEBE7781B2BF77C4F6A7
:10DDF000C07782B2C17783B2C27784B2C37785B26B
:10DE0000C47786B2C57787B2C67788B2C77789B23A
:10DE1000C8778AB2C9778BB2CA778CB2CB778DB20A
:10DE2000CC778EB2CD77C7DBCE778FB2CF7790B27B
:10DE3000D07791B2D17792B2D27793B2D37794B2AE
:10DE4000D47795B2D57796B2D67797B2D777A3B471
:10DE5000D87798B2D97799B2DA779AB2DB77ACC330
:10DE6000DC77E6F1DD779BB2DE779CB2DF779DB29F
:10DE7000E0779EB2E1779FB2E277B8CAE377D3D278
:10DE8000E477A0B2E577AAD6E67740B3E777F2EF7A
:10DE9000E87741B3E977D8BEEA7742B3EB77C3BD01
:10DEA000EC77F3EFED77CCB6EE77ABB0EF7743B32B
:10DEB000F07744B3F17745B3F27746B3F377AFCA5F
:10DEC000F47747B3F57748B3F677B6EDF77749B30C
:10DED000F877B7EDF9774AB3FA774BB3FB774CB3E2
:10DEE000FC774DB3FD77F9CEFE77AFB7FF77F3BF81
:10DEF0000078B8ED0178EBC20278B0C903784EB370
:10DF000004784FB3057850B3067851B3077852B30D
:10DF1000087853B30978B9ED0A7854B30B7855B340
:10DF20000C78F6C60D78B3BF0E7856B30F7857B39A
:10DF3000107858B31178BCED1278F8C5137859B33E
:10DF40001478D0D115785AB31678A9D71778BAEDC6
:10DF50001878BBED19785BB31A78E2D11B785CB303
:10DF60001C78BFED1D78C0ED1E785DB31F78C4ED41
:10DF700020785EB321785FB3227860B32378C8ED50
:10DF8000247861B32578C6ED2678CEED2778E8D5DC
:10DF9000287862B32978C9ED2A7863B32B7864B303
:10DFA0002C78C7ED2D78BEED2E7865B32F7866B34B
:10DFB0003078E9C5317867B3327868B3337869B3BC
:10DFC0003478C6C635786AB336786BB33778E9C922
:10DFD0003878D2D43978C1ED3A78C2ED3B78C3EDC8
:10DFE0003C78C5ED3D786CB33E78F9C03F786DB3B1
:10DFF0004078A1B441786EB342786FB3437870B380
:10E00000447871B34578E8B9467872B34778D0ED73
:10E01000487873B3497874B34A7875B34B7876B35C
:10E020004C78D1ED4D7877B34E78CAED4F7878B310
:10E030005078CFED517879B35278F8CE53787AB3DF
:10E0400054787BB35578B6CB5678CCED5778CDED78
:10E0500058787CB359787DB35A787EB35B7880B3B7
:10E060005C7881B35D78F5CF5E7882B35F7883B3F7
:10E07000607884B3617885B3627886B3637887B358
:10E08000647888B3657889B366788AB367788BB328
:10E0900068788CB369788DB36A78D2ED6B78F2C109
:10E0A0006C78B2D36D78CBED6E78B7C86F788EB3DD
:10E0B00070788FB3717890B3727891B3737892B3AC
:10E0C000747893B3757894B3767895B37778EFBC1A
:10E0D000787896B3797897B37A7898B37B7899B350
:10E0E0007C78F0C57D789AB37E789BB37F789CB3BB
:10E0F00080789DB381789EB382789FB38378A0B3F4
:10E10000847840B4857841B4867842B48778D6ED77
:10E11000887843B48978EFB58A7844B48B7845B46D
:10E120008C78B5C28D78ADB08E78E9CB8F7846B457
:10E13000907847B49178AEB1927848B49378D4EDA2
:10E14000947849B495784AB496784BB49778EBCDE7
:10E150009878E2B599784CB49A78D5ED9B78D3ED60
:10E160009C78D7ED9D784DB49E784EB49F78FAB5E3
:10E17000A0784FB4A178D8EDA27850B4A378D9EDA7
:10E18000A47851B4A578DCEDA67852B4A778CCB1C8
:10E19000A87853B4A97854B4AA7855B4AB7856B4D7
:10E1A000AC7857B4AD7858B4AE7859B4AF785AB4A7
:10E1B000B078F6C5B178EEBCB278DAEDB378BCCC05
:10E1C000B478EAB2B5785BB4B6785CB4B7785DB4CD
:10E1D000B8785EB4B978DBEDBA785FB4BB7860B478
:10E1E000BC7861B4BD7862B4BE78EBC4BF7863B468
:10E1F000C07864B4C178C5B4C27865B4C37866B475
:10E20000C47867B4C578F5B0C67868B4C77869B41F
:10E21000C8786AB4C978DFEDCA78DAC0CB78E8B4D8
:10E22000CC786BB4CD786CB4CE786DB4CF786EB456
:10E23000D078CDC5D1786FB4D27870B4D37871B4BA
:10E24000D478DDEDD578C4BFD67872B4D77873B4FE
:10E25000D87874B4D978DEEDDA7875B4DB7876B432
:10E26000DC7877B4DD7878B4DE7879B4DF787AB4A6
:10E27000E0787BB4E1787CB4E2787DB4E3787EB476
:10E28000E47880B4E57881B4E67882B4E77883B442
:10E29000E878A5C4E97884B4EA7885B4EB7886B4E4
:10E2A000EC78E0EDED7887B4EE7888B4EF7889B457
:10E2B000F0788AB4F1788BB4F278E1EDF3788CB42D
:10E2C000F478E3EDF5788DB4F6788EB4F778D7C1AD
:10E2D000F8788FB4F97890B4FA78C7BBFB7891B42A
:10E2E000FC7892B4FD7893B4FE7894B4FF7895B43A
:10E2F000007996B40179B8BD027997B4037998B4DE
:10E30000047999B40579E2ED06799AB407799BB45A
:10E3100008799CB409799DB40A799EB40B799FB4AD
:10E320000C79A0B40D7940B50E7941B50F7942B59D
:10E33000107943B5117944B5127945B51379E4EDF7
:10E34000147946B5157947B5167948B5177949B5A1
:10E3500018794AB519794BB51A794CB51B794DB571
:10E360001C794EB51D794FB51E79E6ED1F7950B574
:10E37000207951B5217952B5227953B5237954B515
:10E380002479E5ED257955B5267956B5277957B520
:10E39000287958B5297959B52A795AB52B795BB5B9
:10E3A0002C795CB52D795DB52E795EB52F795FB589
:10E3B000307960B5317961B5327962B5337963B559
:10E3C0003479E7ED357964B5367965B5377966B571
:10E3D000387967B5397968B53A79BECA3B79EAECDC
:10E3E0003C79F1C03D7969B53E79E7C93F796AB5B5
:10E3F0004079EBEC4179EEC642796BB543796CB567
:10E4000044796DB545796EB54679ECEC47796FB5D1
:10E410004879EDC64979EDEC4A7970B54B7971B51B
:10E420004C7972B54D7973B54E7974B54F7975B530
:10E43000507976B5517977B5527978B55379F0EC52
:10E44000547979B555797AB55679E6D75779F3EC99
:10E4500058797BB559797CB55A79F1EC5B79EEEC5A
:10E460005C79EFEC5D79A3D75E79F1C95F79EECB8A
:10E470006079F4EC61797DB56279F2EC63797EB50F
:10E48000647980B56579E9CF667981B56779F6EC0D
:10E490006879B1C6697982B56A7983B56B7984B5D3
:10E4A0006C7985B56D79C0BC6E7986B56F79F5EC00
:10E4B000707987B5717988B5727989B573798AB5BC
:10E4C00074798BB575798CB576798DB57779BBB55F
:10E4D0007879F6BB79798EB57A79F7EC7B798FB557
:10E4E0007C7990B57D7991B57E7992B57F7993B538
:10E4F0008079F7D98179FBBD827994B5837995B517
:10E500008479BBC28579F8EC867996B5877997B519
:10E51000887998B5897999B58A79F9EC8B799AB522
:10E520008C799BB58D799CB58E799DB58F79A3B883
:10E5300090799EB591799FB59279A0B5937940B6BF
:10E54000947941B6957942B6967943B6977944B6AF
:10E55000987945B6997946B69A79FAEC9B7947B697
:10E560009C7948B69D7949B69E794AB69F794BB653
:10E57000A0794CB6A1794DB6A2794EB6A3794FB623
:10E58000A47950B6A57951B6A67952B6A779FBEC15
:10E59000A87953B6A97954B6AA7955B6AB7956B6C7
:10E5A000AC7957B6AD7958B6AE7959B6AF795AB697
:10E5B000B0795BB6B1795CB6B2795DB6B379FCEC93
:10E5C000B4795EB6B5795FB6B67960B6B77961B63B
:10E5D000B87962B6B979EDD3BA79AED8BB79EBC068
:10E5E000BC7963B6BD79DDC7BE79CCBABF7964B6F4
:10E5F000C079E3D0C179BDCBC27965B6C379BACD54
:10E60000C47966B6C57967B6C679D1B8C77968B630
:10E61000C87969B6C979FCB1CA796AB6CB79EFC74E
:10E62000CC796BB6CD79D6D6CE796CB6CF796DB6BE
:10E63000D0796EB6D179C6BFD279EBC3D3796FB634
:10E64000D47970B6D579F5EFD67971B6D77972B637
:10E65000D879D8C3D97973B6DA7974B6DB7975B657
:10E66000DC7976B6DD7977B6DE7978B6DF79E2D710
:10E67000E07979B6E1797AB6E2797BB6E379F7EFBA
:10E68000E479D3B3E5797CB6E679D8C7E779EDD1FB
:10E69000E8797DB6E979C8D6EA797EB6EB79F8EF04
:10E6A000EC7980B6ED79F6EFEE7981B6EF79FDBBC6
:10E6B000F079C6B3F17982B6F27983B6F37984B68C
:10E6C000F47985B6F57986B6F67987B6F77988B69E
:10E6D000F879D5BDF97989B6FA798AB6FB79C6D2C7
:10E6E000FC798BB6FD79E0BBFE798CB6FF798DB6EF
:10E6F000007AA1CF017A8EB6027AFCEF037AFBEFA3
:10E70000047A8FB6057A90B6067AF9EF077A91B651
:10E71000087A92B6097A93B60A7A94B60B7ACCB391
:10E720000C7A95B60D7AD4C90E7AB0CB0F7A96B61C
:10E73000107A97B6117A98B6127A99B6137A9AB671
:10E74000147AFEEF157A9BB6167A9CB6177ADEB06D
:10E75000187A9DB6197A9EB61A7AC9D61B7A9FB6D0
:10E760001C7AA0B61D7A40B71E7AFDEF1F7A41B71A
:10E77000207AEDB3217A42B7227A43B7237AD5F6CD
:10E78000247A44B7257A45B7267A46B7277A47B719
:10E79000287A48B7297A49B72A7A4AB72B7A4BB7E9
:10E7A0002C7A4CB72D7A4DB72E7A4EB72F7A4FB7B9
:10E7B000307A50B7317A51B7327A52B7337AC8CEFD
:10E7C000347A53B7357A54B7367A55B7377AA2F0D8
:10E7D000387A56B7397AA1F03A7A57B73B7ABEB54C
:10E7E0003C7ADABC3D7AFCBB3E7A58B73F7AE5B852
:10E7F000407A59B7417A5AB7427A5BB7437A5CB7E5
:10E80000447A5DB7457A5EB7467AC2C4477A5FB745
:10E81000487A60B7497A61B74A7A62B74B7A63B788
:10E820004C7A64B74D7A65B74E7A66B74F7A67B758
:10E83000507A68B7517AA3F0527A69B7537A6AB7B7
:10E84000547A6BB7557A6CB7567A6DB7577AEBCB6B
:10E85000587A6EB7597A6FB75A7A70B75B7A71B7D0
:10E860005C7A72B75D7A73B75E7A74B75F7A75B7A0
:10E87000607A76B7617A77B7627A78B7637A79B770
:10E88000647A7AB7657A7BB7667A7CB7677A7DB740
:10E89000687A7EB7697A80B76A7A81B76B7A82B70D
:10E8A0006C7A83B76D7A84B76E7A85B76F7A86B7DC
:10E8B000707AA6F0717A87B7727A88B7737A89B757
:10E8C000747AA8D1757A8AB7767ABFBE777AEEC79E
:10E8D000787AB6F1797AB7F17A7AD5BF7B7A8BB745
:10E8E0007C7A8CB77D7A8DB77E7A8EB77F7AA9B421
:10E8F000807AB8F1817ABBCD827A8FB7837AD4C718
:10E90000847AADD5857A90B7867AB9F1877A91B74E
:10E91000887ABAF1897A92B78A7A93B78B7A94B760
:10E920008C7A95B78D7ACFC78E7A96B78F7A97B74C
:10E93000907A98B7917AA4D2927ACFD6937A99B7EF
:10E94000947A9AB7957ABBF1967AD1BD977AB0B49A
:10E95000987ABDBE997A9BB79A7A9CB79B7A9DB7F5
:10E960009C7ADCB49D7AD1CE9E7A9EB79F7ADFBF27
:10E97000A07ABDF1A17A9FB7A27AA0B7A37A40B8D6
:10E98000A47A41B8A57AFABFA67ABCF1A77A42B8B0
:10E99000A87ABFF1A97A43B8AA7A44B8AB7A45B845
:10E9A000AC7ABEF1AD7AC0F1AE7A46B8AF7A47B86C
:10E9B000B07A48B8B17A49B8B27A4AB8B37AC1F1F4
:10E9C000B47A4BB8B57A4CB8B67A4DB8B77A4EB877
:10E9D000B87A4FB8B97A50B8BA7A51B8BB7A52B847
:10E9E000BC7A53B8BD7A54B8BE7A55B8BF7AFEC166
:10E9F000C07A56B8C17A57B8C27A58B8C37A59B8EB
:10EA0000C47A5AB8C57A5BB8C67A5CB8C77A5DB8BA
:10EA1000C87A5EB8C97A5FB8CA7A60B8CB7AA2C140
:10EA2000CC7A61B8CD7A62B8CE7A63B8CF7A64B85E
:10EA3000D07A65B8D17A66B8D27A67B8D37A68B82E
:10EA4000D47A69B8D57A6AB8D67AFACAD77A6BB85E
:10EA5000D87A6CB8D97ABED5DA7A6DB8DB7A6EB866
:10EA6000DC7A6FB8DD7A70B8DE7ABABEDF7AB9BE0A
:10EA7000E07AC2D5E17A71B8E27A72B8E37AA2BFDD
:10EA8000E47A73B8E57AAFCDE67AB5F1E77A74B88F
:10EA9000E87A75B8E97A76B8EA7A77B8EB7A78B82E
:10EAA000EC7A79B8ED7ADFBDEE7A7AB8EF7ACBB648
:10EAB000F07A7BB8F17A7CB8F27A7DB8F37A7EB8D6
:10EAC000F47A80B8F57A81B8F67A82B8F77A83B8A2
:10EAD000F87A84B8F97AF1D6FA7AC3F3FB7A85B872
:10EAE000FC7A86B8FD7AC4F3FE7A87B8FF7ACDB88F
:10EAF000007B88B8017B89B8027B8AB8037BC6F3A8
:10EB0000047BC7F3057B8BB8067BCAB0077B8CB848
:10EB1000087BC5F3097B8DB80A7BC9F30B7BF1CB6E
:10EB20000C7B8EB80D7B8FB80E7B90B80F7BCBF330
:10EB3000107B91B8117BA6D0127B92B8137B93B84F
:10EB4000147BCAB1157BC8F3167B94B8177B95B8B4
:10EB5000187B96B8197BCFF31A7B97B81B7BD1B57E
:10EB60001C7B98B81D7B99B81E7BD7F31F7B9AB886
:10EB7000207BD2F3217B9BB8227B9CB8237B9DB862
:10EB8000247BD4F3257BD3F3267BFBB7277B9EB86E
:10EB9000287BBFB1297B9FB82A7BCEF32B7BCAF39E
:10EBA0002C7BDAB52D7BA0B82E7BD0F32F7B40B920
:10EBB000307B41B9317BD1F3327B42B9337BD5F322
:10EBC000347B43B9357B44B9367B45B9377B46B98D
:10EBD000387BCDF3397B47B93A7BE3BC3B7B48B903
:10EBE0003C7BFDC13D7B49B93E7BD6F33F7B4AB9B7
:10EBF000407B4BB9417B4CB9427B4DB9437B4EB90D
:10EC0000447B4FB9457BDAF3467B50B9477BCCF365
:10EC1000487B51B9497BC8B54A7B52B94B7BEEBDA5
:10EC20004C7BDCF34D7B53B94E7B54B94F7BA4B77F
:10EC3000507BF0BF517BFED6527BB2CD537B55B992
:10EC4000547BF0B4557B56B9567BDFB2577B57B92E
:10EC5000587BD8F3597B58B95A7BD9F35B7BB8C939
:10EC60005C7B59B95D7BDDF35E7B5AB95F7B5BB939
:10EC7000607BDEF3617B5CB9627BE1F3637B5DB952
:10EC8000647B5EB9657B5FB9667B60B9677B61B9A0
:10EC9000687B62B9697B63B96A7B64B96B7B65B970
:10ECA0006C7B66B96D7B67B96E7BDFF36F7B68B990
:10ECB000707B69B9717BE3F3727BE2F3737B6AB9B2
:10ECC000747B6BB9757BDBF3767B6CB9777BEABFC2
:10ECD000787B6DB9797BEFB37A7B6EB97B7BE0F3A0
:10ECE0007C7B6FB97D7B70B97E7BA9C77F7B71B957
:10ECF000807BF2BC817B72B9827B73B9837B74B9F0
:10ED0000847B75B9857BEBF3867B76B9877B77B996
:10ED1000887B78B9897B79B98A7B7AB98B7B7BB917
:10ED20008C7B7CB98D7BBFB98E7B7DB98F7B7EB9A7
:10ED3000907BE4F3917B80B9927B81B9937B82B91C
:10ED4000947BADB2957BFEBB967B83B9977BE3CB7F
:10ED5000987B84B9997B85B99A7B86B99B7B87B967
:10ED60009C7BEDF39D7BE9F39E7B88B99F7B89B902
:10ED7000A07B8AB9A17BDCB9A27BEEF3A37B8BB924
:10ED8000A47B8CB9A57B8DB9A67BE5F3A77BE6F3C5
:10ED9000A87BEAF3A97BE1C2AA7BECF3AB7BEFF3A0
:10EDA000AC7BE8F3AD7BFDBCAE7B8EB9AF7B8FB99E
:10EDB000B07B90B9B17BE4CFB27B91B9B37B92B910
:10EDC000B47BF0F3B57B93B9B67B94B9B77B95B9B7
:10EDD000B87BE7F3B97B96B9BA7B97B9BB7B98B997
:10EDE000BC7B99B9BD7B9AB9BE7B9BB9BF7B9CB9F3
:10EDF000C07B9DB9C17BF2F3C27B9EB9C37B9FB937
:10EE0000C47BA0B9C57B40BAC67BADD7C77BAAC6B9
:10EE1000C87B41BAC97B42BACA7B43BACB7B44BAEE
:10EE2000CC7BF3F3CD7B45BACE7B46BACF7B47BADA
:10EE3000D07B48BAD17BF1F3D27B49BAD37BA8C24D
:10EE4000D47B4ABAD57B4BBAD67B4CBAD77B4DBA6A
:10EE5000D87B4EBAD97BDDB8DA7BF5F3DB7B4FBAD2
:10EE6000DC7B50BADD7BF4F3DE7B51BADF7B52BA38
:10EE7000E07B53BAE17BDBB4E27B54BAE37B55BA67
:10EE8000E47B56BAE57BF6F3E67BF7F3E77B57BA0C
:10EE9000E87B58BAE97B59BAEA7BF8F3EB7B5ABABC
:10EEA000EC7B5BBAED7B5CBAEE7BBAC0EF7B5DBA04
:10EEB000F07B5EBAF17BE9C0F27B5FBAF37B60BAAC
:10EEC000F47B61BAF57B62BAF67B63BAF77BF1C576
:10EED000F87B64BAF97B65BAFA7B66BAFB7B67BAE2
:10EEE000FC7BFBF3FD7B68BAFE7BFAF3FF7B69BA20
:10EEF000007C6ABA017C6BBA027C6CBA037C6DBA86
:10EF0000047C6EBA057C6FBA067C70BA077CD8B4F4
:10EF1000087C71BA097C72BA0A7C73BA0B7CFEF366
:10EF20000C7CF9F30D7C74BA0E7C75BA0F7CFCF383
:10EF3000107C76BA117C77BA127C78BA137C79BAD5
:10EF4000147C7ABA157C7BBA167CFDF3177C7CBAEC
:10EF5000187C7DBA197C7EBA1A7C80BA1B7C81BA77
:10EF60001C7C82BA1D7C83BA1E7C84BA1F7CA1F4EF
:10EF7000207C85BA217C86BA227C87BA237C88BA19
:10EF8000247C89BA257C8ABA267CA3F4277CC9BB59
:10EF9000287C8BBA297C8CBA2A7CA2F42B7C8DBA73
:10EFA0002C7C8EBA2D7C8FBA2E7C90BA2F7C91BA95
:10EFB000307C92BA317C93BA327C94BA337C95BA65
:10EFC000347C96BA357C97BA367C98BA377C99BA35
:10EFD000387CA4F4397C9ABA3A7C9BBA3B7C9CBAC4
:10EFE0003C7C9DBA3D7C9EBA3E7C9FBA3F7CBEB2C3
:10EFF000407CA6F4417CA5F4427CA0BA437C40BB93
:10F00000447C41BB457C42BB467C43BB477C44BB04
:10F01000487C45BB497C46BB4A7C47BB4B7C48BBD4
:10F020004C7C49BB4D7CAEBC4E7C4ABB4F7C4BBB41
:10F03000507C4CBB517C4DBB527C4EBB537C4FBB78
:10F04000547C50BB557C51BB567C52BB577C53BB48
:10F05000587C54BB597C55BB5A7C56BB5B7C57BB18
:10F060005C7C58BB5D7C59BB5E7C5ABB5F7C5BBBE8
:10F07000607C5CBB617C5DBB627C5EBB637C5FBBB8
:10F08000647C60BB657C61BB667C62BB677C63BB88
:10F09000687C64BB697C65BB6A7C66BB6B7C67BB58
:10F0A0006C7C68BB6D7C69BB6E7C6ABB6F7C6BBB28
:10F0B000707C6CBB717C6DBB727C6EBB737CD7C388
:10F0C000747CE1D9757C6FBB767C70BB777C71BB3F
:10F0D000787C72BB797C73BB7A7C74BB7B7CE0C030
:10F0E0007C7CCCF47D7CD1D77E7C75BB7F7C76BB71
:10F0F000807C77BB817C78BB827C79BB837C7ABB4C
:10F10000847C7BBB857C7CBB867C7DBB877C7EBB1B
:10F11000887C80BB897CDBB78A7C81BB8B7C82BB93
:10F120008C7C83BB8D7C84BB8E7C85BB8F7C86BBBB
:10F13000907C87BB917CCEF4927CA3C1937C88BBEE
:10F14000947C89BB957CC9C6967C8ABB977CD6B4D7
:10F15000987CB3D5997C8BBB9A7C8CBB9B7C8DBBFC
:10F160009C7CD0F49D7CCFF49E7CD1F49F7CDACB48
:10F17000A07C8EBBA17C8FBBA27CD2F4A37C90BB75
:10F18000A47CC1D4A57CE0D6A67C91BBA77C92BB15
:10F19000A87C93BBA97C94BBAA7CE0B7AB7C95BB55
:10F1A000AC7C96BBAD7C97BBAE7CB8C1AF7C98BB4A
:10F1B000B07C99BBB17CBBC1B27CD3F4B37CACBE98
:10F1C000B47C9ABBB57C9BBBB67C9CBBB77C9DBB1F
:10F1D000B87C9EBBB97CE2B4BA7C9FBBBB7CA0BBB5
:10F1E000BC7CD4F4BD7CD5F4BE7CABBEBF7C40BC43
:10F1F000C07C41BCC17CD6F4C27C42BCC37C43BC55
:10F20000C47C44BCC57CDBF4C67C45BCC77CD7F45D
:10F21000C87CDAF4C97C46BCCA7CFDBACB7C47BC4E
:10F22000CC7CD8F4CD7CD9F4CE7C48BCCF7C49BC16
:10F23000D07C4ABCD17C4BBCD27C4CBCD37C4DBC7A
:10F24000D47C4EBCD57CE2B8D67CC7CCD77CDCF471
:10F25000D87C4FBCD97CDAB2DA7C50BCDB7C51BCA8
:10F26000DC7CD3C3DD7C52BCDE7C53BCDF7CE3D4CE
:10F27000E07CB7BFE17C54BCE27C55BCE37C56BC6F
:10F28000E47C57BCE57C58BCE67C59BCE77C5ABCA6
:10F29000E87CDDF4E97C5BBCEA7C5CBCEB7C5DBCBF
:10F2A000EC7C5EBCED7C5FBCEE7C60BCEF7CB4C5EE
:10F2B000F07C61BCF17C62BCF27C63BCF37C64BC1E
:10F2C000F47C65BCF57C66BCF67C67BCF77C68BCEE
:10F2D000F87CE9F4F97C69BCFA7C6ABCFB7CB5CFAC
:10F2E000FC7C6BBCFD7C6CBCFE7C6DBCFF7C6EBC96
:10F2F000007D6FBC017D70BC027D71BC037D72BC62
:10F30000047D73BC057D74BC067D75BC077D76BC31
:10F31000087D77BC097D78BC0A7DC9CE0B7D79BCA0
:10F320000C7D7ABC0D7D7BBC0E7D7CBC0F7D7DBCD5
:10F33000107D7EBC117D80BC127D81BC137D82BCA2
:10F34000147D83BC157D84BC167D85BC177D86BC71
:10F35000187D87BC197D88BC1A7D89BC1B7D8ABC41
:10F360001C7D8BBC1D7D8CBC1E7D8DBC1F7D8EBC11
:10F37000207DD8CB217D8FBC227DF7CB237D90BC17
:10F38000247D91BC257D92BC267D93BC277DF4BD58
:10F39000287D94BC297D95BC2A7D96BC2B7DCFD73A
:10F3A0002C7D97BC2D7D98BC2E7D99BC2F7DDBC01C
:10F3B000307D9ABC317D9BBC327D9CBC337D9DBC35
:10F3C000347D9EBC357D9FBC367DA0BC377D40BD65
:10F3D000387D41BD397D42BD3A7D43BD3B7D44BD55
:10F3E0003C7D45BD3D7D46BD3E7D47BD3F7D48BD25
:10F3F000407D49BD417D4ABD427D4BBD437D4CBDF5
:10F40000447D4DBD457D4EBD467D4FBD477D50BDC4
:10F41000487D51BD497D52BD4A7D53BD4B7D54BD94
:10F420004C7D55BD4D7D56BD4E7D57BD4F7D58BD64
:10F43000507D59BD517D5ABD527D5BBD537D5CBD34
:10F44000547D5DBD557D5EBD567D5FBD577D60BD04
:10F45000587D61BD597D62BD5A7D63BD5B7D64BDD4
:10F460005C7D65BD5D7D66BD5E7D67BD5F7D68BDA4
:10F47000607D69BD617D6ABD627D6BBD637D6CBD74
:10F48000647D6DBD657D6EBD667D6FBD677D70BD44
:10F49000687D71BD697D72BD6A7D73BD6B7D74BD14
:10F4A0006C7D75BD6D7D76BD6E7DF5D06F7D77BD54
:10F4B000707D78BD717D79BD727D7ABD737D7BBDB8
:10F4C000747D7CBD757D7DBD767D7EBD777DEAF4E6
:10F4D000787D80BD797D81BD7A7D82BD7B7D83BD58
:10F4E0007C7D84BD7D7D85BD7E7D86BD7F7D87BD28
:10F4F000807D88BD817D89BD827D8ABD837D8BBDF8
:10F50000847D8CBD857D8DBD867D8EBD877D8FBDC7
:10F51000887D90BD897D91BD8A7D92BD8B7D93BD97
:10F520008C7D94BD8D7D95BD8E7D96BD8F7D97BD67
:10F53000907D98BD917D99BD927D9ABD937D9BBD37
:10F54000947D9CBD957D9DBD967D9EBD977D9FBD07
:10F55000987DA0BD997D40BE9A7D41BE9B7D42BEF7
:10F560009C7D43BE9D7D44BE9E7D45BE9F7D46BE27
:10F57000A07D47BEA17D48BEA27D49BEA37D4ABEF7
:10F58000A47D4BBEA57D4CBEA67DEBF4A77D4DBEF4
:10F59000A87D4EBEA97D4FBEAA7D50BEAB7D51BE9B
:10F5A000AC7D52BEAD7D53BEAE7DECF4AF7D54BE9E
:10F5B000B07D55BEB17D56BEB27D57BEB37D58BE3F
:10F5C000B47D59BEB57D5ABEB67D5BBEB77D5CBE0F
:10F5D000B87D5DBEB97D5EBEBA7D5FBEBB7D60BEDF
:10F5E000BC7D61BEBD7D62BEBE7D63BEBF7D64BEAF
:10F5F000C07D65BEC17D66BEC27D67BEC37D68BE7F
:10F60000C47D69BEC57D6ABEC67D6BBEC77D6CBE4E
:10F61000C87D6DBEC97D6EBECA7D6FBECB7D70BE1E
:10F62000CC7D71BECD7D72BECE7D73BECF7D74BEEE
:10F63000D07D75BED17D76BED27D77BED37D78BEBE
:10F64000D47D79BED57D7ABED67D7BBED77D7CBE8E
:10F65000D87D7DBED97D7EBEDA7D80BEDB7D81BE5C
:10F66000DC7D82BEDD7D83BEDE7D84BEDF7D85BE2A
:10F67000E07D86BEE17D87BEE27D88BEE37D89BEFA
:10F68000E47D8ABEE57D8BBEE67D8CBEE77D8DBECA
:10F69000E87D8EBEE97D8FBEEA7D90BEEB7D91BE9A
:10F6A000EC7D92BEED7D93BEEE7D94BEEF7D95BE6A
:10F6B000F07D96BEF17D97BEF27D98BEF37D99BE3A
:10F6C000F47D9ABEF57D9BBEF67D9CBEF77D9DBE0A
:10F6D000F87D9EBEF97D9FBEFA7DA0BEFB7D40BF3A
:10F6E000FC7D41BFFD7D42BFFE7D43BFFF7D44BF2A
:10F6F000007E45BF017E46BF027E47BF037E48BFF6
:10F70000047E49BF057E4ABF067E4BBF077E4CBFC5
:10F71000087E4DBF097E4EBF0A7E4FBF0B7E50BF95
:10F720000C7E51BF0D7E52BF0E7E53BF0F7E54BF65
:10F73000107E55BF117E56BF127E57BF137E58BF35
:10F74000147E59BF157E5ABF167E5BBF177E5CBF05
:10F75000187E5DBF197E5EBF1A7E5FBF1B7E60BFD5
:10F760001C7E61BF1D7E62BF1E7E63BF1F7E64BFA5
:10F77000207E65BF217E66BF227E67BF237E68BF75
:10F78000247E69BF257E6ABF267E6BBF277E6CBF45
:10F79000287E6DBF297E6EBF2A7E6FBF2B7E70BF15
:10F7A0002C7E71BF2D7E72BF2E7E73BF2F7E74BFE5
:10F7B000307E75BF317E76BF327E77BF337E78BFB5
:10F7C000347E79BF357E7ABF367E7BBF377E7CBF85
:10F7D000387E7DBF397E7EBF3A7E80BF3B7EE3F7B9
:10F7E0003C7E81BF3D7E82BF3E7E83BF3F7E84BF25
:10F7F000407E85BF417EB1B7427E86BF437E87BFD4
:10F80000447E88BF457E89BF467E8ABF477EEDF431
:10F81000487E8BBF497E8CBF4A7E8DBF4B7E8EBF9C
:10F820004C7E8FBF4D7E90BF4E7E91BF4F7E92BF6C
:10F83000507E93BF517E94BF527E95BF537E96BF3C
:10F84000547E97BF557E98BF567E99BF577E9ABF0C
:10F85000587E9BBF597E9CBF5A7E9DBF5B7E9EBFDC
:10F860005C7E9FBF5D7EA0BF5E7E40C05F7E41C06C
:10F87000607E42C0617E43C0627E44C0637E45C0FC
:10F88000647E46C0657E47C0667E48C0677E49C0CC
:10F89000687E4AC0697E4BC06A7E4CC06B7E4DC09C
:10F8A0006C7E4EC06D7E4FC06E7E50C06F7E51C06C
:10F8B000707E52C0717E53C0727E54C0737E55C03C
:10F8C000747E56C0757E57C0767E58C0777E59C00C
:10F8D000787E5AC0797E5BC07A7E5CC07B7E5DC0DC
:10F8E0007C7E5EC07D7E5FC07E7E60C07F7E61C0AC
:10F8F000807E62C0817E63C0827EEBD7837E64C0DF
:10F90000847E65C0857E66C0867E67C0877E68C04F
:10F91000887E69C0897E6AC08A7E6BC08B7E6CC01F
:10F920008C7E6DC08D7E6EC08E7E6FC08F7E70C0EF
:10F93000907E71C0917E72C0927E73C0937E74C0BF
:10F94000947E75C0957E76C0967E77C0977E78C08F
:10F95000987E79C0997E7AC09A7E7BC09B7EEEF4B9
:10F960009C7E7CC09D7E7DC09E7E7EC09F7EF9E693
:10F97000A07EC0BEA17EFAE6A27EECBAA37EFBE624
:10F98000A47ECBCFA57EFCE6A67EBCD4A77EB6BC6B
:10F99000A87EFDE6A97EFEE6AA7ECDBCAB7ED2C8DF
:10F9A000AC7EB3CEAD7EA1E7AE7E80C0AF7EBFB4ED
:10F9B000B07EA2E7B17EB4C9B27ED9B8B37EC9C465
:10F9C000B47E81C0B57EDDD7B67EDAC2B77ED7B74A
:10F9D000B87EBDD6B97EC6CEBA7EC4B7BB7E82C065
:10F9E000BC7E83C0BD7EA6C5BE7EA3E7BF7EDFCF43
:10F9F000C07EA4E7C17EA5E7C27EA6E7C37EB7C1ED
:10FA0000C47EE9D7C57EF0C9C67EB8CFC77EAFD663
:10FA1000C87ED5D6C97EA7E7CA7EEDB0CB7EA8E763
:10FA2000CC7EA9E7CD7EDCC9CE7EEFD2CF7EADBE47
:10FA3000D07EAAE7D17EF3B0D27EDEC8D37EE1BD10
:10FA4000D47EABE7D57EC6C8D67E84C0D77EACE771
:10FA5000D87EE6BBD97EF8B8DA7EA4D1DB7EADE7EE
:10FA6000DC7EE7C2DD7EF8BEDE7ECABDDF7EB3CDC2
:10FA7000E07EAEE7E17EAFE7E27EEEBEE37EE5D07C
:10FA8000E47E85C0E57EE7CBE67ED0CCE77ECCBCCD
:10FA9000E87EB0E7E97EA8BCEA7EF7D0EB7EB1E76E
:10FAA000EC7E86C0ED7EF8D0EE7EB2E7EF7EB3E767
:10FAB000F07EC2B4F17EB4E7F27EB5E7F37EFEC914
:10FAC000F47EACCEF57EE0C3F67EB7E7F77EC1B13B
:10FAD000F87EF1B3F97E87C0FA7EB8E7FB7EB9E71E
:10FAE000FC7EDBD7FD7EC0D5FE7EBAE7FF7ECCC2B2
:10FAF000007FBAD7017FBBE7027FBCE7037FBDE78A
:10FB0000047FEABC057FE5C3067FC2C0077FBEE76E
:10FB1000087FBFE7097FA9BC0A7F88C00B7FC0E7C9
:10FB20000C7FC1E70D7FB6E70E7FD0B60F7FC2E72F
:10FB3000107F89C0117FC3E7127FC4E7137FBABB70
:10FB4000147FDEB5157FC6C2167FE0B1177FC5E70B
:10FB5000187FB5D4197FC6E71A7FBFB81B7FC8E7E7
:10FB60001C7FC7E71D7FECB71E7F8AC01F7FC9E7D8
:10FB7000207FF8B2217FCAE7227FCBE7237FCCE743
:10FB8000247FCDE7257FCEE7267FCFE7277FD0E70D
:10FB9000287FA7D3297FF5CB2A7FD1E72B7FD2E718
:10FBA0002C7FD3E72D7FD4E72E7FC9C92F7FD5E7E0
:10FBB000307FD6E7317FD7E7327FD8E7337FD9E789
:10FBC000347FC9BD357FDAE7367FBEF3377F8BC020
:10FBD000387FD7B8397F8CC03A7FB1C83B7F8DC0A2
:10FBE0003C7F8EC03D7F8FC03E7F90C03F7F91C0E5
:10FBF000407F92C0417F93C0427FBFF3437F94C058
:10FC0000447FC0F3457FC1F3467F95C0477F96C0D0
:10FC1000487F97C0497F98C04A7F99C04B7F9AC060
:10FC20004C7F9BC04D7F9CC04E7F9DC04F7F9EC030
:10FC3000507FDEB9517FF8CD527F9FC0537FA0C067
:10FC4000547FE8D8557FB1BA567F40C1577FDEC296
:10FC5000587FB7EE597F41C15A7FA3B75B7F42C13E
:10FC60005C7F43C15D7F44C15E7F45C15F7FB9EE6C
:10FC7000607F46C1617FB8EE627FD5B0637F47C1C8
:10FC8000647F48C1657F49C1667F4AC1677F4BC1B8
:10FC9000687FBBEE697FD6D56A7FEFD76B7F4CC19B
:10FCA0006C7F4DC16D7F4EC16E7FC3D66F7F4FC1DC
:10FCB000707F50C1717FBDEE727FF0CA737F51C1FA
:10FCC000747FBCEE757F52C1767F53C1777F54C17C
:10FCD000787F55C1797FBEEE7A7F56C17B7F57C151
:10FCE0007C7F58C17D7F59C17E7FC0EE7F7F5AC126
:10FCF000807F5BC1817FBFEE827F5CC1837F5DC1FE
:10FD0000847F5EC1857F5FC1867F60C1877F61C15F
:10FD1000887F62C1897F63C18A7FF2D18B7F64C192
:10FD20008C7FBCC78D7F65C18E7FC0C38F7F66C14E
:10FD3000907F67C1917F68C1927F69C1937F6AC1DB
:10FD4000947FE1B8957F6BC1967F6CC1977F6DC141
:10FD5000987F6EC1997F6FC19A7FE7C19B7F70C109
:10FD60009C7F71C19D7FC6F49E7FDFD09F7FC7F4CB
:10FD7000A07F72C1A17FDBCFA27F73C1A37F74C1BB
:10FD8000A47FBAC8A57F75C1A67F76C1A77FC8F436
:10FD9000A87F77C1A97F78C1AA7F79C1AB7F7AC1DB
:10FDA000AC7F7BC1AD7F7CC1AE7F7DC1AF7FC9F42D
:10FDB000B07FCAF4B17F7EC1B27FCBF4B37F80C184
:10FDC000B47F81C1B57F82C1B67F83C1B77F84C153
:10FDD000B87FFAD9B97FFEB8BA7F85C1BB7F86C12B
:10FDE000BC7FF1E5BD7FF0D3BE7F87C1BF7FE0F46C
:10FDF000C07F88C1C17FCCCEC27F89C1C37F8AC189
:10FE0000C47F8BC1C57FE1B3C67F8CC1C77F8DC165
:10FE1000C87F8EC1C97F8FC1CA7FB4F1CB7F90C12B
:10FE2000CC7FEED2CD7F91C1CE7FE1F4CF7F92C166
:10FE3000D07F93C1D17F94C1D27F95C1D37F96C12A
:10FE4000D47FE8CFD57FE2F4D67F97C1D77F98C122
:10FE5000D87FCCC7D97F99C1DA7F9AC1DB7F9BC19C
:10FE6000DC7F9CC1DD7F9DC1DE7F9EC1DF7FD4B57D
:10FE7000E07FE4B4E17FE4F4E27F9FC1E37FA0C1CF
:10FE8000E47F40C2E57FE3F4E67FE5F4E77F41C22B
:10FE9000E87F42C2E97FE6F4EA7F43C2EB7F44C2D7
:10FEA000EC7F45C2ED7F46C2EE7FE7F4EF7F47C2AD
:10FEB000F07FB2BAF17FBFB0F27F48C2F37FE8F4BF
:10FEC000F47F49C2F57F4AC2F67F4BC2F77F4CC22E
:10FED000F87F4DC2F97F4EC2FA7F4FC2FB7FADB7AC
:10FEE000FC7FEDD2FD7F50C2FE7F51C2FF7F52C228
:10FEF0000080ABD20180CFC0028053C20380BCBF60
:10FF00000480A3EB0580DFD50680C8EA078054C2D1
:10FF1000088055C2098056C20A8057C20B80F3F18F
:10FF20000C80F8B60D80A3CB0E8058C20F8059C24A
:10FF30001080CDC411805AC21280E7F113805BC2D9
:10FF40001480E8F11580FBB81680E9F11780C4BA77
:10FF50001880C5D41980D2B01A805CC21B805DC2E3
:10FF60001C80EAF11D805EC21E805FC21F8060C2DD
:10FF70002080EBF1218061C22280ECF1238062C2FB
:10FF8000248063C22580EDF12680EEF12780EFF119
:10FF90002880F1F12980F0F12A80D5C52B8064C238
:10FFA0002C8065C22D8066C22E8067C22F8068C2F9
:10FFB000308069C23180F2F132806AC23380FAB691
:10FFC00034806BC23580F4F13680AED23780C7DE24
:10FFD0003880CACB39806CC23A806DC23B80DCB3BA
:10FFE0003C806EC23D80A2B53E806FC23F80A2B908
:10FFF000408070C2418071C24280F4C44380F5F1F8
:020000040802F0
:10000000448072C2458073C24680F6F1478074C254
:10001000488075C2498076C24A80C4C14B80FBC10A
:100020004C80B0D64D80F7F14E8077C24F8078C2B9
:10003000508079C251807AC25280F8F153807BC2DD
:100040005480AAC155807CC256807DC257807EC232
:100050005880B8C6598080C25A80DBBE5B8081C29E
:100060005C8082C25D8083C25E8084C25F8085C204
:10007000608086C2618087C2628088C2638089C2D4
:1000800064808AC265808BC266808CC267808DC2A4
:1000900068808EC26980F9F16A80CFB46B808FC2AC
:1000A0006C8090C26D8091C26E8092C26F8093C24C
:1000B000708094C27180FAF1728095C2738096C28A
:1000C000748097C2758098C2768099C277809AC2F0
:1000D00078809BC279809CC27A809DC27B809EC2C0
:1000E0007C809FC27D80A0C27E8040C37F80B2EDB5
:1000F0008080B1ED818041C3828042C38380E0CBA8
:100100008480DED2858043C38680C1CB8780D8D5EA
:10011000888044C38980E2C88A8045C38B80DFC061
:100120008C80A1BC8D8046C38E8047C38F8048C31E
:10013000908049C391804AC392804BC39380C1EBA6
:1001400094804CC395804DC39680A4D097804EC3B5
:100150009880E2D699804FC39A80C7B69B80D8B862
:100160009C80C0EB9D80CEB89E8050C39F80BFEB2B
:10017000A080A6B3A180C9B9A280ABD6A38051C389
:10018000A480F4B7A580CAB7A68052C3A78053C382
:10019000A88054C3A980E7BCAA80BEB7AB80C6EBD9
:1001A000AC8055C3AD80C7EBAE80B9B0AF80CFBFD8
:1001B000B08056C3B180C5EBB280FDD3B38057C3C6
:1001C000B480C8EBB58058C3B68059C3B780C9EBBB
:1001D000B8805AC3B9805BC3BA80CEB7BB805CC35A
:1001E000BC80C2EBBD80C4EBBE80F6C9BF80D7D651
:1001F000C080CDD5C180B2D0C280CFEBC380B8CE95
:10020000C480D0EBC5805DC3C680A8B5C7805EC37F
:10021000C8805FC3C98060C3CA8061C3CB8062C32A
:10022000CC80B3B1CD80D2EBCE80A5CCCF8063C3E0
:10023000D08064C3D18065C3D28066C3D38067C3D6
:10024000D48068C3D58069C3D680D6C5D780D3EBA8
:10025000D8806AC3D980D1EBDA80DFC5DB80CEEBF2
:10026000DC80A4CADD80D5EBDE80FBB0DF806BC311
:10027000E0806CC3E180FABAE2806DC3E3806EC3B4
:10028000E480B7D8E580E3F1E6806FC3E780CAEB8E
:10029000E880CBEBE980CCEBEA80CDEBEB80D6EBD2
:1002A000EC80C0E6ED80D9EBEE8070C3EF80E8BF54
:1002B000F080C8D2F180D7EBF280DCEBF380ECB8B1
:1002C000F480D8EBF58071C3F680BABDF78072C3B5
:1002D000F880D8D0F98073C3FA80B7B0FB8074C3BC
:1002E000FC80DDEBFD80DCC4FE8075C3FF8076C33F
:1002F000008177C3018178C30281ACD6038179C3C1
:1003000004817AC305817BC30681E0B407817CC385
:1003100008817DC30981F6C20A81B9BC0B817EC305
:100320000C8180C30D81DAEB0E81DBEB0F81E0D411
:100330001081EAC61181D4C41281DFEB1381A7C5F5
:100340001481F5D9158181C31681B1B2178182C399
:100350001881E4EB198183C31A81C5BD1B8184C355
:100360001C8185C31D8186C31E81E2EB1F8187C36B
:10037000208188C3218189C322818AC323818BC3C1
:1003800024818CC325818DC326818EC327818FC391
:10039000288190C3298191C32A8192C32B8193C361
:1003A0002C81E3EB2D8194C32E8195C32F81ACB8B2
:1003B000308196C33181D1CD3281E5EB338197C352
:1003C000348198C3358199C33681E1EB37819AC373
:1003D0003881B3C139819BC33A819CC33B819DC3A2
:1003E0003C819EC33D819FC33E81A2C63F81A0C385
:1003F000408140C4418141C4428142C4438143C4DD
:10040000448144C4458145C44681F3CC478146C4F8
:100410004881E6EB498147C44A81B0C04B81B8D2DC
:100420004C81E7EB4D8148C44E8149C44F814AC499
:100430005081AFB85181ADB852814BC45381E8EBC4
:100440005481BBC75581F3CD56814CC457814DC4EF
:1004500058814EC45981EAEB5A81EBEB5B814FC462
:100460005C8150C45D8151C45E8152C45F8153C4BC
:100470006081EDEB618154C4628155C4638156C4CF
:10048000648157C46581C8D0668158C46781F2EB26
:10049000688159C46981EEEB6A815AC46B815BC47F
:1004A0006C815CC46D81F1EB6E81F9C86F815DC4B4
:1004B0007081FCD17181ECEB72815EC473815FC489
:1004C0007481E9EB758160C4768161C4778162C40F
:1004D000788163C47981B9B87A81D9CF7B81E5C449
:1004E0007C81EFEB7D81F0EB7E81DACC7F81C8CD22
:1004F0008081F2B0818164C48281F6EB838165C41E
:10050000848166C4858167C4868168C4878169C423
:100510008881F5EB89816AC48A81B2B28B816BC410
:100520008C816CC48D816DC48E816EC48F81E0B866
:1005300090816FC49181F7EB928170C4938171C4F3
:10054000948172C4958173C4968174C4978175C473
:100550009881ECB1998176C49A8177C49B81C5CC8E
:100560009C81A4C49D81A5CF9E8178C49F8179C4BC
:10057000A0817AC4A1817BC4A2817CC4A381F9EB50
:10058000A4817DC4A5817EC4A681A2ECA78180C47C
:10059000A881F2C5A98181C4AA81FAEBAB8182C48A
:1005A000AC8183C4AD8184C4AE8185C4AF8186C46F
:1005B000B08187C4B18188C4B28189C4B381C5C9FF
:1005C000B4818AC4B5818BC4B6818CC4B7818DC413
:1005D000B8818EC4B9818FC4BA81DFE2BB81FEEBE2
:1005E000BC8190C4BD8191C4BE8192C4BF8193C4BB
:1005F000C081CECDC181A1ECC281DBB1C381B7D3B3
:10060000C48194C4C58195C4C681DCD2C78196C417
:10061000C88197C4C98198C4CA81FDEBCB8199C4B4
:10062000CC81FBEBCD819AC4CE819BC4CF819CC48D
:10063000D0819DC4D1819EC4D2819FC4D381A0C4E6
:10064000D48140C5D58141C5D68142C5D78143C536
:10065000D88144C5D98145C5DA8146C5DB8147C506
:10066000DC8148C5DD8149C5DE814AC5DF814BC5D6
:10067000E0814CC5E1814DC5E2814EC5E381BCB34B
:10068000E4814FC5E58150C5E68151C5E781B0EAF7
:10069000E88152C5E98153C5EA81D4D7EB8154C5BD
:1006A000EC81ABF4ED81F4B3EE8155C5EF8156C515
:1006B000F08157C5F18158C5F28159C5F381C1D682
:1006C000F481C2D6F5815AC5F6815BC5F7815CC558
:1006D000F8815DC5F9815EC5FA815FC5FB81E9D509
:1006E000FC81CABEFD8160C5FE81A7F4FF8161C5A2
:1006F0000082A8D20182A8F40282A9F4038262C512
:100700000482AAF40582CBBE0682DFD3078263C5CA
:10071000088264C5098265C50A8266C50B8267C501
:100720000C82E0C90D82E1C90E8268C50F8269C5DD
:100730001082C2F311826AC51282E6CA13826BC5A7
:100740001482F2CC15826CC516826DC517826EC5F7
:1007500018826FC5198270C51A8271C51B82B6E2F4
:100760001C82B4CB1D8272C51E82E8CE1F82DBD6EE
:10077000208273C52182ADF42282AEF42382AFF4CD
:10078000248274C5258275C5268276C5278277C5E1
:100790002882B2F4298278C52A82BDBA2B82B3F4AA
:1007A0002C82E3B02D82B0F42E8279C52F82B1F471
:1007B0003082A2BD3182D5B232827AC53382B6F49C
:1007C0003482B7F43582E6B63682B0B23782CFCF04
:1007D0003882B4F43982ACB43A827BC53B82B5F43A
:1007E0003C827CC53D827DC53E82B8F43F827EC599
:1007F000408280C5418281C5428282C5438283C5D1
:100800004482B9F4458284C5468285C54782A7CD16
:10081000488286C54982BAF44A8287C54B82BBF4B6
:100820004C8288C54D8289C54E828AC54F82BCF4F0
:1008300050828BC551828CC552828DC553828EC524
:1008400054828FC5558290C5568291C5578292C5F4
:100850005882D2CB598293C55A82BDF45B8294C52B
:100860005C8295C55D8296C55E8297C55F82BEF447
:10087000608298C5618299C562829AC563829BC570
:1008800064829CC565829DC566829EC567829FC540
:100890006882BFF46982A0C56A8240C66B8241C685
:1008A0006C8242C66D8243C66E82DEF46F82BCC12A
:1008B0007082E8BC718244C67282ABC97382DED199
:1008C0007482F5E5758245C6768246C6778247C64C
:1008D000788248C67982B3DC7A82D5D27B8249C6D7
:1008E0007C824AC67D82B4DC7E82ACB07F82B5DC7D
:1008F00080824BC681824CC68282DABD83824DC61D
:100900008482B9DC85824EC686824FC6878250C6F5
:100910008882C2D8898251C68A82B7DC8B82F3D39F
:100920008C8252C68D82D6C98E82BADC8F82B6DCAA
:10093000908253C69182BBDC9282A2C3938254C63A
:10094000948255C6958256C6968257C69782BCDC5D
:100950009882C5DC9982BDDC9A8258C69B8259C6B2
:100960009C82DFCE9D82A5D69E825AC69F82CFDC16
:10097000A0825BC6A182CDDCA2825CC6A3825DC6DA
:10098000A482D2DCA582E6BDA682ABC2A7825EC6E7
:10099000A882B8DCA982CBDCAA82CEDCAB82BEDC2A
:1009A000AC82D2B7AD82C5B0AE82C7DCAF82BED05A
:1009B000B082C1DCB182A8BBB2825FC6B382BCB7D1
:1009C000B482CCDCB58260C6B68261C6B782C6DCB2
:1009D000B882BFDCB982DBC7BA8262C6BB8263C69B
:1009E000BC8264C6BD82BFD1BE82C0DCBF8265C688
:1009F000C08266C6C182CADCC28267C6C38268C6BC
:100A0000C482D0DCC58269C6C6826AC6C782ADCE42
:100A1000C882C2DCC9826BC6CA82C3DCCB82C8DC96
:100A2000CC82C9DCCD82D4B2CE82D1DCCF82D5CB10
:100A3000D0826CC6D182B7D4D282DBDCD382DFDC39
:100A4000D482A6CCD582E6DCD6826DC6D782E7C337
:100A5000D882DCDCD9826EC6DA826FC6DB82C1BF87
:100A6000DC82D9DCDD8270C6DE82FAB0DF82B6B904
:100A7000E082E5DCE182D3DCE28271C6E382C4DCA1
:100A8000E482D6DCE582F4C8E682E0BFE78272C683
:100A9000E88273C6E98274C6EA8275C6EB82BBC976
:100AA000EC8276C6ED8277C6EE8278C6EF82BDB163
:100AB000F08279C6F182A2D3F2827AC6F3827BC633
:100AC000F482DADCF5827CC6F6827DC6F782D5DC5C
:100AD000F8827EC6F982BBC6FA8280C6FB82DEDC63
:100AE000FC8281C6FD8282C6FE8283C6FF8284C6E6
:100AF000008385C60183C2D70283AFC30383B6B721
:100B00000483D1C70583A9C30683E2DC0783D8DC4D
:100B10000883EBDC0983D4DC0A8386C60B8387C693
:100B20000C83DDDC0D8388C60E83A5BE0F83D7DC66
:100B3000108389C61183E0DC12838AC613838BC6B7
:100B40001483E3DC1583E4DC16838CC61783F8DC9E
:100B500018838DC619838EC61A83E1DC1B83A2DD40
:100B60001C83E7DC1D838FC61E8390C61F8391C63E
:100B7000208392C6218393C6228394C6238395C67D
:100B8000248396C6258397C6268398C62783EBBC05
:100B90002883C4B4298399C62A839AC62B83A3C306
:100BA0002C83E7B22D83FADC2E839BC62F83F2DCE5
:100BB00030839CC63183EFDC32839DC63383FCDCFB
:100BC0003483EEDC3583F0D23683E8B237839EC6B9
:100BD0003883D7C83983E3C83A83FBDC3B839FC69D
:100BE0003C83EDDC3D83A0C63E8340C73F8341C7C5
:100BF0004083F7DC418342C7428343C74383F5DC2C
:100C0000448344C7458345C74683A3BE4783F4DC7A
:100C1000488346C74983DDB24A8347C74B8348C7E9
:100C20004C8349C74D834AC74E834BC74F83F3DC80
:100C30005083F6BC5183E8DC5283C4BB53834CC75A
:100C40005483F3C055834DC756834EC757834FC750
:100C5000588350C7598351C75A83D4BC5B83E9DC9E
:100C60005C83EADC5D8352C75E83F1DC5F83F6DC84
:100C70006083F9DC6183B4B5628353C76383D9C8E9
:100C80006483E7BB6583FEDC6683FDDC6783ABD3EF
:100C90006883A1DD6983A3DD6A83A5DD6B83F1D25F
:100CA0006C83A4DD6D83A6DD6E83A7DD6F83A9D27F
:100CB000708354C7718355C7728356C7738357C7F0
:100CC000748358C7758359C776835AC77783C9BA5F
:100CD0007883A9DD79835BC77A835CC77B83B6DDC4
:100CE0007C83B1DD7D83B4DD7E835DC77F835EC79A
:100CF00080835FC7818360C7828361C7838362C744
:100D0000848363C78583B0DD8683CEC6878364C74B
:100D1000888365C78983F2C08A8366C78B8367C768
:100D20008C8368C78D8369C78E83AFC98F836AC779
:100D300090836BC791836CC79283ECDC9383AEDDA9
:100D400094836DC795836EC796836FC7978370C76B
:100D50009883B7DD998371C79A8372C79B83F0DC50
:100D60009C83AFDD9D8373C79E83B8DD9F8374C76B
:100D7000A083ACDDA18375C7A28376C7A38377C7A1
:100D8000A48378C7A58379C7A6837AC7A7837BC7BF
:100D9000A883B9DDA983B3DDAA83ADDDAB83AAC483
:100DA000AC837CC7AD837DC7AE837EC7AF8380C76E
:100DB000B083A8DDB183B3C0B283ABC1B383AADD76
:100DC000B483ABDDB58381C7B683B2DDB783F1BB36
:100DD000B883B5DDB983A8D3BA83BADDBB8382C734
:100DE000BC83BBDDBD83A7C3BE8383C7BF8384C76A
:100DF000C083D2DDC183BCDDC28385C7C38386C700
:100E0000C48387C7C583D1DDC68388C7C783BDB9FF
:100E1000C88389C7C9838AC7CA83D5BECB838BC71A
:100E2000CC83FABECD838CC7CE838DC7CF83CABA9D
:100E3000D0838EC7D1838FC7D28390C7D38391C706
:100E4000D483CADDD58392C7D683C5DDD78393C744
:100E5000D883BFDDD98394C7DA8395C7DB8396C770
:100E6000DC83CBB2DD83C3DDDE8397C7DF83CBDDDD
:100E7000E083A4B2E183D5DDE28398C7E38399C719
:100E8000E4839AC7E583BEDDE6839BC7E7839CC7FF
:100E9000E8839DC7E983D0C6EA83D0DDEB839EC794
:100EA000EC839FC7ED83A0C7EE8340C8EF8341C8A2
:100EB000F083D4DDF183E2C1F283C6B7F38342C885
:100EC000F48343C8F58344C8F68345C8F78346C80E
:100ED000F883CEDDF983CFDDFA8347C8FB8348C8AA
:100EE000FC8349C8FD83C4DDFE834AC8FF834BC829
:100EF00000844CC80184BDDD02844DC80384CDDD6F
:100F00000484D1CC05844EC80684C9DD07844FC84B
:100F1000088450C8098451C80A8452C80B84C2DDB1
:100F20000C84C8C30D84BCC60E84AECE0F84CCDD49
:100F3000108453C81184C8DD128454C8138455C862
:100F4000148456C8158457C8168458C8178459C8BD
:100F50001884C1DD19845AC81A845BC81B845CC814
:100F60001C84C6DD1D84DCC21E845DC81F845EC86F
:100F700020845FC8218460C8228461C8238462C839
:100F80002484A9D32584AAD32684D3DD2784F4CF4F
:100F90002884F8C8298463C82A8464C82B8465C857
:100FA0002C8466C82D8467C82E8468C82F8469C8BD
:100FB00030846AC83184E6DD32846BC833846CC8FF
:100FC00034846DC835846EC836846FC8378470C861
:100FD0003884C7DD398471C83A8472C83B8473C8C9
:100FE0003C84E0DD3D84E4C23E8474C83F8475C81F
:100FF000408476C8418477C8428478C8438479C8DD
:1010000044847AC845847BC84684E1DD47847CC833
:1010100048847DC849847EC84A8480C84B8481C87E
:101020004C8482C84D8483C84E8484C84F8485C84C
:10103000508486C85184D7DD528487C8538488C8B9
:10104000548489C855848AC856848BC85784F8D676
:1010500058848CC85984D9DD5A84D8DD5B84F0B8B3
:101060005C84D6DD5D848DC85E848EC85F848FC845
:10107000608490C86184CFC6628491C86384ADB631
:10108000648492C8658493C8668494C8678495C84C
:10109000688496C86984E2DD6A8497C86B84F9BA6B
:1010A0006C84E1D46D84E7DD6E8498C86F8499C840
:1010B00070849AC87184D0B472849BC87384DADD5A
:1010C00074849CC87584FBBF7684E3DD77849DC8F7
:1010D0007884DFDD79849EC87A84DDDD7B849FC8D7
:1010E0007C84A0C87D8440C97E8441C97F8442C974
:1010F000808443C9818444C98284D9B5838445C925
:10110000848446C9858447C9868448C98784DBDDD1
:101110008884DCDD8984DEDD8A8449C98B84AFBDA7
:101120008C84E4DD8D844AC98E84E5DD8F844BC9CF
:1011300090844CC991844DC992844EC993844FC9FF
:10114000948450C9958451C9968452C99784F5DD19
:10115000988453C99984C9C39A8454C99B8455C936
:101160009C84E2CB9D8456C99E8457C99F8458C9EC
:10117000A08459C9A184F2DDA2845AC9A3845BC9A1
:10118000A4845CC9A5845DC9A6845EC9A7845FC91F
:10119000A88460C9A98461C9AA8462C9AB8463C9EF
:1011A000AC8464C9AD8465C9AE8466C9AF84E1D836
:1011B000B08467C9B18468C9B284D1C6B38469C92F
:1011C000B484F4DDB5846AC9B6846BC9B7846CC9CC
:1011D000B884F4D5B984F3DDBA84F0DDBB846DC97D
:1011E000BC846EC9BD84ECDDBE846FC9BF84EFDDF5
:1011F000C08470C9C184E8DDC28471C9C38472C966
:10120000C484EED0C58473C9C68474C9C78475C943
:10121000C88476C9C984D8C8CA84EEDDCB8477C9AE
:10122000CC8478C9CD84E9DDCE8479C9CF847AC9EC
:10123000D084EADDD184F2CBD2847BC9D384EDDDC6
:10124000D4847CC9D5847DC9D684CDB1D7847EC9E8
:10125000D88480C9D98481C9DA8482C9DB8483C9EE
:10126000DC8484C9DD84B6C0DE8485C9DF84BBBC70
:10127000E084F1DDE18486C9E28487C9E384F7DD97
:10128000E48488C9E584F6DDE684EBDDE78489C97A
:10129000E8848AC9E9848BC9EA848CC9EB848DC946
:1012A000EC84EEC5ED848EC9EE848FC9EF8490C9BD
:1012B000F084FBDDF18491C9F28492C9F38493C96F
:1012C000F48494C9F58495C9F68496C9F78497C9BE
:1012D000F88498C9F98499C9FA849AC9FB849BC98E
:1012E000FC84A4DEFD849CC9FE849DC9FF84A3DE2A
:1012F00000859EC901859FC90285A0C9038540CA92
:10130000048541CA058542CA068543CA078544CA81
:10131000088545CA098546CA0A8547CA0B8548CA51
:101320000C85F8DD0D8549CA0E854ACA0F854BCA62
:1013300010854CCA1185EFC312854DCA1385FBC2B7
:1013400014854ECA15854FCA168550CA1785E1D532
:10135000188551CA198552CA1A85B5CE1B8553CA3C
:101360001C8554CA1D8555CA1E8556CA1F85FDDDBC
:10137000208557CA2185CCB2228558CA238559CAEF
:1013800024855ACA25855BCA26855CCA27855DCA1D
:1013900028855ECA29855FCA2A8560CA2B85E8C46C
:1013A0002C85DFCA2D8561CA2E8562CA2F8563CA46
:1013B000308564CA318565CA328566CA338567CA95
:1013C000348568CA358569CA36856ACA3785BEC715
:1013D0003885FADD3985FCDD3A85FEDD3B85A2DE08
:1013E0003C85AAB03D85CEB13E856BCA3F856CCAAF
:1013F00040856DCA41856ECA42856FCA4385ACDEA1
:10140000448570CA458571CA468572CA478573CAC4
:101410004885A6DE4985B6BD4A85EFC84B8574CAA6
:101420004C8575CA4D8576CA4E8577CA4F8578CA70
:10143000508579CA51857ACA52857BCA53857CCA40
:1014400054857DCA55857ECA5685A1DE578580CADA
:10145000588581CA5985A5DE5A8582CA5B8583CAAB
:101460005C8584CA5D8585CA5E85A9DE5F8586CA7E
:10147000608587CA618588CA628589CA63858ACA88
:101480006485A8DE65858BCA66858CCA67858DCA2A
:101490006885A7DE69858ECA6A858FCA6B8590CA02
:1014A0006C8591CA6D8592CA6E8593CA6F8594CA00
:1014B000708595CA718596CA7285ADDE738597CAA7
:1014C0007485CCD4758598CA768599CA77859ACA69
:1014D00078859BCA7985B3DE7A85AADE7B85AEDE08
:1014E0007C859CCA7D859DCA7E85D9C07F859ECA24
:1014F00080859FCA8185A0CA828540CB838541CBE8
:101500008485A1B18585B6DE868542CB8785B1DE2F
:10151000888543CB898544CB8A8545CB8B8546CB53
:101520008C8547CB8D8548CB8E8549CB8F85B2DEA8
:1015300090854ACB91854BCB92854CCB93854DCBF7
:1015400094854ECB95854FCB968550CB978551CBC7
:10155000988552CB998553CB9A8554CB9B85A6D140
:101560009C85B5DE9D8555CB9E8556CB9F8557CBFB
:10157000A08558CBA18559CBA2855ACBA3855BCB3F
:10158000A485AFDEA5855CCBA6855DCBA7855ECBAC
:10159000A885B0DEA9855FCBAA85BDD0AB8560CB21
:1015A000AC8561CBAD8562CBAE85B4DEAF85EDCACF
:1015B000B085B9DEB18563CBB28564CBB38565CB2D
:1015C000B48566CBB58567CBB68568CBB785B8DE05
:1015D000B88569CBB985B7DEBA856ACBBB856BCBDD
:1015E000BC856CCBBD856DCBBE856ECBBF856FCB0F
:1015F000C08570CBC185BBDEC28571CBC38572CB84
:10160000C48573CBC58574CBC68575CBC78576CBB2
:10161000C88577CBC985E5BDCA8578CBCB8579CB25
:10162000CC857ACBCD857BCBCE857CCBCF85D8B214
:10163000D085EAC3D1857DCBD2857ECBD385BADE7A
:10164000D48580CBD585BAC5D68581CBD78582CBCD
:10165000D88583CBD98584CBDA8585CBDB8586CBD2
:10166000DC85BCDEDD8587CBDE8588CBDF8589CB5D
:10167000E0858ACBE1858BCBE2858CCBE3858DCB76
:10168000E485D9CCE5858ECBE6858FCBE78590CBFD
:10169000E88591CBE985AAB7EA8592CBEB8593CB18
:1016A000EC8594CBED8595CBEE8596CBEF8597CBEE
:1016B000F08598CBF18599CBF2859ACBF3859BCBBE
:1016C000F4859CCBF5859DCBF6859ECBF7859FCB8E
:1016D000F885A0CBF98540CCFA8541CCFB85E5D4D3
:1016E000FC8542CCFD8543CCFE8544CCFF85BDDE28
:1016F000008645CC018646CC028647CC038648CC82
:10170000048649CC0586BFDE06864ACC07864BCCCC
:1017100008864CCC09864DCC0A864ECC0B864FCC25
:101720000C8650CC0D8651CC0E8652CC0F8653CCF5
:10173000108654CC1186A2C4128655CC138656CC82
:10174000148657CC158658CC1686C1DE178659CC20
:1017500018865ACC19865BCC1A865CCC1B865DCC6D
:101760001C865ECC1D865FCC1E8660CC1F8661CC3D
:10177000208662CC218663CC228664CC238665CC0D
:10178000248666CC258667CC268668CC2786BEDE76
:10179000288669CC2986C0DE2A866ACC2B866BCC4B
:1017A0002C866CCC2D866DCC2E866ECC2F866FCC85
:1017B000308670CC318671CC328672CC338673CC55
:1017C000348674CC358675CC368676CC378677CC25
:1017D0003886BAD5398678CC3A8679CC3B867ACCAD
:1017E0003C86C2DE3D867BCC3E867CCC3F867DCC73
:1017F00040867ECC418680CC428681CC438682CC9A
:10180000448683CC458684CC468685CC478686CC68
:10181000488687CC498688CC4A8689CC4B868ACC38
:101820004C868BCC4D86AEF24E86A2BB4F86B2C2A2
:101830005086B0C55186C7C252868CCC53868DCC9B
:101840005486AFF255868ECC56868FCC578690CC78
:10185000588691CC598692CC5A86E9D05B8693CC37
:101860005C8694CC5D8695CC5E86DDD35F8696CC17
:10187000608697CC618698CC6286BDEB638699CCF6
:1018800064869ACC65869BCC66869CCC67869DCC0C
:1018900068869ECC69869FCC6A86A0CC6B86E6B3B0
:1018A0006C86B0F26D8640CD6E86B1F26F8641CD0A
:1018B000708642CD7186ADCA728643CD738644CDA3
:1018C000748645CD758646CD768647CD778648CDDC
:1018D000788649CD7986E7BA7A86B3F27B86B5F207
:1018E0007C86B4F27D86E4CB7E86BACF7F86B2F268
:1018F0008086B4CA8186CFD28286ECC283864ACDE6
:1019000084864BCD85864CCD86864DCD87864ECD43
:1019100088864FCD898650CD8A86C3CE8B86B8F215
:101920008C86F6B08D86B7F28E8651CD8F8652CDDD
:10193000908653CD918654CD928655CD9386BEF236
:10194000948656CD9586CFB2968657CD978658CD3C
:10195000988659CD99865ACD9A865BCD9B865CCD6B
:101960009C86C1D19D86BAF29E865DCD9F865ECD56
:10197000A0865FCDA18660CDA28661CDA386BCF294
:10198000A486E9D4A58662CDA68663CDA786BBF2E0
:10199000A886B6F2A986BFF2AA86BDF2AB8664CD50
:1019A000AC86B9F2AD8665CDAE8666CDAF86C7F2A0
:1019B000B086C4F2B186C6F2B28667CDB38668CD72
:1019C000B486CAF2B586C2F2B686C0F2B78669CDD1
:1019D000B8866ACDB9866BCDBA86C5F2BB866CCDAA
:1019E000BC866DCDBD866ECDBE866FCDBF8670CDFB
:1019F000C086FBD6C18671CDC28672CDC38673CD3B
:101A0000C486C1F2C58674CDC686F9C7C786DFC94C
:101A1000C88675CDC986C8F2CA86C6B9CB86B0B5A8
:101A2000CC8676CDCD8677CDCE86C3F2CF86C9F271
:101A3000D086D0F2D186D6F2D28678CDD38679CD33
:101A4000D486D7BBD5867ACDD6867BCDD7867CCDBE
:101A5000D886D5F2D986DCCDDA867DCDDB86EBD68D
:101A6000DC867ECDDD8680CDDE86D2F2DF86D4F2C6
:101A7000E08681CDE18682CDE28683CDE38684CD8A
:101A8000E486F2B8E58685CDE68686CDE78687CD05
:101A9000E88688CDE986CBF2EA8689CDEB868ACDC9
:101AA000EC868BCDED86CEF2EE86F9C2EF868CCD3C
:101AB000F086DDD5F186CCF2F286CDF2F386CFF258
:101AC000F486D3F2F5868DCDF6868ECDF7868FCD52
:101AD000F886D9F2F986BCD3FA8690CDFB8691CDF3
:101AE000FC8692CDFD8693CDFE86EAB6FF8694CD28
:101AF0000087F1CA018795CD0287E4B70387D7F243
:101B0000048796CD058797CD068798CD0787D8F2AD
:101B10000887DAF20987DDF20A87DBF20B8799CDB5
:101B20000C879ACD0D87DCF20E879BCD0F879CCD5D
:101B300010879DCD11879ECD1287D1D11387D1F209
:101B400014879FCD1587C9CD1687A0CD1787CFCE17
:101B50001887A9D6198740CE1A87E3F21B8741CE92
:101B60001C87DBC31D8742CE1E87E0F21F8743CE52
:101B7000208744CE2187AFC02287ECF22387DEF294
:101B8000248745CE2587E1F2268746CE278747CE94
:101B9000288748CE2987E8F22A8749CE2B874ACE64
:101BA0002C874BCE2D874CCE2E87E2F22F874DCE41
:101BB00030874ECE3187E7F232874FCE338750CE13
:101BC0003487E6F2358751CE368752CE3787E9F231
:101BD000388753CE398754CE3A8755CE3B87DFF2CC
:101BE0003C8756CE3D8757CE3E87E4F23F87EAF2E8
:101BF000408758CE418759CE42875ACE43875BCE25
:101C000044875CCE45875DCE46875ECE4787ACD3A2
:101C10004887E5F24987F5B24A875FCE4B8760CEA9
:101C20004C87F2F24D8761CE4E87ABD04F8762CEA4
:101C3000508763CE518764CE528765CE5387F5F2C5
:101C4000548766CE558767CE568768CE5787C8BB00
:101C5000588769CE5987F9F25A876ACE5B876BCE6F
:101C60005C876CCE5D876DCE5E876ECE5F876FCEF4
:101C70006087F0F2618770CE628771CE6387F6F27B
:101C80006487F8F26587FAF2668772CE678773CE4B
:101C9000688774CE698775CE6A8776CE6B8777CE74
:101CA0006C8778CE6D8779CE6E87F3F26F877ACEA8
:101CB0007087F1F271877BCE72877CCE73877DCE81
:101CC0007487FBBA75877ECE7687FBB5778780CE23
:101CD000788781CE798782CE7A8783CE7B87EFF231
:101CE0007C87F7F27D87EDF27E87EEF27F8784CEE8
:101CF000808785CE818786CE8287EBF28387A6F3A5
:101D0000848787CE8587A3F3868788CE878789CE09
:101D10008887A2F389878ACE8A878BCE8B87F4F255
:101D20008C878CCE8D87DAC88E878DCE8F878ECEAE
:101D300090878FCE918790CE928791CE9387FBF23A
:101D4000948792CE958793CE968794CE9787A5F366
:101D5000988795CE998796CE9A8797CE9B8798CE6F
:101D60009C8799CE9D879ACE9E879BCE9F87F8C3EE
:101D7000A0879CCEA1879DCEA2879ECEA3879FCE13
:101D8000A487A0CEA58740CFA68741CFA78742CF03
:101D9000A887FDF2A98743CFAA8744CFAB87A7F3D3
:101DA000AC87A9F3AD87A4F3AE8745CFAF87FCF22C
:101DB000B08746CFB18747CFB28748CFB387ABF361
:101DC000B48749CFB587AAF3B6874ACFB7874BCF39
:101DD000B8874CCFB9874DCFBA87DDC2BB874ECF0E
:101DE000BC874FCFBD87AEF3BE8750CFBF8751CFE3
:101DF000C087B0F3C18752CFC28753CFC38754CFB8
:101E0000C48755CFC58756CFC687A1F3C78757CF9D
:101E1000C88758CFC98759CFCA87B1F3CB87ACF3EE
:101E2000CC875ACFCD875BCFCE875CCFCF875DCFB6
:101E3000D0875ECFD187AFF3D287FEF2D387ADF3E1
:101E4000D4875FCFD58760CFD68761CFD78762CF62
:101E5000D88763CFD98764CFDA8765CFDB87B2F3C2
:101E6000DC8766CFDD8767CFDE8768CFDF8769CF06
:101E7000E087B4F3E1876ACFE2876BCFE3876CCF6B
:101E8000E4876DCFE587A8F3E6876ECFE7876FCF4E
:101E9000E88770CFE98771CFEA87B3F3EB8772CF1A
:101EA000EC8773CFED8774CFEE87B5F3EF8775CFEF
:101EB000F08776CFF18777CFF28778CFF38779CF26
:101EC000F4877ACFF5877BCFF6877CCFF7877DCFF6
:101ED000F8877ECFF987B7D0FA8780CFFB8781CF8D
:101EE000FC8782CFFD8783CFFE87B8F3FF8784CF3F
:101EF000008885CF018886CF028887CF0388F9D9EB
:101F0000048888CF058889CF06888ACF07888BCF39
:101F100008888CCF09888DCF0A88B9F30B888ECFBB
:101F20000C888FCF0D8890CF0E8891CF0F8892CFDD
:101F3000108893CF118894CF128895CF1388B7F368
:101F4000148896CF1588E4C81688B6F3178897CFFB
:101F5000188898CF198899CF1A889ACF1B88BAF316
:101F60001C889BCF1D889CCF1E889DCF1F889ECF2D
:101F700020889FCF2188BBF32288C0B42388A0CFBC
:101F8000248840D0258841D0268842D0278843D055
:101F9000288844D0298845D02A8846D02B8847D025
:101FA0002C8848D02D8849D02E884AD02F884BD0F5
:101FB00030884CD031884DD03288C3EE33884ED033
:101FC00034884FD0358850D0368851D0378852D099
:101FD000388853D03988BCF33A8854D03B8855D0E0
:101FE0003C88BDF33D8856D03E8857D03F8858D0B6
:101FF0004088AAD1418859D042885AD043885BD0C2
:102000004488ACF44588C6D046885CD047885DD00B
:1020100048885ED049885FD04A8860D04B8861D0BC
:102020004C88D0D04D88DCD14E8862D04F8863D0A8
:10203000508864D0518865D0528866D0538867D064
:102040005488CECF558868D0568869D05788D6BD79
:1020500058886AD05988C3D15A886BD05B886CD0B5
:102060005C886DD05D886ED05E886FD05F8870D0E0
:10207000608871D06188E2BA6288E9E16388C2D27F
:102080006488C2F16588B9B2668872D0678873D0F7
:102090006888EDB16988C3F16A8874D06B88C0C95B
:1020A0006C88C4B36D8875D06E88F2D96F8876D08D
:1020B0007088A5CB718877D07288C4F1738878D086
:1020C000748879D075887AD076887BD07788D4D692
:1020D00078887CD079887DD07A887ED07B8880D0C3
:1020E0007C8881D07D88C5F17E88C0F47F88C6F168
:1020F000808882D08188ACD48288C7F1838883D0DD
:102100008488C0B08588C1F4868884D0878885D0CB
:102110008888C2F4898886D08A8887D08B88FCB466
:102120008C8888D08D88DBC58E8889D08F888AD0AE
:1021300090888BD091888CD09288BBCC93888DD09E
:1021400094888ED095888FD09688E4D0978890D048
:10215000988891D0998892D09A8893D09B8894D06F
:102160009C88E0CD9D8895D09E8896D09F8897D0FA
:10217000A08898D0A18899D0A288C8F1A3889AD0C5
:10218000A488F3D9A5889BD0A6889CD0A7889DD089
:10219000A8889ED0A9889FD0AA88A0D0AB88BBB1C0
:1021A000AC8840D1AD88AECFAE8841D1AF8842D1A6
:1021B000B08843D1B188A4B8B28844D1B38845D19E
:1021C000B48846D1B58847D1B68848D1B788CAF116
:1021D000B88849D1B9884AD1BA884BD1BB884CD18B
:1021E000BC88CBF1BD884DD1BE884ED1BF884FD1C0
:1021F000C08850D1C188C3B2C288D1C1C38851D16F
:10220000C48852D1C588B0D7C688C9F1C78853D110
:10221000C88854D1C988CCF1CA8855D1CB8856D149
:10222000CC8857D1CD8858D1CE88CEF1CF8859D11E
:10223000D0885AD1D1885BD1D288F6D9D3885CD1E5
:10224000D488E1D2D588A3D4D6885DD1D7885ED191
:10225000D888C3F4D988B9C8DA885FD1DB8860D15F
:10226000DC8861D1DD8862D1DE8863D1DF88C4F487
:10227000E08864D1E18865D1E288CDF1E388CFF1CF
:10228000E488E3BFE588D0F1E68866D1E78867D1C6
:10229000E888D4F1E98868D1EA8869D1EB886AD105
:1022A000EC886BD1ED886CD1EE886DD1EF886ED162
:1022B000F088D6F1F188D1F1F2886FD1F388D1C9D5
:1022C000F488E1C5F58870D1F68871D1F78872D1AC
:1022D000F888E3C2F988FCB9FA8873D1FB8874D115
:1022E000FC88D3F1FD8875D1FE88D5F1FF8876D1C1
:1022F000008977D1018978D10289D3B9038979D14D
:1023000004897AD105897BD106897CD107897DD161
:1023100008897ED1098980D10A89DBF10B8981D1B5
:102320000C8982D10D8983D10E8984D10F8985D101
:102330001089D6BA118986D11289FDB01389D9F1D5
:10234000148987D1158988D1168989D117898AD1AD
:1023500018898BD11989D8F11A89D2F11B89DAF140
:102360001C898CD11D898DD11E898ED11F898FD159
:10237000208990D12189D7F1228991D1238992D1C5
:10238000248993D12589ECC8268994D1278995D1B0
:10239000288996D1298997D12A89CACD2B89DDF13F
:1023A0002C8998D12D8999D12E899AD12F899BD1A9
:1023B0003089BDE531899CD132899DD133899ED147
:1023C0003489DCF135899FD13689DEF13789A0D196
:1023D000388940D2398941D23A8942D23B8943D2A5
:1023E0003C8944D23D8945D23E8946D23F8947D275
:1023F000408948D24189DFF1428949D243894AD292
:102400004489E5CF45894BD246894CD247894DD284
:1024100048894ED249894FD24A8950D24B8951D2EC
:102420004C8952D24D8953D24E8954D24F8955D2BC
:10243000508956D2518957D2528958D2538959D28C
:1024400054895AD255895BD256895CD257895DD25C
:1024500058895ED259895FD25A8960D25B8961D22C
:102460005C8962D25D8963D25E89C5F45F89F3BD00
:10247000608964D2618965D2628966D2638967D2D4
:10248000648968D2658969D26689E0F167896AD210
:1024900068896BD269896CD26A896DD26B896ED278
:1024A0006C896FD26D8970D26E8971D26F8972D248
:1024B000708973D2718974D2728975D2738976D218
:1024C000748977D2758978D2768979D277897AD2E8
:1024D00078897BD279897CD27A897DD27B89E1F136
:1024E0007C897ED27D8980D27E8981D27F89F7CE18
:1024F000808982D28189AAD2828983D28389FBF1A1
:10250000848984D2858985D28689B2B8878986D222
:10251000888987D2898988D28A8989D28B898AD207
:102520008C898BD28D898CD28E898DD28F898ED2D7
:1025300090898FD2918990D2928991D2938992D2A7
:10254000948993D2958994D2968995D2978996D277
:10255000988997D2998998D29A8999D29B899AD247
:102560009C899BD29D899CD29E899DD29F899ED217
:10257000A0899FD2A189A0D2A28940D3A38941D3A7
:10258000A48942D3A58943D3A68944D3A78945D337
:10259000A88946D3A98947D3AA8948D3AB8949D307
:1025A000AC894AD3AD894BD3AE894CD3AF894DD3D7
:1025B000B0894ED3B1894FD3B28950D3B38951D3A7
:1025C000B48952D3B58953D3B68954D3B78955D377
:1025D000B88956D3B98957D3BA8958D3BB8959D347
:1025E000BC895AD3BD895BD3BE895CD3BF895DD317
:1025F000C0895ED3C189FBBCC289DBB9C3895FD303
:10260000C489E6B9C589D9C3C689D3CAC789E8EAE6
:10261000C889C0C0C989F5BECA89E9EACB89EAEA96
:10262000CC89EBEACD8960D3CE89ECEACF89EDEA9B
:10263000D089EEEAD189EFEAD289C7BDD38961D3C7
:10264000D48962D3D58963D3D689FBF5D78964D37E
:10265000D88965D3D98966D3DA89FDF5DB8967D353
:10266000DC89FEF5DD8968D3DE89FCF5DF8969D375
:10267000E0896AD3E1896BD3E2896CD3E389E2BD57
:10268000E4896DD3E589A1F6E689A5B4E7896ED31F
:10269000E8896FD3E98970D3EA8971D3EB89A2F60F
:1026A000EC8972D3ED8973D3EE8974D3EF89A3F6E5
:1026B000F08975D3F18976D3F28977D3F389B2ECB7
:1026C000F48978D3F58979D3F6897AD3F7897BD3DE
:1026D000F8897CD3F9897DD3FA897ED3FB8980D3AD
:1026E000FC8981D3FD8982D3FE8983D3FF8984D37A
:1026F000008AD4D1018A85D3028A86D3038A87D3FC
:10270000048A88D3058A89D3068A8AD3078AEAD9B4
:10271000088A8BD3098A8CD30A8A8DD30B8A8ED3ED
:102720000C8A8FD30D8A90D30E8A91D30F8A92D3BD
:10273000108A93D3118A94D3128A95D3138A96D38D
:10274000148A97D3158A98D3168A99D3178A9AD35D
:10275000188A9BD3198A9CD31A8A9DD31B8A9ED32D
:102760001C8A9FD31D8AA0D31E8A40D41F8A41D4BD
:10277000208A42D4218A43D4228A44D4238A45D44D
:10278000248A46D4258A47D4268A48D4278A49D41D
:10279000288A4AD4298A4BD42A8A4CD42B8A4DD4ED
:1027A0002C8A4ED42D8A4FD42E8A50D42F8A51D4BD
:1027B000308A52D4318A53D4328A54D4338A55D48D
:1027C000348A56D4358A57D4368A58D4378A59D45D
:1027D000388A5AD4398A5BD43A8A5CD43B8A5DD42D
:1027E0003C8A5ED43D8A5FD43E8AA4F63F8A60D498
:1027F000408A61D4418A62D4428A63D4438A64D4D1
:10280000448A65D4458A66D4468A67D4478A68D4A0
:10281000488ABAEE498A69D44A8A6AD44B8A6BD408
:102820004C8A6CD44D8A6DD44E8A6ED44F8A6FD444
:10283000508A70D4518A71D4528A72D4538A73D414
:10284000548A74D4558A75D4568A76D4578A77D4E4
:10285000588A78D4598A79D45A8A7AD45B8A7BD4B4
:102860005C8A7CD45D8A7DD45E8A7ED45F8A80D483
:10287000608A81D4618A82D4628A83D4638A84D450
:10288000648A85D4658A86D4668A87D4678A88D420
:10289000688A89D4698A8AD46A8A8BD46B8A8CD4F0
:1028A0006C8A8DD46D8A8ED46E8A8FD46F8A90D4C0
:1028B000708A91D4718A92D4728A93D4738A94D490
:1028C000748A95D4758A96D4768A97D4778A98D460
:1028D000788A99D4798AB2D57A8A9AD47B8A9BD419
:1028E0007C8A9CD47D8A9DD47E8A9ED47F8A9FD404
:1028F000808AA0D4818A40D5828A41D5838A42D5F4
:10290000848A43D5858A44D5868A45D5878A46D523
:10291000888A47D5898AFED38A8ADCCC8B8A48D5B7
:102920008C8A49D58D8A4AD58E8A4BD58F8A4CD5CB
:10293000908A4DD5918A4ED5928A4FD5938AC4CA32
:10294000948A50D5958A51D5968A52D5978A53D56F
:10295000988A54D5998A55D59A8A56D59B8A57D53F
:102960009C8A58D59D8A59D59E8A5AD59F8A5BD50F
:10297000A08A5CD5A18A5DD5A28A5ED5A38A5FD5DF
:10298000A48A60D5A58A61D5A68A62D5A78A63D5AF
:10299000A88A64D5A98A65D5AA8A66D5AB8A67D57F
:1029A000AC8A68D5AD8A69D5AE8A6AD5AF8A6BD54F
:1029B000B08A6CD5B18A6DD5B28A6ED5B38A6FD51F
:1029C000B48A70D5B58A71D5B68A72D5B78A73D5EF
:1029D000B88A74D5B98A75D5BA8A76D5BB8A77D5BF
:1029E000BC8A78D5BD8A79D5BE8A7AD5BF8A7BD58F
:1029F000C08A7CD5C18A7DD5C28A7ED5C38A80D55E
:102A0000C48A81D5C58A82D5C68A83D5C78A84D52A
:102A1000C88A85D5C98A86D5CA8A87D5CB8A88D5FA
:102A2000CC8A89D5CD8A8AD5CE8A8BD5CF8A8CD5CA
:102A3000D08A8DD5D18A8ED5D28A8FD5D38A90D59A
:102A4000D48A91D5D58A92D5D68A93D5D78A94D56A
:102A5000D88A95D5D98A96D5DA8A97D5DB8A98D53A
:102A6000DC8A99D5DD8A9AD5DE8A9BD5DF8A9CD50A
:102A7000E08A9DD5E18A9ED5E28A9FD5E38AA0D5DA
:102A8000E48A40D6E58A41D6E68A42D6E78A43D62A
:102A9000E88A44D6E98A45D6EA8A46D6EB8A47D6FA
:102AA000EC8A48D6ED8A49D6EE8A4AD6EF8A4BD6CA
:102AB000F08A4CD6F18A4DD6F28A4ED6F38A4FD69A
:102AC000F48A50D6F58A51D6F68A52D6F78A53D66A
:102AD000F88A54D6F98A55D6FA8A56D6FB8A57D63A
:102AE000FC8A58D6FD8A59D6FE8A5AD6FF8A5BD60A
:102AF000008B5CD6018B5DD6028B5ED6038B5FD6D6
:102B0000048B60D6058B61D6068B62D6078BC0E539
:102B1000088B63D6098B64D60A8B65D60B8B66D679
:102B20000C8B67D60D8B68D60E8B69D60F8B6AD649
:102B3000108B6BD6118B6CD6128B6DD6138B6ED619
:102B4000148B6FD6158B70D6168B71D6178B72D6E9
:102B5000188B73D6198B74D61A8B75D61B8B76D6B9
:102B60001C8B77D61D8B78D61E8B79D61F8B7AD689
:102B7000208B7BD6218B7CD6228B7DD6238B7ED659
:102B8000248B80D6258B81D6268BA5F6278B82D6E3
:102B9000288B83D6298B84D62A8B85D62B8B86D6F9
:102BA0002C8B87D62D8B88D62E8B89D62F8B8AD6C9
:102BB000308B8BD6318B8CD6328B8DD6338B8ED699
:102BC000348B8FD6358B90D6368B91D6378B92D669
:102BD000388B93D6398B94D63A8B95D63B8B96D639
:102BE0003C8B97D63D8B98D63E8B99D63F8B9AD609
:102BF000408B9BD6418B9CD6428B9DD6438B9ED6D9
:102C0000448B9FD6458BA0D6468B40D7478B41D768
:102C1000488B42D7498B43D74A8B44D74B8B45D7F8
:102C20004C8B46D74D8B47D74E8B48D74F8B49D7C8
:102C3000508B4AD7518B4BD7528B4CD7538B4DD798
:102C4000548B4ED7558B4FD7568B50D7578B51D768
:102C5000588B52D7598B53D75A8B54D75B8B55D738
:102C60005C8B56D75D8B57D75E8B58D75F8B59D708
:102C7000608B5AD7618B5BD7628B5CD7638B5DD7D8
:102C8000648B5ED7658B5FD7668BAFBE678B60D773
:102C9000688B61D7698B62D76A8B63D76B8B64D77C
:102CA0006C8BA9C66D8B65D76E8B66D76F8B67D71C
:102CB000708B68D7718B69D7728B6AD7738B6BD720
:102CC000748B6CD7758B6DD7768B6ED7778B6FD7F0
:102CD000788B70D7798B71D77A8B72D77B8B73D7C0
:102CE0007C8B74D77D8B75D77E8B76D77F8B77D790
:102CF000808B78D7818B79D7828B7AD7838B7BD760
:102D0000848B7CD7858B7DD7868B7ED7878B80D72E
:102D1000888B81D7898B82D78A8B83D78B8B84D7FB
:102D20008C8B85D78D8B86D78E8B87D78F8B88D7CB
:102D3000908B89D7918B8AD7928B8BD7938B8CD79B
:102D4000948B8DD7958B8ED7968B8FD7978B90D76B
:102D5000988B91D7998B92D79A8B93D79B8B94D73B
:102D60009C8B95D79D8B96D79E8B97D79F8B98D70B
:102D7000A08BA5DAA18BC6BCA28BA9B6A38BBCB8CD
:102D8000A48BCFC8A58BA5BCA68BA6DAA78BA7DA88
:102D9000A88BD6CCA98BC3C8AA8BA8DAAB8BFDC6EF
:102DA000AC8B99D7AD8BB5D1AE8BE9D2AF8BB6D109
:102DB000B08BC7BCB18B9AD7B28BB2BDB38BE4BB1F
:102DC000B48BA9DAB58BAADAB68BC8D1B78BABDADC
:102DD000B88BEDD0B98BEFB6BA8BDBC2BB8B9BD770
:102DE000BC8BCFCBBD8BEDB7BE8BE8C9BF8BC3B758
:102DF000C08BF7BEC18BA4D6C28BACDAC38BADDA65
:102E0000C48BC0C6C58BE7D7C68BB6CAC78B9CD749
:102E1000C88BA9D5C98BDFCBCA8BEFD5CB8BAEDAEC
:102E2000CC8BDFD6CD8BCAB4CE8BB0DACF8BAFDAFA
:102E3000D08B9DD7D18BEBD2D28BB1DAD38BB2DAD8
:102E4000D48BB3DAD58BD4CAD68BB4DAD78BABCAD2
:102E5000D88BB5DAD98BB6DADA8BCFB3DB8BEFD67A
:102E6000DC8BB7DADD8BB0BBDE8BAEB5DF8BB8DACF
:102E7000E08BB9DAE18BEEB9E28BAFD1E38BE8D22C
:102E8000E48BBADAE58BC3B8E68BEACFE78BEFB217
:102E9000E88BBBDAE98BBCDAEA8B9ED7EB8BEBBD18
:102EA000EC8BDCCEED8BEFD3EE8BBDDAEF8BF3CE7C
:102EB000F08BBEDAF18BD5D3F28BE5BBF38BBFDAA7
:102EC000F48BB5CBF58BD0CBF68BC0DAF78BEBC799
:102ED000F88BEED6F98BC1DAFA8BB5C5FB8BC1B690
:102EE000FC8BC2DAFD8BCCB7FE8BCEBFFF8BC3DA77
:102EF000008CC4DA018CADCB028CC5DA038CF7B53B
:102F0000048CC6DA058CC2C1068CBBD7078CC7DA25
:102F1000088CB8CC098C9FD70A8CEAD20B8CB1C430
:102F20000C8CC8DA0D8CFDB50E8CD1BB0F8CC9DAB8
:102F3000108CB3D0118CCADA128CCBDA138CBDCEC4
:102F4000148CCCDA158CCDDA168CCEDA178CF7B25D
:102F5000188CD1DA198CCFDA1A8CE8D11B8CD0DA24
:102F60001C8CD5C31D8CD2DA1E8CA0D71F8CD3DA53
:102F7000208CD4DA218CD5DA228CBBD0238CA5D23C
:102F8000248CF9B0258CD6DA268CABC7278CD7DAFF
:102F9000288CF7BD298CA1C32A8CD8DA2B8CD9DADE
:102FA0002C8CFDC32D8CB7CC2E8CDADA2F8CDBDA8F
:102FB000308CBEC0318CD7C6328CDCDA338CDDDA93
:102FC000348CB4C7358CDEDA368CDFDA378CC8B98E
:102FD000388C40D8398C41D83A8C42D83B8C43D875
:102FE0003C8C44D83D8C45D83E8C46D83F8C47D845
:102FF000408C48D8418CEDBB428C49D8438C4AD890
:10300000448C4BD8458C4CD8468CB9B6478CF8F4D8
:10301000488C4DD8498CF9F44A8C4ED84B8C4FD8FB
:103020004C8CE3CD4D8C50D84E8C51D84F8C52D80F
:10303000508C53D8518C54D8528C55D8538C56D868
:10304000548C57D8558CB9F5568C58D8578C59D8BC
:10305000588C5AD8598C5BD85A8CE0EB5B8C5CD876
:103060005C8C5DD85D8C5ED85E8C5FD85F8C60D8E0
:10307000608C61D8618CF3CF628CBFBB638C62D8EB
:10308000648C63D8658C64D8668C65D8678C66D888
:10309000688C67D8698C68D86A8CC0BA6B8CA5D4E8
:1030A0006C8C69D86D8C6AD86E8C6BD86F8C6CD830
:1030B000708C6DD8718C6ED8728C6FD8738CD9E18E
:1030C000748C70D8758C71D8768C72D8778C73D8D4
:1030D000788CF4F5798CAAB17A8CF2B27B8C74D8A6
:1030E0007C8C75D87D8C76D87E8C77D87F8C78D880
:1030F000808C79D8818C7AD8828CF5F5838C7BD8BA
:10310000848C7CD8858CF7F5868C7DD8878C7ED88E
:10311000888C80D8898CD1BA8A8CF6F58B8C81D832
:103120008C8CB2C38D8C82D88E8C83D88F8C84D8B3
:10313000908C85D8918C86D8928C87D8938C88D89F
:10314000948CF9F5958C89D8968C8AD8978C8BD8E5
:10315000988CF8F5998C8CD89A8C8DD89B8C8ED8BD
:103160009C8C8FD89D8C90D89E8C91D89F8C92D817
:10317000A08C93D8A18C94D8A28C95D8A38C96D8E7
:10318000A48C97D8A58C98D8A68C99D8A78C9AD8B7
:10319000A88C9BD8A98C9CD8AA8C9DD8AB8C9ED887
:1031A000AC8C9FD8AD8CA0D8AE8C40D9AF8C41D917
:1031B000B08C42D9B18C43D9B28C44D9B38C45D9A7
:1031C000B48C46D9B58C47D9B68C48D9B78C49D977
:1031D000B88C4AD9B98C4BD9BA8C4CD9BB8C4DD947
:1031E000BC8C4ED9BD8C4FD9BE8C50D9BF8C51D917
:1031F000C08C52D9C18C53D9C28C54D9C38C55D9E7
:10320000C48C56D9C58C57D9C68C58D9C78C59D9B6
:10321000C88C5AD9C98C5BD9CA8C5CD9CB8C5DD986
:10322000CC8C5ED9CD8C5FD9CE8C60D9CF8C61D956
:10323000D08C62D9D18C63D9D28C64D9D38C65D926
:10324000D48C66D9D58C67D9D68C68D9D78C69D9F6
:10325000D88C6AD9D98C6BD9DA8C6CD9DB8C6DD9C6
:10326000DC8C6ED9DD8C6FD9DE8C70D9DF8C71D996
:10327000E08C72D9E18C73D9E28C74D9E38C75D966
:10328000E48C76D9E58C77D9E68C78D9E78C79D936
:10329000E88C7AD9E98C7BD9EA8C7CD9EB8C7DD906
:1032A000EC8C7ED9ED8C80D9EE8C81D9EF8C82D9D3
:1032B000F08C83D9F18C84D9F28C85D9F38C86D9A2
:1032C000F48C87D9F58C88D9F68C89D9F78C8AD972
:1032D000F88C8BD9F98C8CD9FA8C8DD9FB8C8ED942
:1032E000FC8C8FD9FD8C90D9FE8C91D9FF8C92D912
:1032F000008D93D9018D94D9028D95D9038D96D9DE
:10330000048D97D9058D98D9068D99D9078D9AD9AD
:10331000088D9BD9098D9CD90A8D9DD90B8D9ED97D
:103320000C8D9FD90D8DA0D90E8D40DA0F8D41DA0D
:10333000108D42DA118D43DA128D44DA138D45DA9D
:10334000148D46DA158D47DA168D48DA178D49DA6D
:10335000188D4ADA198D4BDA1A8D4CDA1B8D4DDA3D
:103360001C8D4EDA1D8DB4B11E8DEAD51F8DBAB8F5
:10337000208D4FDA218DB1B9228DC6B2238DF0D4C4
:10338000248DCDCF258DDCB0268DCBD5278DF5BBFB
:10339000288DCAD6298DB7B72A8DB0CC2B8DB6C64D
:1033A0002C8DE1B12D8DBAB92E8DFCD62F8DE1B9C2
:1033B000308DA1B7318DFABC328DDAEA338DDBEA7C
:1033C000348DF9CC358DF3B9368DDCEA378DFBB40D
:1033D000388DB3C3398DD1B73A8DD8BA3B8DDDEA7C
:1033E0003C8DF4D43D8DDEEA3E8DD6BC3F8DDFBBF7
:1033F000408DDFEA418DDEC1428DB8C2438DDFD4FE
:10340000448DCAD7458DE0EA468DE1EA478DE4EA6E
:10341000488DE2EA498DE3EA4A8DDEC94B8DB3B8A7
:103420004C8DC4B64D8DE5EA4E8DEACA4F8DCDC99F
:10343000508DCDB4518D50DA528D51DA538DD9E281
:10344000548DE2C5558DE6EA568DB5C0578D52DADA
:10345000588DB8D7598DE7EA5A8DACD75B8DFCC82B
:103460005C8DD3D85D8DCDD85E8DDED45F8D53DA83
:10347000608DF9D4618DC4C9628DAED3638DD3B82C
:10348000648DE0B3658D54DA668DE2C9678DF6F41C
:10349000688D55DA698D56DA6A8D57DA6B8DD5BA33
:1034A0006C8D58DA6D8DF7F46E8D59DA6F8D5ADAAE
:1034B000708DDFD7718D5BDA728D5CDA738DF1F40C
:1034C000748DB0B8758DD4D5768DCFB8778DF0C6A4
:1034D000788D5DDA798D5EDA7A8D5FDA7B8D60DAF0
:1034E0007C8D61DA7D8D62DA7E8D63DA7F8D64DAC0
:1034F000808D65DA818DC3B3828D66DA838D67DA5C
:10350000848DF2F4858DACB3868D68DA878D69DAA7
:10351000888D6ADA898D6BDA8A8DBDD48B8DF7C779
:103520008C8D6CDA8D8D6DDA8E8D6EDA8F8D6FDA13
:10353000908D70DA918DF4F4928D71DA938D72DA48
:10354000948DF3F4958D73DA968D74DA978D75DA20
:10355000988D76DA998D77DA9A8D78DA9B8D79DA8B
:103560009C8D7ADA9D8D7BDA9E8D7CDA9F8DCBCC1B
:10357000A08D7DDAA18D7EDAA28D80DAA38DA4C81C
:10358000A48D81DAA58D82DAA68D83DAA78D84DAFF
:10359000A88D85DAA98D86DAAA8D87DAAB8D88DACF
:1035A000AC8D89DAAD8D8ADAAE8D8BDAAF8D8CDA9F
:1035B000B08D8DDAB18DF5F4B28D8EDAB38DE3D79F
:1035C000B48DBFC5B58DC0F5B68D8FDAB78D90DAE5
:1035D000B88DBBF5B98D91DABA8DC3F5BB8D92DA92
:1035E000BC8DC2F5BD8D93DABE8DBAD6BF8DC1F547
:1035F000C08D94DAC18D95DAC28D96DAC38DBED4B2
:10360000C48DC4F5C58D97DAC68DCCF5C78D98DA13
:10361000C88D99DAC98D9ADACA8D9BDACB8DCFB075
:10362000CC8DF8B5CD8D9CDACE8DC9F5CF8DCAF590
:10363000D08D9DDAD18DDCC5D28D9EDAD38D9FDA07
:10364000D48DA0DAD58D40DBD68DC5F5D78DC6F5E6
:10365000D88D41DBD98D42DBDA8DC7F5DB8DCBF51B
:10366000DC8D43DBDD8DE0BEDE8DC8F5DF8DFAB885
:10367000E08D44DBE18D45DBE28D46DBE38DD0F56B
:10368000E48DD3F5E58D47DBE68D48DBE78D49DB3F
:10369000E88DE7BFE98D4ADBEA8DF2B9EB8DBCF529
:1036A000EC8DCDF5ED8D4BDBEE8D4CDBEF8DB7C2A8
:1036B000F08D4DDBF18D4EDBF28D4FDBF38DF8CCD1
:1036C000F48D50DBF58DF9BCF68D51DBF78DCEF521
:1036D000F88DCFF5F98DD1F5FA8DE5B6FB8DD2F5E4
:1036E000FC8D52DBFD8DD5F5FE8D53DBFF8D54DB5C
:1036F000008E55DB018E56DB028E57DB038E58DBC6
:10370000048E59DB058EBDF5068E5ADB078E5BDB1A
:10371000088E5CDB098ED4F50A8EBBD30B8E5DDB85
:103720000C8EECB30D8E5EDB0E8E5FDB0F8EA4CCA9
:10373000108E60DB118E61DB128E62DB138E63DB19
:10374000148ED6F5158E64DB168E65DB178E66DB60
:10375000188E67DB198E68DB1A8E69DB1B8E6ADBBD
:103760001C8E6BDB1D8ED7F51E8EE1BE1F8ED8F52D
:10377000208E6CDB218E6DDB228EDFCC238EDBF581
:10378000248E6EDB258E6FDB268E70DB278E71DB41
:10379000288E72DB298EC8B22A8ED9D72B8E73DB86
:1037A0002C8ED9F52D8E74DB2E8EDAF52F8EDCF56E
:1037B000308E75DB318EE2F5328E76DB338E77DB41
:1037C000348E78DB358EE0F5368E79DB378E7ADB1A
:1037D000388E7BDB398EDFF53A8EDDF53B8E7CDB78
:1037E0003C8E7DDB3D8EE1F53E8E7EDB3F8E80DBC9
:1037F000408EDEF5418EE4F5428EE5F5438E81DBA9
:10380000448EE3CC458E82DB468E83DB478EBFE55C
:10381000488EB8B5498EE3F54A8EE8F54B8EA3CCB9
:103820004C8E84DB4D8E85DB4E8E86DB4F8E87DBA8
:10383000508E88DB518EE6F5528EE7F5538E89DB8C
:10384000548E8ADB558E8BDB568E8CDB578E8DDB50
:10385000588E8EDB598EBEF55A8E8FDB5B8E90DBD9
:103860005C8E91DB5D8E92DB5E8E93DB5F8E94DBF4
:10387000608E95DB618E96DB628E97DB638E98DBC4
:10388000648E99DB658E9ADB668EC4B1678E9BDB96
:10389000688E9CDB698EBFF56A8E9DDB6B8E9EDB2E
:1038A0006C8EC5B56D8EE4B26E8E9FDB6F8EECF5BF
:1038B000708EE9F5718EA0DB728ED7B6738E40DC08
:1038C000748EEDF5758E41DC768EEAF5778E42DCEE
:1038D000788E43DC798E44DC7A8E45DC7B8E46DC48
:1038E0007C8EEBF57D8E47DC7E8E48DC7F8EDAB4F5
:1038F000808E49DC818EEAD4828E4ADC838E4BDC5A
:10390000848E4CDC858EEEF5868E4DDC878EF9B389
:10391000888E4EDC898E4FDC8A8E50DC8B8E51DC9B
:103920008C8E52DC8D8E53DC8E8E54DC8F8EEFF5B8
:10393000908EF1F5918E55DC928E56DC938E57DC8D
:10394000948EF0F5958E58DC968E59DC978E5ADC65
:10395000988E5BDC998E5CDC9A8E5DDC9B8E5EDCE7
:103960009C8EF2F59D8E5FDC9E8EF3F59F8E60DC63
:10397000A08E61DCA18E62DCA28E63DCA38E64DC8F
:10398000A48E65DCA58E66DCA68E67DCA78E68DC5F
:10399000A88E69DCA98E6ADCAA8E6BDCAB8EEDC9C1
:1039A000AC8EAAB9AD8E6CDCAE8E6DDCAF8EFBC773
:1039B000B08E6EDCB18E6FDCB28EE3B6B38E70DC8F
:1039C000B48E71DCB58E72DCB68E73DCB78E74DCAF
:1039D000B88E75DCB98E76DCBA8EC9CCBB8E77DC3E
:1039E000BC8E78DCBD8E79DCBE8E7ADCBF8E7BDC53
:1039F000C08E7CDCC18E7DDCC28E7EDCC38E80DC22
:103A0000C48E81DCC58E82DCC68E83DCC78E84DCEE
:103A1000C88E85DCC98E86DCCA8E87DCCB8E88DCBE
:103A2000CC8E89DCCD8E8ADCCE8EA6EACF8E8BDC66
:103A3000D08E8CDCD18E8DDCD28E8EDCD38E8FDC62
:103A4000D48E90DCD58E91DCD68E92DCD78E93DC32
:103A5000D88E94DCD98E95DCDA8E96DCDB8E97DC02
:103A6000DC8E98DCDD8E99DCDE8E9ADCDF8E9BDCD2
:103A7000E08E9CDCE18E9DDCE28E9EDCE38E9FDCA2
:103A8000E48EA0DCE58E40DDE68E41DDE78E42DD92
:103A9000E88E43DDE98E44DDEA8E45DDEB8E46DDC2
:103AA000EC8E47DDED8E48DDEE8E49DDEF8E4ADD92
:103AB000F08E4BDDF18E4CDDF28E4DDDF38E4EDD62
:103AC000F48E4FDDF58E50DDF68E51DDF78E52DD32
:103AD000F88E53DDF98E54DDFA8E55DDFB8E56DD02
:103AE000FC8E57DDFD8E58DDFE8E59DDFF8E5ADDD2
:103AF000008F5BDD018F5CDD028F5DDD038F5EDD9E
:103B0000048F5FDD058F60DD068F61DD078F62DD6D
:103B1000088F63DD098F64DD0A8F65DD0B8F66DD3D
:103B20000C8F67DD0D8F68DD0E8F69DD0F8F6ADD0D
:103B3000108F6BDD118F6CDD128F6DDD138F6EDDDD
:103B4000148F6FDD158F70DD168F71DD178F72DDAD
:103B5000188F73DD198F74DD1A8F75DD1B8F76DD7D
:103B60001C8F77DD1D8F78DD1E8F79DD1F8F7ADD4D
:103B7000208F7BDD218F7CDD228F7DDD238F7EDD1D
:103B8000248F80DD258F81DD268F82DD278F83DDE9
:103B9000288F84DD298F85DD2A8F86DD2B8F87DDB9
:103BA0002C8F88DD2D8F89DD2E8F8ADD2F8F8BDD89
:103BB000308F8CDD318F8DDD328F8EDD338F8FDD59
:103BC000348F90DD358F91DD368F92DD378F93DD29
:103BD000388F94DD398F95DD3A8F96DD3B8F97DDF9
:103BE0003C8F98DD3D8F99DD3E8F9ADD3F8F9BDDC9
:103BF000408F9CDD418F9DDD428F9EDD438F9FDD99
:103C0000448FA0DD458F40DE468F41DE478F42DE88
:103C1000488F43DE498F44DE4A8F45DE4B8F46DEB8
:103C20004C8F47DE4D8F48DE4E8F49DE4F8F4ADE88
:103C3000508F4BDE518F4CDE528F4DDE538F4EDE58
:103C4000548F4FDE558F50DE568F51DE578F52DE28
:103C5000588F53DE598F54DE5A8F55DE5B8F56DEF8
:103C60005C8F57DE5D8F58DE5E8F59DE5F8F5ADEC8
:103C7000608F5BDE618F5CDE628F5DDE638F5EDE98
:103C8000648F5FDE658F60DE668FB5B3678FFED4AD
:103C9000688FECB9698FF9D06A8F61DE6B8FEDE9BF
:103CA0006C8FAAD76D8FEEE96E8FD6C26F8FEDC87D
:103CB000708FE4BA718FEFE9728FF0E9738FF1E9D9
:103CC000748FE1D6758FF2E9768FF3E9778FF5E996
:103CD000788FF4E9798FF6E97A8FF7E97B8FE1C77E
:103CE0007C8FF8E97D8FD8D47E8FF9E97F8FCEBDA8
:103CF000808F62DE818FFAE9828FFBE9838FCFBDEF
:103D0000848FFCE9858FA8B8868FBEC1878FFDE9B7
:103D1000888FB2B1898FD4BB8A8FF5B98B8FFEE9BA
:103D20008C8F63DE8D8FA1EA8E8FA2EA8F8FA3EA3C
:103D3000908FF8B7918FADBC928F64DE938FE4CAF9
:103D4000948FCEE0958FAFD4968FBDCF978FB7D598
:103D5000988FA4EA998FDED59A8FA5EA9B8FC1D060
:103D60009C8FBCB99D8F65DE9E8FC7B49F8FD9B1E4
:103D7000A08F66DEA18F67DEA28F68DEA38FB1C041
:103D8000A48F69DEA58F6ADEA68F6BDEA78F6CDE3F
:103D9000A88FE6B1A98FE7B1AA8F6DDEAB8FE8B12E
:103DA000AC8F6EDEAD8F6FDEAE8F70DEAF8F71DEEB
:103DB000B08FBDB3B18FE8C8B28F72DEB38F73DE40
:103DC000B48F74DEB58F75DEB68FC1E5B78F76DE42
:103DD000B88F77DEB98FDFB1BA8F78DEBB8F79DE2F
:103DE000BC8F7ADEBD8FC9C1BE8FEFB4BF8F7BDEC3
:103DF000C08F7CDEC18FA8C7C28FD8D3C38F7DDEB2
:103E0000C48FF9C6C58FB8D1C68F7EDEC78FFDB906
:103E1000C88FF5C2C98F80DECA8F81DECB8F82DE6C
:103E2000CC8F83DECD8F84DECE8FADD3CF8F85DE7A
:103E3000D08FCBD4D18FFCBDD28F86DED38FC2E59D
:103E4000D48FB5B7D58FC3E5D68F87DED78F88DE01
:103E5000D88FB9BBD98FE2D5DA8F89DEDB8FF8BD79
:103E6000DC8FB6D4DD8FA5CEDE8FACC1DF8FD9B3AA
:103E7000E08F8ADEE18F8BDEE28FF6CCE38F8CDE83
:103E8000E48FC6E5E58FC4E5E68FC8E5E78F8DDEF4
:103E9000E88FCAE5E98FC7E5EA8FCFB5EB8FC8C6D3
:103EA000EC8F8EDEED8FFCB5EE8FC5E5EF8F8FDEEC
:103EB000F08FF6CAF18F90DEF28F91DEF38FC9E5B5
:103EC000F48F92DEF58F93DEF68F94DEF78FD4C3F6
:103ED000F88FC5B1F98FA3BCFA8F95DEFB8F96DE04
:103EE000FC8F97DEFD8FB7D7FE8F98DEFF8F99DEB0
:103EF0000090CBCD0190CDCB0290CACA0390D3CC19
:103F00000490CCE50590CBE50690E6C407909ADED8
:103F100008909BDE0990A1D10A90B7D10B90CDE516
:103F20000C909CDE0D90D0E50E909DDE0F90B8CDEC
:103F30001090F0D61190CFE51290DDB513909EDE73
:103F40001490BECD15909FDE1690D1E51790BAB6AD
:103F50001890A0DE199040DF1A90A8CD1B90E4B90C
:103F60001C9041DF1D90C5CA1E90D1B31F90D9CBC4
:103F70002090ECD42190D2E52290EAB7239042DF42
:103F8000249043DF259044DF2690CEE5279045DF3F
:103F9000289046DF299047DF2A9048DF2B9049DFA1
:103FA0002C904ADF2D90D5E52E90FEB42F90D6E5CB
:103FB00030904BDF31904CDF32904DDF33904EDF4D
:103FC00034904FDF3590D3E53690D4E5379050DF0D
:103FD0003890DDD2399051DF3A9052DF3B90DFC20A
:103FE0003C90C6B13D9053DF3E90E2D33F9054DF0A
:103FF000409055DF4190DDB64290ECCB439056DFC8
:104000004490D7E5459057DF469058DF4790F6D368
:10401000489059DF49905ADF4A905BDF4B905CDF54
:104020004C905DDF4D90E9B14E905EDF4F90F4B65D
:104030005090DAE55190D8E55290D9E55390C0B54B
:1040400054905FDF559060DF569061DF5790C5D286
:104050005890DCE5599062DF5A9063DF5B90DEE5B3
:104060005C9064DF5D9065DF5E9066DF5F9067DF88
:10407000609068DF619069DF6290DDE56390B2C7B0
:1040800064906ADF6590A3D266906BDF67906CDF07
:104090006890DBE569906DDF6A906EDF6B906FDF93
:1040A0006C9070DF6D90E2D46E90DAD56F9071DF16
:1040B000709072DF719073DF729074DF739075DFB0
:1040C0007490E0E57590F1D7769076DF779077DFA2
:1040D000789078DF799079DF7A907ADF7B907BDF58
:1040E0007C907CDF7D90E1E57E907DDF7F90DCB190
:1040F0008090FBD181907EDF8290E2E58390E4E5C1
:10410000849080DF859081DF869082DF879083DFD7
:104110008890E3E5899084DF8A9085DF8B90E5E5E0
:104120008C9086DF8D9087DF8E9088DF8F9089DF7F
:1041300090908ADF9190D8D292908BDF9390CBB5FC
:1041400094908CDF9590DFE796908DDF9790F5DA6D
:1041500098908EDF9990F8DA9A908FDF9B90F6DA3C
:104160009C9090DF9D90F7DA9E9091DF9F9092DF78
:10417000A09093DFA190FADAA290CFD0A390C7C409
:10418000A49094DFA59095DFA690EEB0A79096DF5F
:10419000A89097DFA99098DFAA90B0D0AB9099DF54
:1041A000AC90F9DAAD909ADFAE90CAD3AF90AABACC
:1041B000B090A2DBB190F1C7B2909BDFB390FCDA74
:1041C000B490FBDAB590DBC9B690FDDAB7909CDF0E
:1041D000B890A1DBB990DED7BA90FEDABB90DAC115
:1041E000BC909DDFBD909EDFBE90A5DBBF909FDFA2
:1041F000C090A0DFC190F4D3C29040E0C39041E0F2
:10420000C490A7DBC590A4DBC69042E0C790A8DBB2
:10421000C89043E0C99044E0CA90BCBDCB9045E053
:10422000CC9046E0CD9047E0CE90C9C0CF90A3DBC4
:10423000D090A6DBD190A3D6D29048E0D390A9DB52
:10424000D49049E0D5904AE0D6904BE0D790ADDBD2
:10425000D8904CE0D9904DE0DA904EE0DB90AEDBA8
:10426000DC90ACDBDD90C2BADE904FE0DF9050E036
:10427000E09051E0E190A4BFE290ABDBE39052E02C
:10428000E49053E0E59054E0E690AADBE790C7D4D1
:10429000E890BFB2E99055E0EA9056E0EB90AFDBD2
:1042A000EC9057E0ED90F9B9EE9058E0EF90B0DB6C
:1042B000F09059E0F1905AE0F2905BE0F3905CE00E
:1042C000F490BBB3F5905DE0F6905EE0F7905FE0B0
:1042D000F890A6B5F99060E0FA9061E0FB9062E09A
:1042E000FC9063E0FD90BCB6FE90B1DBFF9064E013
:1042F000009165E0019166E00291F5B6039167E0F7
:104300000491B2DB059168E0069169E007916AE0EB
:1043100008916BE009916CE00A916DE00B916EE001
:104320000C916FE00D9170E00E9171E00F9172E0D1
:10433000109173E0119174E0129175E0139176E0A1
:10434000149177E0159178E0169179E017917AE071
:1043500018917BE01991C9B11A917CE01B917DE025
:104360001C917EE01D9180E01E91B4DB1F9181E0E5
:10437000209182E0219183E02291B3DB2391B5DB90
:10438000249184E0259185E0269186E0279187E0BD
:10439000289188E0299189E02A918AE02B918BE08D
:1043A0002C918CE02D918DE02E918EE02F91B7DB3A
:1043B00030918FE03191B6DB329190E0339191E012
:1043C000349192E0359193E0369194E0379195E005
:1043D000389196E03991B8DB3A9197E03B9198E0BB
:1043E0003C9199E03D919AE03E919BE03F919CE0A9
:1043F00040919DE041919EE042919FE04391B9DB65
:104400004491A0E0459140E14691BADB479141E1FA
:10441000489142E14991CFD34A91FAF44B91F5C7C3
:104420004C91C3D74D91E4C54E91FCF44F91FDF4EE
:104430005091FBF4519143E15291C6BE539144E136
:10444000549145E1559146E1569147E15791EFD09E
:10445000589148E1599149E15A91D3B75B914AE1AA
:104460005C914BE15D91CDD45E91AACC5F914CE122
:1044700060914DE16191A2F56291A1F56391A8BAB5
:104480006491FEF46591D6CB66914EE167914FE160
:10449000689150E16991A4F56A91D2C06B9151E1A4
:1044A0006C91EAB36D9152E16E91AACD6F91A5F531
:1044B0007091A3F57191B4BD7291A8F5739153E118
:1044C0007491A9F57591CDBD7691B8C37791E1BF8F
:1044D0007891E1CB7991AAF57A9154E17B9155E1FC
:1044E0007C9156E17D91A6F57E91A7F57F91F0C470
:1044F000809157E1819158E1829159E183915AE18C
:1045000084915BE18591ACF586915CE18791BCB4C7
:1045100088915DE18991EDD78A915EE18B91D7B465
:104520008C91ABF58D91AEF58E915FE18F9160E14D
:104530009091ADF59191AFF59291D1D0939161E1C8
:10454000949162E1959163E1969164E1979165E1BF
:10455000989166E1999167E19A91D1C39B91A9C81D
:104560009C9168E19D9169E19E916AE19F916BE167
:10457000A0916CE1A1916DE1A291B0F5A391B1F58B
:10458000A4916EE1A5916FE1A69170E1A79171E10F
:10459000A89172E1A99173E1AA91B2F5AB9174E18E
:1045A000AC9175E1AD91B3F5AE91B4F5AF91B5F5C0
:1045B000B09176E1B19177E1B29178E1B39179E18F
:1045C000B491B7F5B591B6F5B6917AE1B7917BE1C3
:1045D000B8917CE1B9917DE1BA91B8F5BB917EE1EA
:1045E000BC9180E1BD9181E1BE9182E1BF9183E107
:1045F000C09184E1C19185E1C29186E1C39187E1D7
:10460000C49188E1C59189E1C6918AE1C791C9B297
:10461000C8918BE1C991D4D3CA91CDCACB918CE119
:10462000CC91EFC0CD91D8D6CE91B0D2CF91BFC1B1
:10463000D0918DE1D191F0BDD2918EE1D3918FE1F6
:10464000D49190E1D59191E1D69192E1D79193E106
:10465000D89194E1D99195E1DA9196E1DB9197E1D6
:10466000DC91AAB8DD9198E1DE9199E1DF919AE1C0
:10467000E0919BE1E1919CE1E2919DE1E3919EE17A
:10468000E4919FE1E591A0E1E69140E2E79141E20A
:10469000E89142E2E99143E2EA9144E2EB9145E29A
:1046A000EC9146E2ED9147E2EE9148E2EF9149E26A
:1046B000F0914AE2F1914BE2F2914CE2F3914DE23A
:1046C000F4914EE2F5914FE2F69150E2F79151E20A
:1046D000F89152E2F99153E2FA9154E2FB9155E2DA
:1046E000FC9156E2FD9157E2FE9158E2FF9159E2AA
:1046F00000925AE201925BE202925CE203925DE276
:1047000004925EE205925FE2069260E2079261E245
:10471000089262E2099263E20A9264E20B9265E215
:104720000C9266E20D9267E20E9268E20F9269E2E5
:1047300010926AE211926BE212926CE213926DE2B5
:1047400014926EE215926FE2169270E2179271E285
:10475000189272E2199273E21A9274E21B9275E255
:104760001C9276E21D9277E21E9278E21F9279E225
:1047700020927AE221927BE222927CE223927DE2F5
:1047800024927EE2259280E2269281E2279282E2C2
:10479000289283E2299284E22A9285E22B9286E291
:1047A0002C9287E22D9288E22E9289E22F928AE261
:1047B00030928BE231928CE232928DE233928EE231
:1047C00034928FE2359290E2369291E2379292E201
:1047D000389293E2399294E23A9295E23B9296E2D1
:1047E0003C9297E23D9298E23E9299E23F929AE2A1
:1047F00040929BE241929CE242929DE243929EE271
:1048000044929FE24592A0E2469240E3479241E300
:10481000489242E3499243E34A9244E34B9245E390
:104820004C9246E34D9247E34E9248E34F9249E360
:1048300050924AE351924BE352924CE353924DE330
:1048400054924EE355924FE3569250E3579251E300
:10485000589252E3599253E35A9254E35B9255E3D0
:104860005C9256E35D9257E35E9258E35F9259E3A0
:1048700060925AE361925BE362925CE363925DE370
:1048800064925EE365925FE3669260E3679261E340
:10489000689262E3699263E36A9264E36B9265E310
:1048A0006C9266E36D9267E36E9268E36F9269E3E0
:1048B00070926AE371926BE372926CE373926DE3B0
:1048C0007492F8BC75926EE376926FE3779270E320
:1048D000789271E3799272E37A9273E37B9274E354
:1048E0007C9275E37D9276E37E9277E37F9278E324
:1048F000809279E381927AE382927BE383927CE3F4
:1049000084927DE385927EE3869280E3879281E3C1
:10491000889282E3899283E38A9284E38B9285E38F
:104920008C9286E38D9287E38E92C6F68F9288E30F
:10493000909289E391928AE392928BE393928CE333
:1049400094928DE395928EE396928FE3979290E303
:10495000989291E3999292E39A9293E39B9294E3D3
:104960009C9295E39D9296E39E9297E39F9298E3A3
:10497000A09299E3A1929AE3A2929BE3A3929CE373
:10498000A4929DE3A5929EE3A6929FE3A792A0E343
:10499000A89240E4A99241E4AA9242E4AB9243E493
:1049A000AC9244E4AD9245E4AE92C7F6AF9246E4D1
:1049B000B09247E4B19248E4B29249E4B3924AE437
:1049C000B4924BE4B5924CE4B6924DE4B7924EE407
:1049D000B8924FE4B99250E4BA9251E4BB9252E4D7
:1049E000BC9253E4BD9254E4BE9255E4BF9256E4A7
:1049F000C09257E4C19258E4C29259E4C3925AE477
:104A0000C4925BE4C5925CE4C6925DE4C7925EE446
:104A1000C892C8F6C9925FE4CA9260E4CB9261E49E
:104A2000CC9262E4CD9263E4CE9264E4CF9265E4EA
:104A3000D09266E4D19267E4D29268E4D39269E4BA
:104A4000D4926AE4D5926BE4D6926CE4D7926DE48A
:104A5000D8926EE4D9926FE4DA9270E4DB9271E45A
:104A6000DC9272E4DD9273E4DE9274E4DF9275E42A
:104A7000E09276E4E19277E4E29278E4E39279E4FA
:104A8000E4927AE4E5927BE4E6927CE4E7927DE4CA
:104A9000E8927EE4E99280E4EA9281E4EB9282E497
:104AA000EC9283E4ED9284E4EE9285E4EF9286E466
:104AB000F09287E4F19288E4F29289E4F3928AE436
:104AC000F4928BE4F5928CE4F6928DE4F7928EE406
:104AD000F8928FE4F99290E4FA9291E4FB9292E4D6
:104AE000FC9293E4FD9294E4FE9295E4FF9296E4A6
:104AF000009397E4019398E4029399E403939AE472
:104B000004939BE405939CE406939DE407939EE441
:104B100008939FE40993A0E40A9340E50B9341E5D1
:104B20000C9342E50D9343E50E9344E50F9345E561
:104B3000109346E5119347E5129348E5139349E531
:104B400014934AE515934BE516934CE517934DE501
:104B500018934EE519934FE51A9350E51B9351E5D1
:104B60001C9352E51D9353E51E9354E51F9355E5A1
:104B7000209356E5219357E5229358E5239359E571
:104B800024935AE525935BE526935CE527935DE541
:104B900028935EE529935FE52A9360E52B9361E511
:104BA0002C9362E52D9363E52E9364E52F9365E5E1
:104BB000309366E5319367E5329368E5339369E5B1
:104BC00034936AE535936BE536936CE537936DE581
:104BD00038936EE539936FE53A9370E53B9371E551
:104BE0003C9372E53D9373E53E93C9F63F9374E5BC
:104BF000409375E5419376E5429377E5439378E5F5
:104C0000449379E545937AE546937BE547937CE5C4
:104C100048937DE549937EE54A9380E54B9381E592
:104C20004C9382E54D9383E54E9384E54F9385E560
:104C3000509386E5519387E5529388E5539389E530
:104C400054938AE555938BE556938CE557938DE500
:104C500058938EE559938FE55A9390E55B9391E5D0
:104C60005C9392E55D9393E55E9394E55F9395E5A0
:104C7000609396E5619397E5629398E5639399E570
:104C800064939AE565939BE566939CE567939DE540
:104C900068939EE569939FE56A93CAF66B93A0E5D6
:104CA0006C9340E66D9341E66E9342E66F9343E664
:104CB000709344E6719345E6729346E6739347E634
:104CC000749348E6759349E676934AE677934BE604
:104CD00078934CE679934DE67A934EE67B934FE6D4
:104CE0007C9350E67D9351E67E9352E67F9353E6A4
:104CF000809354E6819355E6829356E6839357E674
:104D0000849358E6859359E686935AE687935BE643
:104D100088935CE689935DE68A935EE68B935FE613
:104D20008C9360E68D9361E68E9362E68F93CCF66A
:104D3000909363E6919364E6929365E6939366E6B7
:104D4000949367E6959368E6969369E697936AE687
:104D500098936BE699936CE69A936DE69B936EE657
:104D60009C936FE69D9370E69E9371E69F9372E627
:104D7000A09373E6A19374E6A29375E6A39376E6F7
:104D8000A49377E6A59378E6A69379E6A7937AE6C7
:104D9000A8937BE6A9937CE6AA937DE6AB937EE697
:104DA000AC9380E6AD9381E6AE9382E6AF9383E663
:104DB000B09384E6B19385E6B29386E6B39387E633
:104DC000B49388E6B59389E6B6938AE6B7938BE603
:104DD000B8938CE6B9938DE6BA938EE6BB938FE6D3
:104DE000BC9390E6BD9391E6BE9392E6BF9393E6A3
:104DF000C09394E6C19395E6C29396E6C39397E673
:104E0000C49398E6C59399E6C6939AE6C7939BE642
:104E1000C8939CE6C9939DE6CA93CBF6CB939EE6D6
:104E2000CC939FE6CD93A0E6CE9340E7CF9341E7A6
:104E3000D09342E7D19343E7D29344E7D39345E736
:104E4000D49346E7D59347E7D693E9F7D79348E756
:104E5000D89349E7D9934AE7DA934BE7DB934CE7DA
:104E6000DC934DE7DD934EE7DE934FE7DF9350E7AA
:104E7000E09351E7E19352E7E29353E7E39354E77A
:104E8000E49355E7E59356E7E69357E7E79358E74A
:104E9000E89359E7E9935AE7EA935BE7EB935CE71A
:104EA000EC935DE7ED935EE7EE935FE7EF9360E7EA
:104EB000F09361E7F19362E7F29363E7F39364E7BA
:104EC000F49365E7F59366E7F69367E7F79368E78A
:104ED000F89369E7F9936AE7FA936BE7FB936CE75A
:104EE000FC936DE7FD936EE7FE936FE7FF9370E72A
:104EF000009471E7019472E7029473E7039474E7F6
:104F0000049475E7059476E7069477E7079478E7C5
:104F1000089479E709947AE70A947BE70B947CE795
:104F20000C947DE70D947EE70E9480E70F9481E763
:104F3000109482E7119483E7129484E7139485E731
:104F4000149486E7159487E7169488E7179489E701
:104F500018948AE719948BE71A948CE71B948DE7D1
:104F60001C948EE71D948FE71E9490E71F9491E7A1
:104F7000209492E7219493E7229494E7239495E771
:104F8000249496E7259497E7269498E7279499E741
:104F900028949AE729949BE72A949CE72B949DE711
:104FA0002C949EE72D949FE72E94A0E72F9440E841
:104FB000309441E8319442E8329443E8339444E831
:104FC000349445E8359446E8369447E8379448E801
:104FD000389449E839944AE83A944BE83B944CE8D1
:104FE0003C944DE83D944EE83E94CDF63F944FE816
:104FF000409450E8419451E8429452E8439453E875
:10500000449454E8459455E8469456E8479457E844
:10501000489458E8499459E84A945AE84B945BE814
:105020004C945CE84D945DE84E945EE84F945FE8E4
:10503000509460E8519461E8529462E8539463E8B4
:10504000549464E8559465E8569466E8579467E884
:10505000589468E8599469E85A946AE85B946BE854
:105060005C946CE85D946DE85E946EE85F946FE824
:10507000609470E8619471E8629472E8639473E8F4
:10508000649474E8659475E8669476E8679477E8C4
:10509000689478E8699479E86A947AE86B94CEF633
:1050A0006C947BE86D947CE86E947DE86F947EE868
:1050B000709480E8719481E8729482E8739483E834
:1050C000749484E8759485E8769486E8779487E804
:1050D000789488E8799489E87A948AE87B948BE8D4
:1050E0007C948CE87D948DE87E948EE87F948FE8A4
:1050F000809490E8819491E8829492E8839493E874
:10510000849494E88594C4EE8694C5EE8794C6EEA4
:105110008894EBD58994A4B68A94C8EE8B94C7EE94
:105120008C94C9EE8D94CAEE8E94A5C78F94CBEE65
:105130009094CCEE919495E89294B0B79394F6B590
:105140009494CDEE9594CFEE969496E89794CEEE07
:10515000989497E89994C6B89A94D0EE9B94D1EE1F
:105160009C94D2EE9D94DBB69E94AEB39F94D3D61E
:10517000A094C6C4A194B5B1A294D6B8A394D3EE1A
:10518000A494D4EEA594BFD4A694D5C7A794FBBE8F
:10519000A894D9CEA994B3B9AA94D6EEAB94D5EE7F
:1051A000AC94D8EEAD94D7EEAE94A5C5AF94D9EE3D
:1051B000B094DAEEB194AEC7B294DBEEB394AFC75D
:1051C000B494DCEEB594A7B2B694DDEEB794DEEEFF
:1051D000B894DFEEB994E0EEBA94E1EEBB94EAD76E
:1051E000BC94E2EEBD94E3EEBE94D8BCBF94E4EE72
:1051F000C094CBD3C194FACCC294ACB2C394E5C1F1
:10520000C494E5EEC594A6C7C694ADC3C79498E808
:10521000C894E6EEC994E7EECA94E8EECB94E9EEC2
:10522000CC94EAEECD94EBEECE94ECEECF9499E8EC
:10523000D094EDEED194EEEED294EFEED3949AE8C2
:10524000D4949BE8D594F0EED694F1EED794F2EE98
:10525000D894F4EED994F3EEDA949CE8DB94F5EE6E
:10526000DC94ADCDDD94C1C2DE94F6EEDF94F7EEB2
:10527000E094F8EEE194A1D5E294F9EEE394B3CF93
:10528000E494FAEEE594FBEEE6949DE8E794FCEEF8
:10529000E894FDEEE994A1EFEA94FEEEEB94A2EF20
:1052A000EC94F5B8ED94FAC3EE94A3EFEF94A4EF69
:1052B000F094C2BDF194BFD2F294F9B2F394A5EF89
:1052C000F494A6EFF594A7EFF694F8D2F794A8EF2C
:1052D000F894FDD6F994A9EFFA94CCC6FB949EE815
:1052E000FC94AAEFFD94ABEFFE94B4C1FF94ACEF35
:1052F0000095FACF0195F8CB0295AEEF0395ADEF8F
:105300000495FAB30595F8B90695AFEF0795B0EF98
:105310000895E2D00995B1EF0A95B2EF0B95E6B783
:105320000C95BFD00D95B3EF0E95B4EF0F95B5EF7B
:105330001095F1C81195E0CC1295B6EF1395B7EF23
:105340001495B8EF1595B9EF1695BAEF1795E0D506
:105350001895BBEF1995EDB41A95AAC31B95BCEF30
:105360001C959FE81D95BDEF1E95BEEF1F95BFEFE5
:105370002095A0E82195FDCE2295C0EF2395E0C2AF
:105380002495B8B42595B6D72695F5BD279540E95F
:105390002895C7CF2995C3EF2A95C1EF2B95C2EF6A
:1053A0002C95C4EF2D95A7B62E95FCBC2F95E2BE8B
:1053B0003095CCC33195C5EF3295C6EF339541E9B1
:1053C0003495C7EF3595CFEF3695C8EF3795C9EFD0
:1053D0003895CAEF3995C2C73A95F1EF3B95CDB6EE
:1053E0003C95CBEF3D9542E93E95CCEF3F95CDEF17
:1053F0004095C6B64195BEC34295CEEF439543E96D
:105400004495D0EF4595D1EF4695D2EF4795F2D52B
:10541000489544E94995D3EF4A95F7C44B9545E93A
:105420004C95D4EF4D95F8C44E95D5EF4F95D6EFEA
:105430005095E4B85195F7B05295D7EF5395D8EF02
:105440005495D9EF559546E95695DAEF5795DBEF28
:105450005895DCEF5995DDEF5A9547E95B95DEEFFE
:105460005C95B5BE5D95E1EF5E95DFEF5F95E0EF92
:10547000609548E96195E2EF6295E3EF6395CDC1F0
:105480006495E4EF6595E5EF6695E6EF6795E7EFE0
:105490006895E8EF6995E9EF6A95EAEF6B95EBEFB0
:1054A0006C95ECEF6D95D8C06E9549E96F95EDEF71
:1054B0007095ADC17195EEEF7295EFEF7395F0EFCA
:1054C00074954AE975954BE97695E2CF77954CE965
:1054D00078954DE979954EE97A954FE97B9550E9B4
:1054E0007C9551E97D9552E97E9553E97F95A4B36A
:1054F000809554E9819555E9829556E9839557E958
:10550000849558E9859559E986955AE987955BE927
:1055100088955CE989955DE98A955EE98B955FE9F7
:105520008C9560E98D9561E98E9562E98F9563E9C7
:10553000909564E9919565E9929566E9939567E997
:10554000949568E9959569E996956AE997956BE967
:1055500098956CE999956DE99A956EE99B956FE937
:105560009C9570E99D9571E99E9572E99F9573E907
:10557000A09574E9A19575E9A29576E9A39577E9D7
:10558000A49578E9A59579E9A6957AE9A7957BE9A7
:10559000A8957CE9A9957DE9AA957EE9AB9580E976
:1055A000AC9581E9AD9582E9AE9583E9AF9584E943
:1055B000B09585E9B19586E9B29587E9B39588E913
:1055C000B49589E9B5958AE9B6958BE9B7958CE9E3
:1055D000B8958DE9B9958EE9BA958FE9BB9590E9B3
:1055E000BC9591E9BD9592E9BE9593E9BF9594E983
:1055F000C09595E9C19596E9C29597E9C39598E953
:10560000C49599E9C5959AE9C6959BE9C7959CE922
:10561000C8959DE9C9959EE9CA959FE9CB95A0E9F2
:10562000CC9540EACD9541EACE9542EACF9543EA42
:10563000D09544EAD19545EAD29546EAD39547EA12
:10564000D49548EAD59549EAD6954AEAD7954BEAE2
:10565000D8954CEAD9954DEADA954EEADB954FEAB2
:10566000DC9550EADD9551EADE9552EADF9553EA82
:10567000E09554EAE19555EAE29556EAE39557EA52
:10568000E49558EAE59559EAE6955AEAE7955BEA22
:10569000E895C5C3E995C5E3EA95C1C9EB95C6E3AD
:1056A000EC955CEAED95D5B1EE95CACEEF95B3B425
:1056B000F095F2C8F195C7E3F295D0CFF395C8E322
:1056C000F495E4BCF595C9E3F695CAE3F795C6C32E
:1056D000F895A2D5F995D6C4FA95EBB9FB95C5CE48
:1056E000FC95CBE3FD95F6C3FE95CCE3FF955DEA13
:1056F0000096A7B70196F3B80296D2BA0396CDE307
:105700000496CEE30596C4D40696CFE307965EEAE8
:105710000896D0E30996CBD10A96D1E30B96D2E353
:105720000C96D3E30D96D4E30E96D6D10F96D5E31F
:105730001096FBB21196BBC01296D6E313965FEAA1
:105740001496ABC01596D7E31696D8E31796D9E30F
:10575000189660EA1996DAE31A96DBE31B9661EA7B
:105760001C96B7B81D96E2DA1E9662EA1F96D3B66B
:10577000209663EA2196E4DA2296E3DA239664EA35
:10578000249665EA259666EA269667EA279668EAE9
:10579000289669EA29966AEA2A96E6DA2B966BEA4F
:1057A0002C966CEA2D966DEA2E96EEC82F966EEA30
:1057B00030966FEA3196E5DA3296C0B73396F4D177
:1057C0003496F5D23596F3D53696D7BD379670EA2E
:1057D000389671EA399672EA3A9673EA3B96E8D7B8
:1057E0003C96E8DA3D96E7DA3E9674EA3F96A2B038
:1057F0004096D3CD419675EA4296E9DA439676EA29
:105800004496BDB84596CABC4696BDC24796A4C24A
:105810004896C2B34996EADA4A9677EA4B96AAC204
:105820004C96B0C44D96B5BD4E9678EA4F9679EA3F
:105830005096DECF51967AEA52967BEA53967CEAEE
:105840005496EBDA5596C2C956967DEA57967EEA8B
:10585000589680EA599681EA5A9682EA5B96DDB1BB
:105860005C9683EA5D9684EA5E9685EA5F96ECDA5A
:10587000609686EA6196B8B66296BAD4639687EA6D
:105880006496FDB3659688EA669689EA6796EDDACE
:105890006896C9D46996D5CF6A96E3C56B968AEAAD
:1058A0006C96EEDA6D968BEA6E968CEA6F968DEAC0
:1058B00070968EEA71968FEA7296EFDA739690EA96
:1058C0007496F0DA7596EAC17696D5CC7796DDCFE8
:1058D000789691EA799692EA7A9693EA7B9694EA98
:1058E0007C9695EA7D9696EA7E9697EA7F9698EA68
:1058F000809699EA81969AEA82969BEA83969CEA38
:1059000084969DEA8596E7D38696A1C287969EEAFD
:105910008896F1DA89969FEA8A96A0EA8B96E5CB7B
:105920008C9640EB8D96F2DA8E9641EB8F96E6CB15
:105930009096FED2919642EB929643EB939644EB6F
:105940009496F4B8959645EB969646EB9796F3DACF
:105950009896AFB09996B6CF9A9647EB9B9648EB40
:105960009C96CFD59D9649EB9E964AEB9F964BEB26
:10597000A0964CEBA1964DEBA2964EEBA3964FEB67
:10598000A49650EBA59651EBA69652EBA796EDCBBD
:10599000A89653EBA99654EBAA9655EBAB9656EB0B
:1059A000AC9657EBAD9658EBAE9659EBAF965AEBDB
:1059B000B096F4DAB1965BEBB2965CEBB396C4E3C7
:1059C000B4965DEBB5965EEBB696A5C1B7965FEB68
:1059D000B89660EBB996BFF6BA9661EBBB9662EBF0
:1059E000BC96C0F6BD96C1F6BE96D1C4BF9663EB19
:1059F000C096B8C8C196E3D1C29664EBC39665EB76
:105A0000C496DBD0C596C5D1C696AFBCC796CDB9F6
:105A1000C89666EBC996F4EFCA9667EBCB9668EB2F
:105A2000CC96C6B4CD96BAD3CE96C2F6CF96FBB37B
:105A3000D09669EBD1966AEBD296C3F6D3966BEB10
:105A4000D4966CEBD596F1B5D6966DEBD7966EEBFA
:105A5000D8966FEBD99670EBDA9671EBDB9672EB1A
:105A6000DC9673EBDD9674EBDE9675EBDF9676EBEA
:105A7000E096C5F6E19677EBE29678EBE39679EB64
:105A8000E4967AEBE5967BEBE6967CEBE7967DEB8E
:105A9000E896EAD3E996A7F6EA96A9D1EB967EEBCB
:105AA000EC9680EBED9681EBEE9682EBEF96A9F605
:105AB000F09683EBF19684EBF29685EBF396A8F6DD
:105AC000F49686EBF59687EBF696E3C1F796D7C08A
:105AD000F89688EBF996A2B1FA9689EBFB968AEBD9
:105AE000FC968BEBFD968CEBFE96EDCEFF968DEB48
:105AF0000097E8D00197ABF602978EEB03978FEBF8
:105B00000497F6CF059790EB0697AAF60797F0D57E
:105B10000897ACF60997B9C30A9791EB0B9792EBEC
:105B20000C9793EB0D97F4BB0E97AEF60F97ADF66F
:105B3000109794EB119795EB129796EB1397DEC4A1
:105B4000149797EB159798EB1697D8C1179799EB81
:105B500018979AEB19979BEB1A979CEB1B979DEB69
:105B60001C97AACB1D979EEB1E97BCCF1F979FEB50
:105B70002097A0EB219740EC229741EC239742EC31
:105B8000249743EC259744EC269745EC279746EC61
:105B9000289747EC299748EC2A97AFF62B9749ECC2
:105BA0002C974AEC2D97B0F62E974BEC2F974CEC98
:105BB0003097B1F631974DEC3297B6C233974EEC31
:105BC00034974FEC359750EC369751EC379752ECB1
:105BD0003897D4B03997F9C53A9753EC3B9754ECC2
:105BE0003C9755EC3D9756EC3E97B2F63F9757ECF5
:105BF000409758EC419759EC42975AEC43975BEC2D
:105C000044975CEC45975DEC46975EEC47975FECFC
:105C1000489760EC499761EC4A9762EC4B9763ECCC
:105C20004C9764EC4D9765EC4E9766EC4F9767EC9C
:105C3000509768EC519769EC5297E0C75397A6F6D6
:105C400054976AEC55976BEC5697B8BE57976CEC27
:105C500058976DEC5997B2BE5A976EEC5B97E5B5C5
:105C60005C976FEC5D9770EC5E97C7B75F9771ECD0
:105C70006097BFBF6197D2C36297E6C3639772EC28
:105C8000649773EC6597CCD8669774EC679775EC5E
:105C9000689776EC6997EFB86A9777EC6B9778EC32
:105CA0006C9779EC6D977AEC6E977BEC6F977CEC48
:105CB00070977DEC71977EEC729780EC7397F9BDCD
:105CC0007497A5D1759781EC7697D0B0779782ECD1
:105CD000789783EC799784EC7A9785EC7B9786ECC0
:105CE0007C97B0F77D9787EC7E9788EC7F9789EC5F
:105CF00080978AEC81978BEC82978CEC83978DEC64
:105D000084978EEC8597B1F786978FEC879790EC08
:105D1000889791EC899792EC8A9793EC8B97ACD00B
:105D20008C9794EC8D97B0B08E9795EC8F9796ECFE
:105D3000909797EC9197B2F79297B3F7939798EC67
:105D40009497B4F7959799EC96979AEC97979BEC64
:105D50009897CAC799979CEC9A979DEC9B979EEC55
:105D60009C979FEC9D97A0EC9E9740ED9F9741EDEF
:105D7000A097CFBEA19742EDA29743EDA397B7F7A7
:105D8000A49744EDA59745EDA69746EDA79747ED57
:105D9000A89748EDA99749EDAA974AEDAB97B6F7B2
:105DA000AC974BEDAD97DEB1AE974CEDAF97B5F735
:105DB000B0974DEDB1974EEDB297B8F7B3974FED61
:105DC000B497B9F7B59750EDB69751EDB79752ED37
:105DD000B89753EDB99754EDBA9755EDBB9756ED7B
:105DE000BC9757EDBD9758EDBE9759EDBF975AED4B
:105DF000C0975BEDC1975CEDC2975DEDC3975EED1B
:105E0000C4975FEDC59760EDC69761EDC79762EDEA
:105E1000C89763EDC99764EDCA9765EDCB9766EDBA
:105E2000CC9767EDCD9768EDCE9769EDCF976AED8A
:105E3000D0976BEDD1976CEDD2976DEDD3976EED5A
:105E4000D4976FEDD59770EDD69771EDD79772ED2A
:105E5000D89773EDD99774EDDA9775EDDB9776EDFA
:105E6000DC9777EDDD9778EDDE9779EDDF977AEDCA
:105E7000E0977BEDE1977CEDE2977DEDE3977EED9A
:105E8000E49780EDE59781EDE697A4CEE797CDC83E
:105E9000E89782EDE997ABBAEA97B8E8EB97B9E8EB
:105EA000EC97BAE8ED97C2BEEE9783EDEF9784EDDD
:105EB000F09785EDF19786EDF29787EDF397F4D2A1
:105EC000F49788EDF597CFD4F697D8C9F79789ED71
:105ED000F8978AEDF9978BEDFA978CEDFB978DED9E
:105EE000FC978EEDFD978FEDFE9790EDFF9791ED6E
:105EF000009892ED019893ED029894ED039895ED3A
:105F0000049896ED059897ED069898ED079899ED09
:105F100008989AED09989BED0A989CED0B989DEDD9
:105F20000C989EED0D989FED0E98A0ED0F9840EE09
:105F3000109841EE119842EE129843EE139844EEF9
:105F4000149845EE159846EE169847EE179848EEC9
:105F5000189849EE19984AEE1A984BEE1B984CEE99
:105F60001C984DEE1D984EEE1E984FEE1F9850EE69
:105F7000209851EE219852EE229853EE239854EE39
:105F8000249855EE259856EE269857EE279858EE09
:105F9000289859EE29985AEE2A985BEE2B985CEED9
:105FA0002C985DEE2D985EEE2E985FEE2F9860EEA9
:105FB000309861EE319862EE329863EE339864EE79
:105FC000349865EE359866EE369867EE379868EE49
:105FD000389869EE39986AEE3A986BEE3B986CEE19
:105FE0003C986DEE3D986EEE3E986FEE3F9870EEE9
:105FF000409871EE419872EE429873EE439874EEB9
:10600000449875EE459876EE469877EE479878EE88
:10601000489879EE49987AEE4A987BEE4B987CEE58
:106020004C987DEE4D987EEE4E9880EE4F9881EE26
:10603000509882EE519883EE529884EE539885EEF4
:10604000549886EE559887EE569888EE579889EEC4
:1060500058988AEE59988BEE5A988CEE5B988DEE94
:106060005C988EEE5D988FEE5E9890EE5F9891EE64
:10607000609892EE619893EE629894EE639895EE34
:10608000649896EE659897EE669898EE679899EE04
:1060900068989AEE69989BEE6A989CEE6B989DEED4
:1060A0006C989EEE6D989FEE6E98A0EE6F9840EF04
:1060B000709841EF719842EF729843EF739844EFF4
:1060C000749845EF7598B3D27698A5B67798EAC7D5
:1060D0007898FCF17998EECF7A98B3CB7B98EBD097
:1060E0007C98EFE77D98E7CD7E98CBB97F98D9B6BD
:1060F0008098FDF18198E4B08298CCCB8398FEF132
:106100008498A4D48598ADC28698ECC18798C4C6FB
:106110008898B1BE8998A1F28A98D5BC8B9846EF31
:106120008C98A2F28D98A3F28E9847EF8F98A4F2E4
:106130009098C3D29198B5C6929848EF9398C7CDDE
:106140009498A5F2959849EF9698B1D39798C5BFC2
:106150009898E2CC99984AEF9A98A6F29B98A7F261
:106160009C98D5D19D98EEB69E98A8F29F98A9F2DA
:10617000A098DFB5A198AAF2A298ABF2A3984BEF32
:10618000A498FCB2A598ACF2A698ADF2A798A7C8BF
:10619000A8984CEFA9984DEFAA984EEFAB984FEF07
:1061A000AC9850EFAD9851EFAE9852EFAF9853EFD7
:1061B000B09854EFB19855EFB29856EFB39857EFA7
:1061C000B49858EFB59859EFB6985AEFB7985BEF77
:1061D000B8985CEFB9985DEFBA985EEFBB985FEF47
:1061E000BC9860EFBD9861EFBE9862EFBF9863EF17
:1061F000C09864EFC19865EFC29866EFC39867EFE7
:10620000C49868EFC59869EFC6986AEFC7986BEFB6
:10621000C8986CEFC9986DEFCA986EEFCB986FEF86
:10622000CC9870EFCD9871EFCE98E7B7CF9872EF1A
:10623000D09873EFD198A9ECD298AAECD398ABEC94
:10624000D49874EFD598ACECD69875EFD79876EFD4
:10625000D898AEC6D998ADECDA98AEECDB9877EF6B
:10626000DC9878EFDD9879EFDE98C9B7DF98B3CA8C
:10627000E0987AEFE1987BEFE2987CEFE3987DEF8E
:10628000E4987EEFE59880EFE69881EFE798B8E232
:10629000E898CFF7E99882EFEA9883EFEB9884EFDC
:1062A000EC9885EFED9886EFEE9887EFEF9888EF02
:1062B000F09889EFF1988AEFF2988BEFF3988CEFD2
:1062C000F4988DEFF5988EEFF6988FEFF79890EFA2
:1062D000F89891EFF99892EFFA9893EFFB9894EF72
:1062E000FC9895EFFD9896EFFE9897EFFF9898EF42
:1062F000009999EF01999AEF02999BEF03999CEF0E
:1063000004999DEF05999EEF06999FEF0799A0EFDD
:10631000089940F0099941F00A9942F00B9943F02D
:106320000C9944F00D99D0F70E9945F00F9946F06D
:106330001099CDB2119947F0129948F0139949F08C
:1063400014994AF015994BF016994CF017994DF0A5
:1063500018994EF019994FF01A9950F01B9951F075
:106360001C9952F01D9953F01E9954F01F9955F045
:10637000209956F0219957F0229958F0239959F015
:1063800024995AF025995BF026995CF027995DF0E5
:1063900028995EF029995FF02A9960F02B9961F0B5
:1063A0002C9962F02D9963F02E99D1F72F9964F012
:1063B000309965F0319966F0329967F0339968F059
:1063C000349969F035996AF036996BF037996CF029
:1063D00038996DF039996EF03A996FF03B9970F0F9
:1063E0003C9971F03D9972F03E9973F03F9974F0C9
:1063F000409975F0419976F0429977F0439978F099
:10640000449979F045997AF046997BF047997CF068
:1064100048997DF049997EF04A9980F04B9981F036
:106420004C9982F04D9983F04E9984F04F9985F004
:10643000509986F0519987F0529988F0539989F0D4
:106440005499D3F75599D2F756998AF057998BF00A
:1064500058998CF059998DF05A998EF05B998FF07C
:106460005C9990F05D9991F05E9992F05F9993F04C
:10647000609994F0619995F0629996F06399BBE206
:10648000649997F06599A2BC669998F06799BCE207
:106490006899BDE26999BEE26A99BFE26B99C0E270
:1064A0006C99C1E26D99B9B76E99FBD26F99A4BD91
:1064B0007099CECA7199A5B17299C7CB739999F0A9
:1064C0007499C2E27599FCB67699C4C87799C3E20B
:1064D00078999AF079999BF07A99C8BD7B999CF04C
:1064E0007C99FDB17D99C4E27E999DF07F99F6B6C5
:1064F0008099C5E28199D9C482999EF083999FF0D1
:106500008499C6E28599DACF8699DDB98799C7E281
:106510008899A1C08999A0F08A99C8E28B99F6B2AE
:106520008C9940F18D99C9E28E9941F18F99F3C10F
:106530009099CAE29199CBE29299F8C29399CCE2F0
:106540009499CDE29599CEE29699D7CA9799B8D801
:106550009899E5D99999E3CF9A9942F19B9943F19A
:106560009C9944F19D9945F19E9946F19F9947F177
:10657000A09948F1A19949F1A2994AF1A3994BF147
:10658000A4994CF1A599A5F0A6994DF1A7994EF1C2
:10659000A899B0DCA9994FF1AA9950F1AB9951F1A2
:1065A000AC9952F1AD9953F1AE9954F1AF9955F1BF
:1065B000B09956F1B19957F1B29958F1B39959F18F
:1065C000B4995AF1B5995BF1B6995CF1B7995DF15F
:1065D000B8995EF1B9995FF1BA9960F1BB9961F12F
:1065E000BC9962F1BD9963F1BE9964F1BF9965F1FF
:1065F000C09966F1C19967F1C29968F1C39969F1CF
:10660000C4996AF1C5996BF1C6996CF1C7996DF19E
:10661000C8996EF1C9996FF1CA9970F1CB9971F16E
:10662000CC9972F1CD9973F1CE9974F1CF9975F13E
:10663000D09976F1D19977F1D29978F1D39979F10E
:10664000D4997AF1D5997BF1D6997CF1D7997DF1DE
:10665000D8997EF1D99980F1DA9981F1DB9982F1AB
:10666000DC9983F1DD9984F1DE9985F1DF9986F17A
:10667000E09987F1E19988F1E29989F1E3998AF14A
:10668000E4998BF1E5998CF1E6998DF1E7998EF11A
:10669000E8998FF1E99990F1EA9991F1EB9992F1EA
:1066A000EC9993F1ED9994F1EE9995F1EF9996F1BA
:1066B000F09997F1F19998F1F29999F1F3999AF18A
:1066C000F4999BF1F5999CF1F6999DF1F7999EF15A
:1066D000F8999FF1F999A0F1FA9940F2FB9941F2EA
:1066E000FC9942F2FD9943F2FE9944F2FF9945F27A
:1066F000009A46F2019A47F2029A48F2039A49F246
:10670000049A4AF2059A4BF2069A4CF2079A4DF215
:10671000089A4EF2099A4FF20A9A50F20B9A51F2E5
:106720000C9A52F20D9A53F20E9A54F20F9A55F2B5
:10673000109A56F2119A57F2129A58F2139A59F285
:10674000149A5AF2159A5BF2169A5CF2179A5DF255
:10675000189A5EF2199A5FF21A9A60F21B9A61F225
:106760001C9A62F21D9A63F21E9A64F21F9A65F2F5
:10677000209A66F2219A67F2229A68F2239A69F2C5
:10678000249A6AF2259A6BF2269A6CF2279A6DF295
:10679000289A6EF2299A6FF22A9A70F22B9A71F265
:1067A0002C9A72F22D9A73F22E9A74F22F9A75F235
:1067B000309A76F2319A77F2329A78F2339A79F205
:1067C000349A7AF2359A7BF2369A7CF2379A7DF2D5
:1067D000389A7EF2399A80F23A9A81F23B9A82F2A2
:1067E0003C9A83F23D9A84F23E9A85F23F9A86F271
:1067F000409A87F2419A88F2429A89F2439A8AF241
:10680000449A8BF2459A8CF2469A8DF2479A8EF210
:10681000489A8FF2499A90F24A9A91F24B9A92F2E0
:106820004C9A93F24D9A94F24E9A95F24F9A96F2B0
:10683000509A97F2519A98F2529A99F2539A9AF280
:10684000549A9BF2559A9CF2569A9DF2579A9EF250
:10685000589A9FF2599AA0F25A9A40F35B9A41F3E0
:106860005C9A42F35D9A43F35E9A44F35F9A45F370
:10687000609A46F3619A47F3629A48F3639A49F340
:10688000649A4AF3659A4BF3669A4CF3679A4DF310
:10689000689A4EF3699A4FF36A9A50F36B9A51F3E0
:1068A0006C9AEDC26D9AA6D46E9AD4CD6F9AB1D17E
:1068B000709ADBB3719AFDC7729A52F3739AB5B2AC
:1068C000749ABFC2759AE0E6769ABBCA779AE1E6F7
:1068D000789AE2E6799AD4BE7A9AE3E67B9AA4D7CC
:1068E0007C9AD5CD7D9AE5E67E9ADDBC7F9AE4E67A
:1068F000809AE6E6819AE7E6829AEEC2839A53F39B
:10690000849ABEBD859AE8E6869AE6C2879AA7BAB7
:10691000889AE9E6899A54F38A9AEAE68B9AD2B37E
:106920008C9AE9D18D9A55F38E9A56F38F9AA5BF1A
:10693000909AEBE6919AEFC6929AECE6939AEDE67E
:10694000949A57F3959A58F3969AEEE6979AADC6AD
:10695000989AEFE6999A59F39A9AA7C99B9AF0E602
:106960009C9AF1E69D9AF2E69E9AB9E59F9AF3E623
:10697000A09AF4E6A19AE2C2A29AF5E6A39AF6E6F4
:10698000A49AE8D6A59AF7E6A69A5AF3A79AF8E643
:10699000A89AC7B9A99A5BF3AA9A5CF3AB9A5DF37C
:1069A000AC9A5EF3AD9A5FF3AE9A60F3AF9A61F37F
:1069B000B09ABBF7B19ABAF7B29A62F3B39A63F39B
:1069C000B49A64F3B59A65F3B69ABEF7B79ABCF772
:1069D000B89AA1BAB99A66F3BA9ABFF7BB9A67F3A5
:1069E000BC9AC0F7BD9A68F3BE9A69F3BF9A6AF37E
:1069F000C09AC2F7C19AC1F7C29AC4F7C39A6BF39F
:106A0000C49A6CF3C59AC3F7C69A6DF3C79A6EF32E
:106A1000C89A6FF3C99A70F3CA9A71F3CB9AC5F703
:106A2000CC9AC6F7CD9A72F3CE9A73F3CF9A74F3D9
:106A3000D09A75F3D19AC7F7D29A76F3D39AE8CB66
:106A4000D49A77F3D59A78F3D69A79F3D79A7AF3DA
:106A5000D89ADFB8D99A7BF3DA9A7CF3DB9A7DF384
:106A6000DC9A7EF3DD9A80F3DE9A81F3DF9AD4F725
:106A7000E09A82F3E19AD5F7E29A83F3E39A84F3FA
:106A8000E49A85F3E59A86F3E69AD6F7E79A87F3D0
:106A9000E89A88F3E99A89F3EA9A8AF3EB9AD8F7A5
:106AA000EC9A8BF3ED9ADAF7EE9A8CF3EF9AD7F72C
:106AB000F09A8DF3F19A8EF3F29A8FF3F39A90F3A2
:106AC000F49A91F3F59A92F3F69A93F3F79A94F372
:106AD000F89A95F3F99ADBF7FA9A96F3FB9AD9F7B5
:106AE000FC9A97F3FD9A98F3FE9A99F3FF9A9AF31A
:106AF000009B9BF3019B9CF3029B9DF3039BD7D7C9
:106B0000049B9EF3059B9FF3069BA0F3079B40F419
:106B1000089BDCF7099B41F40A9B42F40B9B43F46E
:106B20000C9B44F40D9B45F40E9B46F40F9BDDF744
:106B3000109B47F4119B48F4129B49F4139BDEF71A
:106B4000149B4AF4159B4BF4169B4CF4179B4DF485
:106B5000189B4EF4199B4FF41A9B50F41B9B51F455
:106B60001C9B52F41D9B53F41E9B54F41F9BDFF798
:106B7000209B55F4219B56F4229B57F4239BE0F76E
:106B8000249B58F4259B59F4269B5AF4279B5BF4CD
:106B9000289B5CF4299B5DF42A9B5EF42B9B5FF49D
:106BA0002C9B60F42D9B61F42E9B62F42F9BCBDB1E
:106BB000309B63F4319B64F4329BAAD8339B65F419
:106BC000349B66F4359B67F4369B68F4379B69F415
:106BD000389B6AF4399B6BF43A9B6CF43B9BF7E56A
:106BE0003C9BEDB93D9B6DF43E9B6EF43F9B6FF477
:106BF000409B70F4419BFDBF429BEABB439BC9F79E
:106C0000449BC7C6459BC8F7469B71F4479BCAF790
:106C1000489BCCF7499BCBF74A9B72F44B9B73F490
:106C20004C9B74F44D9BCDF74E9B75F44F9BBACEA5
:106C3000509B76F4519BCEF7529B77F4539B78F49C
:106C4000549BA7C4559B79F4569B7AF4579B7BF4CD
:106C5000589B7CF4599B7DF45A9B7EF45B9B80F49B
:106C60005C9B81F45D9B82F45E9B83F45F9B84F468
:106C7000609B85F4619B86F4629B87F4639B88F438
:106C8000649B89F4659B8AF4669B8BF4679B8CF408
:106C9000689B8DF4699B8EF46A9B8FF46B9B90F4D8
:106CA0006C9B91F46D9B92F46E9B93F46F9B94F4A8
:106CB000709B95F4719B96F4729B97F4739B98F478
:106CC000749B99F4759B9AF4769B9BF4779B9CF448
:106CD000789B9DF4799B9EF47A9B9FF47B9BA0F418
:106CE0007C9B40F57D9B41F57E9B42F57F9B43F568
:106CF000809B44F5819B45F5829B46F5839B47F538
:106D0000849B48F5859B49F5869B4AF5879B4BF507
:106D1000889B4CF5899B4DF58A9B4EF58B9B4FF5D7
:106D20008C9B50F58D9B51F58E9B52F58F9B53F5A7
:106D3000909B54F5919B55F5929B56F5939B57F577
:106D4000949B58F5959B59F5969B5AF5979B5BF547
:106D5000989B5CF5999B5DF59A9B5EF59B9B5FF517
:106D60009C9B60F59D9B61F59E9B62F59F9B63F5E7
:106D7000A09B64F5A19B65F5A29B66F5A39B67F5B7
:106D8000A49B68F5A59B69F5A69B6AF5A79B6BF587
:106D9000A89B6CF5A99B6DF5AA9B6EF5AB9B6FF557
:106DA000AC9B70F5AD9B71F5AE9B72F5AF9B73F527
:106DB000B09B74F5B19B75F5B29B76F5B39B77F5F7
:106DC000B49B78F5B59B79F5B69B7AF5B79B7BF5C7
:106DD000B89B7CF5B99B7DF5BA9B7EF5BB9B80F596
:106DE000BC9B81F5BD9B82F5BE9B83F5BF9B84F563
:106DF000C09B85F5C19B86F5C29B87F5C39B88F533
:106E0000C49B89F5C59B8AF5C69B8BF5C79B8CF502
:106E1000C89B8DF5C99B8EF5CA9B8FF5CB9B90F5D2
:106E2000CC9B91F5CD9B92F5CE9B93F5CF9B94F5A2
:106E3000D09B95F5D19B96F5D29B97F5D39B98F572
:106E4000D49B99F5D59B9AF5D69B9BF5D79B9CF542
:106E5000D89B9DF5D99B9EF5DA9B9FF5DB9BA0F512
:106E6000DC9B40F6DD9B41F6DE9B42F6DF9B43F662
:106E7000E09B44F6E19B45F6E29B46F6E39B47F632
:106E8000E49B48F6E59B49F6E69B4AF6E79B4BF602
:106E9000E89B4CF6E99B4DF6EA9B4EF6EB9B4FF6D2
:106EA000EC9B50F6ED9B51F6EE9B52F6EF9B53F6A2
:106EB000F09B54F6F19B55F6F29B56F6F39B57F672
:106EC000F49B58F6F59B59F6F69B5AF6F79B5BF642
:106ED000F89B5CF6F99B5DF6FA9B5EF6FB9B5FF612
:106EE000FC9B60F6FD9B61F6FE9B62F6FF9B63F6E2
:106EF000009C64F6019C65F6029C66F6039C67F6AE
:106F0000049C68F6059C69F6069C6AF6079C6BF67D
:106F1000089C6CF6099C6DF60A9C6EF60B9C6FF64D
:106F20000C9C70F60D9C71F60E9C72F60F9C73F61D
:106F3000109C74F6119C75F6129C76F6139C77F6ED
:106F4000149C78F6159C79F6169C7AF6179C7BF6BD
:106F5000189C7CF6199C7DF61A9C7EF61B9C80F68C
:106F60001C9C81F61D9C82F61E9C83F61F9C84F659
:106F7000209C85F6219C86F6229C87F6239C88F629
:106F8000249C89F6259C8AF6269C8BF6279C8CF6F9
:106F9000289C8DF6299C8EF62A9C8FF62B9C90F6C9
:106FA0002C9C91F62D9C92F62E9C93F62F9C94F699
:106FB000309C95F6319C96F6329C97F6339C98F669
:106FC000349C99F6359C9AF6369C9BF6379C9CF639
:106FD000389C9DF6399C9EF63A9C9FF63B9CA0F609
:106FE0003C9C40F73D9C41F73E9C42F73F9C43F759
:106FF000409C44F7419C45F7429C46F7439C47F729
:10700000449C48F7459C49F7469C4AF7479C4BF7F8
:10701000489C4CF7499C4DF74A9C4EF74B9C4FF7C8
:107020004C9C50F74D9C51F74E9C52F74F9C53F798
:10703000509C54F7519C55F7529C56F7539C57F768
:10704000549C58F7559C59F7569C5AF7579C5BF738
:10705000589C5CF7599C5DF75A9C5EF75B9C5FF708
:107060005C9C60F75D9C61F75E9C62F75F9C63F7D8
:10707000609C64F7619C65F7629C66F7639C67F7A8
:10708000649C68F7659C69F7669C6AF7679C6BF778
:10709000689C6CF7699C6DF76A9C6EF76B9C6FF748
:1070A0006C9C70F76D9C71F76E9C72F76F9C73F718
:1070B000709C74F7719C75F7729C76F7739C77F7E8
:1070C000749C78F7759C79F7769C7AF7779C7BF7B8
:1070D000789C7CF7799C7DF77A9C7EF77B9C80F787
:1070E0007C9CE3D37D9C81F77E9C82F77F9CCFF6CE
:1070F000809C83F7819CB3C2829CD0F6839C84F7EA
:10710000849C85F7859CD1F6869CD2F6879CD3F625
:10711000889CD4F6899C86F78A9C87F78B9CD6F648
:107120008C9C88F78D9CABB18E9CD7F68F9C89F791
:10713000909CD8F6919CD9F6929CDAF6939C8AF7AB
:10714000949CDBF6959CDCF6969C8BF7979C8CF7D1
:10715000989C8DF7999C8EF79A9CDDF69B9CDEF6A9
:107160009C9CCACF9D9C8FF79E9CDFF69F9CE0F66F
:10717000A09CE1F6A19CE2F6A29CE3F6A39CE4F6B7
:10718000A49CF0C0A59CE5F6A69CE6F6A79CE7F6B5
:10719000A89CE8F6A99CE9F6AA9C90F7AB9CEAF6B5
:1071A000AC9C91F7AD9CEBF6AE9CECF6AF9C92F7E5
:1071B000B09CEDF6B19CEEF6B29CEFF6B39CF0F607
:1071C000B49CF1F6B59CF2F6B69CF3F6B79CF4F6D7
:1071D000B89CA8BEB99C93F7BA9CF5F6BB9CF6F692
:1071E000BC9CF7F6BD9CF8F6BE9C94F7BF9C95F747
:1071F000C09C96F7C19C97F7C29C98F7C39CFAC8AD
:10720000C49CF9F6C59CFAF6C69CFBF6C79CFCF636
:10721000C89C99F7C99C9AF7CA9CFDF6CB9CFEF6D0
:10722000CC9CA1F7CD9CA2F7CE9CA3F7CF9CA4F752
:10723000D09CA5F7D19C9BF7D29C9CF7D39CA6F73A
:10724000D49CA7F7D59CA8F7D69CEEB1D79CA9F7FC
:10725000D89CAAF7D99CABF7DA9C9DF7DB9C9EF7EC
:10726000DC9CACF7DD9CADF7DE9CDBC1DF9CAEF7B0
:10727000E09C9FF7E19CA0F7E29CAFF7E39C40F80D
:10728000E49C41F8E59C42F8E69C43F8E79C44F80E
:10729000E89C45F8E99C46F8EA9C47F8EB9C48F8DE
:1072A000EC9C49F8ED9C4AF8EE9C4BF8EF9C4CF8AE
:1072B000F09C4DF8F19C4EF8F29C4FF8F39C50F87E
:1072C000F49C51F8F59C52F8F69C53F8F79C54F84E
:1072D000F89C55F8F99C56F8FA9C57F8FB9C58F81E
:1072E000FC9C59F8FD9C5AF8FE9C5BF8FF9C5CF8EE
:1072F000009D5DF8019D5EF8029D5FF8039D60F8BA
:10730000049D61F8059D62F8069D63F8079D64F889
:10731000089D65F8099D66F80A9D67F80B9D68F859
:107320000C9D69F80D9D6AF80E9D6BF80F9D6CF829
:10733000109D6DF8119D6EF8129D6FF8139D70F8F9
:10734000149D71F8159D72F8169D73F8179D74F8C9
:10735000189D75F8199D76F81A9D77F81B9D78F899
:107360001C9D79F81D9D7AF81E9D7BF81F9D7CF869
:10737000209D7DF8219D7EF8229D80F8239D81F837
:10738000249D82F8259D83F8269D84F8279D85F805
:10739000289D86F8299D87F82A9D88F82B9D89F8D5
:1073A0002C9D8AF82D9D8BF82E9D8CF82F9D8DF8A5
:1073B000309D8EF8319D8FF8329D90F8339D91F875
:1073C000349D92F8359D93F8369D94F8379D95F845
:1073D000389D96F8399D97F83A9D98F83B9D99F815
:1073E0003C9D9AF83D9D9BF83E9D9CF83F9D9DF8E5
:1073F000409D9EF8419D9FF8429DA0F8439D40F915
:10740000449D41F9459D42F9469D43F9479D44F904
:10741000489D45F9499D46F94A9D47F94B9D48F9D4
:107420004C9D49F94D9D4AF94E9D4BF94F9D4CF9A4
:10743000509D4DF9519D4EF9529D4FF9539D50F974
:10744000549D51F9559D52F9569D53F9579D54F944
:10745000589D55F9599D56F95A9D57F95B9D58F914
:107460005C9D59F95D9D5AF95E9D5BF95F9D5CF9E4
:10747000609D5DF9619D5EF9629D5FF9639D60F9B4
:10748000649D61F9659D62F9669D63F9679D64F984
:10749000689D65F9699D66F96A9D67F96B9D68F954
:1074A0006C9D69F96D9D6AF96E9D6BF96F9D6CF924
:1074B000709D6DF9719D6EF9729D6FF9739D70F9F4
:1074C000749D71F9759D72F9769D73F9779D74F9C4
:1074D000789D75F9799D76F97A9D77F97B9D78F994
:1074E0007C9D79F97D9D7AF97E9D7BF97F9D7CF964
:1074F000809D7DF9819D7EF9829D80F9839D81F932
:10750000849D82F9859D83F9869D84F9879D85F9FF
:10751000889D86F9899D87F98A9D88F98B9D89F9CF
:107520008C9D8AF98D9D8BF98E9D8CF98F9D8DF99F
:10753000909D8EF9919D8FF9929D90F9939D91F96F
:10754000949D92F9959D93F9969D94F9979D95F93F
:10755000989D96F9999D97F99A9D98F99B9D99F90F
:107560009C9D9AF99D9D9BF99E9D9CF99F9D9DF9DF
:10757000A09D9EF9A19D9FF9A29DA0F9A39D40FA0F
:10758000A49D41FAA59D42FAA69D43FAA79D44FAFF
:10759000A89D45FAA99D46FAAA9D47FAAB9D48FACF
:1075A000AC9D49FAAD9D4AFAAE9D4BFAAF9D4CFA9F
:1075B000B09D4DFAB19D4EFAB29D4FFAB39D50FA6F
:1075C000B49D51FAB59D52FAB69D53FAB79D54FA3F
:1075D000B89D55FAB99D56FABA9D57FABB9D58FA0F
:1075E000BC9D59FABD9D5AFABE9D5BFABF9D5CFADF
:1075F000C09D5DFAC19D5EFAC29D5FFAC39D60FAAF
:10760000C49D61FAC59D62FAC69D63FAC79D64FA7E
:10761000C89D65FAC99D66FACA9D67FACB9D68FA4E
:10762000CC9D69FACD9D6AFACE9D6BFACF9D6CFA1E
:10763000D09D6DFAD19D6EFAD29D6FFAD39D70FAEE
:10764000D49D71FAD59D72FAD69D73FAD79D74FABE
:10765000D89D75FAD99D76FADA9D77FADB9D78FA8E
:10766000DC9D79FADD9D7AFADE9D7BFADF9D7CFA5E
:10767000E09D7DFAE19D7EFAE29D80FAE39D81FA2C
:10768000E49D82FAE59D83FAE69D84FAE79D85FAFA
:10769000E89D86FAE99D87FAEA9D88FAEB9D89FACA
:1076A000EC9D8AFAED9D8BFAEE9D8CFAEF9D8DFA9A
:1076B000F09D8EFAF19D8FFAF29D90FAF39D91FA6A
:1076C000F49D92FAF59D93FAF69D94FAF79D95FA3A
:1076D000F89D96FAF99D97FAFA9D98FAFB9D99FA0A
:1076E000FC9D9AFAFD9D9BFAFE9D9CFAFF9D9DFADA
:1076F000009E9EFA019E9FFA029EA0FA039E40FB06
:10770000049E41FB059E42FB069E43FB079E44FBF5
:10771000089E45FB099E46FB0A9E47FB0B9E48FBC5
:107720000C9E49FB0D9E4AFB0E9E4BFB0F9E4CFB95
:10773000109E4DFB119E4EFB129E4FFB139E50FB65
:10774000149E51FB159E52FB169E53FB179E54FB35
:10775000189E55FB199E56FB1A9E57FB1B9E58FB05
:107760001C9E59FB1D9E5AFB1E9E5BFB1F9EF1C477
:10777000209EAFF0219EA6BC229EB0F0239EF9C3AE
:10778000249E5CFB259EB8C5269EBBD1279E5DFB33
:10779000289EB1F0299EB2F02A9EB3F02B9EB4F041
:1077A0002C9EB5F02D9EBCD12E9E5EFB2F9EECD163
:1077B000309E5FFB319EB7F0329EB6F0339EA7D469
:1077C000349E60FB359ED2CD369EB8F0379EBAF01F
:1077D000389EB9F0399EBBF03A9EBCF03B9E61FBEF
:1077E0003C9E62FB3D9EEBB83E9EBDF03F9EE8BADC
:1077F000409E63FB419EBEF0429EBFF0439EE9BEA9
:10780000449EC0F0459EECB6469EC1F0479EC2F035
:10781000489EC3F0499EC4F04A9EB5C84B9EC5F031
:107820004C9EC6F04D9E64FB4E9EC7F04F9EF4C525
:10783000509E65FB519EC8F0529E66FB539E67FBAF
:10784000549E68FB559EC9F0569E69FB579ECAF030
:10785000589EBDF7599E6AFB5A9ECBF05B9ECCF0BA
:107860005C9ECDF05D9E6BFB5E9ECEF05F9E6CFBE2
:10787000609E6DFB619E6EFB629E6FFB639ECFF010
:10788000649ED7BA659E70FB669ED0F0679ED1F06D
:10789000689ED2F0699ED3F06A9ED4F06B9ED5F0BC
:1078A0006C9ED6F06D9ED8F06E9E71FB6F9E72FB43
:1078B000709EA5D3719ED7F0729E73FB739ED9F014
:1078C000749E74FB759E75FB769E76FB779E77FBA8
:1078D000789E78FB799E79FB7A9E7AFB7B9E7BFB78
:1078E0007C9E7CFB7D9E7DFB7E9EBAF57F9EB9C211
:1078F000809E7EFB819E80FB829EE4F7839E81FBBF
:10790000849E82FB859E83FB869E84FB879EE5F793
:10791000889EE6F7899E85FB8A9E86FB8B9EE7F70D
:107920008C9E87FB8D9E88FB8E9E89FB8F9E8AFB9B
:10793000909E8BFB919E8CFB929EE8F7939EB4C227
:10794000949E8DFB959E8EFB969E8FFB979E90FB43
:10795000989E91FB999E92FB9A9E93FB9B9E94FB13
:107960009C9E95FB9D9EEAF79E9E96FB9F9EEBF745
:10797000A09E97FBA19E98FBA29E99FBA39E9AFBBB
:10798000A49E9BFBA59E9CFBA69EF3C2A79E9DFB6F
:10799000A89E9EFBA99E9FFBAA9EA0FBAB9E40FCBF
:1079A000AC9E41FCAD9E42FCAE9E43FCAF9E44FCAF
:1079B000B09E45FCB19E46FCB29E47FCB39E48FC7F
:1079C000B49EF0F4B59E49FCB69E4AFCB79E4BFCB3
:1079D000B89EEFF4B99E4CFCBA9E4DFCBB9EE9C22A
:1079E000BC9E4EFCBD9EE1F7BE9EE2F7BF9E4FFCE3
:1079F000C09E50FCC19E51FCC29E52FCC39E53FCD3
:107A0000C49EC6BBC59E54FCC69E55FCC79E56FC74
:107A1000C89E57FCC99EE4D9CA9E58FCCB9E59FC0F
:107A2000CC9E5AFCCD9EF2CACE9EE8C0CF9EA4F05A
:107A3000D09E5BFCD19EDABAD29E5CFCD39E5DFCEC
:107A4000D49EADC7D59E5EFCD69E5FFCD79E60FCE3
:107A5000D89EACC4D99E61FCDA9E62FCDB9EECF73A
:107A6000DC9EEDF7DD9EEEF7DE9E63FCDF9EF0F719
:107A7000E09EEFF7E19E64FCE29EF1F7E39E65FC79
:107A8000E49E66FCE59EF4F7E69E67FCE79EF3F74E
:107A9000E89E68FCE99EF2F7EA9EF5F7EB9E69FC2A
:107AA000EC9E6AFCED9E6BFCEE9E6CFCEF9EF6F786
:107AB000F09E6DFCF19E6EFCF29E6FFCF39E70FCDE
:107AC000F49E71FCF59E72FCF69E73FCF79E74FCAE
:107AD000F89E75FCF99EE9EDFA9E76FCFB9EEAEDB8
:107AE000FC9EEBEDFD9E77FCFE9EBCF6FF9E78FCB7
:107AF000009F79FC019F7AFC029F7BFC039F7CFC2A
:107B0000049F7DFC059F7EFC069F80FC079F81FCF7
:107B1000089F82FC099F83FC0A9F84FC0B9FBDF693
:107B20000C9F85FC0D9FBEF60E9FA6B60F9F86FC90
:107B3000109FBED8119F87FC129F88FC139FC4B969
:107B4000149F89FC159F8AFC169F8BFC179FBBD83E
:107B5000189F8CFC199FB1DC1A9F8DFC1B9F8EFC1B
:107B60001C9F8FFC1D9F90FC1E9F91FC1F9F92FCF1
:107B7000209FF3CA219F93FC229FF7F7239F94FC39
:107B8000249F95FC259F96FC269F97FC279F98FC99
:107B9000289F99FC299F9AFC2A9F9BFC2B9F9CFC69
:107BA0002C9FF8F72D9F9DFC2E9F9EFC2F9FF9F791
:107BB000309F9FFC319FA0FC329F40FD339F41FDD1
:107BC000349F42FD359F43FD369F44FD379FFBF7B1
:107BD000389F45FD399FFAF73A9F46FD3B9FC7B155
:107BE0003C9F47FD3D9FFCF73E9FFDF73F9F48FDB3
:107BF000409F49FD419F4AFD429F4BFD439F4CFDE5
:107C0000449FFEF7459F4DFD469F4EFD479F4FFD0C
:107C1000489F50FD499F51FD4A9F52FD4B9F53FD88
:107C20004C9F54FD4D9F55FD4E9F56FD4F9F57FD58
:107C3000509FEBC6519FB4EC529F58FD539F59FD86
:107C4000549F5AFD559F5BFD569F5CFD579F5DFD00
:107C5000589F5EFD599F5FFD5A9F60FD5B9F61FDD0
:107C60005C9F62FD5D9F63FD5E9F64FD5F9F65FDA0
:107C7000609F66FD619F67FD629F68FD639F69FD70
:107C8000649F6AFD659F6BFD669F6CFD679F6DFD40
:107C9000689F6EFD699F6FFD6A9F70FD6B9F71FD10
:107CA0006C9F72FD6D9F73FD6E9F74FD6F9F75FDE0
:107CB000709F76FD719F77FD729F78FD739F79FDB0
:107CC000749F7AFD759F7BFD769F7CFD779F7DFD80
:107CD000789F7EFD799F80FD7A9F81FD7B9F82FD4D
:107CE0007C9F83FD7D9F84FD7E9F85FD7F9FDDB30F
:107CF000809FB3F6819F86FD829F87FD839FB4F6A8
:107D0000849FE4C1859FB5F6869FB6F6879FB7F638
:107D1000889FB8F6899FB9F68A9FBAF68B9FA3C849
:107D20008C9FBBF68D9F88FD8E9F89FD8F9F8AFD5E
:107D3000909F8BFD919F8CFD929F8DFD939F8EFD5B
:107D4000949F8FFD959F90FD969F91FD979F92FD2B
:107D5000989F93FD999FFAC19A9FA8B99B9FE8EDC0
:107D60009C9F94FD9D9F95FD9E9F96FD9F9FEAB9C8
:107D7000A09FDFD9A19F97FDA29F98FDA39F99FD8A
:107D8000A49F9AFDA59F9BFD2CF99CFD79F99DFD73
:107D900095F99EFDE7F99FFDF1F9A0FD0CFA40FE73
:107DA0000DFA41FE0EFA42FE0FFA43FE11FA44FEAE
:107DB00013FA45FE14FA46FE18FA47FE1FFA48FE6B
:107DC00020FA49FE21FA4AFE23FA4BFE24FA4CFE21
:107DD00027FA4DFE28FA4EFE29FA4FFE30FE55A92D
:107DE00031FEF2A633FEF4A634FEF5A635FEE0A67B
:107DF00036FEE1A637FEF0A638FEF1A639FEE2A671
:107E00003AFEE3A63BFEEEA63CFEEFA63DFEE6A64E
:107E10003EFEE7A63FFEE4A640FEE5A641FEE8A63C
:107E200042FEE9A643FEEAA644FEEBA649FE68A987
:107E30004AFE69A94BFE6AA94CFE6BA94DFE6CA9CE
:107E40004EFE6DA94FFE6EA950FE6FA951FE70A99E
:107E500052FE71A954FE72A955FE73A956FE74A96B
:107E600057FE75A959FE76A95AFE77A95BFE78A937
:107E70005CFE79A95DFE7AA95EFE7BA95FFE7CA906
:107E800060FE7DA961FE7EA962FE80A963FE81A9D4
:107E900064FE82A965FE83A966FE84A968FE85A9A1
:107EA00069FE86A96AFE87A96BFE88A901FFA1A3C6
:107EB00002FFA2A303FFA3A304FFE7A105FFA5A35D
:107EC00006FFA6A307FFA7A308FFA8A309FFA9A36E
:107ED0000AFFAAA30BFFABA30CFFACA30DFFADA33E
:107EE0000EFFAEA30FFFAFA310FFB0A311FFB1A30E
:107EF00012FFB2A313FFB3A314FFB4A315FFB5A3DE
:107F000016FFB6A317FFB7A318FFB8A319FFB9A3AD
:107F10001AFFBAA31BFFBBA31CFFBCA31DFFBDA37D
:107F20001EFFBEA31FFFBFA320FFC0A321FFC1A34D
:107F300022FFC2A323FFC3A324FFC4A325FFC5A31D
:107F400026FFC6A327FFC7A328FFC8A329FFC9A3ED
:107F50002AFFCAA32BFFCBA32CFFCCA32DFFCDA3BD
:107F60002EFFCEA32FFFCFA330FFD0A331FFD1A38D
:107F700032FFD2A333FFD3A334FFD4A335FFD5A35D
:107F800036FFD6A337FFD7A338FFD8A339FFD9A32D
:107F90003AFFDAA33BFFDBA33CFFDCA33DFFDDA3FD
:107FA0003EFFDEA33FFFDFA340FFE0A341FFE1A3CD
:107FB00042FFE2A343FFE3A344FFE4A345FFE5A39D
:107FC00046FFE6A347FFE7A348FFE8A349FFE9A36D
:107FD0004AFFEAA34BFFEBA34CFFECA34DFFEDA33D
:107FE0004EFFEEA34FFFEFA350FFF0A351FFF1A30D
:107FF00052FFF2A353FFF3A354FFF4A355FFF5A3DD
:1080000056FFF6A357FFF7A358FFF8A359FFF9A3AC
:108010005AFFFAA35BFFFBA35CFFFCA35DFFFDA37C
:108020005EFFABA1E0FFE9A1E1FFEAA1E2FF56A9F3
:10803000E3FFFEA3E4FF57A9E5FFA4A300000000AF
:108040008000AC204081024E4181044E4281054EA9
:108050004381064E44810F4E4581124E4681174E94
:1080600047811F4E4881204E4981214E4A81234E2F
:108070004B81264E4C81294E4D812E4E4E812F4EE6
:108080004F81314E5081334E5181354E5281374EA2
:1080900053813C4E5481404E5581414E5681424E53
:1080A0005781444E5881464E59814A4E5A81514E0D
:1080B0005B81554E5C81574E5D815A4E5E815B4EB1
:1080C0005F81624E6081634E6181644E6281654E64
:1080D0006381674E6481684E65816A4E66816B4E2E
:1080E00067816C4E68816D4E69816E4E6A816F4EFC
:1080F0006B81724E6C81744E6D81754E6E81764EC1
:108100006F81774E7081784E7181794E72817A4E8F
:1081100073817B4E74817C4E75817D4E76817F4E5E
:108120007781804E7881814E7981824E7A81834E2B
:108130007B81844E7C81854E7D81874E7E818A4EF7
:108140008081904E8181964E8281974E8381994E97
:1081500084819C4E85819D4E86819E4E8781A34E53
:108160008881AA4E8981AF4E8A81B04E8B81B14EF3
:108170008C81B44E8D81B64E8E81B74E8F81B84EB4
:108180009081B94E9181BC4E9281BD4E9381BE4E7D
:108190009481C84E9581CC4E9681CF4E9781D04E1A
:1081A0009881D24E9981DA4E9A81DB4E9B81DC4ECA
:1081B0009C81E04E9D81E24E9E81E64E9F81E74E7E
:1081C000A081E94EA181ED4EA281EE4EA381EF4E3A
:1081D000A481F14EA581F44EA681F84EA781F94EF7
:1081E000A881FA4EA981FC4EAA81FE4EAB81004FB8
:1081F000AC81024FAD81034FAE81044FAF81054F7B
:10820000B081064FB181074FB281084FB3810B4F48
:10821000B4810C4FB581124FB681134FB781144F03
:10822000B881154FB981164FBA811C4FBB811D4FC4
:10823000BC81214FBD81234FBE81284FBF81294F73
:10824000C0812C4FC1812D4FC2812E4FC381314F30
:10825000C481334FC581354FC681374FC781394FF0
:10826000C8813B4FC9813E4FCA813F4FCB81404FB0
:10827000CC81414FCD81424FCE81444FCF81454F7C
:10828000D081474FD181484FD281494FD3814A4F46
:10829000D4814B4FD5814C4FD681524FD781544F0B
:1082A000D881564FD981614FDA81624FDB81664FA9
:1082B000DC81684FDD816A4FDE816B4FDF816D4F5E
:1082C000E0816E4FE181714FE281724FE381754F22
:1082D000E481774FE581784FE681794FE7817A4FE6
:1082E000E8817D4FE981804FEA81814FEB81824FA8
:1082F000EC81854FED81864FEE81874FEF818A4F6C
:10830000F0818C4FF1818E4FF281904FF381924F2B
:10831000F481934FF581954FF681964FF781984FF1
:10832000F881994FF9819A4FFA819C4FFB819E4FBA
:10833000FC819F4FFD81A14FFE81A24F4082A44F3F
:108340004182AB4F4282AD4F4382B04F4482B14F26
:108350004582B24F4682B34F4782B44F4882B64FF0
:108360004982B74F4A82B84F4B82B94F4C82BA4FBD
:108370004D82BB4F4E82BC4F4F82BD4F5082BE4F8D
:108380005182C04F5282C14F5382C24F5482C64F56
:108390005582C74F5682C84F5782C94F5882CB4F1C
:1083A0005982CC4F5A82CD4F5B82D24F5C82D34FE1
:1083B0005D82D44F5E82D54F5F82D64F6082D94FA7
:1083C0006182DB4F6282E04F6382E24F6482E44F5E
:1083D0006582E54F6682E74F6782EB4F6882EC4F1C
:1083E0006982F04F6A82F24F6B82F44F6C82F54FD4
:1083F0006D82F64F6E82F74F6F82F94F7082FB4F9E
:108400007182FC4F7282FD4F7382FF4F7482005065
:108410007582015076820250778203507882045030
:10842000798205507A8206507B8207507C82085000
:108430007D8209507E820A5080820B5081820E50CC
:10844000828210508382115084821350858215508D
:10845000868216508782175088821B5089821D5051
:108460008A821E508B8220508C8222508D82235013
:108470008E8224508F82275090822B5091822F50D1
:108480009282305093823150948232509582335090
:108490009682345097823550988236509982375060
:1084A0009A8238509B8239509C823B509D823D502D
:1084B0009E823F509F824050A0824150A1824250F4
:1084C000A2824450A3824550A4824650A5824950BE
:1084D000A6824A50A7824B50A8824D50A982505084
:1084E000AA825150AB825250AC825350AD8254504C
:1084F000AE825650AF825750B0825850B182595018
:10850000B2825B50B3825D50B4825E50B5825F50E0
:10851000B6826050B7826150B8826250B9826350AF
:10852000BA826450BB826650BC826750BD8268507C
:10853000BE826950BF826A50C0826B50C1826D504A
:10854000C2826E50C3826F50C4827050C582715017
:10855000C6827250C7827350C8827450C9827550E7
:10856000CA827850CB827950CC827A50CD827C50AE
:10857000CE827D50CF828150D0828250D182835072
:10858000D2828450D3828650D4828750D58289503B
:10859000D6828A50D7828B50D8828C50D9828E5006
:1085A000DA828F50DB829050DC829150DD829250D3
:1085B000DE829350DF829450E0829550E1829650A3
:1085C000E2829750E3829850E4829950E5829A5073
:1085D000E6829B50E7829C50E8829D50E9829E5043
:1085E000EA829F50EB82A050EC82A150ED82A25013
:1085F000EE82A450EF82A650F082AA50F182AB50D6
:10860000F282AD50F382AE50F482AF50F582B0509A
:10861000F682B150F782B350F882B450F982B55067
:10862000FA82B650FB82B750FC82B850FD82B95036
:10863000FE82BC504083BD504183BE504283BF5038
:108640004383C0504483C1504583C2504683C350C6
:108650004783C4504883C5504983C6504A83C75096
:108660004B83C8504C83C9504D83CA504E83CB5066
:108670004F83CC505083CD505183CE505283D05035
:108680005383D1505483D2505583D3505683D45002
:108690005783D5505883D7505983D8505A83D950CF
:1086A0005B83DB505C83DC505D83DD505E83DE509A
:1086B0005F83DF506083E0506183E1506283E2506A
:1086C0006383E3506483E4506583E5506683E85038
:1086D0006783E9506883EA506983EB506A83EF50FF
:1086E0006B83F0506C83F1506D83F2506E83F450C5
:1086F0006F83F6507083F7507183F8507283F9508E
:108700007383FA507483FC507583FD507683FE505A
:108710007783FF5078830051798301517A83025126
:108720007B8303517C8304517D8305517E830851F3
:108730008083095181830A5182830C5183830D51B7
:1087400084830E5185830F51868310518783115185
:1087500088831351898314518A8315518B83165151
:108760008C8317518D8318518E8319518F831A5121
:1087700090831B5191831C5192831D5193831E51F1
:1087800094831F51958320519683225197832351BF
:1087900098832451998325519A8326519B8327518D
:1087A0009C8328519D8329519E832A519F832B515D
:1087B000A0832C51A1832D51A2832E51A3832F512D
:1087C000A4833051A5833151A6833251A7833351FD
:1087D000A8833451A9833551AA833651AB833751CD
:1087E000AC833851AD833951AE833A51AF833B519D
:1087F000B0833C51B1833D51B2833E51B38342516A
:10880000B4834751B5834A51B6834C51B7834E5117
:10881000B8834F51B9835051BA835251BB835351DE
:10882000BC835751BD835851BE835951BF835B519F
:10883000C0835D51C1835E51C2835F51C383605168
:10884000C4836151C5836351C6836451C783665134
:10885000C8836751C9836951CA836A51CB836F51F9
:10886000CC837251CD837A51CE837E51CF837F5199
:10887000D0838351D1838451D2838651D38387514E
:10888000D4838A51D5838B51D6838E51D7838F5110
:10889000D8839051D9839151DA839351DB839451DA
:1088A000DC839851DD839A51DE839D51DF839E5195
:1088B000E0839F51E183A151E283A351E383A65159
:1088C000E483A751E583A851E683A951E783AA5120
:1088D000E883AD51E983AE51EA83B451EB83B851DB
:1088E000EC83B951ED83BA51EE83BE51EF83BF5192
:1088F000F083C151F183C251F283C351F383C55157
:10890000F483C851F583CA51F683CD51F783CE5114
:10891000F883D051F983D251FA83D351FB83D451D8
:10892000FC83D551FD83D651FE83D7514084D85165
:108930004184D9514284DA514384DC514484DE516C
:108940004584DF514684E2514784E3514884E55130
:108950004984E6514A84E7514B84E8514C84E951FB
:108960004D84EA514E84EC514F84EE515084F151C4
:108970005184F2515284F4515384F7515484FE517E
:1089800055840452568405525784095258840B5218
:1089900059840C525A840F525B8410525C841352D7
:1089A0005D8414525E8415525F841C5260841E5292
:1089B00061841F5262842152638422526484235250
:1089C00065842552668426526784275268842A5219
:1089D00069842C526A842F526B8431526C843252D7
:1089E0006D8434526E8435526F843C5270843E5292
:1089F000718444527284455273844652748447523F
:108A0000758448527684495277844B5278844E520A
:108A100079844F527A8452527B8453527C845552CB
:108A20007D8457527E8458528084595281845A5290
:108A300082845B5283845D5284845F528584605259
:108A40008684625287846352888464528984665221
:108A50008A8468528B846B528C846C528D846D52E4
:108A60008E846E528F8470529084715291847352AE
:108A7000928474529384755294847652958477527A
:108A8000968478529784795298847A5299847B524A
:108A90009A847C529B847E529C8480529D84835213
:108AA0009E8484529F848552A0848652A1848752DA
:108AB000A2848952A3848A52A4848B52A5848C52A6
:108AC000A6848D52A7848E52A8848F52A984915275
:108AD000AA849252AB849452AC849552AD8496523F
:108AE000AE849752AF849852B0849952B1849A520E
:108AF000B2849C52B384A452B484A552B584A652C5
:108B0000B684A752B784AE52B884AF52B984B0527B
:108B1000BA84B452BB84B552BC84B652BD84B75239
:108B2000BE84B852BF84B952C084BA52C184BB5209
:108B3000C284BC52C384BD52C484C052C584C152D5
:108B4000C684C252C784C452C884C552C984C6529E
:108B5000CA84C852CB84CA52CC84CC52CD84CD5264
:108B6000CE84CE52CF84CF52D084D152D184D3522E
:108B7000D284D452D384D552D484D752D584D952F6
:108B8000D684DA52D784DB52D884DC52D984DD52C1
:108B9000DA84DE52DB84E052DC84E152DD84E2528E
:108BA000DE84E352DF84E552E084E652E184E7525A
:108BB000E284E852E384E952E484EA52E584EB5229
:108BC000E684EC52E784ED52E884EE52E984EF52F9
:108BD000EA84F152EB84F252EC84F352ED84F452C5
:108BE000EE84F552EF84F652F084F752F184F85295
:108BF000F284FB52F384FC52F484FD52F584015359
:108C0000F6840253F7840353F8840453F98407531A
:108C1000FA840953FB840A53FC840B53FD840C53E0
:108C2000FE840E53408511534185125342851353E0
:108C3000438514534485185345851B5346851C535F
:108C400047851E5348851F53498522534A8524531F
:108C50004B8525534C8527534D8528534E852953E5
:108C60004F852B5350852C5351852D5352852F53AF
:108C7000538530535485315355853253568533537C
:108C80005785345358853553598536535A8537534C
:108C90005B8538535C853C535D853D535E85405311
:108CA0005F854253608544536185465362854B53CB
:108CB00063854C5364854D53658550536685545385
:108CC000678558536885595369855B536A855D5339
:108CD0006B8565536C8568536D856A536E856C53DF
:108CE0006F856D5370857253718576537285795394
:108CF00073857B5374857C5375857D5376857E5350
:108D00007785805378858153798583537A85875316
:108D10007B8588537C858A537D858E537E858F53D2
:108D20008085905381859153828592538385935397
:108D30008485945385859653868597538785995363
:108D400088859B5389859C538A859E538B85A05328
:108D50008C85A1538D85A4538E85A7538F85AA53E7
:108D60009085AB539185AC539285AD539385AF53AA
:108D70009485B0539585B1539685B2539785B35377
:108D80009885B4539985B5539A85B7539B85B85345
:108D90009C85B9539D85BA539E85BC539F85BD5311
:108DA000A085BE53A185C053A285C353A385C453D8
:108DB000A485C553A585C653A685C753A785CE539D
:108DC000A885CF53A985D053AA85D253AB85D35359
:108DD000AC85D553AD85DA53AE85DC53AF85DD5315
:108DE000B085DE53B185E153B285E253B385E753D5
:108DF000B485F453B585FA53B685FE53B785FF5352
:108E0000B8850054B9850254BA850554BB8507540A
:108E1000BC850B54BD851454BE851854BF851954A8
:108E2000C0851A54C1851C54C2852254C38524545C
:108E3000C4852554C5852A54C6853054C785335406
:108E4000C8853654C9853754CA853A54CB853D54B4
:108E5000CC853F54CD854154CE854254CF85445472
:108E6000D0854554D1854754D2854954D3854C5437
:108E7000D4854D54D5854E54D6854F54D7855154FD
:108E8000D8855A54D9855D54DA855E54DB855F54A4
:108E9000DC856054DD856154DE856354DF8565546F
:108EA000E0856754E1856954E2856A54E3856B5433
:108EB000E4856C54E5856D54E6856E54E7856F5402
:108EC000E8857054E9857454EA857954EB857A54C1
:108ED000EC857E54ED857F54EE858154EF85835477
:108EE000F0858554F1858754F2858854F38589543B
:108EF000F4858A54F5858D54F6859154F7859354FD
:108F0000F8859754F9859854FA859C54FB859E54AE
:108F1000FC859F54FD85A054FE85A1544086A25433
:108F20004186A5544286AE544386B0544486B2541A
:108F30004586B5544686B6544786B7544886B954D4
:108F40004986BA544A86BC544B86BE544C86C35498
:108F50004D86C5544E86CA544F86CB545086D6543F
:108F60005186D8545286DB545386E0545486E154DB
:108F70005586E2545686E3545786E4545886EB549B
:108F80005986EC545A86EF545B86F0545C86F15453
:108F90005D86F4545E86F5545F86F6546086F75419
:108FA0006186F8546286F9546386FB546486FE54E5
:108FB00065860055668602556786035568860455A2
:108FC000698605556A8608556B860A556C860B5569
:108FD0006D860C556E860D556F860E557086125532
:108FE00071861355728615557386165574861755F6
:108FF000758618557686195577861A5578861C55C4
:1090000079861D557A861E557B861F557C8621558F
:109010007D8625557E86265580862855818629554C
:1090200082862B5583862D55848632558586345508
:1090300086863555878636558886385589863955CA
:109040008A863A558B863B558C863D558D86405594
:109050008E8642558F864555908647559186485550
:1090600092864B5593864C5594864D5595864E5514
:1090700096864F55978651559886525599865355E1
:109080009A8654559B8657559C8658559D865955AA
:109090009E865A559F865B55A0865D55A1865E5576
:1090A000A2865F55A3866055A4866255A586635542
:1090B000A6866855A7866955A8866B55A9866F55FB
:1090C000AA867055AB867155AC867255AD867355C0
:1090D000AE867455AF867955B0867A55B1867D5582
:1090E000B2867F55B3868555B4868655B5868C5530
:1090F000B6868D55B7868E55B8869055B9869255E9
:10910000BA869355BB869555BC869655BD869755B0
:10911000BE869A55BF869B55C0869E55C186A05572
:10912000C286A155C386A255C486A355C586A4553B
:10913000C686A555C786A655C886A855C986A95509
:10914000CA86AA55CB86AB55CC86AC55CD86AD55D7
:10915000CE86AE55CF86AF55D086B055D186B255A6
:10916000D286B455D386B655D486B855D586BA5569
:10917000D686BC55D786BF55D886C055D986C15529
:10918000DA86C255DB86C355DC86C655DD86C755F3
:10919000DE86C855DF86CA55E086CB55E186CE55BA
:1091A000E286CF55E386D055E486D555E586D7557A
:1091B000E686D855E786D955E886DA55E986DB553F
:1091C000EA86DE55EB86E055EC86E255ED86E755FE
:1091D000EE86E955EF86ED55F086EE55F186F055B1
:1091E000F286F155F386F455F486F655F586F85572
:1091F000F686F955F786FA55F886FB55F986FC553B
:10920000FA86FF55FB860256FC860356FD860456F9
:10921000FE860556408706564187075642870A56FE
:1092200043870B5644870D5645871056468711567F
:109230004787125648871356498714564A8715564A
:109240004B8716564C8717564D8719564E871A5618
:109250004F871C5650871D565187205652872156DE
:1092600053872256548725565587265656872856A3
:109270005787295658872A5659872B565A872E566C
:109280005B872F565C8730565D8733565E87355631
:109290005F8737566087385661873A5662873C56F3
:1092A00063873D5664873E566587405666874156BC
:1092B0006787425668874356698744566A8745568A
:1092C0006B8746566C8747566D8748566E8749565A
:1092D0006F874A5670874B5671874F567287505624
:1092E00073875156748752567587535676875556ED
:1092F0007787565678875A5679875B567A875D56B0
:109300007B875E567C875F567D8760567E87615679
:10931000808763568187655682876656838767563E
:1093200084876D5685876E5686876F5687877056F9
:1093300088877256898773568A8774568B877556C5
:109340008C8777568D8778568E8779568F877A5691
:1093500090877D5691877E5692877F569387805659
:109360009487815695878256968783569787845629
:1093700098878756998788569A8789569B878A56F1
:109380009C878B569D878C569E878D569F879056BF
:10939000A0879156A1879256A2879456A387955687
:1093A000A4879656A5879756A6879856A787995655
:1093B000A8879A56A9879B56AA879C56AB879D5625
:1093C000AC879E56AD879F56AE87A056AF87A156F5
:1093D000B087A256B187A456B287A556B387A656C2
:1093E000B487A756B587A856B687A956B787AA5691
:1093F000B887AB56B987AC56BA87AD56BB87AE5661
:10940000BC87B056BD87B156BE87B256BF87B3562C
:10941000C087B456C187B556C287B656C387B856FB
:10942000C487B956C587BA56C687BB56C787BD56C7
:10943000C887BE56C987BF56CA87C056CB87C15694
:10944000CC87C256CD87C356CE87C456CF87C55664
:10945000D087C656D187C756D287C856D387C95634
:10946000D487CB56D587CC56D687CD56D787CE5600
:10947000D887CF56D987D056DA87D156DB87D256D0
:10948000DC87D356DD87D556DE87D656DF87D8569C
:10949000E087D956E187DC56E287E356E387E55655
:1094A000E487E656E587E756E687E856E787E95614
:1094B000E887EA56E987EC56EA87EE56EB87EF56DF
:1094C000EC87F256ED87F356EE87F656EF87F756A0
:1094D000F087F856F187FB56F287FC56F387005762
:1094E000F4870157F5870257F6870557F78707571F
:1094F000F8870B57F9870C57FA870D57FB870E57DC
:10950000FC870F57FD871057FE8711574088125769
:109510004188135742881457438815574488165773
:1095200045881757468818574788195748881A5743
:1095300049881B574A881D574B881E574C8820570F
:109540004D8821574E8822574F88245750882557D9
:10955000518826575288275753882B57548831579C
:109560005588325756883457578835575888365754
:10957000598837575A8838575B883C575C883D571D
:109580005D883F575E8841575F88435760884457DE
:1095900061884557628846576388485764884957A9
:1095A00065884B5766885257678853576888545761
:1095B000698855576A8856576B8858576C88595729
:1095C0006D8862576E8863576F88655770886757D4
:1095D00071886C5772886E5773887057748871578A
:1095E0007588725776887457778875577888785752
:1095F000798879577A887A577B887D577C887E5717
:109600007D887F577E8880578088815781888757DB
:10961000828888578388895784888A5785888D5798
:1096200086888E5787888F57888890578988915762
:109630008A8894578B8895578C8896578D8897572A
:109640008E8898578F88995790889A5791889C57F9
:1096500092889D5793889E5794889F579588A557C1
:109660009688A8579788AA579888AC579988AF5773
:109670009A88B0579B88B1579C88B3579D88B55737
:109680009E88B6579F88B757A088B957A188BA5700
:10969000A288BB57A388BC57A488BD57A588BE57CE
:1096A000A688BF57A788C057A888C157A988C4579C
:1096B000AA88C557AB88C657AC88C757AD88C85766
:1096C000AE88C957AF88CA57B088CC57B188CD5734
:1096D000B288D057B388D157B488D357B588D657F6
:1096E000B688D757B788DB57B888DC57B988DE57B4
:1096F000BA88E157BB88E257BC88E357BD88E55775
:10970000BE88E657BF88E757C088E857C188E95741
:10971000C288EA57C388EB57C488EC57C588EE5710
:10972000C688F057C788F157C888F257C988F357D9
:10973000CA88F557CB88F657CC88F757CD88FB57A2
:10974000CE88FC57CF88FE57D088FF57D188015864
:10975000D2880358D3880458D4880558D588085827
:10976000D6880958D7880A58D8880C58D9880E58EE
:10977000DA880F58DB881058DC881258DD881358B7
:10978000DE881458DF881658E0881758E188185882
:10979000E2881A58E3881B58E4881C58E5881D584D
:1097A000E6881F58E7882258E8882358E988255812
:1097B000EA882658EB882758EC882858ED882958DD
:1097C000EE882B58EF882C58F0882D58F1882E58A9
:1097D000F2882F58F3883158F4883258F588335876
:1097E000F6883458F7883658F8883758F988385842
:1097F000FA883958FB883A58FC883B58FD883C5811
:10980000FE883D5840893E5841893F58428940581A
:1098100043894158448942584589435846894558A7
:109820004789465848894758498948584A89495874
:109830004B894A584C894B584D894E584E894F5840
:109840004F89505850895258518953585289555808
:1098500053895658548957585589595856895A58D2
:1098600057895B5858895C5859895D585A895F589F
:109870005B8960585C8961585D8962585E8963586C
:109880005F89645860896658618967586289685839
:109890006389695864896A5865896D5866896E5804
:1098A00067896F5868897058698971586A897258D0
:1098B0006B8973586C8974586D8975586E897658A0
:1098C0006F897758708978587189795872897A5870
:1098D00073897B5874897C5875897D5876897F583F
:1098E0007789825878898458798986587A898758FF
:1098F0007B8988587C898A587D898B587E898C58C9
:1099000080898D5881898E5882898F588389905893
:10991000848991588589945886899558878996585D
:1099200088899758898998588A899B588B899C5827
:109930008C899D588D89A0588E89A1588F89A258ED
:109940009089A3589189A4589289A5589389A658BB
:109950009489A7589589AA589689AB589789AC5885
:109960009889AD589989AE589A89AF589B89B05853
:109970009C89B1589D89B2589E89B3589F89B45823
:10998000A089B558A189B658A289B758A389B858F3
:10999000A489B958A589BA58A689BB58A789BD58C2
:1099A000A889BE58A989BF58AA89C058AB89C2588E
:1099B000AC89C358AD89C458AE89C658AF89C75859
:1099C000B089C858B189C958B289CA58B389CB5827
:1099D000B489CC58B589CD58B689CE58B789CF58F7
:1099E000B889D058B989D258BA89D358BB89D458C4
:1099F000BC89D658BD89D758BE89D858BF89D9588F
:109A0000C089DA58C189DB58C289DC58C389DD585E
:109A1000C489DE58C589DF58C689E058C789E1582E
:109A2000C889E258C989E358CA89E558CB89E658FC
:109A3000CC89E758CD89E858CE89E958CF89EA58CA
:109A4000D089ED58D189EF58D289F158D389F2588D
:109A5000D489F458D589F558D689F758D789F85854
:109A6000D889FA58D989FB58DA89FC58DB89FD581E
:109A7000DC89FE58DD89FF58DE890059DF890159EC
:109A8000E0890359E1890559E2890659E3890859B2
:109A9000E4890959E5890A59E6890B59E7890C597E
:109AA000E8890E59E9891059EA891159EB89125947
:109AB000EC891359ED891759EE891859EF891B590B
:109AC000F0891D59F1891E59F2892059F3892159CC
:109AD000F4892259F5892359F6892659F789285995
:109AE000F8892C59F9893059FA893259FB89335947
:109AF000FC893559FD893659FE893B59408A3D59C3
:109B0000418A3E59428A3F59438A4059448A4359BF
:109B1000458A4559468A4659478A4A59488A4C597E
:109B2000498A4D594A8A50594B8A52594C8A53593D
:109B30004D8A59594E8A5B594F8A5C59508A5D59F2
:109B4000518A5E59528A5F59538A6159548A6359BE
:109B5000558A6459568A6659578A6759588A685986
:109B6000598A69595A8A6A595B8A6B595C8A6C5955
:109B70005D8A6D595E8A6E595F8A6F59608A705925
:109B8000618A7159628A7259638A7559648A7759F0
:109B9000658A7A59668A7B59678A7C59688A7E59B0
:109BA000698A7F596A8A80596B8A85596C8A895972
:109BB0006D8A8B596E8A8C596F8A8E59708A8F592B
:109BC000718A9059728A9159738A9459748A9559F5
:109BD000758A9859768A9A59778A9B59788A9C59B6
:109BE000798A9D597A8A9F597B8AA0597C8AA15982
:109BF0007D8AA2597E8AA659808AA759818AAC5942
:109C0000828AAD59838AB059848AB159858AB359F9
:109C1000868AB459878AB559888AB659898AB759C4
:109C20008A8AB8598B8ABA598C8ABC598D8ABD598F
:109C30008E8ABF598F8AC059908AC159918AC25958
:109C4000928AC359938AC459948AC559958AC75927
:109C5000968AC859978AC959988ACC59998ACD59F0
:109C60009A8ACE599B8ACF599C8AD5599D8AD659B2
:109C70009E8AD9599F8ADB59A08ADE59A18ADF5969
:109C8000A28AE059A38AE159A48AE259A58AE45933
:109C9000A68AE659A78AE759A88AE959A98AEA59FA
:109CA000AA8AEB59AB8AED59AC8AEE59AD8AEF59C5
:109CB000AE8AF059AF8AF159B08AF259B18AF35994
:109CC000B28AF459B38AF559B48AF659B58AF75964
:109CD000B68AF859B78AFA59B88AFC59B98AFD592F
:109CE000BA8AFE59BB8A005ABC8A025ABD8A0A5AED
:109CF000BE8A0B5ABF8A0D5AC08A0E5AC18A0F5AA1
:109D0000C28A105AC38A125AC48A145AC58A155A6A
:109D1000C68A165AC78A175AC88A195AC98A1A5A35
:109D2000CA8A1B5ACB8A1D5ACC8A1E5ACD8A215AFE
:109D3000CE8A225ACF8A245AD08A265AD18A275AC2
:109D4000D28A285AD38A2A5AD48A2B5AD58A2C5A8C
:109D5000D68A2D5AD78A2E5AD88A2F5AD98A305A5B
:109D6000DA8A335ADB8A355ADC8A375ADD8A385A1E
:109D7000DE8A395ADF8A3A5AE08A3B5AE18A3D5AEA
:109D8000E28A3E5AE38A3F5AE48A415AE58A425AB5
:109D9000E68A435AE78A445AE88A455AE98A475A82
:109DA000EA8A485AEB8A4B5AEC8A4C5AED8A4D5A49
:109DB000EE8A4E5AEF8A4F5AF08A505AF18A515A17
:109DC000F28A525AF38A535AF48A545AF58A565AE6
:109DD000F68A575AF78A585AF88A595AF98A5B5AB2
:109DE000FA8A5C5AFB8A5D5AFC8A5E5AFD8A5F5A7F
:109DF000FE8A605A408B615A418B635A428B645A87
:109E0000438B655A448B665A458B685A468B695A10
:109E1000478B6B5A488B6C5A498B6D5A4A8B6E5ADA
:109E20004B8B6F5A4C8B705A4D8B715A4E8B725AAA
:109E30004F8B735A508B785A518B795A528B7B5A6D
:109E4000538B7C5A548B7D5A558B7E5A568B805A35
:109E5000578B815A588B825A598B835A5A8B845A02
:109E60005B8B855A5C8B865A5D8B875A5E8B885AD2
:109E70005F8B895A608B8A5A618B8B5A628B8C5AA2
:109E8000638B8D5A648B8E5A658B8F5A668B905A72
:109E9000678B915A688B935A698B945A6A8B955A3F
:109EA0006B8B965A6C8B975A6D8B985A6E8B995A0E
:109EB0006F8B9C5A708B9D5A718B9E5A728B9F5AD6
:109EC000738BA05A748BA15A758BA25A768BA35AA6
:109ED000778BA45A788BA55A798BA65A7A8BA75A76
:109EE0007B8BA85A7C8BA95A7D8BAB5A7E8BAC5A44
:109EF000808BAD5A818BAE5A828BAF5A838BB05A0E
:109F0000848BB15A858BB45A868BB65A878BB75AD5
:109F1000888BB95A898BBA5A8A8BBB5A8B8BBC5A9D
:109F20008C8BBD5A8D8BBF5A8E8BC05A8F8BC35A68
:109F3000908BC45A918BC55A928BC65A938BC75A31
:109F4000948BC85A958BCA5A968BCB5A978BCD5AFD
:109F5000988BCE5A998BCF5A9A8BD05A9B8BD15AC9
:109F60009C8BD35A9D8BD55A9E8BD75A9F8BD95A8F
:109F7000A08BDA5AA18BDB5AA28BDD5AA38BDE5A57
:109F8000A48BDF5AA58BE25AA68BE45AA78BE55A1D
:109F9000A88BE75AA98BE85AAA8BEA5AAB8BEC5AE2
:109FA000AC8BED5AAD8BEE5AAE8BEF5AAF8BF05AAD
:109FB000B08BF25AB18BF35AB28BF45AB38BF55A79
:109FC000B48BF65AB58BF75AB68BF85AB78BF95A49
:109FD000B88BFA5AB98BFB5ABA8BFC5ABB8BFD5A19
:109FE000BC8BFE5ABD8BFF5ABE8B005BBF8B015BE7
:109FF000C08B025BC18B035BC28B045BC38B055BB5
:10A00000C48B065BC58B075BC68B085BC78B0A5B83
:10A01000C88B0B5BC98B0C5BCA8B0D5BCB8B0E5B50
:10A02000CC8B0F5BCD8B105BCE8B115BCF8B125B20
:10A03000D08B135BD18B145BD28B155BD38B185BEE
:10A04000D48B195BD58B1A5BD68B1B5BD78B1C5BB8
:10A05000D88B1D5BD98B1E5BDA8B1F5BDB8B205B88
:10A06000DC8B215BDD8B225BDE8B235BDF8B245B58
:10A07000E08B255BE18B265BE28B275BE38B285B28
:10A08000E48B295BE58B2A5BE68B2B5BE78B2C5BF8
:10A09000E88B2D5BE98B2E5BEA8B2F5BEB8B305BC8
:10A0A000EC8B315BED8B335BEE8B355BEF8B365B93
:10A0B000F08B385BF18B395BF28B3A5BF38B3B5B5C
:10A0C000F48B3C5BF58B3D5BF68B3E5BF78B3F5B2C
:10A0D000F88B415BF98B425BFA8B435BFB8B445BF8
:10A0E000FC8B455BFD8B465BFE8B475B408C485B86
:10A0F000418C495B428C4A5B438C4B5B448C4C5B90
:10A10000458C4D5B468C4E5B478C4F5B488C525B5D
:10A11000498C565B4A8C5E5B4B8C605B4C8C615B04
:10A120004D8C675B4E8C685B4F8C6B5B508C6D5BB2
:10A13000518C6E5B528C6F5B538C725B548C745B76
:10A14000558C765B568C775B578C785B588C795B3B
:10A15000598C7B5B5A8C7C5B5B8C7E5B5C8C7F5B05
:10A160005D8C825B5E8C865B5F8C8A5B608C8D5BBA
:10A17000618C8E5B628C905B638C915B648C925B78
:10A18000658C945B668C965B678C9F5B688CA75B29
:10A19000698CA85B6A8CA95B6B8CAC5B6C8CAD5BCF
:10A1A0006D8CAE5B6E8CAF5B6F8CB15B708CB25B99
:10A1B000718CB75B728CBA5B738CBB5B748CBC5B51
:10A1C000758CC05B768CC15B778CC35B788CC85B0D
:10A1D000798CC95B7A8CCA5B7B8CCB5B7C8CCD5BCE
:10A1E0007D8CCE5B7E8CCF5B808CD15B818CD45B95
:10A1F000828CD55B838CD65B848CD75B858CD85B5B
:10A20000868CD95B878CDA5B888CDB5B898CDC5B2A
:10A210008A8CE05B8B8CE25B8C8CE35B8D8CE65BE9
:10A220008E8CE75B8F8CE95B908CEA5B918CEB5BAF
:10A23000928CEC5B938CED5B948CEF5B958CF15B7B
:10A24000968CF25B978CF35B988CF45B998CF55B46
:10A250009A8CF65B9B8CF75B9C8CFD5B9D8CFE5B0C
:10A260009E8C005C9F8C025CA08C035CA18C055CC6
:10A27000A28C075CA38C085CA48C0B5CA58C0C5C8A
:10A28000A68C0D5CA78C0E5CA88C105CA98C125C53
:10A29000AA8C135CAB8C175CAC8C195CAD8C1B5C12
:10A2A000AE8C1E5CAF8C1F5CB08C205CB18C215CD2
:10A2B000B28C235CB38C265CB48C285CB58C295C96
:10A2C000B68C2A5CB78C2B5CB88C2D5CB98C2E5C60
:10A2D000BA8C2F5CBB8C305CBC8C325CBD8C335C2C
:10A2E000BE8C355CBF8C365CC08C375CC18C435CEB
:10A2F000C28C445CC38C465CC48C475CC58C4C5C93
:10A30000C68C4D5CC78C525CC88C535CC98C545C49
:10A31000CA8C565CCB8C575CCC8C585CCD8C5A5C10
:10A32000CE8C5B5CCF8C5C5CD08C5D5CD18C5F5CDC
:10A33000D28C625CD38C645CD48C675CD58C685C9A
:10A34000D68C695CD78C6A5CD88C6B5CD98C6C5C65
:10A35000DA8C6D5CDB8C705CDC8C725CDD8C735C2D
:10A36000DE8C745CDF8C755CE08C765CE18C775CF9
:10A37000E28C785CE38C7B5CE48C7C5CE58C7D5CC3
:10A38000E68C7E5CE78C805CE88C835CE98C845C8A
:10A39000EA8C855CEB8C865CEC8C875CED8C895C54
:10A3A000EE8C8A5CEF8C8B5CF08C8E5CF18C8F5C1D
:10A3B000F28C925CF38C935CF48C955CF58C9D5CD8
:10A3C000F68C9E5CF78C9F5CF88CA05CF98CA15C91
:10A3D000FA8CA45CFB8CA55CFC8CA65CFD8CA75C59
:10A3E000FE8CA85C408DAA5C418DAE5C428DAF5C5A
:10A3F000438DB05C448DB25C458DB45C468DB65CDB
:10A40000478DB95C488DBA5C498DBB5C4A8DBC5C9C
:10A410004B8DBE5C4C8DC05C4D8DC25C4E8DC35C63
:10A420004F8DC55C508DC65C518DC75C528DC85C2C
:10A43000538DC95C548DCA5C558DCC5C568DCD5CFA
:10A44000578DCE5C588DCF5C598DD05C5A8DD15CC8
:10A450005B8DD35C5C8DD45C5D8DD55C5E8DD65C94
:10A460005F8DD75C608DD85C618DDA5C628DDB5C62
:10A47000638DDC5C648DDD5C658DDE5C668DDF5C30
:10A48000678DE05C688DE25C698DE35C6A8DE75CFA
:10A490006B8DE95C6C8DEB5C6D8DEC5C6E8DEE5CB8
:10A4A0006F8DEF5C708DF15C718DF25C728DF35C81
:10A4B000738DF45C748DF55C758DF65C768DF75C50
:10A4C000778DF85C788DF95C798DFA5C7A8DFC5C1F
:10A4D0007B8DFD5C7C8DFE5C7D8DFF5C7E8D005DEB
:10A4E000808D015D818D045D828D055D838D085DAC
:10A4F000848D095D858D0A5D868D0B5D878D0C5D74
:10A50000888D0D5D898D0F5D8A8D105D8B8D115D40
:10A510008C8D125D8D8D135D8E8D155D8F8D175D0C
:10A52000908D185D918D195D928D1A5D938D1C5DD6
:10A53000948D1D5D958D1F5D968D205D978D215DA0
:10A54000988D225D998D235D9A8D255D9B8D285D6B
:10A550009C8D2A5D9D8D2B5D9E8D2C5D9F8D2F5D2D
:10A56000A08D305DA18D315DA28D325DA38D335DF7
:10A57000A48D355DA58D365DA68D375DA78D385DC3
:10A58000A88D395DA98D3A5DAA8D3B5DAB8D3C5D93
:10A59000AC8D3F5DAD8D405DAE8D415DAF8D425D5B
:10A5A000B08D435DB18D445DB28D455DB38D465D2B
:10A5B000B48D485DB58D495DB68D4D5DB78D4E5DF1
:10A5C000B88D4F5DB98D505DBA8D515DBB8D525DBB
:10A5D000BC8D535DBD8D545DBE8D555DBF8D565D8B
:10A5E000C08D575DC18D595DC28D5A5DC38D5C5D57
:10A5F000C48D5E5DC58D5F5DC68D605DC78D615D1F
:10A60000C88D625DC98D635DCA8D645DCB8D655DEE
:10A61000CC8D665DCD8D675DCE8D685DCF8D6A5DBD
:10A62000D08D6D5DD18D6E5DD28D705DD38D715D80
:10A63000D48D725DD58D735DD68D755DD78D765D4C
:10A64000D88D775DD98D785DDA8D795DDB8D7A5D1A
:10A65000DC8D7B5DDD8D7C5DDE8D7D5DDF8D7E5DEA
:10A66000E08D7F5DE18D805DE28D815DE38D835DB9
:10A67000E48D845DE58D855DE68D865DE78D875D86
:10A68000E88D885DE98D895DEA8D8A5DEB8D8B5D56
:10A69000EC8D8C5DED8D8D5DEE8D8E5DEF8D8F5D26
:10A6A000F08D905DF18D915DF28D925DF38D935DF6
:10A6B000F48D945DF58D955DF68D965DF78D975DC6
:10A6C000F88D985DF98D9A5DFA8D9B5DFB8D9C5D93
:10A6D000FC8D9E5DFD8D9F5DFE8DA05D408EA15D1C
:10A6E000418EA25D428EA35D438EA45D448EA55D26
:10A6F000458EA65D468EA75D478EA85D488EA95DF6
:10A70000498EAA5D4A8EAB5D4B8EAC5D4C8EAD5DC5
:10A710004D8EAE5D4E8EAF5D4F8EB05D508EB15D95
:10A72000518EB25D528EB35D538EB45D548EB55D65
:10A73000558EB65D568EB85D578EB95D588EBA5D32
:10A74000598EBB5D5A8EBC5D5B8EBD5D5C8EBE5D01
:10A750005D8EBF5D5E8EC05D5F8EC15D608EC25DD1
:10A76000618EC35D628EC45D638EC65D648EC75D9F
:10A77000658EC85D668EC95D678ECA5D688ECB5D6D
:10A78000698ECC5D6A8ECE5D6B8ECF5D6C8ED05D3A
:10A790006D8ED15D6E8ED25D6F8ED35D708ED45D09
:10A7A000718ED55D728ED65D738ED75D748ED85DD9
:10A7B000758ED95D768EDA5D778EDC5D788EDF5DA5
:10A7C000798EE05D7A8EE35D7B8EE45D7C8EEA5D62
:10A7D0007D8EEC5D7E8EED5D808EF05D818EF55D13
:10A7E000828EF65D838EF85D848EF95D858EFA5DCE
:10A7F000868EFB5D878EFC5D888EFF5D898E005E98
:10A800008A8E045E8B8E075E8C8E095E8D8E0A5E4C
:10A810008E8E0B5E8F8E0D5E908E0E5E918E125E12
:10A82000928E135E938E175E948E1E5E958E1F5EC3
:10A83000968E205E978E215E988E225E998E235E84
:10A840009A8E245E9B8E255E9C8E285E9D8E295E50
:10A850009E8E2A5E9F8E2B5EA08E2C5EA18E2F5E1A
:10A86000A28E305EA38E325EA48E335EA58E345EE1
:10A87000A68E355EA78E365EA88E395EA98E3A5EAC
:10A88000AA8E3E5EAB8E3F5EAC8E405EAD8E415E6C
:10A89000AE8E435EAF8E465EB08E475EB18E485E32
:10A8A000B28E495EB38E4A5EB48E4B5EB58E4D5EFF
:10A8B000B68E4E5EB78E4F5EB88E505EB98E515ECC
:10A8C000BA8E525EBB8E535EBC8E565EBD8E575E98
:10A8D000BE8E585EBF8E595EC08E5A5EC18E5C5E63
:10A8E000C28E5D5EC38E5F5EC48E605EC58E635E2B
:10A8F000C68E645EC78E655EC88E665EC98E675EF4
:10A90000CA8E685ECB8E695ECC8E6A5ECD8E6B5EC3
:10A91000CE8E6C5ECF8E6D5ED08E6E5ED18E6F5E93
:10A92000D28E705ED38E715ED48E755ED58E775E5C
:10A93000D68E795ED78E7E5ED88E815ED98E825E0F
:10A94000DA8E835EDB8E855EDC8E885EDD8E895ED0
:10A95000DE8E8C5EDF8E8D5EE08E8E5EE18E925E90
:10A96000E28E985EE38E9B5EE48E9D5EE58EA15E38
:10A97000E68EA25EE78EA35EE88EA45EE98EA85EF8
:10A98000EA8EA95EEB8EAA5EEC8EAB5EED8EAC5EBF
:10A99000EE8EAE5EEF8EAF5EF08EB05EF18EB15E8B
:10A9A000F28EB25EF38EB45EF48EBA5EF58EBB5E4E
:10A9B000F68EBC5EF78EBD5EF88EBF5EF98EC05E11
:10A9C000FA8EC15EFB8EC25EFC8EC35EFD8EC45EDF
:10A9D000FE8EC55E408FC65E418FC75E428FC85EE9
:10A9E000438FCB5E448FCC5E458FCD5E468FCE5E6F
:10A9F000478FCF5E488FD05E498FD45E4A8FD55E39
:10AA00004B8FD75E4C8FD85E4D8FD95E4E8FDA5EFE
:10AA10004F8FDC5E508FDD5E518FDE5E528FDF5ECA
:10AA2000538FE05E548FE15E558FE25E568FE35E9A
:10AA3000578FE45E588FE55E598FE65E5A8FE75E6A
:10AA40005B8FE95E5C8FEB5E5D8FEC5E5E8FED5E33
:10AA50005F8FEE5E608FEF5E618FF05E628FF15E02
:10AA6000638FF25E648FF35E658FF55E668FF85ECE
:10AA7000678FF95E688FFB5E698FFC5E6A8FFD5E93
:10AA80006B8F055F6C8F065F6D8F075F6E8F095F41
:10AA90006F8F0C5F708F0D5F718F0E5F728F105F05
:10AAA000738F125F748F145F758F165F768F195FC7
:10AAB000778F1A5F788F1C5F798F1D5F7A8F1E5F8B
:10AAC0007B8F215F7C8F225F7D8F235F7E8F245F52
:10AAD000808F285F818F2B5F828F2C5F838F2E5F0B
:10AAE000848F305F858F325F868F335F878F345FCF
:10AAF000888F355F898F365F8A8F375F8B8F385F9E
:10AB00008C8F3B5F8D8F3D5F8E8F3E5F8F8F3F5F62
:10AB1000908F415F918F425F928F435F938F445F2D
:10AB2000948F455F958F465F968F475F978F485FFD
:10AB3000988F495F998F4A5F9A8F4B5F9B8F4C5FCD
:10AB40009C8F4D5F9D8F4E5F9E8F4F5F9F8F515F9C
:10AB5000A08F545FA18F595FA28F5A5FA38F5B5F55
:10AB6000A48F5C5FA58F5E5FA68F5F5FA78F605F1E
:10AB7000A88F635FA98F655FAA8F675FAB8F685FE0
:10AB8000AC8F6B5FAD8F6E5FAE8F6F5FAF8F725F9D
:10AB9000B08F745FB18F755FB28F765FB38F785F60
:10ABA000B48F7A5FB58F7D5FB68F7E5FB78F7F5F23
:10ABB000B88F835FB98F865FBA8F8D5FBB8F8E5FD3
:10ABC000BC8F8F5FBD8F915FBE8F935FBF8F945F90
:10ABD000C08F965FC18F9A5FC28F9B5FC38F9D5F4F
:10ABE000C48F9E5FC58F9F5FC68FA05FC78FA25F18
:10ABF000C88FA35FC98FA45FCA8FA55FCB8FA65FE5
:10AC0000CC8FA75FCD8FA95FCE8FAB5FCF8FAC5FAF
:10AC1000D08FAF5FD18FB05FD28FB15FD38FB25F74
:10AC2000D48FB35FD58FB45FD68FB65FD78FB85F41
:10AC3000D88FB95FD98FBA5FDA8FBB5FDB8FBE5F0A
:10AC4000DC8FBF5FDD8FC05FDE8FC15FDF8FC25FD4
:10AC5000E08FC75FE18FC85FE28FCA5FE38FCB5F92
:10AC6000E48FCE5FE58FD35FE68FD45FE78FD55F4C
:10AC7000E88FDA5FE98FDB5FEA8FDC5FEB8FDE5F07
:10AC8000EC8FDF5FED8FE25FEE8FE35FEF8FE55FCD
:10AC9000F08FE65FF18FE85FF28FE95FF38FEC5F93
:10ACA000F48FEF5FF58FF05FF68FF25FF78FF35F52
:10ACB000F88FF45FF98FF65FFA8FF75FFB8FF95F1C
:10ACC000FC8FFA5FFD8FFC5FFE8F0760409008608D
:10ACD0004190096042900B6043900C60449010607A
:10ACE0004590116046901360479017604890186037
:10ACF00049901A604A901E604B901F604C902260F1
:10AD00004D9023604E9024604F902C6050902D60A9
:10AD100051902E6052903060539031605490326068
:10AD20005590336056903460579036605890376035
:10AD3000599038605A9039605B903A605C903D6001
:10AD40005D903E605E9040605F90446060904560C2
:10AD5000619046606290476063904860649049608B
:10AD600065904A6066904C6067904E6068904F6056
:10AD7000699051606A9053606B9054606C9056601B
:10AD80006D9057606E9058606F905B6070905C60E3
:10AD900071905E6072905F607390606074906160AB
:10ADA000759065607690666077906E60789071605F
:10ADB000799072607A9074607B9075607C90776017
:10ADC0007D907E607E9080608090816081908260C6
:10ADD000829085608390866084908760859088608B
:10ADE00086908A6087908B6088908E6089908F6053
:10ADF0008A9090608B9091608C9093608D9095601C
:10AE00008E9097608F9098609090996091909C60E0
:10AE100092909E609390A1609490A2609590A4609F
:10AE20009690A5609790A7609890A9609990AA6065
:10AE30009A90AE609B90B0609C90B3609D90B5601E
:10AE40009E90B6609F90B760A090B960A190BA60E4
:10AE5000A290BD60A390BE60A490BF60A590C060AA
:10AE6000A690C160A790C260A890C360A990C4607A
:10AE7000AA90C760AB90C860AC90C960AD90CC6040
:10AE8000AE90CD60AF90CE60B090CF60B190D0600A
:10AE9000B290D260B390D360B490D460B590D660D5
:10AEA000B690D760B790D960B890DB60B990DE609B
:10AEB000BA90E160BB90E260BC90E360BD90E4605A
:10AEC000BE90E560BF90EA60C090F160C190F26012
:10AED000C290F560C390F760C490F860C590FB60C5
:10AEE000C690FC60C790FD60C890FE60C990FF608E
:10AEF000CA900261CB900361CC900461CD90056152
:10AF0000CE900761CF900A61D0900B61D1900C6117
:10AF1000D2901061D3901161D4901261D5901361D9
:10AF2000D6901461D7901661D8901761D9901861A6
:10AF3000DA901961DB901B61DC901C61DD901D6172
:10AF4000DE901E61DF902161E0902261E190256139
:10AF5000E2902861E3902961E4902A61E5902C61F8
:10AF6000E6902D61E7902E61E8902F61E9903061C5
:10AF7000EA903161EB903261EC903361ED90346195
:10AF8000EE903561EF903661F0903761F190386165
:10AF9000F2903961F3903A61F4903B61F5903C6135
:10AFA000F6903D61F7903E61F8904061F990416103
:10AFB000FA904261FB904361FC904461FD904561D1
:10AFC000FE904661409147614191496142914B61D8
:10AFD00043914D6144914F61459150614691526159
:10AFE0004791536148915461499156614A91576123
:10AFF0004B9158614C9159614D915A614E915B61F1
:10B000004F915C6150915E6151915F6152916061BD
:10B010005391616154916361559164615691656189
:10B02000579166615891696159916A615A916B6152
:10B030005B916C615C916D615D916E615E916F6120
:10B040005F917161609172616191736162917461EC
:10B0500063917661649178616591796166917A61B5
:10B0600067917B6168917C6169917D616A917E6184
:10B070006B917F616C9180616D9181616E91826154
:10B080006F91836170918461719185617291866124
:10B0900073918761749188617591896176918A61F4
:10B0A00077918C6178918D6179918F617A919061BE
:10B0B0007B9191617C9192617D9193617E9195618B
:10B0C0008091966181919761829198618391996154
:10B0D00084919A6185919B6186919C6187919E6123
:10B0E00088919F618991A0618A91A1618B91A261F0
:10B0F0008C91A3618D91A4618E91A5618F91A661C0
:10B100009091AA619191AB619291AD619391AE6181
:10B110009491AF619591B0619691B1619791B2614F
:10B120009891B3619991B4619A91B5619B91B6611F
:10B130009C91B8619D91B9619E91BA619F91BB61EB
:10B14000A091BC61A191BD61A291BF61A391C061B9
:10B15000A491C161A591C361A691C461A791C56184
:10B16000A891C661A991C761AA91C961AB91CC614F
:10B17000AC91CD61AD91CE61AE91CF61AF91D06117
:10B18000B091D361B191D561B291D661B391D761DC
:10B19000B491D861B591D961B691DA61B791DB61AB
:10B1A000B891DC61B991DD61BA91DE61BB91DF617B
:10B1B000BC91E061BD91E161BE91E261BF91E3614B
:10B1C000C091E461C191E561C291E761C391E86119
:10B1D000C491E961C591EA61C691EB61C791EC61E7
:10B1E000C891ED61C991EE61CA91EF61CB91F061B7
:10B1F000CC91F161CD91F261CE91F361CF91F46187
:10B20000D091F661D191F761D291F861D391F96152
:10B21000D491FA61D591FB61D691FC61D791FD6122
:10B22000D891FE61D9910062DA910162DB910262EC
:10B23000DC910362DD910462DE910562DF910762B9
:10B24000E0910962E1911362E2911462E391196263
:10B25000E4911C62E5911D62E6911E62E791206215
:10B26000E8912362E9912662EA912762EB912862D4
:10B27000EC912962ED912B62EE912D62EF912F629C
:10B28000F0913062F1913162F2913262F391356264
:10B29000F4913662F5913862F6913962F7913A622B
:10B2A000F8913B62F9913C62FA914262FB914462EF
:10B2B000FC914562FD914662FE914A6240924F6266
:10B2C0004192506242925562439256624492576252
:10B2D0004592596246925A6247925C6248925D6218
:10B2E00049925E624A925F624B9260624C926162E6
:10B2F0004D9262624E9264624F92656250926862B1
:10B300005192716252927262539274625492756257
:10B31000559277625692786257927A6258927B621F
:10B3200059927D625A9281625B9282625C928362E0
:10B330005D9285625E9286625F92876260928862A9
:10B3400061928B6262928C6263928D6264928E6271
:10B3500065928F6266929062679294626892996237
:10B3600069929C626A929D626B929E626C92A362E9
:10B370006D92A6626E92A7626F92A9627092AA62A3
:10B380007192AD627292AE627392AF627492B06269
:10B390007592B2627692B3627792B4627892B66234
:10B3A0007992B7627A92B8627B92BA627C92BE62FC
:10B3B0007D92C0627E92C1628092C3628192CB62B2
:10B3C0008292CF628392D1628492D5628592DD624D
:10B3D0008692DE628792E0628892E1628992E462FC
:10B3E0008A92EA628B92EB628C92F0628D92F262A8
:10B3F0008E92F5628F92F8629092F9629192FA625F
:10B400009292FB6293920063949203639592046319
:10B41000969205639792066398920A6399920B63DA
:10B420009A920C639B920D639C920F639D921063A2
:10B430009E9212639F921363A0921463A19215636C
:10B44000A2921763A3921863A4921963A5921C6336
:10B45000A6922663A7922763A8922963A9922C63D8
:10B46000AA922D63AB922E63AC923063AD9231639E
:10B47000AE923363AF923463B0923563B192366368
:10B48000B2923763B3923863B4923B63B5923C6334
:10B49000B6923E63B7923F63B8924063B9924163FC
:10B4A000BA924463BB924763BC924863BD924A63BD
:10B4B000BE925163BF925263C0925363C192546370
:10B4C000C2925663C3925763C4925863C59259633C
:10B4D000C6925A63C7925B63C8925C63C9925D630C
:10B4E000CA926063CB926463CC926563CD926663CB
:10B4F000CE926863CF926A63D0926B63D1926C6391
:10B50000D2926F63D3927063D4927263D592736355
:10B51000D6927463D7927563D8927863D99279631F
:10B52000DA927C63DB927D63DC927E63DD927F63E3
:10B53000DE928163DF928363E0928463E1928563AC
:10B54000E2928663E3928B63E4928D63E59291636A
:10B55000E6929363E7929463E8929563E992976326
:10B56000EA929963EB929A63EC929B63ED929C63EF
:10B57000EE929D63EF929E63F0929F63F192A163BE
:10B58000F292A463F392A663F492AB63F592AF6375
:10B59000F692B163F792B263F892B563F992B6632B
:10B5A000FA92B963FB92BB63FC92BD63FD92BF63E9
:10B5B000FE92C0634093C1634193C2634293C363ED
:10B5C0004393C5634493C7634593C8634693CA6373
:10B5D0004793CB634893CC634993D1634A93D36336
:10B5E0004B93D4634C93D5634D93D7634E93D863F9
:10B5F0004F93D9635093DA635193DB635293DC63C7
:10B600005393DD635493DF635593E2635693E4638E
:10B610005793E5635893E6635993E7635A93E86356
:10B620005B93EB635C93EC635D93EE635E93EF631C
:10B630005F93F0636093F1636193F3636293F563E7
:10B640006393F7636493F9636593FA636693FB63AB
:10B650006793FC636893FE63699303646A9304646D
:10B660006B9306646C9307646D9308646E9309642E
:10B670006F930A6470930D6471930E6472931164F6
:10B6800073931264749315647593166476931764B8
:10B69000779318647893196479931A647A931D6484
:10B6A0007B931F647C9322647D9323647E93246444
:10B6B000809325648193276482932864839329640B
:10B6C00084932B6485932E6486932F6487933064D0
:10B6D00088933164899332648A9333648B9335649D
:10B6E0008C9336648D9337648E9338648F9339646A
:10B6F00090933B6491933C6492933E649393406433
:10B7000094934264959343649693496497934B64EE
:10B7100098934C6499934D649A934E649B934F64B1
:10B720009C9350649D9351649E9353649F9355647E
:10B73000A0935664A1935764A2935964A3935A6447
:10B74000A4935B64A5935C64A6935D64A7935F6414
:10B75000A8936064A9936164AA936264AB936364E1
:10B76000AC936464AD936564AE936664AF936864B0
:10B77000B0936A64B1936B64B2936C64B3936E6478
:10B78000B4936F64B5937064B6937164B793726445
:10B79000B8937364B9937464BA937564BB93766415
:10B7A000BC937764BD937B64BE937C64BF937D64DC
:10B7B000C0937E64C1937F64C2938064C3938164A9
:10B7C000C4938364C5938664C6938864C79389646D
:10B7D000C8938A64C9938B64CA938C64CB938D6439
:10B7E000CC938E64CD938F64CE939064CF93936407
:10B7F000D0939464D1939764D2939864D3939A64CA
:10B80000D4939B64D5939C64D6939D64D7939F6493
:10B81000D893A064D993A164DA93A264DB93A36460
:10B82000DC93A564DD93A664DE93A764DF93A8642C
:10B83000E093AA64E193AB64E293AF64E393B164F1
:10B84000E493B264E593B364E693B464E793B664B7
:10B85000E893B964E993BB64EA93BD64EB93BE6477
:10B86000EC93BF64ED93C164EE93C364EF93C4643F
:10B87000F093C664F193C764F293C864F393C96408
:10B88000F493CA64F593CB64F693CC64F793CF64D6
:10B89000F893D164F993D364FA93D464FB93D56499
:10B8A000FC93D664FD93D964FE93DA644094DB6420
:10B8B0004194DC644294DD644394DF644494E06426
:10B8C0004594E1644694E3644794E5644894E764EE
:10B8D0004994E8644A94E9644B94EA644C94EB64B8
:10B8E0004D94EC644E94ED644F94EE645094EF6488
:10B8F0005194F0645294F1645394F2645494F36458
:10B900005594F4645694F5645794F6645894F76427
:10B910005994F8645A94F9645B94FA645C94FB64F7
:10B920005D94FC645E94FD645F94FE646094FF64C7
:10B93000619401656294026563940365649404658F
:10B94000659405656694066567940765689408655F
:10B9500069940A656A940B656B940C656C940D652B
:10B960006D940E656E940F656F94106570941165FB
:10B9700071941365729414657394156574941665C7
:10B98000759417657694196577941A6578941B6594
:10B9900079941C657A941D657B941E657C941F6563
:10B9A0007D9420657E942165809422658194236531
:10B9B00082942465839426658494276585942865FC
:10B9C0008694296587942A6588942C6589942D65C9
:10B9D0008A9430658B9431658C9432658D9433658F
:10B9E0008E9437658F943A6590943C6591943D654B
:10B9F000929440659394416594944265959443650F
:10BA000096944465979446659894476599944A65D9
:10BA10009A944B659B944D659C944E659D9450659E
:10BA20009E9452659F945365A0945465A194576564
:10BA3000A2945865A3945A65A4945C65A5945F6527
:10BA4000A6946065A7946165A8946465A9946565EA
:10BA5000AA946765AB946865AC946965AD946A65B2
:10BA6000AE946D65AF946E65B0946F65B194716579
:10BA7000B2947365B3947565B4947665B59478653E
:10BA8000B6947965B7947A65B8947B65B9947C650A
:10BA9000BA947D65BB947E65BC947F65BD948065DA
:10BAA000BE948165BF948265C0948365C1948465AA
:10BAB000C2948565C3948665C4948865C594896578
:10BAC000C6948A65C7948D65C8948E65C9948F6540
:10BAD000CA949265CB949465CC949565CD94966503
:10BAE000CE949865CF949A65D0949D65D1949E65C7
:10BAF000D294A065D394A265D494A365D594A66589
:10BB0000D694A865D794AA65D894AC65D994AE6547
:10BB1000DA94B165DB94B265DC94B365DD94B46509
:10BB2000DE94B565DF94B665E094B765E194B865D9
:10BB3000E294BA65E394BB65E494BE65E594BF65A1
:10BB4000E694C065E794C265E894C765E994C86562
:10BB5000EA94C965EB94CA65EC94CD65ED94D06523
:10BB6000EE94D165EF94D365F094D465F194D565E6
:10BB7000F294D865F394D965F494DA65F594DB65AD
:10BB8000F694DC65F794DD65F894DE65F994DF657D
:10BB9000FA94E165FB94E365FC94E465FD94EA6541
:10BBA000FE94EB654095F2654195F3654295F46529
:10BBB0004395F5654495F8654595F9654695FB65AA
:10BBC0004795FC654895FD654995FE654A95FF6575
:10BBD0004B9501664C9504664D9505664E95076636
:10BBE0004F9508665095096651950B6652950D66FE
:10BBF00053951066549511665595126656951666BE
:10BC0000579517665895186659951A665A951B6682
:10BC10005B951C665C951E665D9521665E95226649
:10BC20005F95236660952466619526666295296610
:10BC300063952A6664952B6665952C6666952E66D7
:10BC40006795306668953266699533666A9537669A
:10BC50006B9538666C9539666D953A666E953B6660
:10BC60006F953D6670953F66719540667295426628
:10BC700073954466749545667595466676954766F0
:10BC8000779548667895496679954A667A954D66BE
:10BC90007B954E667C9550667D9551667E9558667F
:10BCA0008095596681955B6682955C6683955D6635
:10BCB00084955E66859560668695626687956366FF
:10BCC00088956566899567668A9569668B956A66C3
:10BCD0008C956B668D956C668E956D668F9571668D
:10BCE0009095726691957366929575669395786650
:10BCF0009495796695957B6696957C6697957D6615
:10BD000098957F66999580669A9581669B958366DE
:10BD10009C9585669D9586669E9588669F958966A5
:10BD2000A0958A66A1958B66A2958D66A3958E6671
:10BD3000A4958F66A5959066A6959266A79593663D
:10BD4000A8959466A9959566AA959866AB95996607
:10BD5000AC959A66AD959B66AE959C66AF959E66D2
:10BD6000B0959F66B195A066B295A166B395A2669F
:10BD7000B495A366B595A466B695A566B795A6666F
:10BD8000B895A966B995AA66BA95AB66BB95AC6637
:10BD9000BC95AD66BD95AF66BE95B066BF95B16604
:10BDA000C095B266C195B366C295B566C395B666D1
:10BDB000C495B766C595B866C695BA66C795BB669D
:10BDC000C895BC66C995BD66CA95BF66CB95C06669
:10BDD000CC95C166CD95C266CE95C366CF95C46637
:10BDE000D095C566D195C666D295C766D395C86607
:10BDF000D495C966D595CA66D695CB66D795CC66D7
:10BE0000D895CD66D995CE66DA95CF66DB95D066A6
:10BE1000DC95D166DD95D266DE95D366DF95D46676
:10BE2000E095D566E195D666E295D766E395D86646
:10BE3000E495DA66E595DE66E695DF66E795E06609
:10BE4000E895E166E995E266EA95E366EB95E466D6
:10BE5000EC95E566ED95E766EE95E866EF95EA66A2
:10BE6000F095EB66F195EC66F295ED66F395EE666E
:10BE7000F495EF66F595F166F695F566F795F66635
:10BE8000F895F866F995FA66FA95FB66FB95FD66F6
:10BE9000FC950167FD950267FE9503674096046770
:10BEA00041960567429606674396076744960C6776
:10BEB00045960E6746960F67479611674896126734
:10BEC000499613674A9616674B9618674C961967FA
:10BED0004D961A674E961C674F961E6750962067C0
:10BEE000519621675296226753962367549624678A
:10BEF00055962567569627675796296758962E6751
:10BF0000599630675A9632675B9633675C96366708
:10BF10005D9637675E9638675F96396760963B67D0
:10BF200061963C6762963E6763963F676496416799
:10BF300065964467669645676796476768964A6759
:10BF400069964B676A964D676B9652676C96546715
:10BF50006D9655676E9657676F96586770965967D6
:10BF600071965A6772965B6773965D67749662679F
:10BF7000759663677696646777966667789667675F
:10BF800079966B677A966C677B966E677C9671671D
:10BF90007D9674677E9676678096786781967967D6
:10BFA00082967A6783967B6784967D67859680679D
:10BFB000869682678796836788968567899686675F
:10BFC0008A9688678B968A678C968C678D968D6724
:10BFD0008E968E678F968F679096916791969267EF
:10BFE00092969367939694679496966795969967B9
:10BFF00096969B6797969F679896A0679996A16774
:10C000009A96A4679B96A6679C96A9679D96AC672F
:10C010009E96AE679F96B167A096B267A196B467E9
:10C02000A296B967A396BA67A496BB67A596BC67A4
:10C03000A696BD67A796BE67A896BF67A996C06774
:10C04000AA96C267AB96C567AC96C667AD96C7673A
:10C05000AE96C867AF96C967B096CA67B196CB6708
:10C06000B296CC67B396CD67B496CE67B596D567D2
:10C07000B696D667B796D767B896DB67B996DF6787
:10C08000BA96E167BB96E367BC96E467BD96E66740
:10C09000BE96E767BF96E867C096EA67C196EB670A
:10C0A000C296ED67C396EE67C496F267C596F567CC
:10C0B000C696F667C796F767C896F867C996F96790
:10C0C000CA96FA67CB96FB67CC96FC67CD96FE675F
:10C0D000CE960168CF960268D0960368D196046820
:10C0E000D2960668D3960D68D4961068D5961268D5
:10C0F000D6961468D7961568D8961868D996196890
:10C10000DA961A68DB961B68DC961C68DD961E685A
:10C11000DE961F68DF962068E0962268E196236825
:10C12000E2962468E3962568E4962668E5962768F3
:10C13000E6962868E7962B68E8962C68E9962D68BD
:10C14000EA962E68EB962F68EC963068ED9631688B
:10C15000EE963468EF963568F0963668F1963A6850
:10C16000F2963B68F3963F68F4964768F5964B68FD
:10C17000F6964D68F7964F68F8965268F9965668A5
:10C18000FA965768FB965868FC965968FD965A6867
:10C19000FE965B6840975C6841975D6842975E6871
:10C1A00043975F6844976A6845976C6846976D68DF
:10C1B00047976E6848976F68499770684A977168A3
:10C1C0004B9772684C9773684D9775684E9778686F
:10C1D0004F97796850977A6851977B6852977C6837
:10C1E00053977D6854977E6855977F685697806807
:10C1F0005797826858978468599787685A978868CC
:10C200005B9789685C978A685D978B685E978C6896
:10C210005F978D6860978E68619790686297916864
:10C22000639792686497946865979568669796682F
:10C23000679798686897996869979A686A979B68FA
:10C240006B979C686C979D686D979E686E979F68CA
:10C250006F97A0687097A1687197A3687297A46898
:10C260007397A5687497A9687597AA687697AB685D
:10C270007797AC687897AE687997B1687A97B26823
:10C280007B97B4687C97B6687D97B7687E97B868E7
:10C290008097B9688197BA688297BB688397BC68B2
:10C2A0008497BD688597BE688697BF688797C16881
:10C2B0008897C3688997C4688A97C5688B97C6684A
:10C2C0008C97C7688D97C8688E97CA688F97CC6817
:10C2D0009097CE689197CF689297D0689397D168DE
:10C2E0009497D3689597D4689697D6689797D768A8
:10C2F0009897D9689997DB689A97DC689B97DD686F
:10C300009C97DE689D97DF689E97E1689F97E2683B
:10C31000A097E468A197E568A297E668A397E76805
:10C32000A497E868A597E968A697EA68A797EB68D5
:10C33000A897EC68A997ED68AA97EF68AB97F268A1
:10C34000AC97F368AD97F468AE97F668AF97F76867
:10C35000B097F868B197FB68B297FD68B397FE682D
:10C36000B497FF68B5970069B6970269B7970369F4
:10C37000B8970469B9970669BA970769BB970869BE
:10C38000BC970969BD970A69BE970C69BF970F6989
:10C39000C0971169C1971369C2971469C39715694A
:10C3A000C4971669C5971769C6971869C797196919
:10C3B000C8971A69C9971B69CA971C69CB971D69E9
:10C3C000CC971E69CD972169CE972269CF972369B3
:10C3D000D0972569D1972669D2972769D39728697D
:10C3E000D4972969D5972A69D6972B69D7972C694D
:10C3F000D8972E69D9972F69DA973169DB97326917
:10C40000DC973369DD973569DE973669DF973769E1
:10C41000E0973869E1973A69E2973B69E3973C69AD
:10C42000E4973E69E5974069E6974169E797436974
:10C43000E8974469E9974569EA974669EB97476940
:10C44000EC974869ED974969EE974A69EF974B6910
:10C45000F0974C69F1974D69F2974E69F3974F69E0
:10C46000F4975069F5975169F6975269F7975369B0
:10C47000F8975569F9975669FA975869FB9759697A
:10C48000FC975B69FD975C69FE975F6940986169FD
:10C4900041986269429864694398656944986769FC
:10C4A000459868694698696947986A6948986C69C7
:10C4B00049986D694A986F694B9870694C98726990
:10C4C0004D9873694E9874694F987569509876695C
:10C4D00051987A6952987B6953987D6954987E691E
:10C4E00055987F69569881695798836958988569E6
:10C4F00059988A695A988B695B988C695C988E699F
:10C500005D988F695E9890695F989169609892696B
:10C510006198936962989669639897696498996934
:10C5200065989A6966989D6967989E6968989F69F9
:10C530006998A0696A98A1696B98A2696C98A369C7
:10C540006D98A4696E98A5696F98A6697098A96995
:10C550007198AA697298AC697398AE697498AF695A
:10C560007598B0697698B2697798B3697898B56923
:10C570007998B6697A98B8697B98B9697C98BA69EC
:10C580007D98BC697E98BD698098BE698198BF69B5
:10C590008298C0698398C2698498C3698598C46980
:10C5A0008698C5698798C6698898C7698998C8694F
:10C5B0008A98C9698B98CB698C98CD698D98CF6919
:10C5C0008E98D1698F98D2699098D3699198D569DE
:10C5D0009298D6699398D7699498D8699598D969AB
:10C5E0009698DA699798DC699898DD699998DE6978
:10C5F0009A98E1699B98E2699C98E3699D98E4693F
:10C600009E98E5699F98E669A098E769A198E8690E
:10C61000A298E969A398EA69A498EB69A598EC69DE
:10C62000A698EE69A798EF69A898F069A998F169AA
:10C63000AA98F369AB98F469AC98F569AD98F66976
:10C64000AE98F769AF98F869B098F969B198FA6946
:10C65000B298FB69B398FC69B498FE69B598006A12
:10C66000B698016AB798026AB898036AB998046ADA
:10C67000BA98056ABB98066ABC98076ABD98086AAA
:10C68000BE98096ABF980B6AC0980C6AC1980D6A77
:10C69000C2980E6AC3980F6AC498106AC598116A46
:10C6A000C698126AC798136AC898146AC998156A16
:10C6B000CA98166ACB98196ACC981A6ACD981B6AE0
:10C6C000CE981C6ACF981D6AD0981E6AD198206AAD
:10C6D000D298226AD398236AD498246AD598256A76
:10C6E000D698266AD798276AD898296AD9982B6A43
:10C6F000DA982C6ADB982D6ADC982E6ADD98306A0D
:10C70000DE98326ADF98336AE098346AE198366AD4
:10C71000E298376AE398386AE498396AE5983A6AA1
:10C72000E6983B6AE7983C6AE8983F6AE998406A6D
:10C73000EA98416AEB98426AEC98436AED98456A38
:10C74000EE98466AEF98486AF098496AF1984A6A02
:10C75000F2984B6AF3984C6AF4984D6AF5984E6AD1
:10C76000F6984F6AF798516AF898526AF998536A9E
:10C77000FA98546AFB98556AFC98566AFD98576A6D
:10C78000FE985A6A40995C6A41995D6A42995E6A6C
:10C7900043995F6A4499606A4599626A4699636AF7
:10C7A0004799646A4899666A4999676A4A99686AC2
:10C7B0004B99696A4C996A6A4D996B6A4E996C6A91
:10C7C0004F996D6A50996E6A51996F6A5299706A61
:10C7D0005399726A5499736A5599746A5699756A2D
:10C7E0005799766A5899776A5999786A5A997A6AFC
:10C7F0005B997B6A5C997D6A5D997E6A5E997F6AC6
:10C800005F99816A6099826A6199836A6299856A8F
:10C810006399866A6499876A6599886A6699896A5C
:10C8200067998A6A68998B6A69998C6A6A998D6A2C
:10C830006B998F6A6C99926A6D99936A6E99946AF2
:10C840006F99956A7099966A7199986A7299996ABE
:10C8500073999A6A74999B6A75999C6A76999D6A8C
:10C8600077999E6A78999F6A7999A16A7A99A26A5A
:10C870007B99A36A7C99A46A7D99A56A7E99A66A28
:10C880008099A76A8199A86A8299AA6A8399AD6AF0
:10C890008499AE6A8599AF6A8699B06A8799B16AB8
:10C8A0008899B26A8999B36A8A99B46A8B99B56A88
:10C8B0008C99B66A8D99B76A8E99B86A8F99B96A58
:10C8C0009099BA6A9199BB6A9299BC6A9399BD6A28
:10C8D0009499BE6A9599BF6A9699C06A9799C16AF8
:10C8E0009899C26A9999C36A9A99C46A9B99C56AC8
:10C8F0009C99C66A9D99C76A9E99C86A9F99C96A98
:10C90000A099CA6AA199CB6AA299CC6AA399CD6A67
:10C91000A499CE6AA599CF6AA699D06AA799D16A37
:10C92000A899D26AA999D36AAA99D46AAB99D56A07
:10C93000AC99D66AAD99D76AAE99D86AAF99D96AD7
:10C94000B099DA6AB199DB6AB299DC6AB399DD6AA7
:10C95000B499DE6AB599DF6AB699E06AB799E16A77
:10C96000B899E26AB999E36ABA99E46ABB99E56A47
:10C97000BC99E66ABD99E76ABE99E86ABF99E96A17
:10C98000C099EA6AC199EB6AC299EC6AC399ED6AE7
:10C99000C499EE6AC599EF6AC699F06AC799F16AB7
:10C9A000C899F26AC999F36ACA99F46ACB99F56A87
:10C9B000CC99F66ACD99F76ACE99F86ACF99F96A57
:10C9C000D099FA6AD199FB6AD299FC6AD399FD6A27
:10C9D000D499FE6AD599FF6AD699006BD799016BF5
:10C9E000D899026BD999036BDA99046BDB99056BC3
:10C9F000DC99066BDD99076BDE99086BDF99096B93
:10CA0000E0990A6BE1990B6BE2990C6BE3990D6B62
:10CA1000E4990E6BE5990F6BE699106BE799116B32
:10CA2000E899126BE999136BEA99146BEB99156B02
:10CA3000EC99166BED99176BEE99186BEF99196BD2
:10CA4000F0991A6BF1991B6BF2991C6BF3991D6BA2
:10CA5000F4991E6BF5991F6BF699256BF799266B68
:10CA6000F899286BF999296BFA992A6BFB992B6B2A
:10CA7000FC992C6BFD992D6BFE992E6B409A2F6BB8
:10CA8000419A306B429A316B439A336B449A346BC0
:10CA9000459A356B469A366B479A386B489A3B6B8A
:10CAA000499A3C6B4A9A3D6B4B9A3F6B4C9A406B50
:10CAB0004D9A416B4E9A426B4F9A446B509A456B1C
:10CAC000519A486B529A4A6B539A4B6B549A4D6BDE
:10CAD000559A4E6B569A4F6B579A506B589A516BAA
:10CAE000599A526B5A9A536B5B9A546B5C9A556B7A
:10CAF0005D9A566B5E9A576B5F9A586B609A5A6B49
:10CB0000619A5B6B629A5C6B639A5D6B649A5E6B15
:10CB1000659A5F6B669A606B679A616B689A686BDF
:10CB2000699A696B6A9A6B6B6B9A6C6B6C9A6D6B9A
:10CB30006D9A6E6B6E9A6F6B6F9A706B709A716B69
:10CB4000719A726B729A736B739A746B749A756B39
:10CB5000759A766B769A776B779A786B789A7A6B08
:10CB6000799A7D6B7A9A7E6B7B9A7F6B7C9A806BCD
:10CB70007D9A856B7E9A886B809A8C6B819A8E6B7E
:10CB8000829A8F6B839A906B849A916B859A946B3F
:10CB9000869A956B879A976B889A986B899A996B06
:10CBA0008A9A9C6B8B9A9D6B8C9A9E6B8D9A9F6BCD
:10CBB0008E9AA06B8F9AA26B909AA36B919AA46B9A
:10CBC000929AA56B939AA66B949AA76B959AA86B69
:10CBD000969AA96B979AAB6B989AAC6B999AAD6B36
:10CBE0009A9AAE6B9B9AAF6B9C9AB06B9D9AB16B05
:10CBF0009E9AB26B9F9AB66BA09AB86BA19AB96BCA
:10CC0000A29ABA6BA39ABB6BA49ABC6BA59ABD6B94
:10CC1000A69ABE6BA79AC06BA89AC36BA99AC46B5D
:10CC2000AA9AC66BAB9AC76BAC9AC86BAD9AC96B24
:10CC3000AE9ACA6BAF9ACC6BB09ACE6BB19AD06BEE
:10CC4000B29AD16BB39AD86BB49ADA6BB59ADC6BA3
:10CC5000B69ADD6BB79ADE6BB89ADF6BB99AE06B68
:10CC6000BA9AE26BBB9AE36BBC9AE46BBD9AE56B34
:10CC7000BE9AE66BBF9AE76BC09AE86BC19AE96B04
:10CC8000C29AEC6BC39AED6BC49AEE6BC59AF06BCB
:10CC9000C69AF16BC79AF26BC89AF46BC99AF66B95
:10CCA000CA9AF76BCB9AF86BCC9AFA6BCD9AFB6B5E
:10CCB000CE9AFC6BCF9AFE6BD09AFF6BD19A006C28
:10CCC000D29A016CD39A026CD49A036CD59A046CF4
:10CCD000D69A086CD79A096CD89A0A6CD99A0B6CB8
:10CCE000DA9A0C6CDB9A0E6CDC9A126CDD9A176C7B
:10CCF000DE9A1C6CDF9A1D6CE09A1E6CE19A206C27
:10CD0000E29A236CE39A256CE49A2B6CE59A2C6CDE
:10CD1000E69A2D6CE79A316CE89A336CE99A366C96
:10CD2000EA9A376CEB9A396CEC9A3A6CED9A3B6C58
:10CD3000EE9A3C6CEF9A3E6CF09A3F6CF19A436C21
:10CD4000F29A446CF39A456CF49A486CF59A4B6CE1
:10CD5000F69A4C6CF79A4D6CF89A4E6CF99A4F6CA7
:10CD6000FA9A516CFB9A526CFC9A536CFD9A566C71
:10CD7000FE9A586C409B596C419B5A6C429B626C6A
:10CD8000439B636C449B656C459B666C469B676CE0
:10CD9000479B6B6C489B6C6C499B6D6C4A9B6E6CA3
:10CDA0004B9B6F6C4C9B716C4D9B736C4E9B756C6D
:10CDB0004F9B776C509B786C519B7A6C529B7B6C31
:10CDC000539B7C6C549B7F6C559B806C569B846CF6
:10CDD000579B876C589B8A6C599B8B6C5A9B8D6CAC
:10CDE0005B9B8E6C5C9B916C5D9B926C5E9B956C6F
:10CDF0005F9B966C609B976C619B986C629B9A6C36
:10CE0000639B9C6C649B9D6C659B9E6C669BA06CFD
:10CE1000679BA26C689BA86C699BAC6C6A9BAF6CAF
:10CE20006B9BB06C6C9BB46C6D9BB56C6E9BB66C65
:10CE30006F9BB76C709BBA6C719BC06C729BC16C22
:10CE4000739BC26C749BC36C759BC66C769BC76CE2
:10CE5000779BC86C789BCB6C799BCD6C7A9BCE6CA6
:10CE60007B9BCF6C7C9BD16C7D9BD26C7E9BD86C6A
:10CE7000809BD96C819BDA6C829BDC6C839BDD6C24
:10CE8000849BDF6C859BE46C869BE66C879BE76CE0
:10CE9000889BE96C899BEC6C8A9BED6C8B9BF26C9C
:10CEA0008C9BF46C8D9BF96C8E9BFF6C8F9B006D43
:10CEB000909B026D919B036D929B056D939B066DFC
:10CEC000949B086D959B096D969B0A6D979B0D6DC4
:10CED000989B0F6D999B106D9A9B116D9B9B136D89
:10CEE0009C9B146D9D9B156D9E9B166D9F9B186D55
:10CEF000A09B1C6DA19B1D6DA29B1F6DA39B206D14
:10CF0000A49B216DA59B226DA69B236DA79B246DE1
:10CF1000A89B266DA99B286DAA9B296DAB9B2C6DA8
:10CF2000AC9B2D6DAD9B2F6DAE9B306DAF9B346D6B
:10CF3000B09B366DB19B376DB29B386DB39B3A6D2C
:10CF4000B49B3F6DB59B406DB69B426DB79B446DE6
:10CF5000B89B496DB99B4C6DBA9B506DBB9B556D91
:10CF6000BC9B566DBD9B576DBE9B586DBF9B5B6D4B
:10CF7000C09B5D6DC19B5F6DC29B616DC39B626D0C
:10CF8000C49B646DC59B656DC69B676DC79B686DD3
:10CF9000C89B6B6DC99B6C6DCA9B6D6DCB9B706D97
:10CFA000CC9B716DCD9B726DCE9B736DCF9B756D60
:10CFB000D09B766DD19B796DD29B7A6DD39B7B6D27
:10CFC000D49B7D6DD59B7E6DD69B7F6DD79B806DF1
:10CFD000D89B816DD99B836DDA9B846DDB9B866DBD
:10CFE000DC9B876DDD9B8A6DDE9B8B6DDF9B8D6D82
:10CFF000E09B8F6DE19B906DE29B926DE39B966D44
:10D00000E49B976DE59B986DE69B996DE79B9A6D08
:10D01000E89B9C6DE99BA26DEA9BA56DEB9BAC6DBB
:10D02000EC9BAD6DED9BB06DEE9BB16DEF9BB36D69
:10D03000F09BB46DF19BB66DF29BB76DF39BB96D30
:10D04000F49BBA6DF59BBB6DF69BBC6DF79BBD6DFC
:10D05000F89BBE6DF99BC16DFA9BC26DFB9BC36DC6
:10D06000FC9BC86DFD9BC96DFE9BCA6D409CCD6D40
:10D07000419CCE6D429CCF6D439CD06D449CD26D43
:10D08000459CD36D469CD46D479CD56D489CD76D0F
:10D09000499CDA6D4A9CDB6D4B9CDC6D4C9CDF6DD2
:10D0A0004D9CE26D4E9CE36D4F9CE56D509CE76D91
:10D0B000519CE86D529CE96D539CEA6D549CED6D5A
:10D0C000559CEF6D569CF06D579CF26D589CF46D1D
:10D0D000599CF56D5A9CF66D5B9CF86D5C9CFA6DE5
:10D0E0005D9CFD6D5E9CFE6D5F9CFF6D609C006EA7
:10D0F000619C016E629C026E639C036E649C046E74
:10D10000659C066E669C076E679C086E689C096E3F
:10D11000699C0B6E6A9C0F6E6B9C126E6C9C136EFE
:10D120006D9C156E6E9C186E6F9C196E709C1B6EBC
:10D13000719C1C6E729C1E6E739C1F6E749C226E82
:10D14000759C266E769C276E779C286E789C2A6E3E
:10D15000799C2C6E7A9C2E6E7B9C306E7C9C316E02
:10D160007D9C336E7E9C356E809C366E819C376EC6
:10D17000829C396E839C3B6E849C3C6E859C3D6E8C
:10D18000869C3E6E879C3F6E889C406E899C416E5B
:10D190008A9C426E8B9C456E8C9C466E8D9C476E25
:10D1A0008E9C486E8F9C496E909C4A6E919C4B6EF3
:10D1B000929C4C6E939C4F6E949C506E959C516EBD
:10D1C000969C526E979C556E989C576E999C596E82
:10D1D0009A9C5A6E9B9C5C6E9C9C5D6E9D9C5E6E48
:10D1E0009E9C606E9F9C616EA09C626EA19C636E13
:10D1F000A29C646EA39C656EA49C666EA59C676EE3
:10D20000A69C686EA79C696EA89C6A6EA99C6C6EB1
:10D21000AA9C6D6EAB9C6F6EAC9C706EAD9C716E7B
:10D22000AE9C726EAF9C736EB09C746EB19C756E4A
:10D23000B29C766EB39C776EB49C786EB59C796E1A
:10D24000B69C7A6EB79C7B6EB89C7C6EB99C7D6EEA
:10D25000BA9C806EBB9C816EBC9C826EBD9C846EB1
:10D26000BE9C876EBF9C886EC09C8A6EC19C8B6E74
:10D27000C29C8C6EC39C8D6EC49C8E6EC59C916E40
:10D28000C69C926EC79C936EC89C946EC99C956E0A
:10D29000CA9C966ECB9C976ECC9C996ECD9C9A6ED8
:10D2A000CE9C9B6ECF9C9D6ED09C9E6ED19CA06EA2
:10D2B000D29CA16ED39CA36ED49CA46ED59CA66E6A
:10D2C000D69CA86ED79CA96ED89CAB6ED99CAC6E30
:10D2D000DA9CAD6EDB9CAE6EDC9CB06EDD9CB36EFA
:10D2E000DE9CB56EDF9CB86EE09CB96EE19CBC6EB6
:10D2F000E29CBE6EE39CBF6EE49CC06EE59CC36E78
:10D30000E69CC46EE79CC56EE89CC66EE99CC86E40
:10D31000EA9CC96EEB9CCA6EEC9CCC6EED9CCD6E0B
:10D32000EE9CCE6EEF9CD06EF09CD26EF19CD66ED1
:10D33000F29CD86EF39CD96EF49CDB6EF59CDC6E8F
:10D34000F69CDD6EF79CE36EF89CE76EF99CEA6E46
:10D35000FA9CEB6EFB9CEC6EFC9CED6EFD9CEE6E05
:10D36000FE9CEF6E409DF06E419DF16E429DF26E0F
:10D37000439DF36E449DF56E459DF66E469DF76E9A
:10D38000479DF86E489DFA6E499DFB6E4A9DFC6E66
:10D390004B9DFD6E4C9DFE6E4D9DFF6E4E9D006F34
:10D3A0004F9D016F509D036F519D046F529D056FFE
:10D3B000539D076F549D086F559D0A6F569D0B6FC7
:10D3C000579D0C6F589D0D6F599D0E6F5A9D106F94
:10D3D0005B9D116F5C9D126F5D9D166F5E9D176F5B
:10D3E0005F9D186F609D196F619D1A6F629D1B6F25
:10D3F000639D1C6F649D1D6F659D1E6F669D1F6FF5
:10D40000679D216F689D226F699D236F6A9D256FBF
:10D410006B9D266F6C9D276F6D9D286F6E9D2C6F89
:10D420006F9D2E6F709D306F719D326F729D346F46
:10D43000739D356F749D376F759D386F769D396F0D
:10D44000779D3A6F789D3B6F799D3C6F7A9D3D6FDC
:10D450007B9D3F6F7C9D406F7D9D416F7E9D426FA8
:10D46000809D436F819D446F829D456F839D486F72
:10D47000849D496F859D4A6F869D4C6F879D4E6F39
:10D48000889D4F6F899D506F8A9D516F8B9D526F04
:10D490008C9D536F8D9D546F8E9D556F8F9D566FD4
:10D4A000909D576F919D596F929D5A6F939D5B6FA1
:10D4B000949D5D6F959D5F6F969D606F979D616F69
:10D4C000989D636F999D646F9A9D656F9B9D676F33
:10D4D0009C9D686F9D9D696F9E9D6A6F9F9D6B6F00
:10D4E000A09D6C6FA19D6F6FA29D706FA39D716FCA
:10D4F000A49D736FA59D756FA69D766FA79D776F91
:10D50000A89D796FA99D7B6FAA9D7D6FAB9D7E6F56
:10D51000AC9D7F6FAD9D806FAE9D816FAF9D826F23
:10D52000B09D836FB19D856FB29D866FB39D876FF0
:10D53000B49D8A6FB59D8B6FB69D8F6FB79D906FB1
:10D54000B89D916FB99D926FBA9D936FBB9D946F7B
:10D55000BC9D956FBD9D966FBE9D976FBF9D986F4B
:10D56000C09D996FC19D9A6FC29D9B6FC39D9D6F1A
:10D57000C49D9E6FC59D9F6FC69DA06FC79DA26FE6
:10D58000C89DA36FC99DA46FCA9DA56FCB9DA66FB3
:10D59000CC9DA86FCD9DA96FCE9DAA6FCF9DAB6F7F
:10D5A000D09DAC6FD19DAD6FD29DAE6FD39DAF6F4F
:10D5B000D49DB06FD59DB16FD69DB26FD79DB46F1E
:10D5C000D89DB56FD99DB76FDA9DB86FDB9DBA6FE7
:10D5D000DC9DBB6FDD9DBC6FDE9DBD6FDF9DBE6FB3
:10D5E000E09DBF6FE19DC16FE29DC36FE39DC46F7E
:10D5F000E49DC56FE59DC66FE69DC76FE79DC86F4B
:10D60000E89DCA6FE99DCB6FEA9DCC6FEB9DCD6F16
:10D61000EC9DCE6FED9DCF6FEE9DD06FEF9DD36FE4
:10D62000F09DD46FF19DD56FF29DD66FF39DD76FAE
:10D63000F49DD86FF59DD96FF69DDA6FF79DDB6F7E
:10D64000F89DDC6FF99DDD6FFA9DDF6FFB9DE26F4A
:10D65000FC9DE36FFD9DE46FFE9DE56F409EE66FD0
:10D66000419EE76F429EE86F439EE96F449EEA6FDA
:10D67000459EEB6F469EEC6F479EED6F489EF06FA8
:10D68000499EF16F4A9EF26F4B9EF36F4C9EF46F72
:10D690004D9EF56F4E9EF66F4F9EF76F509EF86F42
:10D6A000519EF96F529EFA6F539EFB6F549EFC6F12
:10D6B000559EFD6F569EFE6F579EFF6F589E0070E1
:10D6C000599E01705A9E02705B9E03705C9E0470AE
:10D6D0005D9E05705E9E06705F9E0770609E08707E
:10D6E000619E0970629E0A70639E0B70649E0C704E
:10D6F000659E0D70669E0E70679E0F70689E10701E
:10D70000699E12706A9E13706B9E14706C9E1570E9
:10D710006D9E16706E9E17706F9E1870709E1970B9
:10D72000719E1C70729E1D70739E1E70749E1F7081
:10D73000759E2070769E2170779E2270789E247050
:10D74000799E25707A9E26707B9E27707C9E28701D
:10D750007D9E29707E9E2A70809E2B70819E2C70EB
:10D76000829E2D70839E2E70849E2F70859E3070B9
:10D77000869E3170879E3270889E3370899E347089
:10D780008A9E36708B9E37708C9E38708D9E3A7054
:10D790008E9E3B708F9E3C70909E3D70919E3E7021
:10D7A000929E3F70939E4070949E4170959E4270F1
:10D7B000969E4370979E4470989E4570999E4670C1
:10D7C0009A9E47709B9E48709C9E49709D9E4A7091
:10D7D0009E9E4B709F9E4D70A09E4E70A19E50705D
:10D7E000A29E5170A39E5270A49E5370A59E547029
:10D7F000A69E5570A79E5670A89E5770A99E5870F9
:10D80000AA9E5970AB9E5A70AC9E5B70AD9E5C70C8
:10D81000AE9E5D70AF9E5F70B09E6070B19E617095
:10D82000B29E6270B39E6370B49E6470B59E657064
:10D83000B69E6670B79E6770B89E6870B99E697034
:10D84000BA9E6A70BB9E6E70BC9E7170BD9E7270F7
:10D85000BE9E7370BF9E7470C09E7770C19E7970BB
:10D86000C29E7A70C39E7B70C49E7D70C59E81707F
:10D87000C69E8270C79E8370C89E8470C99E867043
:10D88000CA9E8770CB9E8870CC9E8B70CD9E8C700C
:10D89000CE9E8D70CF9E8F70D09E9070D19E9170D5
:10D8A000D29E9370D39E9770D49E9870D59E9A7096
:10D8B000D69E9B70D79E9E70D89E9F70D99EA0705A
:10D8C000DA9EA170DB9EA270DC9EA370DD9EA47028
:10D8D000DE9EA570DF9EA670E09EA770E19EA870F8
:10D8E000E29EA970E39EAA70E49EB070E59EB270BD
:10D8F000E69EB470E79EB570E89EB670E99EBA7079
:10D90000EA9EBE70EB9EBF70EC9EC470ED9EC5702B
:10D91000EE9EC670EF9EC770F09EC970F19ECB70F0
:10D92000F29ECC70F39ECD70F49ECE70F59ECF70BB
:10D93000F69ED070F79ED170F89ED270F99ED3708B
:10D94000FA9ED470FB9ED570FC9ED670FD9ED7705B
:10D95000FE9EDA70409FDC70419FDD70429FDE705A
:10D96000439FE070449FE170459FE270469FE370E3
:10D97000479FE570489FEA70499FEE704A9FF0709C
:10D980004B9FF1704C9FF2704D9FF3704E9FF4705F
:10D990004F9FF570509FF670519FF870529FFA702C
:10D9A000539FFB70549FFC70559FFE70569FFF70F5
:10D9B000579F0071589F0171599F02715A9F0371BF
:10D9C0005B9F04715C9F05715D9F06715E9F07718F
:10D9D0005F9F0871609F0B71619F0C71629F0D7159
:10D9E000639F0E71649F0F71659F1171669F127125
:10D9F000679F1471689F1771699F1B716A9F1C71E3
:10DA00006B9F1D716C9F1E716D9F1F716E9F2071AA
:10DA10006F9F2171709F2271719F2371729F24717A
:10DA2000739F2571749F2771759F2871769F297147
:10DA3000779F2A71789F2B71799F2C717A9F2D7116
:10DA40007B9F2E717C9F32717D9F33717E9F3471DD
:10DA5000809F3571819F3771829F3871839F3971A3
:10DA6000849F3A71859F3B71869F3C71879F3D7172
:10DA7000889F3E71899F3F718A9F40718B9F417142
:10DA80008C9F42718D9F43718E9F44718F9F467111
:10DA9000909F4771919F4871929F4971939F4B71DD
:10DAA000949F4D71959F4F71969F5071979F5171A3
:10DAB000989F5271999F53719A9F54719B9F557172
:10DAC0009C9F56719D9F57719E9F58719F9F597142
:10DAD000A09F5A71A19F5B71A29F5D71A39F5F710F
:10DAE000A49F6071A59F6171A69F6271A79F6371DA
:10DAF000A89F6571A99F6971AA9F6A71AB9F6B719D
:10DB0000AC9F6C71AD9F6D71AE9F6F71AF9F707167
:10DB1000B09F7171B19F7471B29F7571B39F76712F
:10DB2000B49F7771B59F7971B69F7B71B79F7C71F8
:10DB3000B89F7E71B99F7F71BA9F8071BB9F8171C1
:10DB4000BC9F8271BD9F8371BE9F8571BF9F86718F
:10DB5000C09F8771C19F8871C29F8971C39F8B715C
:10DB6000C49F8C71C59F8D71C69F8E71C79F907128
:10DB7000C89F9171C99F9271CA9F9371CB9F9571F4
:10DB8000CC9F9671CD9F9771CE9F9A71CF9F9B71BD
:10DB9000D09F9C71D19F9D71D29F9E71D39FA17187
:10DBA000D49FA271D59FA371D69FA471D79FA57151
:10DBB000D89FA671D99FA771DA9FA971DB9FAA711F
:10DBC000DC9FAB71DD9FAD71DE9FAE71DF9FAF71EA
:10DBD000E09FB071E19FB171E29FB271E39FB471B8
:10DBE000E49FB671E59FB771E69FB871E79FBA7180
:10DBF000E89FBB71E99FBC71EA9FBD71EB9FBE714D
:10DC0000EC9FBF71ED9FC071EE9FC171EF9FC2711C
:10DC1000F09FC471F19FC571F29FC671F39FC771E8
:10DC2000F49FC871F59FC971F69FCA71F79FCB71B8
:10DC3000F89FCC71F99FCD71FA9FCF71FB9FD07186
:10DC4000FC9FD171FD9FD271FE9FD37140A0D67110
:10DC500041A0D77142A0D87143A0D97144A0DA7114
:10DC600045A0DB7146A0DC7147A0DD7148A0DE71E4
:10DC700049A0DF714AA0E1714BA0E2714CA0E371B1
:10DC80004DA0E4714EA0E6714FA0E87150A0E9717B
:10DC900051A0EA7152A0EB7153A0EC7154A0ED7148
:10DCA00055A0EF7156A0F07157A0F17158A0F27114
:10DCB00059A0F3715AA0F4715BA0F5715CA0F671E4
:10DCC0005DA0F7715EA0F8715FA0FA7160A0FB71B2
:10DCD00061A0FC7162A0FD7163A0FE7164A0FF7180
:10DCE00065A0007266A0017267A0027268A003724C
:10DCF00069A004726AA005726BA007726CA008721A
:10DD00006DA009726EA00A726FA00B7270A00C72E7
:10DD100071A00D7272A00E7273A00F7274A01072B7
:10DD200075A0117276A0127277A0137278A0147287
:10DD300079A015727AA016727BA017727CA0187257
:10DD40007DA019727EA01A7280A01B7281A01C7225
:10DD500082A01E7283A01F7284A0207285A02172EF
:10DD600086A0227287A0237288A0247289A02572BF
:10DD70008AA026728BA027728CA029728DA02B728C
:10DD80008EA02D728FA02E7290A02F7291A0327251
:10DD900092A0337293A0347294A03A7295A03C7210
:10DDA00096A03E7297A0407298A0417299A04272CC
:10DDB0009AA043729BA044729CA045729DA046729B
:10DDC0009EA049729FA04A72A0A04B72A1A04E7261
:10DDD000A2A04F72A3A05072A4A05172A5A053722A
:10DDE000A6A05472A7A05572A8A05772A9A05872F5
:10DDF000AAA05A72ABA05C72ACA05E72ADA06072B9
:10DE0000AEA06372AFA06472B0A06572B1A0687278
:10DE1000B2A06A72B3A06B72B4A06C72B5A06D723E
:10DE2000B6A07072B7A07172B8A07372B9A0747204
:10DE3000BAA07672BBA07772BCA07872BDA07B72CC
:10DE4000BEA07C72BFA07D72C0A08272C1A083728E
:10DE5000C2A08572C3A08672C4A08772C5A0887252
:10DE6000C6A08972C7A08C72C8A08E72C9A0907219
:10DE7000CAA09172CBA09372CCA09472CDA09572DF
:10DE8000CEA09672CFA09772D0A09872D1A09972AE
:10DE9000D2A09A72D3A09B72D4A09C72D5A09D727E
:10DEA000D6A09E72D7A0A072D8A0A172D9A0A2724B
:10DEB000DAA0A372DBA0A472DCA0A572DDA0A6721A
:10DEC000DEA0A772DFA0A872E0A0A972E1A0AA72EA
:10DED000E2A0AB72E3A0AE72E4A0B172E5A0B272B0
:10DEE000E6A0B372E7A0B572E8A0BA72E9A0BB726F
:10DEF000EAA0BC72EBA0BD72ECA0BE72EDA0BF7236
:10DF0000EEA0C072EFA0C572F0A0C672F1A0C772F9
:10DF1000F2A0C972F3A0CA72F4A0CB72F5A0CC72C1
:10DF2000F6A0CF72F7A0D172F8A0D372F9A0D47284
:10DF3000FAA0D572FBA0D672FCA0D872FDA0DA724E
:10DF4000FEA0DB72A1A10030A2A10130A3A102308A
:10DF5000A4A1B700A5A1C902A6A1C702A7A1A800B4
:10DF6000A8A10330A9A10530AAA11420ABA15EFF8E
:10DF7000ACA11620ADA12620AEA11820AFA119207A
:10DF8000B0A11C20B1A11D20B2A11430B3A1153045
:10DF9000B4A10830B5A10930B6A10A30B7A10B3041
:10DFA000B8A10C30B9A10D30BAA10E30BBA10F3011
:10DFB000BCA11630BDA11730BEA11030BFA11130D9
:10DFC000C0A1B100C1A1D700C2A1F700C3A13622F0
:10DFD000C4A12722C5A12822C6A11122C7A10F22B0
:10DFE000C8A12A22C9A12922CAA10822CBA137226D
:10DFF000CCA11A22CDA1A522CEA12522CFA12022DB
:10E00000D0A11223D1A19922D2A12B22D3A12E22B9
:10E01000D4A16122D5A14C22D6A14822D7A13D226C
:10E02000D8A11D22D9A16022DAA16E22DBA16F2224
:10E03000DCA16422DDA16522DEA11E22DFA1352242
:10E04000E0A13422E1A14226E2A14026E3A1B000F2
:10E05000E4A13220E5A13320E6A10321E7A104FFDA
:10E06000E8A1A400E9A1E0FFEAA1E1FFEBA13020D3
:10E07000ECA1A700EDA11621EEA10626EFA1052631
:10E08000F0A1CB25F1A1CF25F2A1CE25F3A1C72583
:10E09000F4A1C625F5A1A125F6A1A025F7A1B325D8
:10E0A000F8A1B225F9A13B20FAA19221FBA1902170
:10E0B000FCA19121FDA19321FEA11330A1A2702109
:10E0C000A2A27121A3A27221A4A27321A5A27421EC
:10E0D000A6A27521A7A27621A8A27721A9A27821BC
:10E0E000AAA27921B1A28824B2A28924B3A28A2447
:10E0F000B4A28B24B5A28C24B6A28D24B7A28E2400
:10E10000B8A28F24B9A29024BAA29124BBA29224CF
:10E11000BCA29324BDA29424BEA29524BFA296249F
:10E12000C0A29724C1A29824C2A29924C3A29A246F
:10E13000C4A29B24C5A27424C6A27524C7A27624B7
:10E14000C8A27724C9A27824CAA27924CBA27A24AF
:10E15000CCA27B24CDA27C24CEA27D24CFA27E247F
:10E16000D0A27F24D1A28024D2A28124D3A282244F
:10E17000D4A28324D5A28424D6A28524D7A286241F
:10E18000D8A28724D9A26024DAA26124DBA2622467
:10E19000DCA26324DDA26424DEA26524DFA266245F
:10E1A000E0A26724E1A26824E2A26924E5A2203269
:10E1B000E6A22132E7A22232E8A22332E9A22432E7
:10E1C000EAA22532EBA22632ECA22732EDA22832B7
:10E1D000EEA22932F1A26021F2A26121F3A2622112
:10E1E000F4A26321F5A26421F6A26521F7A26621BB
:10E1F000F8A26721F9A26821FAA26921FBA26A218B
:10E20000FCA26B21A1A301FFA2A302FFA3A303FF12
:10E21000A4A3E5FFA5A305FFA6A306FFA7A307FFE9
:10E22000A8A308FFA9A309FFAAA30AFFABA30BFF9A
:10E23000ACA30CFFADA30DFFAEA30EFFAFA30FFF6A
:10E24000B0A310FFB1A311FFB2A312FFB3A313FF3A
:10E25000B4A314FFB5A315FFB6A316FFB7A317FF0A
:10E26000B8A318FFB9A319FFBAA31AFFBBA31BFFDA
:10E27000BCA31CFFBDA31DFFBEA31EFFBFA31FFFAA
:10E28000C0A320FFC1A321FFC2A322FFC3A323FF7A
:10E29000C4A324FFC5A325FFC6A326FFC7A327FF4A
:10E2A000C8A328FFC9A329FFCAA32AFFCBA32BFF1A
:10E2B000CCA32CFFCDA32DFFCEA32EFFCFA32FFFEA
:10E2C000D0A330FFD1A331FFD2A332FFD3A333FFBA
:10E2D000D4A334FFD5A335FFD6A336FFD7A337FF8A
:10E2E000D8A338FFD9A339FFDAA33AFFDBA33BFF5A
:10E2F000DCA33CFFDDA33DFFDEA33EFFDFA33FFF2A
:10E30000E0A340FFE1A341FFE2A342FFE3A343FFF9
:10E31000E4A344FFE5A345FFE6A346FFE7A347FFC9
:10E32000E8A348FFE9A349FFEAA34AFFEBA34BFF99
:10E33000ECA34CFFEDA34DFFEEA34EFFEFA34FFF69
:10E34000F0A350FFF1A351FFF2A352FFF3A353FF39
:10E35000F4A354FFF5A355FFF6A356FFF7A357FF09
:10E36000F8A358FFF9A359FFFAA35AFFFBA35BFFD9
:10E37000FCA35CFFFDA35DFFFEA3E3FFA1A441306E
:10E38000A2A44230A3A44330A4A44430A5A44530A1
:10E39000A6A44630A7A44730A8A44830A9A4493071
:10E3A000AAA44A30ABA44B30ACA44C30ADA44D3041
:10E3B000AEA44E30AFA44F30B0A45030B1A4513011
:10E3C000B2A45230B3A45330B4A45430B5A45530E1
:10E3D000B6A45630B7A45730B8A45830B9A45930B1
:10E3E000BAA45A30BBA45B30BCA45C30BDA45D3081
:10E3F000BEA45E30BFA45F30C0A46030C1A4613051
:10E40000C2A46230C3A46330C4A46430C5A4653020
:10E41000C6A46630C7A46730C8A46830C9A46930F0
:10E42000CAA46A30CBA46B30CCA46C30CDA46D30C0
:10E43000CEA46E30CFA46F30D0A47030D1A4713090
:10E44000D2A47230D3A47330D4A47430D5A4753060
:10E45000D6A47630D7A47730D8A47830D9A4793030
:10E46000DAA47A30DBA47B30DCA47C30DDA47D3000
:10E47000DEA47E30DFA47F30E0A48030E1A48130D0
:10E48000E2A48230E3A48330E4A48430E5A48530A0
:10E49000E6A48630E7A48730E8A48830E9A4893070
:10E4A000EAA48A30EBA48B30ECA48C30EDA48D3040
:10E4B000EEA48E30EFA48F30F0A49030F1A4913010
:10E4C000F2A49230F3A49330A1A5A130A2A5A2306A
:10E4D000A3A5A330A4A5A430A5A5A530A6A5A630C4
:10E4E000A7A5A730A8A5A830A9A5A930AAA5AA3094
:10E4F000ABA5AB30ACA5AC30ADA5AD30AEA5AE3064
:10E50000AFA5AF30B0A5B030B1A5B130B2A5B23033
:10E51000B3A5B330B4A5B430B5A5B530B6A5B63003
:10E52000B7A5B730B8A5B830B9A5B930BAA5BA30D3
:10E53000BBA5BB30BCA5BC30BDA5BD30BEA5BE30A3
:10E54000BFA5BF30C0A5C030C1A5C130C2A5C23073
:10E55000C3A5C330C4A5C430C5A5C530C6A5C63043
:10E56000C7A5C730C8A5C830C9A5C930CAA5CA3013
:10E57000CBA5CB30CCA5CC30CDA5CD30CEA5CE30E3
:10E58000CFA5CF30D0A5D030D1A5D130D2A5D230B3
:10E59000D3A5D330D4A5D430D5A5D530D6A5D63083
:10E5A000D7A5D730D8A5D830D9A5D930DAA5DA3053
:10E5B000DBA5DB30DCA5DC30DDA5DD30DEA5DE3023
:10E5C000DFA5DF30E0A5E030E1A5E130E2A5E230F3
:10E5D000E3A5E330E4A5E430E5A5E530E6A5E630C3
:10E5E000E7A5E730E8A5E830E9A5E930EAA5EA3093
:10E5F000EBA5EB30ECA5EC30EDA5ED30EEA5EE3063
:10E60000EFA5EF30F0A5F030F1A5F130F2A5F23032
:10E61000F3A5F330F4A5F430F5A5F530F6A5F63002
:10E62000A1A69103A2A69203A3A69303A4A6940372
:10E63000A5A69503A6A69603A7A69703A8A6980342
:10E64000A9A69903AAA69A03ABA69B03ACA69C0312
:10E65000ADA69D03AEA69E03AFA69F03B0A6A003E2
:10E66000B1A6A103B2A6A303B3A6A403B4A6A503AF
:10E67000B5A6A603B6A6A703B7A6A803B8A6A9037E
:10E68000C1A6B103C2A6B203C3A6B303C4A6B40312
:10E69000C5A6B503C6A6B603C7A6B703C8A6B803E2
:10E6A000C9A6B903CAA6BA03CBA6BB03CCA6BC03B2
:10E6B000CDA6BD03CEA6BE03CFA6BF03D0A6C00382
:10E6C000D1A6C103D2A6C303D3A6C403D4A6C5034F
:10E6D000D5A6C603D6A6C703D7A6C803D8A6C9031E
:10E6E000E0A635FEE1A636FEE2A639FEE3A63AFE36
:10E6F000E4A63FFEE5A640FEE6A63DFEE7A63EFEFA
:10E70000E8A641FEE9A642FEEAA643FEEBA644FEC9
:10E71000EEA63BFEEFA63CFEF0A637FEF1A638FEC5
:10E72000F2A631FEF4A633FEF5A634FEA1A710042E
:10E73000A2A71104A3A71204A4A71304A5A7140455
:10E74000A6A71504A7A70104A8A71604A9A717043C
:10E75000AAA71804ABA71904ACA71A04ADA71B04F9
:10E76000AEA71C04AFA71D04B0A71E04B1A71F04C9
:10E77000B2A72004B3A72104B4A72204B5A7230499
:10E78000B6A72404B7A72504B8A72604B9A7270469
:10E79000BAA72804BBA72904BCA72A04BDA72B0439
:10E7A000BEA72C04BFA72D04C0A72E04C1A72F0409
:10E7B000D1A73004D2A73104D3A73204D4A733049D
:10E7C000D5A73404D6A73504D7A75104D8A7360453
:10E7D000D9A73704DAA73804DBA73904DCA73A0441
:10E7E000DDA73B04DEA73C04DFA73D04E0A73E0411
:10E7F000E1A73F04E2A74004E3A74104E4A74204E1
:10E80000E5A74304E6A74404E7A74504E8A74604B0
:10E81000E9A74704EAA74804EBA74904ECA74A0480
:10E82000EDA74B04EEA74C04EFA74D04F0A74E0450
:10E83000F1A74F0440A8CA0241A8CB0242A8D902BE
:10E8400043A8132044A8152045A8252046A8352014
:10E8500047A8052148A8092149A896214AA8972137
:10E860004BA898214CA899214DA815224EA81F22EB
:10E870004FA8232250A8522251A8662252A86722EC
:10E8800053A8BF2254A8502555A8512556A8522553
:10E8900057A8532558A8542559A855255AA8562590
:10E8A0005BA857255CA858255DA859255EA85A2560
:10E8B0005FA85B2560A85C2561A85D2562A85E2530
:10E8C00063A85F2564A8602565A8612566A8622500
:10E8D00067A8632568A8642569A865256AA86625D0
:10E8E0006BA867256CA868256DA869256EA86A25A0
:10E8F0006FA86B2570A86C2571A86D2572A86E2570
:10E9000073A86F2574A8702575A8712576A872253F
:10E9100077A8732578A8812579A882257AA88325E8
:10E920007BA884257CA885257DA886257EA88725AB
:10E9300080A8882581A8892582A88A2583A88B2577
:10E9400084A88C2585A88D2586A88E2587A88F2547
:10E9500088A8932589A894258AA895258BA8BC25E5
:10E960008CA8BD258DA8E2258EA8E3258FA8E425D7
:10E9700090A8E52591A8092692A8952293A812307F
:10E9800094A81D3095A81E30A1A80101A2A8E100FD
:10E99000A3A8CE01A4A8E000A5A81301A6A8E90099
:10E9A000A7A81B01A8A8E800A9A82B01AAA8ED0008
:10E9B000ABA8D001ACA8EC00ADA84D01AEA8F30007
:10E9C000AFA8D201B0A8F200B1A86B01B2A8FA00BA
:10E9D000B3A8D401B4A8F900B5A8D601B6A8D80147
:10E9E000B7A8DA01B8A8DC01B9A8FC00BAA8EA0007
:10E9F000BBA85102BDA84401BEA84801C0A861023D
:10EA0000C5A80531C6A80631C7A80731C8A808316E
:10EA1000C9A80931CAA80A31CBA80B31CCA80C313E
:10EA2000CDA80D31CEA80E31CFA80F31D0A810310E
:10EA3000D1A81131D2A81231D3A81331D4A81431DE
:10EA4000D5A81531D6A81631D7A81731D8A81831AE
:10EA5000D9A81931DAA81A31DBA81B31DCA81C317E
:10EA6000DDA81D31DEA81E31DFA81F31E0A820314E
:10EA7000E1A82131E2A82231E3A82331E4A824311E
:10EA8000E5A82531E6A82631E7A82731E8A82831EE
:10EA9000E9A8293140A9213041A9223042A92330D7
:10EAA00043A9243044A9253045A9263046A927305A
:10EAB00047A9283048A9293049A9A3324AA98E3349
:10EAC0004BA98F334CA99C334DA99D334EA99E333E
:10EAD0004FA9A13350A9C43351A9CE3352A9D13380
:10EAE00053A9D23354A9D53355A930FE56A9E2FF14
:10EAF00057A9E4FF59A921215AA931325CA9102054
:10EB000060A9FC3061A99B3062A99C3063A9FD30EB
:10EB100064A9FE3065A9063066A99D3067A99E30BC
:10EB200068A949FE69A94AFE6AA94BFE6BA94CFE79
:10EB30006CA94DFE6DA94EFE6EA94FFE6FA950FE49
:10EB400070A951FE71A952FE72A954FE73A955FE17
:10EB500074A956FE75A957FE76A959FE77A95AFEE3
:10EB600078A95BFE79A95CFE7AA95DFE7BA95EFEB1
:10EB70007CA95FFE7DA960FE7EA961FE80A962FE80
:10EB800081A963FE82A964FE83A965FE84A966FE4D
:10EB900085A968FE86A969FE87A96AFE88A96BFE19
:10EBA00096A90730A4A90025A5A90125A6A9022593
:10EBB000A7A90325A8A90425A9A90525AAA9062569
:10EBC000ABA90725ACA90825ADA90925AEA90A2539
:10EBD000AFA90B25B0A90C25B1A90D25B2A90E2509
:10EBE000B3A90F25B4A91025B5A91125B6A91225D9
:10EBF000B7A91325B8A91425B9A91525BAA91625A9
:10EC0000BBA91725BCA91825BDA91925BEA91A2578
:10EC1000BFA91B25C0A91C25C1A91D25C2A91E2548
:10EC2000C3A91F25C4A92025C5A92125C6A9222518
:10EC3000C7A92325C8A92425C9A92525CAA92625E8
:10EC4000CBA92725CCA92825CDA92925CEA92A25B8
:10EC5000CFA92B25D0A92C25D1A92D25D2A92E2588
:10EC6000D3A92F25D4A93025D5A93125D6A9322558
:10EC7000D7A93325D8A93425D9A93525DAA9362528
:10EC8000DBA93725DCA93825DDA93925DEA93A25F8
:10EC9000DFA93B25E0A93C25E1A93D25E2A93E25C8
:10ECA000E3A93F25E4A94025E5A94125E6A9422598
:10ECB000E7A94325E8A94425E9A94525EAA9462568
:10ECC000EBA94725ECA94825EDA94925EEA94A2538
:10ECD000EFA94B2540AADC7241AADD7242AADF727D
:10ECE00043AAE27244AAE37245AAE47246AAE57214
:10ECF00047AAE67248AAE77249AAEA724AAAEB72E0
:10ED00004BAAF5724CAAF6724DAAF9724EAAFD7280
:10ED10004FAAFE7250AAFF7251AA007352AA027340
:10ED200053AA047354AA057355AA067356AA077307
:10ED300057AA087358AA097359AA0B735AAA0C73D5
:10ED40005BAA0D735CAA0F735DAA10735EAA1173A0
:10ED50005FAA127360AA147361AA187362AA197366
:10ED600063AA1A7364AA1F7365AA207366AA237321
:10ED700067AA247368AA267369AA27736AAA2873E4
:10ED80006BAA2D736CAA2F736DAA30736EAA32739F
:10ED90006FAA337370AA357371AA367372AA3A7365
:10EDA00073AA3B7374AA3C7375AA3D7376AA407329
:10EDB00077AA417378AA427379AA43737AAA4473F3
:10EDC0007BAA45737CAA46737DAA47737EAA4873C3
:10EDD00080AA497381AA4A7382AA4B7383AA4C738F
:10EDE00084AA4E7385AA4F7386AA517387AA537358
:10EDF00088AA547389AA55738AAA56738BAA587322
:10EE00008CAA59738DAA5A738EAA5B738FAA5C73EE
:10EE100090AA5D7391AA5E7392AA5F7393AA6173BD
:10EE200094AA627395AA637396AA647397AA65738A
:10EE300098AA667399AA67739AAA68739BAA69735A
:10EE40009CAA6A739DAA6B739EAA6E739FAA707325
:10EE5000A0AA717340AB727341AB737342AB74730E
:10EE600043AB757344AB767345AB777346AB78733E
:10EE700047AB797348AB7A7349AB7B734AAB7C730E
:10EE80004BAB7D734CAB7F734DAB80734EAB8173DB
:10EE90004FAB827350AB837351AB857352AB8673A8
:10EEA00053AB887354AB8A7355AB8C7356AB8D736D
:10EEB00057AB8F7358AB907359AB92735AAB937334
:10EEC0005BAB94735CAB95735DAB97735EAB987300
:10EED0005FAB997360AB9A7361AB9C7362AB9D73CC
:10EEE00063AB9E7364ABA07365ABA17366ABA37396
:10EEF00067ABA47368ABA57369ABA6736AABA77362
:10EF00006BABA8736CABAA736DABAC736EABAD732C
:10EF10006FABB17370ABB47371ABB57372ABB673E7
:10EF200073ABB87374ABB97375ABBC7376ABBD73AD
:10EF300077ABBE7378ABBF7379ABC1737AABC37376
:10EF40007BABC4737CABC5737DABC6737EABC77341
:10EF500080ABCB7381ABCC7382ABCE7383ABD273FC
:10EF600084ABD37385ABD47386ABD57387ABD673C1
:10EF700088ABD77389ABD8738AABDA738BABDB738F
:10EF80008CABDC738DABDD738EABDF738FABE1735A
:10EF900090ABE27391ABE37392ABE47393ABE67324
:10EFA00094ABE87395ABEA7396ABEB7397ABEC73EA
:10EFB00098ABEE7399ABEF739AABF0739BABF173B5
:10EFC0009CABF3739DABF4739EABF5739FABF67381
:10EFD000A0ABF77340ACF87341ACF97342ACFA7371
:10EFE00043ACFB7344ACFC7345ACFD7346ACFE73A1
:10EFF00047ACFF7348AC007449AC01744AAC02746E
:10F000004BAC04744CAC07744DAC08744EAC0B7430
:10F010004FAC0C7450AC0D7451AC0E7452AC1174F6
:10F0200053AC127454AC137455AC147456AC1574C0
:10F0300057AC167458AC177459AC18745AAC197490
:10F040005BAC1C745CAC1D745DAC1E745EAC1F7458
:10F050005FAC207460AC217461AC237462AC247426
:10F0600063AC277464AC297465AC2B7466AC2D74E6
:10F0700067AC2F7468AC317469AC32746AAC3774A5
:10F080006BAC38746CAC39746DAC3A746EAC3B7468
:10F090006FAC3D7470AC3E7471AC3F7472AC407434
:10F0A00073AC427474AC437475AC447476AC457400
:10F0B00077AC467478AC477479AC48747AAC4974D0
:10F0C0007BAC4A747CAC4B747DAC4C747EAC4D74A0
:10F0D00080AC4E7481AC4F7482AC507483AC51746C
:10F0E00084AC527485AC537486AC547487AC56743B
:10F0F00088AC587489AC5D748AAC60748BAC6174F4
:10F100008CAC62748DAC63748EAC64748FAC6574BB
:10F1100090AC667491AC677492AC687493AC69748B
:10F1200094AC6A7495AC6B7496AC6C7497AC6E745A
:10F1300098AC6F7499AC71749AAC72749BAC737424
:10F140009CAC74749DAC75749EAC78749FAC7974EF
:10F15000A0AC7A7440AD7B7441AD7C7442AD7D74DB
:10F1600043AD7F7444AD827445AD847446AD8574FF
:10F1700047AD867448AD887449AD89744AAD8A74C8
:10F180004BAD8C744CAD8D744DAD8F744EAD917490
:10F190004FAD927450AD937451AD947452AD95745B
:10F1A00053AD967454AD977455AD987456AD99742B
:10F1B00057AD9A7458AD9B7459AD9D745AAD9F74F8
:10F1C0005BADA0745CADA1745DADA2745EADA374C3
:10F1D0005FADA47460ADA57461ADA67462ADAA7490
:10F1E00063ADAB7464ADAC7465ADAD7466ADAE7457
:10F1F00067ADAF7468ADB07469ADB1746AADB27427
:10F200006BADB3746CADB4746DADB5746EADB674F6
:10F210006FADB77470ADB87471ADB97472ADBB74C5
:10F2200073ADBC7474ADBD7475ADBE7476ADBF7492
:10F2300077ADC07478ADC17479ADC2747AADC37462
:10F240007BADC4747CADC5747DADC6747EADC77432
:10F2500080ADC87481ADC97482ADCA7483ADCB74FE
:10F2600084ADCC7485ADCD7486ADCE7487ADCF74CE
:10F2700088ADD07489ADD1748AADD3748BADD4749C
:10F280008CADD5748DADD6748EADD7748FADD8746A
:10F2900090ADD97491ADDA7492ADDB7493ADDD7439
:10F2A00094ADDF7495ADE17496ADE57497ADE774F8
:10F2B00098ADE87499ADE9749AADEA749BADEB74BE
:10F2C0009CADEC749DADED749EADF0749FADF1748A
:10F2D000A0ADF27440AEF37441AEF57442AEF87472
:10F2E00043AEF97444AEFA7445AEFB7446AEFC749A
:10F2F00047AEFD7448AEFE7449AE00754AAE017566
:10F300004BAE02754CAE03754DAE05754EAE06752F
:10F310004FAE077550AE087551AE097552AE0A75FD
:10F3200053AE0B7554AE0C7555AE0E7556AE1075CA
:10F3300057AE127558AE147559AE15755AAE16758E
:10F340005BAE17755CAE1B755DAE1D755EAE1E7552
:10F350005FAE207560AE217561AE227562AE237519
:10F3600063AE247564AE267565AE277566AE2A75E4
:10F3700067AE2E7568AE347569AE36756AAE39758E
:10F380006BAE3C756CAE3D756DAE3F756EAE417546
:10F390006FAE427570AE437571AE447572AE467510
:10F3A00073AE477574AE497575AE4A7576AE4D75D8
:10F3B00077AE507578AE517579AE52757AAE537599
:10F3C0007BAE55757CAE56757DAE57757EAE587565
:10F3D00080AE5D7581AE5E7582AE5F7583AE607521
:10F3E00084AE617585AE627586AE637587AE6475F1
:10F3F00088AE677589AE68758AAE69758BAE6B75B8
:10F400008CAE6C758DAE6D758EAE6E758FAE6F7584
:10F4100090AE707591AE717592AE737593AE757551
:10F4200094AE767595AE777596AE7A7597AE7B7518
:10F4300098AE7C7599AE7D759AAE7E759BAE8075E3
:10F440009CAE81759DAE82759EAE84759FAE8575AE
:10F45000A0AE877540AF887541AF897542AF8A7598
:10F4600043AF8C7544AF8D7545AF8E7546AF9075C3
:10F4700047AF937548AF957549AF98754AAF9B757F
:10F480004BAF9C754CAF9E754DAFA2754EAFA67538
:10F490004FAFA77550AFA87551AFA97552AFAA75F8
:10F4A00053AFAD7554AFB67555AFB77556AFBA75A6
:10F4B00057AFBB7558AFBF7559AFC0755AAFC1755F
:10F4C0005BAFC6755CAFCB755DAFCC755EAFCE750F
:10F4D0005FAFCF7560AFD07561AFD17562AFD375D7
:10F4E00063AFD77564AFD97565AFDA7566AFDC7594
:10F4F00067AFDD7568AFDF7569AFE0756AAFE1755D
:10F500006BAFE5756CAFE9756DAFEC756EAFED7512
:10F510006FAFEE7570AFEF7571AFF27572AFF375D7
:10F5200073AFF57574AFF67575AFF77576AFF8759F
:10F5300077AFFA7578AFFB7579AFFD757AAFFE7569
:10F540007BAF02767CAF04767DAF06767EAF077622
:10F5500080AF087681AF097682AF0B7683AF0D76E8
:10F5600084AF0E7685AF0F7686AF117687AF1276B1
:10F5700088AF137689AF14768AAF16768BAF1A767A
:10F580008CAF1C768DAF1D768EAF1E768FAF217639
:10F5900090AF237691AF277692AF287693AF2C76F3
:10F5A00094AF2E7695AF2F7696AF317697AF3276B1
:10F5B00098AF367699AF37769AAF39769BAF3A7671
:10F5C0009CAF3B769DAF3D769EAF41769FAF427636
:10F5D000A0AF447640B0457641B0467642B047761B
:10F5E00043B0487644B0497645B04A7646B04B764B
:10F5F00047B04E7648B04F7649B050764AB0517613
:10F600004BB052764CB053764DB055764EB05776DF
:10F610004FB0587650B0597651B05A7652B05B76AA
:10F6200053B05D7654B05F7655B0607656B0617673
:10F6300057B0627658B0647659B065765AB066763F
:10F640005BB067765CB068765DB069765EB06A760E
:10F650005FB06C7660B06D7661B06E7662B07076D9
:10F6600063B0717664B0727665B0737666B07476A6
:10F6700067B0757668B0767669B077766AB0797675
:10F680006BB07A766CB07C766DB07F766EB080763B
:10F690006FB0817670B0837671B0857672B08976FE
:10F6A00073B08A7674B08C7675B08D7676B08F76BE
:10F6B00077B0907678B0927679B094767AB0957685
:10F6C0007BB097767CB098767DB09A767EB09B764C
:10F6D00080B09C7681B09D7682B09E7683B09F7616
:10F6E00084B0A07685B0A17686B0A27687B0A376E6
:10F6F00088B0A57689B0A6768AB0A7768BB0A876B2
:10F700008CB0A9768DB0AA768EB0AB768FB0AC7681
:10F7100090B0AD7691B0AF7692B0B07693B0B3764C
:10F7200094B0B57695B0B67696B0B77697B0B87611
:10F7300098B0B97699B0BA769AB0BB769BB0BC76E1
:10F740009CB0BD769DB0BE769EB0C0769FB0C176AF
:10F75000A0B0C376A1B04A55A2B03F96A3B0C3579C
:10F76000A4B02863A5B0CE54A6B00955A7B0C05424
:10F77000A8B09176A9B04C76AAB03C85ABB0EE7734
:10F78000ACB07E82ADB08D78AEB03172AFB098962D
:10F79000B0B08D97B1B0286CB2B0895BB3B0FA4FFE
:10F7A000B4B00963B5B09766B6B0B85CB7B0FA80CC
:10F7B000B8B04868B9B0AE80BAB00266BBB0CE7619
:10F7C000BCB0F951BDB05665BEB0AC71BFB0F17FF1
:10F7D000C0B08488C1B0B250C2B06559C3B0CA616C
:10F7E000C4B0B36FC5B0AD82C6B04C63C7B052628F
:10F7F000C8B0ED53C9B02754CAB0067BCBB06B512B
:10F80000CCB0A475CDB0F45DCEB0D462CFB0CB8D0A
:10F81000D0B07697D1B08A62D2B01980D3B05D579C
:10F82000D4B03897D5B0627FD6B03872D7B07D7675
:10F83000D8B0CF67D9B07E76DAB04664DBB0704F0F
:10F84000DCB0258DDDB0DC62DEB0177ADFB091650B
:10F85000E0B0ED73E1B02C64E2B07362E3B02C82EF
:10F86000E4B08198E5B07F67E6B04872E7B06E62B9
:10F87000E8B0CC62E9B0344FEAB0E374EBB04A537D
:10F88000ECB09E52EDB0CA7EEEB0A690EFB02E5E08
:10F89000F0B08668F1B09C69F2B08081F3B0D17E9F
:10F8A000F4B0D268F5B0C578F6B08C86F7B0519553
:10F8B000F8B08D50F9B0248CFAB0DE82FBB0DE8057
:10F8C000FCB00553FDB01289FEB0655240B1C4765C
:10F8D00041B1C77642B1C97643B1CB7644B1CC765B
:10F8E00045B1D37646B1D57647B1D97648B1DA7607
:10F8F00049B1DC764AB1DD764BB1DE764CB1E076CB
:10F900004DB1E1764EB1E2764FB1E37650B1E47697
:10F9100051B1E67652B1E77653B1E87654B1E97663
:10F9200055B1EA7656B1EB7657B1EC7658B1ED7633
:10F9300059B1F0765AB1F3765BB1F5765CB1F676F3
:10F940005DB1F7765EB1FA765FB1FB7660B1FD76B8
:10F9500061B1FF7662B1007763B1027764B103777A
:10F9600065B1057766B1067767B10A7768B10C773C
:10F9700069B10E776AB10F776BB110776CB11177FF
:10F980006DB112776EB113776FB1147770B11577CF
:10F9900071B1167772B1177773B1187774B11B779D
:10F9A00075B11C7776B11D7777B11E7778B1217765
:10F9B00079B123777AB124777BB125777CB127772A
:10F9C0007DB12A777EB12B7780B12C7781B12E77EC
:10F9D00082B1307783B1317784B1327785B13377B3
:10F9E00086B1347787B1397788B13B7789B13D7774
:10F9F0008AB13E778BB13F778CB142778DB1447736
:10FA00008EB145778FB1467790B1487791B14977FC
:10FA100092B14A7793B14B7794B14C7795B14D77CA
:10FA200096B14E7797B14F7798B1527799B1537796
:10FA30009AB154779BB155779CB156779DB1577762
:10FA40009EB158779FB15977A0B15C77A1B18485F9
:10FA5000A2B1F996A3B1DD4FA4B12158A5B1719916
:10FA6000A6B19D5BA7B1B162A8B1A562A9B1B46608
:10FA7000AAB1798CABB18D9CACB10672ADB16F6798
:10FA8000AEB19178AFB1B260B0B15153B1B11753CB
:10FA9000B2B1888FB3B1CC80B4B11D8DB5B1A19492
:10FAA000B6B10D50B7B1C872B8B10759B9B1EB6072
:10FAB000BAB11971BBB1AB88BCB15459BDB1EF82B9
:10FAC000BEB12C67BFB1287BC0B1295DC1B1F77E43
:10FAD000C2B12D75C3B1F56CC4B1668EC5B1F88FD6
:10FAE000C6B13C90C7B13B9FC8B1D46BC9B11991A5
:10FAF000CAB1147BCBB17C5FCCB1A778CDB1D68431
:10FB0000CEB13D85CFB1D56BD0B1D96BD1B1D66B6C
:10FB1000D2B1015ED3B1875ED4B1F975D5B1ED959F
:10FB2000D6B15D65D7B10A5FD8B1C55FD9B19F8F36
:10FB3000DAB1C158DBB1C281DCB17F90DDB15B9637
:10FB4000DEB1AD97DFB1B98FE0B1167FE1B12C8D99
:10FB5000E2B14162E3B1BF4FE4B1D853E5B15E53C6
:10FB6000E6B1A88FE7B1A98FE8B1AB8FE9B14D90AD
:10FB7000EAB10768EBB16A5FECB19881EDB16888D2
:10FB8000EEB1D69CEFB18B61F0B12B52F1B12A7678
:10FB9000F2B16C5FF3B18C65F4B1D26FF5B1E86E80
:10FBA000F6B1BE5BF7B14864F8B17551F9B1B05127
:10FBB000FAB1C467FBB1194EFCB1C979FDB17C99AA
:10FBC000FEB1B37040B25D7741B25E7742B25F770B
:10FBD00043B2607744B2647745B2677746B26977DB
:10FBE00047B26A7748B26D7749B26E774AB26F779B
:10FBF0004BB270774CB271774DB272774EB2737769
:10FC00004FB2747750B2757751B2767752B2777738
:10FC100053B2787754B27A7755B27B7756B27C7705
:10FC200057B2817758B2827759B283775AB28677C2
:10FC30005BB287775CB288775DB289775EB28A778C
:10FC40005FB28B7760B28F7761B2907762B2937751
:10FC500063B2947764B2957765B2967766B2977718
:10FC600067B2987768B2997769B29A776AB29B77E8
:10FC70006BB29C776CB29D776DB29E776EB2A177B6
:10FC80006FB2A37770B2A47771B2A67772B2A87779
:10FC900073B2AB7774B2AD7775B2AE7776B2AF7739
:10FCA00077B2B17778B2B27779B2B4777AB2B67701
:10FCB0007BB2B7777CB2B8777DB2B9777EB2BA77CC
:10FCC00080B2BC7781B2BE7782B2C07783B2C1778F
:10FCD00084B2C27785B2C37786B2C47787B2C5775C
:10FCE00088B2C67789B2C7778AB2C8778BB2C9772C
:10FCF0008CB2CA778DB2CB778EB2CC778FB2CE77FB
:10FD000090B2CF7791B2D07792B2D17793B2D277C7
:10FD100094B2D37795B2D47796B2D57797B2D67797
:10FD200098B2D87799B2D9779AB2DA779BB2DD7761
:10FD30009CB2DE779DB2DF779EB2E0779FB2E1772B
:10FD4000A0B2E477A1B2C575A2B2765EA3B2BB73CE
:10FD5000A4B2E083A5B2AD64A6B2E862A7B2B5943E
:10FD6000A8B2E26CA9B25A53AAB2C352ABB20F64A2
:10FD7000ACB2C294ADB2947BAEB22F4FAFB21B5EA9
:10FD8000B0B23682B1B21681B2B28A81B3B2246EF9
:10FD9000B4B2CA6CB5B2739AB6B25563B7B25C531B
:10FDA000B8B2FA54B9B26588BAB2E057BBB20D4ED8
:10FDB000BCB2035EBDB2656BBEB23F7CBFB2E89021
:10FDC000C0B21660C1B2E664C2B21C73C3B2C188CD
:10FDD000C4B25067C5B24D62C6B2228DC7B26C774D
:10FDE000C8B2298EC9B2C791CAB2695FCBB2DC83EF
:10FDF000CCB22185CDB21099CEB2C253CFB2958686
:10FE0000D0B28B6BD1B2ED60D2B2E860D3B27F706A
:10FE1000D4B2CD82D5B23182D6B2D34ED7B2A76C8E
:10FE2000D8B2CF85D9B2CD64DAB2D97CDBB2FD6964
:10FE3000DCB2F966DDB24983DEB29553DFB2567BA0
:10FE4000E0B2A74FE1B28C51E2B24B6DE3B2425C3B
:10FE5000E4B26D8EE5B2D263E6B2C953E7B22C8349
:10FE6000E8B23683E9B2E567EAB2B478EBB23D6452
:10FE7000ECB2DF5BEDB2945CEEB2EE5DEFB2E78B1D
:10FE8000F0B2C662F1B2F467F2B27A8CF3B20064F7
:10FE9000F4B2BA63F5B24987F6B28B99F7B2178C10
:10FEA000F8B2207FF9B2F294FAB2A74EFBB21096E4
:10FEB000FCB2A498FDB20C66FEB2167340B3E677AE
:10FEC00041B3E87742B3EA7743B3EF7744B3F077CF
:10FED00045B3F17746B3F27747B3F47748B3F57794
:10FEE00049B3F7774AB3F9774BB3FA774CB3FB775B
:10FEF0004DB3FC774EB303784FB3047850B3057815
:10FF000051B3067852B3077853B3087854B30A78DC
:10FF100055B30B7856B30E7857B30F7858B31078A3
:10FF200059B313785AB315785BB319785CB31B785F
:10FF30005DB31E785EB320785FB3217860B322781A
:10FF400061B3247862B3287863B32A7864B32B78DA
:10FF500065B32E7866B32F7867B3317868B332789B
:10FF600069B333786AB335786BB336786CB33D7860
:10FF70006DB33F786EB341786FB3427870B3437816
:10FF800071B3447872B3467873B3487874B34978E0
:10FF900075B34A7876B34B7877B34D7878B34F78AA
:10FFA00079B351787AB353787BB354787CB358786B
:10FFB0007DB359787EB35A7880B35B7881B35C782F
:10FFC00082B35E7883B35F7884B3607885B36178F9
:10FFD00086B3627887B3637888B3647889B36578C9
:10FFE0008AB366788BB367788CB368788DB3697899
:10FFF0008EB36F788FB3707890B3717891B3727855
:020000040803EF
:1000000092B3737893B3747894B3757895B3767824
:1000100096B3787897B3797898B37A7899B37B78F0
:100020009AB37D789BB37E789CB37F789DB38078BC
:100030009EB381789FB38278A0B38378A1B33A57F7
:10004000A2B31D5CA3B3385EA4B37F95A5B37F5064
:10005000A6B3A080A7B38253A8B35E65A9B34575C4
:10006000AAB33155ABB32150ACB3858DADB3846227
:10007000AEB39E94AFB31D67B0B33256B1B36E6FDB
:10008000B2B3E25DB3B33554B4B39270B5B3668F17
:10009000B6B36F62B7B3A464B8B3A363B9B37B5FFD
:1000A000BAB3886FBBB3F490BCB3E381BDB3B08F78
:1000B000BEB3185CBFB36866C0B3F15FC1B3896CEF
:1000C000C2B34896C3B3818DC4B36C88C5B3916481
:1000D000C6B3F079C7B3CE57C8B3596AC9B3106273
:1000E000CAB34854CBB3584ECCB30B7ACDB3E96006
:1000F000CEB3846FCFB3DA8BD0B37F62D1B31E900F
:10010000D2B38B9AD3B3E479D4B30354D5B3F47593
:10011000D6B30163D7B31953D8B3606CD9B3DF8FAB
:10012000DAB31B5FDBB3709ADCB33B80DDB37F9F38
:10013000DEB3884FDFB33A5CE0B3648DE1B3C57FD3
:10014000E2B3A565E3B3BD70E4B34551E5B3B25185
:10015000E6B36B86E7B3075DE8B3A05BE9B3BD62C6
:10016000EAB36C91EBB37475ECB30C8EEDB3207AFB
:10017000EEB30161EFB3797BF0B3C74EF1B3F87E14
:10018000F2B38577F3B3114EF4B3ED81F5B31D529D
:10019000F6B3FA51F7B3716AF8B3A853F9B3878E7F
:1001A000FAB30495FBB3CF96FCB3C16EFDB364966E
:1001B000FEB35A6940B4847841B4857842B48678F5
:1001C00043B4887844B48A7845B48B7846B48F7841
:1001D00047B4907848B4927849B494784AB4957802
:1001E0004BB496784CB499784DB49D784EB49E78C3
:1001F0004FB4A07850B4A27851B4A47852B4A67881
:1002000053B4A87854B4A97855B4AA7856B4AB7846
:1002100057B4AC7858B4AD7859B4AE785AB4AF7816
:100220005BB4B5785CB4B6785DB4B7785EB4B878D2
:100230005FB4BA7860B4BB7861B4BC7862B4BD789E
:1002400063B4BF7864B4C07865B4C27866B4C37868
:1002500067B4C47868B4C67869B4C7786AB4C87833
:100260006BB4CC786CB4CD786DB4CE786EB4CF78F6
:100270006FB4D17870B4D27871B4D37872B4D678C0
:1002800073B4D77874B4D87875B4DA7876B4DB7888
:1002900077B4DC7878B4DD7879B4DE787AB4DF7856
:1002A0007BB4E0787CB4E1787DB4E2787EB4E37826
:1002B00080B4E47881B4E57882B4E67883B4E778F2
:1002C00084B4E97885B4EA7886B4EB7887B4ED78BD
:1002D00088B4EE7889B4EF788AB4F0788BB4F1788A
:1002E0008CB4F3788DB4F5788EB4F6788FB4F87852
:1002F00090B4F97891B4FB7892B4FC7893B4FD781B
:1003000094B4FE7895B4FF7896B4007997B40279E6
:1003100098B4037999B404799AB406799BB40779AF
:100320009CB408799DB409799EB40A799FB40B797D
:10033000A0B40C79A1B44078A2B4A850A3B4D777E4
:10034000A4B41064A5B4E689A6B40459A7B4E363C1
:10035000A8B4DD5DA9B47F7AAAB43D69ABB4204FDF
:10036000ACB43982ADB49855AEB4324EAFB4AE75BC
:10037000B0B4977AB1B4625EB2B48A5EB3B4EF95AA
:10038000B4B41B52B5B43954B6B48A70B7B47663FA
:10039000B8B42495B9B48257BAB42566BBB43F69E2
:1003A000BCB48791BDB40755BEB4F36DBFB4AF7E86
:1003B000C0B42288C1B43362C2B4F07EC3B4B57590
:1003C000C4B42883C5B4C178C6B4CC96C7B49E8FD4
:1003D000C8B44861C9B4F774CAB4CD8BCBB4646BEC
:1003E000CCB43A52CDB4508DCEB4216BCFB46A8028
:1003F000D0B47184D1B4F156D2B40653D3B4CE4E36
:10040000D4B41B4ED5B4D151D6B4977CD7B48B910C
:10041000D8B4077CD9B4C34FDAB47F8EDBB4E17BA8
:10042000DCB49C7ADDB46764DEB4145DDFB4AC5038
:10043000E0B40681E1B40176E2B4B97CE3B4EC6DDA
:10044000E4B4E07FE5B45167E6B4585BE7B4F85B29
:10045000E8B4CB78E9B4AE64EAB41364EBB4AA634D
:10046000ECB42B63EDB41995EEB42D64EFB4BE8FEC
:10047000F0B4547BF1B42976F2B45362F3B4275943
:10048000F4B44654F5B4796BF6B4A350F7B43462BF
:10049000F8B4265EF9B4866BFAB4E34EFBB4378D3C
:1004A000FCB48B88FDB4855FFEB42E9040B50D7909
:1004B00041B50E7942B50F7943B5107944B511793C
:1004C00045B5127946B5147947B5157948B5167909
:1004D00049B517794AB518794BB519794CB51A79D8
:1004E0004DB51B794EB51C794FB51D7950B51F79A7
:1004F00051B5207952B5217953B5227954B5237974
:1005000055B5257956B5267957B5277958B528793F
:1005100059B529795AB52A795BB52B795CB52C790F
:100520005DB52D795EB52E795FB52F7960B53079DF
:1005300061B5317962B5327963B5337964B53579AE
:1005400065B5367966B5377967B5387968B539797B
:1005500069B53D796AB53F796BB542796CB5437938
:100560006DB544796EB545796FB5477970B54A79FF
:1005700071B54B7972B54C7973B54D7974B54E79C7
:1005800075B54F7976B5507977B5517978B5527997
:1005900079B554797AB555797BB558797CB559795F
:1005A0007DB561797EB5637980B5647981B5667909
:1005B00082B5697983B56A7984B56B7985B56C79CB
:1005C00086B56E7987B5707988B5717989B5727994
:1005D0008AB573798BB574798CB575798DB5767963
:1005E0008EB579798FB57B7990B57C7991B57D7928
:1005F00092B57E7993B57F7994B5827995B58379F3
:1006000096B5867997B5877998B5887999B58979B6
:100610009AB58B799BB58C799CB58D799DB58E7982
:100620009EB590799FB59179A0B59279A1B52060DA
:10063000A2B53D80A3B5C562A4B5394EA5B5555345
:10064000A6B5F890A7B5B863A8B5C680A9B5E66504
:10065000AAB52E6CABB5464FACB5EE60ADB5E16D4D
:10066000AEB5DE8BAFB5395FB0B5CB86B1B5535FF4
:10067000B2B52163B3B55A51B4B56183B5B56368FA
:10068000B6B50052B7B56363B8B5488EB9B5125068
:10069000BAB59B5CBBB57779BCB5FC5BBDB53052D8
:1006A000BEB53B7ABFB5BC60C0B55390C1B5D77677
:1006B000C2B5B75FC3B5975FC4B58476C5B56C8E58
:1006C000C6B56F70C7B57B76C8B5497BC9B5AA7783
:1006D000CAB5F351CBB59390CCB52458CDB54E4F98
:1006E000CEB5F46ECFB5EA8FD0B54C65D1B51B7BD6
:1006F000D2B5C472D3B5A46DD4B5DF7FD5B5E15AF8
:10070000D6B5B562D7B5955ED8B53057D9B5828420
:10071000DAB52C7BDBB51D5EDCB51F5FDDB5129055
:10072000DEB5147FDFB5A098E0B58263E1B5C76E92
:10073000E2B59878E3B5B970E4B57851E5B55B9763
:10074000E6B5AB57E7B53575E8B5434FE9B538754C
:10075000EAB5975EEBB5E660ECB56059EDB5C06DF6
:10076000EEB5BF6BEFB58978F0B5FC53F1B5D59612
:10077000F2B5CB51F3B50152F4B58963F5B50A541E
:10078000F6B59394F7B5038CF8B5CC8DF9B53972FD
:10079000FAB59F78FBB57687FCB5ED8FFDB50D8C6E
:1007A000FEB5E05340B6937941B6947942B6957957
:1007B00043B6967944B6977945B6987946B699790D
:1007C00047B69B7948B69C7949B69D794AB69E79D9
:1007D0004BB69F794CB6A0794DB6A1794EB6A279A9
:1007E0004FB6A37950B6A47951B6A57952B6A67979
:1007F00053B6A87954B6A97955B6AA7956B6AB7945
:1008000057B6AC7958B6AD7959B6AE795AB6AF7914
:100810005BB6B0795CB6B1795DB6B2795EB6B479E3
:100820005FB6B57960B6B67961B6B77962B6B879B0
:1008300063B6BC7964B6BF7965B6C27966B6C47969
:1008400067B6C57968B6C77969B6C8796AB6CA792C
:100850006BB6CC796CB6CE796DB6CF796EB6D079F1
:100860006FB6D37970B6D47971B6D67972B6D779B6
:1008700073B6D97974B6DA7975B6DB7976B6DC7980
:1008800077B6DD7978B6DE7979B6E0797AB6E1794E
:100890007BB6E2797CB6E5797DB6E8797EB6EA7911
:1008A00080B6EC7981B6EE7982B6F17983B6F279C9
:1008B00084B6F37985B6F47986B6F57987B6F67994
:1008C00088B6F77989B6F9798AB6FA798BB6FC7960
:1008D0008CB6FE798DB6FF798EB6017A8FB6047A22
:1008E00090B6057A91B6077A92B6087A93B6097AE5
:1008F00094B60A7A95B60C7A96B60F7A97B6107AAD
:1009000098B6117A99B6127A9AB6137A9BB6157A76
:100910009CB6167A9DB6187A9EB6197A9FB61B7A3F
:10092000A0B61C7AA1B6014EA2B6EF76A3B6EE53DE
:10093000A4B68994A5B67698A6B60E9FA7B62D95AF
:10094000A8B69A5BA9B6A28BAAB6224EABB61C4E2D
:10095000ACB6AC51ADB66384AEB6C261AFB6A85208
:10096000B0B60B68B1B6974FB2B66B60B3B6BB51B9
:10097000B4B61E6DB5B65C51B6B69662B7B697659D
:10098000B8B66196B9B6468CBAB61790BBB6D875EC
:10099000BCB6FD90BDB66377BEB6D26BBFB68A72E9
:1009A000C0B6EC72C1B6FB8BC2B63558C3B6797708
:1009B000C4B64C8DC5B65C67C6B64095C7B69A80BE
:1009C000C8B6A65EC9B6216ECAB69259CBB6EF7A42
:1009D000CCB6ED77CDB63B95CEB6B56BCFB6AD65A3
:1009E000D0B60E7FD1B60658D2B65151D3B61F96A7
:1009F000D4B6F95BD5B6A958D6B62854D7B6728EF8
:100A0000D8B66665D9B67F98DAB6E456DBB69D945B
:100A1000DCB6FE76DDB64190DEB68763DFB6C6543F
:100A2000E0B61A59E1B63A59E2B69B57E3B6B28E30
:100A3000E4B63567E5B6FA8DE6B63582E7B64152DB
:100A4000E8B6F060E9B61558EAB6FE86EBB6E85CA3
:100A5000ECB6459EEDB6C44FEEB69D98EFB6B98B99
:100A6000F0B6255AF1B67660F2B68453F3B67C62DE
:100A7000F4B64F90F5B60291F6B67F99F7B6696075
:100A8000F8B60C80F9B63F51FAB63380FBB6145C69
:100A9000FCB67599FDB6316DFEB68C4E40B71D7A29
:100AA00041B71F7A42B7217A43B7227A44B7247AF2
:100AB00045B7257A46B7267A47B7277A48B7287ABE
:100AC00049B7297A4AB72A7A4BB72B7A4CB72C7A8E
:100AD0004DB72D7A4EB72E7A4FB72F7A50B7307A5E
:100AE00051B7317A52B7327A53B7347A54B7357A2C
:100AF00055B7367A56B7387A57B73A7A58B73E7AF2
:100B000059B7407A5AB7417A5BB7427A5CB7437AB1
:100B10005DB7447A5EB7457A5FB7477A60B7487A7F
:100B200061B7497A62B74A7A63B74B7A64B74C7A4D
:100B300065B74D7A66B74E7A67B74F7A68B7507A1D
:100B400069B7527A6AB7537A6BB7547A6CB7557AE9
:100B50006DB7567A6EB7587A6FB7597A70B75A7AB6
:100B600071B75B7A72B75C7A73B75D7A74B75E7A85
:100B700075B75F7A76B7607A77B7617A78B7627A55
:100B800079B7637A7AB7647A7BB7657A7CB7667A25
:100B90007DB7677A7EB7687A80B7697A81B76A7AF3
:100BA00082B76B7A83B76C7A84B76D7A85B76E7AC1
:100BB00086B76F7A87B7717A88B7727A89B7737A8E
:100BC0008AB7757A8BB77B7A8CB77C7A8DB77D7A4A
:100BD0008EB77E7A8FB7827A90B7857A91B7877A07
:100BE00092B7897A93B78A7A94B78B7A95B78C7AC9
:100BF00096B78E7A97B78F7A98B7907A99B7937A93
:100C00009AB7947A9BB7997A9CB79A7A9DB79B7A50
:100C10009EB79E7A9FB7A17AA0B7A27AA1B7308D6E
:100C2000A2B7D153A3B75A7FA4B74F7BA5B7104F34
:100C3000A6B74F4EA7B70096A8B7D56CA9B7D07383
:100C4000AAB7E985ABB7065EACB76A75ADB7FB7FEF
:100C5000AEB70A6AAFB7FE77B0B79294B1B7417E2C
:100C6000B2B7E151B3B7E670B4B7CD53B5B7D48FCF
:100C7000B6B70383B7B7298DB8B7AF72B9B76D9957
:100C8000BAB7DB6CBBB74A57BCB7B382BDB7B9655F
:100C9000BEB7AA80BFB73F62C0B73296C1B7A859E6
:100CA000C2B7FF4EC3B7BF8BC4B7BA7EC5B73E65E8
:100CB000C6B7F283C7B75E97C8B76155C9B7DE98A4
:100CC000CAB7A580CBB72A53CCB7FD8BCDB720547C
:100CD000CEB7BA80CFB79F5ED0B7B86CD1B7398DD9
:100CE000D2B7AC82D3B75A91D4B72954D5B71B6CBD
:100CF000D6B70652D7B7B77ED8B75F57D9B71A71EC
:100D0000DAB77E6CDBB7897CDCB74B59DDB7FD4EBB
:100D1000DEB7FF5FDFB72461E0B7AA7CE1B7304EF2
:100D2000E2B7015CE3B7AB67E4B70287E5B7F05C15
:100D3000E6B70B95E7B7CE98E8B7AF75E9B7FD70A2
:100D4000EAB72290EBB7AF51ECB71D7FEDB7BD8B83
:100D5000EEB74959EFB7E451F0B75B4FF1B72654FE
:100D6000F2B72B59F3B77765F4B7A480F5B7755B85
:100D7000F6B77662F7B7C262F8B7908FF9B7455EFB
:100D8000FAB71F6CFBB7267BFCB70F4FFDB7D84FE8
:100D9000FEB70D6740B8A37A41B8A47A42B8A77AE3
:100DA00043B8A97A44B8AA7A45B8AB7A46B8AE7ABD
:100DB00047B8AF7A48B8B07A49B8B17A4AB8B27A87
:100DC0004BB8B47A4CB8B57A4DB8B67A4EB8B77A53
:100DD0004FB8B87A50B8B97A51B8BA7A52B8BB7A23
:100DE00053B8BC7A54B8BD7A55B8BE7A56B8C07AF2
:100DF00057B8C17A58B8C27A59B8C37A5AB8C47ABF
:100E00005BB8C57A5CB8C67A5DB8C77A5EB8C87A8E
:100E10005FB8C97A60B8CA7A61B8CC7A62B8CD7A5C
:100E200063B8CE7A64B8CF7A65B8D07A66B8D17A2A
:100E300067B8D27A68B8D37A69B8D47A6AB8D57AFA
:100E40006BB8D77A6CB8D87A6DB8DA7A6EB8DB7AC4
:100E50006FB8DC7A70B8DD7A71B8E17A72B8E27A8C
:100E600073B8E47A74B8E77A75B8E87A76B8E97A4C
:100E700077B8EA7A78B8EB7A79B8EC7A7AB8EE7A19
:100E80007BB8F07A7CB8F17A7DB8F27A7EB8F37AE2
:100E900080B8F47A81B8F57A82B8F67A83B8F77AAE
:100EA00084B8F87A85B8FB7A86B8FC7A87B8FE7A77
:100EB00088B8007B89B8017B8AB8027B8BB8057B38
:100EC0008CB8077B8DB8097B8EB80C7B8FB80D7BF7
:100ED00090B80E7B91B8107B92B8127B93B8137BBD
:100EE00094B8167B95B8177B96B8187B97B81A7B81
:100EF00098B81C7B99B81D7B9AB81F7B9BB8217B47
:100F00009CB8227B9DB8237B9EB8277B9FB8297B0A
:100F1000A0B82D7BA1B86E6DA2B8AA6DA3B88F79C9
:100F2000A4B8B188A5B8175FA6B82B75A7B89A6200
:100F3000A8B8858FA9B8EF4FAAB8DC91ABB8A76560
:100F4000ACB82F81ADB85181AEB89C5EAFB85081BE
:100F5000B0B8748DB1B86F52B2B88689B3B84B8D42
:100F6000B4B80D59B5B88550B6B8D84EB7B81C96B8
:100F7000B8B83672B9B87981BAB81F8DBBB8CC5B36
:100F8000BCB8A38BBDB84496BEB88759BFB81A7F0A
:100F9000C0B89054C1B87656C2B80E56C3B8E58BE7
:100FA000C4B83965C5B88269C6B89994C7B8D67649
:100FB000C8B8896EC9B8725ECAB81875CBB846672A
:100FC000CCB8D167CDB8FF7ACEB89D80CFB8768D3A
:100FD000D0B81F61D1B8C679D2B86265D3B8638D75
:100FE000D4B88851D5B81A52D6B8A294D7B8387F99
:100FF000D8B89B80D9B8B27EDAB8975CDBB82F6ED0
:10100000DCB86067DDB8D97BDEB88B76DFB8D89AFC
:10101000E0B88F81E1B8947FE2B8D57CE3B81E6474
:10102000E4B85095E5B83F7AE6B84A54E7B8E554D5
:10103000E8B84C6BE9B80164EAB80862EBB83D9EC9
:10104000ECB8F380EDB89975EEB87252EFB86997C5
:10105000F0B85B84F1B83C68F2B8E486F3B8019666
:10106000F4B89496F5B8EC94F6B82A4EF7B8045450
:10107000F8B8D97EF9B83968FAB8DF8DFBB81580B1
:10108000FCB8F466FDB89A5EFEB8B97F40B92F7B14
:1010900041B9307B42B9327B43B9347B44B9357BAB
:1010A00045B9367B46B9377B47B9397B48B93B7B75
:1010B00049B93D7B4AB93F7B4BB9407B4CB9417B39
:1010C0004DB9427B4EB9437B4FB9447B50B9467B07
:1010D00051B9487B52B94A7B53B94D7B54B94E7BC9
:1010E00055B9537B56B9557B57B9577B58B9597B7E
:1010F00059B95C7B5AB95E7B5BB95F7B5CB9617B3C
:101100005DB9637B5EB9647B5FB9657B60B9667B03
:1011100061B9677B62B9687B63B9697B64B96A7BD3
:1011200065B96B7B66B96C7B67B96D7B68B96F7BA2
:1011300069B9707B6AB9737B6BB9747B6CB9767B68
:101140006DB9787B6EB97A7B6FB97C7B70B97D7B2A
:1011500071B97F7B72B9817B73B9827B74B9837BF0
:1011600075B9847B76B9867B77B9877B78B9887BBC
:1011700079B9897B7AB98A7B7BB98B7B7CB98C7B8B
:101180007DB98E7B7EB98F7B80B9917B81B9927B53
:1011900082B9937B83B9967B84B9987B85B9997B17
:1011A00086B99A7B87B99B7B88B99E7B89B99F7BDF
:1011B0008AB9A07B8BB9A37B8CB9A47B8DB9A57BA5
:1011C0008EB9AE7B8FB9AF7B90B9B07B91B9B27B52
:1011D00092B9B37B93B9B57B94B9B67B95B9B77B1C
:1011E00096B9B97B97B9BA7B98B9BB7B99B9BC7BE7
:1011F0009AB9BD7B9BB9BE7B9CB9BF7B9DB9C07BB7
:101200009EB9C27B9FB9C37BA0B9C47BA1B9C257A9
:10121000A2B93F80A3B99768A4B9E55DA5B93B65BC
:10122000A6B99F52A7B96D60A8B99A9FA9B99B4F5B
:10123000AAB9AC8EABB96C51ACB9AB5BADB9135FAD
:10124000AEB9E95DAFB95E6CB0B9F162B1B9218DEB
:10125000B2B97151B3B9A994B4B9FE52B5B99F6C82
:10126000B6B9DF82B7B9D772B8B9A257B9B984672E
:10127000BAB92D8DBBB91F59BCB99C8FBDB9C783F5
:10128000BEB99554BFB98D7BC0B9304FC1B9BD6CE3
:10129000C2B9645BC3B9D159C4B9139FC5B9E4538A
:1012A000C6B9CA86C7B9A89AC8B9378CC9B9A180C6
:1012B000CAB94565CBB97E98CCB9FA56CDB9C796AF
:1012C000CEB92E52CFB9DC74D0B95052D1B9E15B4E
:1012D000D2B90263D3B90289D4B9564ED5B9D06216
:1012E000D6B92A60D7B9FA68D8B97351D9B9985B19
:1012F000DAB9A051DBB9C289DCB9A17BDDB9869925
:10130000DEB9507FDFB9EF60E0B94C70E1B92F8DE5
:10131000E2B94951E3B97F5EE4B91B90E5B9707455
:10132000E6B9C489E7B92D57E8B94578E9B9525FFC
:10133000EAB99F9FEBB9FA95ECB9688FEDB93C9B80
:10134000EEB9E18BEFB97876F0B94268F1B9DC67B4
:10135000F2B9EA8DF3B9358DF4B93D52F5B98A8FFA
:10136000F6B9DA6EF7B9CD68F8B90595F9B9ED9027
:10137000FAB9FD56FBB99C67FCB9F988FDB9C78F6E
:10138000FEB9C85440BAC57B41BAC87B42BAC97BD2
:1013900043BACA7B44BACB7B45BACD7B46BACE7B37
:1013A00047BACF7B48BAD07B49BAD27B4ABAD47B02
:1013B0004BBAD57B4CBAD67B4DBAD77B4EBAD87BCD
:1013C0004FBADB7B50BADC7B51BADE7B52BADF7B93
:1013D00053BAE07B54BAE27B55BAE37B56BAE47B5E
:1013E00057BAE77B58BAE87B59BAE97B5ABAEB7B24
:1013F0005BBAEC7B5CBAED7B5DBAEF7B5EBAF07BEF
:101400005FBAF27B60BAF37B61BAF47B62BAF57BB8
:1014100063BAF67B64BAF87B65BAF97B66BAFA7B85
:1014200067BAFB7B68BAFD7B69BAFF7B6ABA007C4E
:101430006BBA017C6CBA027C6DBA037C6EBA047C18
:101440006FBA057C70BA067C71BA087C72BA097CE6
:1014500073BA0A7C74BA0D7C75BA0E7C76BA107CAD
:1014600077BA117C78BA127C79BA137C7ABA147C78
:101470007BBA157C7CBA177C7DBA187C7EBA197C45
:1014800080BA1A7C81BA1B7C82BA1C7C83BA1D7C10
:1014900084BA1E7C85BA207C86BA217C87BA227CDD
:1014A00088BA237C89BA247C8ABA257C8BBA287CAA
:1014B0008CBA297C8DBA2B7C8EBA2C7C8FBA2D7C71
:1014C00090BA2E7C91BA2F7C92BA307C93BA317C40
:1014D00094BA327C95BA337C96BA347C97BA357C10
:1014E00098BA367C99BA377C9ABA397C9BBA3A7CDE
:1014F0009CBA3B7C9DBA3C7C9EBA3D7C9FBA3E7CAC
:10150000A0BA427CA1BAB89AA2BA695BA3BA776DB5
:10151000A4BA266CA5BAA54EA6BAB35BA7BA879A99
:10152000A8BA6391A9BAA861AABAAF90ABBAE99771
:10153000ACBA2B54ADBAB56DAEBAD25BAFBAFD51F1
:10154000B0BA8A55B1BA557FB2BAF07FB3BABC64AB
:10155000B4BA4D63B5BAF165B6BABE61B7BA8D60BB
:10156000B8BA0A71B9BA576CBABA496CBBBA2F5932
:10157000BCBA6D67BDBA2A82BEBAD558BFBA8E56FC
:10158000C0BA6A8CC1BAEB6BC2BADD90C3BA7D59DE
:10159000C4BA1780C5BAF753C6BA696DC7BA7554CD
:1015A000C8BA9D55C9BA7783CABACF83CBBA38684F
:1015B000CCBABE79CDBA8C54CEBA554FCFBA0854F6
:1015C000D0BAD276D1BA898CD2BA0296D3BAB36CD9
:1015D000D4BAB86DD5BA6B8DD6BA1089D7BA649E15
:1015E000D8BA3A8DD9BA3F56DABAD19EDBBAD57598
:1015F000DCBA885FDDBAE072DEBA6860DFBAFC543C
:10160000E0BAA84EE1BA2A6AE2BA6188E3BA526047
:10161000E4BA708FE5BAC454E6BAD870E7BA7986EE
:10162000E8BA3F9EE9BA2A6DEABA8F5BEBBA185F57
:10163000ECBAA27EEDBA8955EEBAAF4FEFBA347369
:10164000F0BA3C54F1BA9A53F2BA1950F3BA0E54A4
:10165000F4BA7C54F5BA4E4EF6BAFD5FF7BA5A7436
:10166000F8BAF658F9BA6B84FABAE180FBBA748713
:10167000FCBAD072FDBACA7CFEBA566E40BB437C3F
:1016800041BB447C42BB457C43BB467C44BB477C5E
:1016900045BB487C46BB497C47BB4A7C48BB4B7C2E
:1016A00049BB4C7C4ABB4E7C4BBB4F7C4CBB507CFB
:1016B0004DBB517C4EBB527C4FBB537C50BB547CCA
:1016C00051BB557C52BB567C53BB577C54BB587C9A
:1016D00055BB597C56BB5A7C57BB5B7C58BB5C7C6A
:1016E00059BB5D7C5ABB5E7C5BBB5F7C5CBB607C3A
:1016F0005DBB617C5EBB627C5FBB637C60BB647C0A
:1017000061BB657C62BB667C63BB677C64BB687CD9
:1017100065BB697C66BB6A7C67BB6B7C68BB6C7CA9
:1017200069BB6D7C6ABB6E7C6BBB6F7C6CBB707C79
:101730006DBB717C6EBB727C6FBB757C70BB767C45
:1017400071BB777C72BB787C73BB797C74BB7A7C11
:1017500075BB7E7C76BB7F7C77BB807C78BB817CD5
:1017600079BB827C7ABB837C7BBB847C7CBB857CA5
:101770007DBB867C7EBB877C80BB887C81BB8A7C72
:1017800082BB8B7C83BB8C7C84BB8D7C85BB8E7C3D
:1017900086BB8F7C87BB907C88BB937C89BB947C09
:1017A0008ABB967C8BBB997C8CBB9A7C8DBB9B7CCB
:1017B0008EBBA07C8FBBA17C90BBA37C91BBA67C85
:1017C00092BBA77C93BBA87C94BBA97C95BBAB7C4C
:1017D00096BBAC7C97BBAD7C98BBAF7C99BBB07C17
:1017E0009ABBB47C9BBBB57C9CBBB67C9DBBB77CD9
:1017F0009EBBB87C9FBBBA7CA0BBBB7CA1BB275F58
:10180000A2BB4E86A3BB2C55A4BBA462A5BB924E23
:10181000A6BBAA6CA7BB3762A8BBB182A9BBD75431
:10182000AABB4E53ABBB3E73ACBBD16EADBB3B75DD
:10183000AEBB1252AFBB1653B0BBDD8BB1BBD06990
:10184000B2BB8A5FB3BB0060B4BBEE6DB5BB4F5794
:10185000B6BB226BB7BBAF73B8BB5368B9BBD88FED
:10186000BABB137FBBBB6263BCBBA360BDBB2455CB
:10187000BEBBEA75BFBB628CC0BB1571C1BBA36D9B
:10188000C2BBA65BC3BB7B5EC4BB5283C5BB4C6102
:10189000C6BBC49EC7BBFA78C8BB5787C9BB277CE9
:1018A000CABB8776CBBBF051CCBBF660CDBB4C71CD
:1018B000CEBB4366CFBB4C5ED0BB4D60D1BB0E8C64
:1018C000D2BB7070D3BB2563D4BB898FD5BBBD5F42
:1018D000D6BB6260D7BBD486D8BBDE56D9BBC16B42
:1018E000DABB9460DBBB6761DCBB4953DDBBE06006
:1018F000DEBB6666DFBB3F8DE0BBFD79E1BB1A4F07
:10190000E2BBE970E3BB476CE4BBB38BE5BBF28B96
:10191000E6BBD87EE7BB6483E8BB0F66E9BB5A5AD7
:10192000EABB429BEBBB516DECBBF76DEDBB418C51
:10193000EEBB3B6DEFBB194FF0BB6B70F1BBB783D8
:10194000F2BB1662F3BBD160F4BB0D97F5BB278DDC
:10195000F6BB7879F7BBFB51F8BB3E57F9BBFA579A
:10196000FABB3A67FBBB7875FCBB3D7AFDBBEF79F0
:10197000FEBB957B40BCBF7C41BCC07C42BCC27CF2
:1019800043BCC37C44BCC47C45BCC67C46BCC97C4F
:1019900047BCCB7C48BCCE7C49BCCF7C4ABCD07C0D
:1019A0004BBCD17C4CBCD27C4DBCD37C4EBCD47CDB
:1019B0004FBCD87C50BCDA7C51BCDB7C52BCDD7C9B
:1019C00053BCDE7C54BCE17C55BCE27C56BCE37C61
:1019D00057BCE47C58BCE57C59BCE67C5ABCE77C2F
:1019E0005BBCE97C5CBCEA7C5DBCEB7C5EBCEC7CFB
:1019F0005FBCED7C60BCEE7C61BCF07C62BCF17CC9
:101A000063BCF27C64BCF37C65BCF47C66BCF57C96
:101A100067BCF67C68BCF77C69BCF97C6ABCFA7C64
:101A20006BBCFC7C6CBCFD7C6DBCFE7C6EBCFF7C2E
:101A30006FBC007D70BC017D71BC027D72BC037DFA
:101A400073BC047D74BC057D75BC067D76BC077DCA
:101A500077BC087D78BC097D79BC0B7D7ABC0C7D98
:101A60007BBC0D7D7CBC0E7D7DBC0F7D7EBC107D66
:101A700080BC117D81BC127D82BC137D83BC147D32
:101A800084BC157D85BC167D86BC177D87BC187D02
:101A900088BC197D89BC1A7D8ABC1B7D8BBC1C7DD2
:101AA0008CBC1D7D8DBC1E7D8EBC1F7D8FBC217DA1
:101AB00090BC237D91BC247D92BC257D93BC267D6A
:101AC00094BC287D95BC297D96BC2A7D97BC2C7D35
:101AD00098BC2D7D99BC2E7D9ABC307D9BBC317D00
:101AE0009CBC327D9DBC337D9EBC347D9FBC357DCE
:101AF000A0BC367DA1BC8C80A2BC6599A3BCF98F2B
:101B0000A4BCC06FA5BCA58BA6BC219EA7BCEC59EC
:101B1000A8BCE97EA9BC097FAABC0954ABBC8167FB
:101B2000ACBCD868ADBC918FAEBC4D7CAFBCC6968A
:101B3000B0BCCA53B1BC2560B2BCBE75B3BC726C3C
:101B4000B4BC7353B5BCC95AB6BCA77EB7BC24633A
:101B5000B8BCE051B9BC0A81BABCF15DBBBCDF8442
:101B6000BCBC8062BDBC8051BEBC635BBFBC0E4FC1
:101B7000C0BC6D79C1BC4252C2BCB860C3BC4E6D22
:101B8000C4BCC45BC5BCC25BC6BCA18BC7BCB08BAC
:101B9000C8BCE265C9BCCC5FCABC4596CBBC9359F6
:101BA000CCBCE77ECDBCAA7ECEBC0956CFBCB76705
:101BB000D0BC3959D1BC734FD2BCB65BD3BCA05298
:101BC000D4BC5A83D5BC8A98D6BC3E8DD7BC32755E
:101BD000D8BCBE94D9BC4750DABC3C7ADBBCF74ECB
:101BE000DCBCB667DDBC7E9ADEBCC15ADFBC7C6B58
:101BF000E0BCD176E1BC5A57E2BC165CE3BC3A7B50
:101C0000E4BCF495E5BC4E71E6BC7C51E7BCA98010
:101C1000E8BC7082E9BC7859EABC047FEBBC27833E
:101C2000ECBCC068EDBCEC67EEBCB178EFBC77787B
:101C3000F0BCE362F1BC6163F2BC807BF3BCED4FAE
:101C4000F4BC6A52F5BCCF51F6BC5083F7BCDB69DB
:101C5000F8BC7492F9BCF58DFABC318DFBBCC1891E
:101C6000FCBC2E95FDBCAD7BFEBCF64E40BD377D69
:101C700041BD387D42BD397D43BD3A7D44BD3B7D8C
:101C800045BD3C7D46BD3D7D47BD3E7D48BD3F7D5C
:101C900049BD407D4ABD417D4BBD427D4CBD437D2C
:101CA0004DBD447D4EBD457D4FBD467D50BD477DFC
:101CB00051BD487D52BD497D53BD4A7D54BD4B7DCC
:101CC00055BD4C7D56BD4D7D57BD4E7D58BD4F7D9C
:101CD00059BD507D5ABD517D5BBD527D5CBD537D6C
:101CE0005DBD547D5EBD557D5FBD567D60BD577D3C
:101CF00061BD587D62BD597D63BD5A7D64BD5B7D0C
:101D000065BD5C7D66BD5D7D67BD5E7D68BD5F7DDB
:101D100069BD607D6ABD617D6BBD627D6CBD637DAB
:101D20006DBD647D6EBD657D6FBD667D70BD677D7B
:101D300071BD687D72BD697D73BD6A7D74BD6B7D4B
:101D400075BD6C7D76BD6D7D77BD6F7D78BD707D19
:101D500079BD717D7ABD727D7BBD737D7CBD747DE7
:101D60007DBD757D7EBD767D80BD787D81BD797DB3
:101D700082BD7A7D83BD7B7D84BD7C7D85BD7D7D7F
:101D800086BD7E7D87BD7F7D88BD807D89BD817D4F
:101D90008ABD827D8BBD837D8CBD847D8DBD857D1F
:101DA0008EBD867D8FBD877D90BD887D91BD897DEF
:101DB00092BD8A7D93BD8B7D94BD8C7D95BD8D7DBF
:101DC00096BD8E7D97BD8F7D98BD907D99BD917D8F
:101DD0009ABD927D9BBD937D9CBD947D9DBD957D5F
:101DE0009EBD967D9FBD977DA0BD987DA1BD655090
:101DF000A2BD3082A3BD5152A4BD6F99A5BD106E86
:101E0000A6BD856EA7BDA76DA8BDFA5EA9BDF5509C
:101E1000AABDDC59ABBD065CACBD466DADBD5F6C0B
:101E2000AEBD8675AFBD8B84B0BD6868B1BD565977
:101E3000B2BDB28BB3BD2053B4BD7191B5BD4D964B
:101E4000B6BD4985B7BD1269B8BD0179B9BD267166
:101E5000BABDF680BBBDA44EBCBDCA90BDBD476D2A
:101E6000BEBD849ABFBD075AC0BDBC56C1BD056486
:101E7000C2BDF094C3BDEB77C4BDA54FC5BD1A81EB
:101E8000C6BDE172C7BDD289C8BD7A99C9BD347FCC
:101E9000CABDDE7ECBBD7F52CCBD5965CDBD75912F
:101EA000CEBD7F8FCFBD838FD0BDEB53D1BD967A92
:101EB000D2BDED63D3BDA563D4BD8676D5BDF8791B
:101EC000D6BD5788D7BD3696D8BD2A62D9BDAB528C
:101ED000DABD8282DBBD5468DCBD7067DDBD77632F
:101EE000DEBD6B77DFBDED7AE0BD016DE1BDD37E78
:101EF000E2BDE389E3BDD059E4BD1262E5BDC98509
:101F0000E6BDA582E7BD4C75E8BD1F50E9BDCB4ECF
:101F1000EABDA575EBBDEB8BECBD4A5CEDBDFE5D8E
:101F2000EEBD4B7BEFBDA465F0BDD191F1BDCA4EB6
:101F3000F2BD256DF3BD5F89F4BD277DF5BD269506
:101F4000F6BDC54EF7BD288CF8BDDB8FF9BD739784
:101F5000FABD4B66FBBD8179FCBDD18FFDBDEC7038
:101F6000FEBD786D40BE997D41BE9A7D42BE9B7D8F
:101F700043BE9C7D44BE9D7D45BE9E7D46BE9F7DED
:101F800047BEA07D48BEA17D49BEA27D4ABEA37DBD
:101F90004BBEA47D4CBEA57D4DBEA77D4EBEA87D8B
:101FA0004FBEA97D50BEAA7D51BEAB7D52BEAC7D59
:101FB00053BEAD7D54BEAF7D55BEB07D56BEB17D26
:101FC00057BEB27D58BEB37D59BEB47D5ABEB57DF5
:101FD0005BBEB67D5CBEB77D5DBEB87D5EBEB97DC5
:101FE0005FBEBA7D60BEBB7D61BEBC7D62BEBD7D95
:101FF00063BEBE7D64BEBF7D65BEC07D66BEC17D65
:1020000067BEC27D68BEC37D69BEC47D6ABEC57D34
:102010006BBEC67D6CBEC77D6DBEC87D6EBEC97D04
:102020006FBECA7D70BECB7D71BECC7D72BECD7DD4
:1020300073BECE7D74BECF7D75BED07D76BED17DA4
:1020400077BED27D78BED37D79BED47D7ABED57D74
:102050007BBED67D7CBED77D7DBED87D7EBED97D44
:1020600080BEDA7D81BEDB7D82BEDC7D83BEDD7D10
:1020700084BEDE7D85BEDF7D86BEE07D87BEE17DE0
:1020800088BEE27D89BEE37D8ABEE47D8BBEE57DB0
:102090008CBEE67D8DBEE77D8EBEE87D8FBEE97D80
:1020A00090BEEA7D91BEEB7D92BEEC7D93BEED7D50
:1020B00094BEEE7D95BEEF7D96BEF07D97BEF17D20
:1020C00098BEF27D99BEF37D9ABEF47D9BBEF57DF0
:1020D0009CBEF67D9DBEF77D9EBEF87D9FBEF97DC0
:1020E000A0BEFA7DA1BE3D5CA2BEB252A3BE468395
:1020F000A4BE6251A5BE0E83A6BE5B77A7BE766660
:10210000A8BEB89CA9BEAC4EAABECA60ABBEBE7C7F
:10211000ACBEB37CADBECF7EAEBE954EAFBE668BC1
:10212000B0BE6F66B1BE8898B2BE5997B3BE835831
:10213000B4BE6C65B5BE5C95B6BE845FB7BEC975EE
:10214000B8BE5697B9BEDF7ABABEDE7ABBBEC05102
:10215000BCBEAF70BDBE987ABEBEEA63BFBE767A23
:10216000C0BEA07EC1BE9673C2BEED97C3BE454E33
:10217000C4BE7870C5BE5D4EC6BE5291C7BEA953DF
:10218000C8BE5165C9BEE765CABEFC81CBBE05822B
:10219000CCBE8E54CDBE315CCEBE9A75CFBEA0975C
:1021A000D0BED862D1BED972D2BEBD75D3BE455C99
:1021B000D4BE799AD5BECA83D6BE405CD7BE805401
:1021C000D8BEE977D9BE3E4EDABEAE6CDBBE5A80D1
:1021D000DCBED262DDBE6E63DEBEE85DDFBE77517F
:1021E000E0BEDD8DE1BE1E8EE2BE2F95E3BEF14F57
:1021F000E4BEE553E5BEE760E6BEAC70E7BE6752FD
:10220000E8BE5063E9BE439EEABE1F5AEBBE2650AD
:10221000ECBE3777EDBE7753EEBEE27EEFBE85644F
:10222000F0BE2B65F1BE8962F2BE9863F3BE145016
:10223000F4BE3572F5BEC989F6BEB351F7BEC08B88
:10224000F8BEDD7EF9BE4757FABECC83FBBEA7942D
:10225000FCBE9B51FDBE1B54FEBEFB5C40BFFB7D24
:1022600041BFFC7D42BFFD7D43BFFE7D44BFFF7D7E
:1022700045BF007E46BF017E47BF027E48BF037E4A
:1022800049BF047E4ABF057E4BBF067E4CBF077E1A
:102290004DBF087E4EBF097E4FBF0A7E50BF0B7EEA
:1022A00051BF0C7E52BF0D7E53BF0E7E54BF0F7EBA
:1022B00055BF107E56BF117E57BF127E58BF137E8A
:1022C00059BF147E5ABF157E5BBF167E5CBF177E5A
:1022D0005DBF187E5EBF197E5FBF1A7E60BF1B7E2A
:1022E00061BF1C7E62BF1D7E63BF1E7E64BF1F7EFA
:1022F00065BF207E66BF217E67BF227E68BF237ECA
:1023000069BF247E6ABF257E6BBF267E6CBF277E99
:102310006DBF287E6EBF297E6FBF2A7E70BF2B7E69
:1023200071BF2C7E72BF2D7E73BF2E7E74BF2F7E39
:1023300075BF307E76BF317E77BF327E78BF337E09
:1023400079BF347E7ABF357E7BBF367E7CBF377ED9
:102350007DBF387E7EBF397E80BF3A7E81BF3C7EA6
:1023600082BF3D7E83BF3E7E84BF3F7E85BF407E71
:1023700086BF427E87BF437E88BF447E89BF457E3D
:102380008ABF467E8BBF487E8CBF497E8DBF4A7E0A
:102390008EBF4B7E8FBF4C7E90BF4D7E91BF4E7ED9
:1023A00092BF4F7E93BF507E94BF517E95BF527EA9
:1023B00096BF537E97BF547E98BF557E99BF567E79
:1023C0009ABF577E9BBF587E9CBF597E9DBF5A7E49
:1023D0009EBF5B7E9FBF5C7EA0BF5D7EA1BFCA4FDC
:1023E000A2BFE37AA3BF5A6DA4BFE190A5BF8F9AA5
:1023F000A6BF8055A7BF9654A8BF6153A9BFAF54CD
:10240000AABF005FABBFE963ACBF7769ADBFEF5157
:10241000AEBF6861AFBF0A52B0BF2A58B1BFD85231
:10242000B2BF4E57B3BF0D78B4BF0B77B5BFB75E21
:10243000B6BF7761B7BFE07CB8BF5B62B9BF9762D8
:10244000BABFA24EBBBF9570BCBF0380BDBFF762D1
:10245000BEBFE470BFBF6097C0BF7757C1BFDB820C
:10246000C2BFEF67C3BFF568C4BFD578C5BF979833
:10247000C6BFD179C7BFF358C8BFB354C9BFEF5364
:10248000CABF346ECBBF4B51CCBF3B52CDBFA25B5A
:10249000CEBFFE8BCFBFAF80D0BF4355D1BFA657B5
:1024A000D2BF7360D3BF5157D4BF2D54D5BF7A7AF2
:1024B000D6BF5060D7BF545BD8BFA763D9BFA06257
:1024C000DABFE353DBBF6362DCBFC75BDDBFAF676F
:1024D000DEBFED54DFBF9F7AE0BFE682E1BF7791B8
:1024E000E2BF935EE3BFE488E4BF3859E5BFAE576F
:1024F000E6BF0E63E7BFE88DE8BFEF80E9BF57573F
:10250000EABF777BEBBFA94FECBFEB5FEDBFBD5BD5
:10251000EEBF3E6BEFBF2153F0BF507BF1BFC272E5
:10252000F2BF4668F3BFFF77F4BF3677F5BFF765B4
:10253000F6BFB551F7BF8F4EF8BFD476F9BFBF5C79
:10254000FABFA57AFBBF7584FCBF4E59FDBF419B06
:10255000FEBF805040C05E7E41C05F7E42C0607E54
:1025600043C0617E44C0627E45C0637E46C0647ED7
:1025700047C0657E48C0667E49C0677E4AC0687EA7
:102580004BC0697E4CC06A7E4DC06B7E4EC06C7E77
:102590004FC06D7E50C06E7E51C06F7E52C0707E47
:1025A00053C0717E54C0727E55C0737E56C0747E17
:1025B00057C0757E58C0767E59C0777E5AC0787EE7
:1025C0005BC0797E5CC07A7E5DC07B7E5EC07C7EB7
:1025D0005FC07D7E60C07E7E61C07F7E62C0807E87
:1025E00063C0817E64C0837E65C0847E66C0857E54
:1025F00067C0867E68C0877E69C0887E6AC0897E23
:102600006BC08A7E6CC08B7E6DC08C7E6EC08D7EF2
:102610006FC08E7E70C08F7E71C0907E72C0917EC2
:1026200073C0927E74C0937E75C0947E76C0957E92
:1026300077C0967E78C0977E79C0987E7AC0997E62
:102640007BC09A7E7CC09C7E7DC09D7E7EC09E7E2F
:1026500080C0AE7E81C0B47E82C0BB7E83C0BC7EA3
:1026600084C0D67E85C0E47E86C0EC7E87C0F97EBD
:1026700088C00A7F89C0107F8AC01E7F8BC0377FC9
:102680008CC0397F8DC03B7F8EC03C7F8FC03D7F2B
:1026900090C03E7F91C03F7F92C0407F93C0417FFA
:1026A00094C0437F95C0467F96C0477F97C0487FC0
:1026B00098C0497F99C04A7F9AC04B7F9BC04C7F8E
:1026C0009CC04D7F9DC04E7F9EC04F7F9FC0527F5C
:1026D000A0C0537FA1C08899A2C02761A3C0836E08
:1026E000A4C06457A5C00666A6C04663A7C0F0563E
:1026F000A8C0EC62A9C06962AAC0D35EABC0149640
:10270000ACC08357ADC0C962AEC08755AFC021878A
:10271000B0C04A81B1C0A38FB2C06655B3C0B18307
:10272000B4C06567B5C0568DB6C0DD84B7C06A5AFF
:10273000B8C00F68B9C0E662BAC0EE7BBBC01196E4
:10274000BCC07051BDC09C6FBEC0308CBFC0FD63AB
:10275000C0C0C889C1C0D261C2C0067FC3C0C27038
:10276000C4C0E56EC5C00574C6C09469C7C0FC721C
:10277000C8C0CA5EC9C0CE90CAC01767CBC06A6D58
:10278000CCC05E63CDC0B352CEC06272CFC00180F8
:10279000D0C06C4FD1C0E559D2C06A91D3C0D970B6
:1027A000D4C09D6DD5C0D252D6C0504ED7C0F7967A
:1027B000D8C06D95D9C07E85DAC0CA78DBC02F7DC0
:1027C000DCC02151DDC09257DEC0C264DFC08B8007
:1027D000E0C07B7CE1C0EA6CE2C0F168E3C05E6906
:1027E000E4C0B751E5C09853E6C0A868E7C081725D
:1027F000E8C0CE9EE9C0F17BEAC0F872EBC0BB79BD
:10280000ECC0136FEDC00674EEC04E67EFC0CC9104
:10281000F0C0A49CF1C03C79F2C08983F3C054831A
:10282000F4C00F54F5C01768F6C03D4EF7C0895389
:10283000F8C0B152F9C03E78FAC08653FBC02952A5
:10284000FCC08850FDC08B4FFEC0D04F40C1567FAA
:1028500041C1597F42C15B7F43C15C7F44C15D7F01
:1028600045C15E7F46C1607F47C1637F48C1647FC9
:1028700049C1657F4AC1667F4BC1677F4CC16B7F91
:102880004DC16C7F4EC16D7F4FC16F7F50C1707F56
:1028900051C1737F52C1757F53C1767F54C1777F19
:1028A00055C1787F56C17A7F57C17B7F58C17C7FE5
:1028B00059C17D7F5AC17F7F5BC1807F5CC1827FB0
:1028C0005DC1837F5EC1847F5FC1857F60C1867F7C
:1028D00061C1877F62C1887F63C1897F64C18B7F4B
:1028E00065C18D7F66C18F7F67C1907F68C1917F11
:1028F00069C1927F6AC1937F6BC1957F6CC1967FDE
:102900006DC1977F6EC1987F6FC1997F70C19B7FAA
:1029100071C19C7F72C1A07F73C1A27F74C1A37F6C
:1029200075C1A57F76C1A67F77C1A87F78C1A97F31
:1029300079C1AA7F7AC1AB7F7BC1AC7F7CC1AD7FFF
:102940007DC1AE7F7EC1B17F80C1B37F81C1B47FC5
:1029500082C1B57F83C1B67F84C1B77F85C1BA7F8D
:1029600086C1BB7F87C1BE7F88C1C07F89C1C27F4E
:102970008AC1C37F8BC1C47F8CC1C67F8DC1C77F15
:102980008EC1C87F8FC1C97F90C1CB7F91C1CD7FE0
:1029900092C1CF7F93C1D07F94C1D17F95C1D27FA7
:1029A00096C1D37F97C1D67F98C1D77F99C1D97F70
:1029B0009AC1DA7F9BC1DB7F9CC1DC7F9DC1DD7F3B
:1029C0009EC1DE7F9FC1E27FA0C1E37FA1C1E2750E
:1029D000A2C1CB7AA3C1927CA4C1A56CA5C1B696B5
:1029E000A6C19B52A7C18374A8C1E954A9C1E94FEC
:1029F000AAC15480ABC1B283ACC1DE8FADC17095AA
:102A0000AEC1C95EAFC11C60B0C19F6DB1C1185EDF
:102A1000B2C15B65B3C13881B4C1FE94B5C14B602E
:102A2000B6C1BC70B7C1C37EB8C1AE7CB9C1C95113
:102A3000BAC18168BBC1B17CBCC16F82BDC1244E2B
:102A4000BEC1868FBFC1CF91C0C17E66C1C1AE4E2F
:102A5000C2C1058CC3C1A964C4C14A80C5C1DA50D2
:102A6000C6C19775C7C1CE71C8C1E55BC9C1BD8F6D
:102A7000CAC1666FCBC1864ECCC18264CDC163959D
:102A8000CEC1D65ECFC19965D0C11752D1C1C2881F
:102A9000D2C1C870D3C1A352D4C10E73D5C133748F
:102AA000D6C19767D7C1F778D8C11697D9C1344E28
:102AB000DAC1BB90DBC1DE9CDCC1CB6DDDC1DB517B
:102AC000DEC1418DDFC11D54E0C1CE62E1C1B273F0
:102AD000E2C1F183E3C1F696E4C1849FE5C1C394EA
:102AE000E6C1364FE7C19A7FE8C1CC51E9C17570A4
:102AF000EAC17596EBC1AD5CECC18698EDC1E653B9
:102B0000EEC1E44EEFC19C6EF0C10974F1C1B4692D
:102B1000F2C16B78F3C18F99F4C15975F5C11852A0
:102B2000F6C12476F7C1416DF8C1F367F9C16D5163
:102B3000FAC1999FFBC14B80FCC19954FDC13C7BFC
:102B4000FEC1BF7A40C2E47F41C2E77F42C2E87F54
:102B500043C2EA7F44C2EB7F45C2EC7F46C2ED7FB1
:102B600047C2EF7F48C2F27F49C2F47F4AC2F57F75
:102B70004BC2F67F4CC2F77F4DC2F87F4EC2F97F41
:102B80004FC2FA7F50C2FD7F51C2FE7F52C2FF7F0B
:102B900053C2028054C2078055C2088056C20980C1
:102BA00057C20A8058C20E8059C20F805AC2118083
:102BB0005BC213805CC21A805DC21B805EC21D8036
:102BC0005FC21E8060C21F8061C2218062C22380FA
:102BD00063C2248064C22B8065C22C8066C22D80B3
:102BE00067C22E8068C22F8069C230806AC232807C
:102BF0006BC234806CC239806DC23A806EC23C8038
:102C00006FC23E8070C2408071C2418072C24480F7
:102C100073C2458074C2478075C2488076C24980BD
:102C200077C24E8078C24F8079C250807AC251807C
:102C30007BC253807CC255807DC256807EC2578045
:102C400080C2598081C25B8082C25C8083C25D8009
:102C500084C25E8085C25F8086C2608087C26180D8
:102C600088C2628089C263808AC264808BC26580A8
:102C70008CC266808DC267808EC268808FC26B8076
:102C800090C26C8091C26D8092C26E8093C26F8040
:102C900094C2708095C2728096C2738097C274800D
:102CA00098C2758099C276809AC277809BC27880DC
:102CB0009CC279809DC27A809EC27B809FC27C80AC
:102CC000A0C27D80A1C28696A2C28457A3C2E2623E
:102CD000A4C24796A5C27C69A6C2045AA7C20264D0
:102CE000A8C2D37BA9C20F6FAAC24B96ABC2A68261
:102CF000ACC26253ADC28598AEC2905EAFC289705D
:102D0000B0C2B363B1C26453B2C24F86B3C2819C36
:102D1000B4C2939EB5C28C78B6C23297B7C2EF8D5B
:102D2000B8C2428DB9C27F9EBAC25E6FBBC28479FF
:102D3000BCC2555FBDC24696BEC22E62BFC2749A67
:102D4000C0C21554C1C2DD94C2C2A34FC3C2C5657F
:102D5000C4C2655CC5C2615CC6C2157FC7C251866C
:102D6000C8C22F6CC9C28B5FCAC28773CBC2E46E64
:102D7000CCC2FF7ECDC2E65CCEC21B63CFC26A5B13
:102D8000D0C2E66ED1C27553D2C2714ED3C2A06317
:102D9000D4C26575D5C2A162D6C26E8FD7C2264F86
:102DA000D8C2D14ED9C2A66CDAC2B67EDBC2BA8B0B
:102DB000DCC21D84DDC2BA87DEC2577FDFC23B9012
:102DC000E0C22395E1C2A97BE2C2A19AE3C2F888DE
:102DD000E4C23D84E5C21B6DE6C2869AE7C2DC7E92
:102DE000E8C28859E9C2BB9EEAC29B73EBC2017874
:102DF000ECC28286EDC26C9AEEC2829AEFC21B567A
:102E0000F0C21754F1C2CB57F2C2704EF3C2A69E65
:102E1000F4C25653F5C2C88FF6C20981F7C2927741
:102E2000F8C29299F9C2EE86FAC2E16EFBC213852E
:102E3000FCC2FC66FDC26261FEC22B6F40C37E8095
:102E400041C3818042C3828043C3858044C388805C
:102E500045C38A8046C38D8047C38E8048C38F8018
:102E600049C390804AC391804BC392804CC39480E5
:102E70004DC395804EC397804FC3998050C39E80A9
:102E800051C3A38052C3A68053C3A78054C3A88054
:102E900055C3AC8056C3B08057C3B38058C3B58008
:102EA00059C3B6805AC3B8805BC3B9805CC3BB80CA
:102EB0005DC3C5805EC3C7805FC3C88060C3C9806F
:102EC00061C3CA8062C3CB8063C3CF8064C3D08038
:102ED00065C3D18066C3D28067C3D38068C3D48002
:102EE00069C3D5806AC3D8806BC3DF806CC3E080C0
:102EF0006DC3E2806EC3E3806FC3E68070C3EE8073
:102F000071C3F58072C3F78073C3F98074C3FB800B
:102F100075C3FE8076C3FF8077C3008178C30181CB
:102F200079C303817AC304817BC305817CC3078194
:102F30007DC308817EC30B8180C30C8181C3158151
:102F400082C3178183C3198184C31B8185C31C81FC
:102F500086C31D8187C31F8188C3208189C32181C6
:102F60008AC322818BC323818CC324818DC3258195
:102F70008EC326818FC3278190C3288191C3298165
:102F800092C32A8193C32B8194C32D8195C32E8133
:102F900096C3308197C3338198C3348199C33581F7
:102FA0009AC337819BC339819CC33A819DC33B81BE
:102FB0009EC33C819FC33D81A0C33F81A1C3298C97
:102FC000A2C39282A3C32B83A4C3F276A5C3136CBE
:102FD000A6C3D95FA7C3BD83A8C32B73A9C30583A9
:102FE000AAC31A95ABC3DB6BACC3DB77ADC3C69486
:102FF000AEC36F53AFC30283B0C39251B1C33D5E42
:10300000B2C38C8CB3C3388DB4C3484EB5C3AB7355
:10301000B6C39A67B7C38568B8C37691B9C3099731
:10302000BAC36471BBC3A16CBCC30977BDC3925A58
:10303000BEC34195BFC3CF6BC0C38E7FC1C32766DC
:10304000C2C3D05BC3C3B959C4C39A5AC5C3E895B8
:10305000C6C3F795C7C3EC4EC8C30C84C9C39984D3
:10306000CAC3AC6ACBC3DF76CCC33095CDC31B7368
:10307000CEC3A668CFC35F5BD0C32F77D1C39A916D
:10308000D2C36197D3C3DC7CD4C3F78FD5C31C8C68
:10309000D6C3255FD7C3737CD8C3D879D9C3C589B4
:1030A000DAC3CC6CDBC31C87DCC3C65BDDC3425E0A
:1030B000DEC3C968DFC32077E0C3F57EE1C3955165
:1030C000E2C34D51E3C3C952E4C3295AE5C3057FA6
:1030D000E6C36297E7C3D782E8C3CF63E9C38477C7
:1030E000EAC3D085EBC3D279ECC33A6EEDC3995EE7
:1030F000EEC39959EFC31185F0C36D70F1C3116C24
:10310000F2C3BF62F3C3BF76F4C34F65F5C3AF60CC
:10311000F6C3FD95F7C30E66F8C39F87F9C3239ED8
:10312000FAC3ED94FBC30D54FCC37D54FDC32C8C3A
:10313000FEC3786440C4408141C4418142C442819D
:1031400043C4438144C4448145C4458146C4478146
:1031500047C4498148C44D8149C44E814AC44F8106
:103160004BC452814CC456814DC457814EC45881C2
:103170004FC45B8150C45C8151C45D8152C45E8187
:1031800053C45F8154C4618155C4628156C4638154
:1031900057C4648158C4668159C468815AC46A811D
:1031A0005BC46B815CC46C815DC46F815EC47281E1
:1031B0005FC4738160C4758161C4768162C47781A4
:1031C00063C4788164C4818165C4838166C4848159
:1031D00067C4858168C4868169C487816AC489811E
:1031E0006BC48B816CC48C816DC48D816EC48E81E7
:1031F0006FC4908170C4928171C4938172C49481B0
:1032000073C4958174C4968175C4978176C499817D
:1032100077C49A8178C49E8179C49F817AC4A08141
:103220007BC4A1817CC4A2817DC4A4817EC4A5810C
:1032300080C4A78181C4A98182C4AB8183C4AC81CD
:1032400084C4AD8185C4AE8186C4AF8187C4B0819A
:1032500088C4B18189C4B2818AC4B4818BC4B58168
:103260008CC4B6818DC4B7818EC4B8818FC4B98136
:1032700090C4BC8191C4BD8192C4BE8193C4BF81FE
:1032800094C4C48195C4C58196C4C78197C4C881BC
:1032900098C4C98199C4CB819AC4CD819BC4CE8185
:1032A0009CC4CF819DC4D0819EC4D1819FC4D28152
:1032B000A0C4D381A1C47964A2C41186A3C4216A25
:1032C000A4C49C81A5C4E878A6C46964A7C4549B1F
:1032D000A8C4B962A9C42B67AAC4AB83ABC4A8585D
:1032E000ACC4D89EADC4AB6CAEC4206FAFC4DE5BC3
:1032F000B0C44C96B1C40B8CB2C45F72B3C4D06777
:10330000B4C4C762B5C46172B6C4A94EB7C4C659C5
:10331000B8C4CD6BB9C49358BAC4AE66BBC4555ECD
:10332000BCC4DF52BDC45561BEC42867BFC4EE76BD
:10333000C0C46677C1C46772C2C4467AC3C4FF62A0
:10334000C4C4EA54C5C45054C6C4A094C7C4A3900E
:10335000C8C41C5AC9C4B37ECAC4166CCBC4434E7D
:10336000CCC47659CDC41080CEC44859CFC457536D
:10337000D0C43775D1C4BE96D2C4CA56D3C4206354
:10338000D4C41181D5C47C60D6C4F995D7C4D66D98
:10339000D8C46254D9C48199DAC48551DBC4E95ACE
:1033A000DCC4FD80DDC4AE59DEC41397DFC42A50EF
:1033B000E0C4E56CE1C43C5CE2C4DF62E3C4604F9E
:1033C000E4C43F53E5C47B81E6C40690E7C4BA6E0B
:1033D000E8C42B85E9C4C862EAC4745EEBC4BE7855
:1033E000ECC4B564EDC47B63EEC4F55FEFC4185A5A
:1033F000F0C47F91F1C41F9EF2C43F5CF3C44F63DD
:10340000F4C44280F5C47D5BF6C46E55F7C44A959A
:10341000F8C44D95F9C4856DFAC4A860FBC4E06793
:10342000FCC4DE72FDC4DD51FEC4815B40C5D481A5
:1034300041C5D58142C5D68143C5D78144C5D88110
:1034400045C5D98146C5DA8147C5DB8148C5DC81E0
:1034500049C5DD814AC5DE814BC5DF814CC5E081B0
:103460004DC5E1814EC5E2814FC5E48150C5E5817E
:1034700051C5E68152C5E88153C5E98154C5EB8148
:1034800055C5EE8156C5EF8157C5F08158C5F1810C
:1034900059C5F2815AC5F5815BC5F6815CC5F781D6
:1034A0005DC5F8815EC5F9815FC5FA8160C5FD81A2
:1034B00061C5FF8162C5038263C5078264C5088256
:1034C00065C5098266C50A8267C50B8268C50E821A
:1034D00069C50F826AC511826BC513826CC51582DE
:1034E0006DC516826EC517826FC5188270C51982A8
:1034F00071C51A8272C51D8273C5208274C524826B
:1035000075C5258276C5268277C5278278C529822A
:1035100079C52E827AC532827BC53A827CC53C82CF
:103520007DC53D827EC53F8280C5408281C5418286
:1035300082C5428283C5438284C5458285C5468251
:1035400086C5488287C54A8288C54C8289C54D8216
:103550008AC54E828BC550828CC551828DC55282E0
:103560008EC553828FC5548290C5558291C55682AF
:1035700092C5578293C5598294C55B8295C55C827A
:1035800096C55D8297C55E8298C5608299C5618245
:103590009AC562829BC563829CC564829DC5658213
:1035A0009EC566829FC56782A0C56982A1C5E76284
:1035B000A2C5DE6CA3C55B72A4C56D62A5C5AE9441
:1035C000A6C5BD7EA7C51381A8C5536DA9C59C51CD
:1035D000AAC5045FABC57459ACC5AA52ADC512608B
:1035E000AEC57359AFC59666B0C55086B1C59F7557
:1035F000B2C52A63B3C5E661B4C5EF7CB5C5FA8B25
:10360000B6C5E654B7C5276BB8C5259EB9C5B46B1A
:10361000BAC5D585BBC55554BCC57650BDC5A46CCF
:10362000BEC56A55BFC5B48DC0C52C72C1C5155E77
:10363000C2C51560C3C53674C4C5CD62C5C5926325
:10364000C6C54C72C7C5985FC8C5436EC9C53E6D37
:10365000CAC50065CBC5586FCCC5D876CDC5D07866
:10366000CEC5FC76CFC55475D0C52452D1C5DB5329
:10367000D2C5534ED3C59E5ED4C5C165D5C52A807B
:10368000D6C5D680D7C59B62D8C58654D9C5285221
:10369000DAC5AE70DBC58D88DCC5D18DDDC5E16CCA
:1036A000DEC57854DFC5DA80E0C5F957E1C5F48896
:1036B000E2C5548DE3C56A96E4C54D91E5C5694FF1
:1036C000E6C59B6CE7C5B755E8C5C676E9C5307851
:1036D000EAC5A862EBC5F970ECC58E6FEDC56D5FEC
:1036E000EEC5EC84EFC5DA68F0C57C78F1C5F77BF0
:1036F000F2C5A881F3C50B67F4C54F9EF5C5676396
:10370000F6C5B078F7C56F57F8C51278F9C539977F
:10371000FAC57962FBC5AB62FCC58852FDC535743C
:10372000FEC5D76B40C66A8241C66B8242C66C82B8
:1037300043C66D8244C6718245C6758246C676828E
:1037400047C6778248C6788249C67B824AC67C8251
:103750004BC680824CC681824DC683824EC685820E
:103760004FC6868250C6878251C6898252C68C82D5
:1037700053C6908254C6938255C6948256C695828B
:1037800057C6968258C69A8259C69B825AC69E824E
:103790005BC6A0825CC6A2825DC6A3825EC6A7820B
:1037A0005FC6B28260C6B58261C6B68262C6BA82A0
:1037B00063C6BB8264C6BC8265C6BF8266C6C08261
:1037C00067C6C28268C6C38269C6C5826AC6C68227
:1037D0006BC6C9826CC6D0826DC6D6826EC6D982CF
:1037E0006FC6DA8270C6DD8271C6E28272C6E78277
:1037F00073C6E88274C6E98275C6EA8276C6EC8230
:1038000077C6ED8278C6EE8279C6F0827AC6F282F9
:103810007BC6F3827CC6F5827DC6F6827EC6F882C0
:1038200080C6FA8281C6FC8282C6FD8283C6FE8281
:1038300084C6FF8285C6008386C60A8387C60B833B
:1038400088C60D8389C610838AC612838BC61383EC
:103850008CC616838DC618838EC619838FC61D83AA
:1038600090C61E8391C61F8392C6208393C6218370
:1038700094C6228395C6238396C6248397C6258340
:1038800098C6268399C629839AC62A839BC62E8307
:103890009CC630839DC632839EC637839FC63B83BA
:1038A000A0C63D83A1C66455A2C63E81A3C6B2751B
:1038B000A4C6AE76A5C63953A6C6DE75A7C6FB500C
:1038C000A8C6415CA9C66C8BAAC6C77BABC64F50C5
:1038D000ACC64772ADC6979AAEC6D898AFC6026F4F
:1038E000B0C6E274B1C66879B2C68764B3C6A577BC
:1038F000B4C6FC62B5C69198B6C62B8DB7C6C15486
:10390000B8C65880B9C6524EBAC66A57BBC6F98205
:10391000BCC60D84BDC6735EBEC6ED51BFC6F6748F
:10392000C0C6C48BC1C64F5CC2C66157C3C6FC6C5F
:10393000C4C68798C5C6465AC6C63478C7C6449B0F
:10394000C8C6EB8FC9C6957CCAC65652CBC6516253
:10395000CCC6FA94CDC6C64ECEC68683CFC6618489
:10396000D0C6E983D1C6B284D2C6D457D3C6346791
:10397000D4C60357D5C66E66D6C6666DD7C6318C1B
:10398000D8C6DD66D9C61170DAC61F67DBC63A6BCA
:10399000DCC61668DDC61A62DEC6BB59DFC6034E3A
:1039A000E0C6C451E1C6066FE2C6D267E3C68F6CBB
:1039B000E4C67651E5C6CB68E6C64759E7C6676BED
:1039C000E8C66675E9C60E5DEAC61081EBC6509F73
:1039D000ECC6D765EDC64879EEC64179EFC6919A37
:1039E000F0C6778DF1C6825CF2C65E4EF3C6014F1B
:1039F000F4C62F54F5C65159F6C60C78F7C668566A
:103A0000F8C6146CF9C6C48FFAC6035FFBC67D6C9A
:103A1000FCC6E36CFDC6AB8BFEC6906340C73E831D
:103A200041C73F8342C7418343C7428344C744835E
:103A300045C7458346C7488347C74A8348C74B8322
:103A400049C74C834AC74D834BC74E834CC75383EA
:103A50004DC755834EC756834FC7578350C75883AA
:103A600051C7598352C75D8353C7628354C770835C
:103A700055C7718356C7728357C7738358C77483FA
:103A800059C775835AC776835BC779835CC77A83C6
:103A90005DC77E835EC77F835FC7808360C7818386
:103AA00061C7828362C7838363C7848364C7878354
:103AB00065C7888366C78A8367C78B8368C78C831B
:103AC00069C78D836AC78F836BC790836CC79183E7
:103AD0006DC794836EC795836FC7968370C79783AE
:103AE00071C7998372C79A8373C79D8374C79F8375
:103AF00075C7A18376C7A28377C7A38378C7A4833A
:103B000079C7A5837AC7A6837BC7A7837CC7AC8305
:103B10007DC7AD837EC7AE8380C7AF8381C7B583C2
:103B200082C7BB8383C7BE8384C7BF8385C7C28365
:103B300086C7C38387C7C48388C7C68389C7C8832A
:103B40008AC7C9838BC7CB838CC7CD838DC7CE83F0
:103B50008EC7D0838FC7D18390C7D28391C7D383B9
:103B600092C7D58393C7D78394C7D98395C7DA8380
:103B700096C7DB8397C7DE8398C7E28399C7E38341
:103B80009AC7E4839BC7E6839CC7E7839DC7E88306
:103B90009EC7EB839FC7EC83A0C7ED83A1C770606E
:103BA000A2C73D6DA3C77572A4C76662A5C78E94F0
:103BB000A6C7C594A7C74353A8C7C18FA9C77E7B13
:103BC000AAC7DF4EABC7268CACC77E4EADC7D49E0E
:103BD000AEC7B194AFC7B394B0C74D52B1C75C6F15
:103BE000B2C76390B3C7456DB4C7348CB5C711581D
:103BF000B6C74C5DB7C7206BB8C7496BB9C7AA67D2
:103C0000BAC75B54BBC75481BCC78C7FBDC799582A
:103C1000BEC73785BFC73A5FC0C7A262C1C7476A80
:103C2000C2C73995C3C77265C4C78460C5C7656814
:103C3000C6C7A777C7C7544EC8C7A84FC9C7E75D4F
:103C4000CAC79897CBC7AC64CCC7D87FCDC7ED5C4B
:103C5000CEC7CF4FCFC78D7AD0C70752D1C7048305
:103C6000D2C7144ED3C72F60D4C7837AD5C7A694C2
:103C7000D6C7B54FD7C7B24ED8C7E679D9C73474BF
:103C8000DAC7E452DBC7B982DCC7D264DDC7BD79CD
:103C9000DEC7DD5BDFC7816CE0C75297E1C77B8F72
:103CA000E2C7226CE3C73E50E4C77F53E5C7056E09
:103CB000E6C7CE64E7C77466E8C7306CE9C7C5607D
:103CC000EAC77798EBC7F78BECC7865EEDC73C7405
:103CD000EEC7777AEFC7CB79F0C7184EF1C7B1902E
:103CE000F2C70374F3C7426CF4C7DA56F5C74B91B9
:103CF000F6C7C56CF7C78B8DF8C73A53F9C7C686A8
:103D0000FAC7F266FBC7AF8EFCC7485CFDC7719A65
:103D1000FEC7206E40C8EE8341C8EF8342C8F383DC
:103D200043C8F48344C8F58345C8F68346C8F7837F
:103D300047C8FA8348C8FB8349C8FC834AC8FE8346
:103D40004BC8FF834CC800844DC802844EC805840C
:103D50004FC8078450C8088451C8098452C80A84CF
:103D600053C8108454C8128455C8138456C8148488
:103D700057C8158458C8168459C817845AC8198456
:103D80005BC81A845CC81B845DC81E845EC81F841F
:103D90005FC8208460C8218461C8228462C82384EB
:103DA00063C8298464C82A8465C82B8466C82C84A7
:103DB00067C82D8468C82E8469C82F846AC8308477
:103DC0006BC832846CC833846DC834846EC8358443
:103DD0006FC8368470C8378471C8398472C83A8411
:103DE00073C83B8474C83E8475C83F8476C84084D9
:103DF00077C8418478C8428479C843847AC84484A7
:103E00007BC845847CC847847DC848847EC8498473
:103E100080C84A8481C84B8482C84C8483C84D843E
:103E200084C84E8485C84F8486C8508487C852840D
:103E300088C8538489C854848AC855848BC85684DA
:103E40008CC858848DC85D848EC85E848FC85F849A
:103E500090C8608491C8628492C8648493C8658461
:103E600094C8668495C8678496C8688497C86A842D
:103E700098C86E8499C86F849AC870849BC87284ED
:103E80009CC874849DC877849EC879849FC87B84AD
:103E9000A0C87C84A1C8D653A2C8365AA3C88B9F99
:103EA000A4C8A38DA5C8BB53A6C80857A7C8A79880
:103EB000A8C84367A9C89B91AAC8C96CABC8685178
:103EC000ACC8CA75ADC8F362AEC8AC72AFC83852E0
:103ED000B0C89D52B1C83A7FB2C89470B3C83876A2
:103EE000B4C87453B5C84A9EB6C8B769B7C86E7827
:103EF000B8C8C096B9C8D988BAC8A47FBBC836713B
:103F0000BCC8C371BDC88951BEC8D367BFC8E474FB
:103F1000C0C8E458C1C81865C2C8B756C3C8A98B81
:103F2000C4C87699C5C87062C6C8D57EC7C8F960CE
:103F3000C8C8ED70C9C8EC58CAC8C14ECBC8BA4E83
:103F4000CCC8CD5FCDC8E797CEC8FB4ECFC8A48BF9
:103F5000D0C80352D1C88A59D2C8AB7ED3C85462E4
:103F6000D4C8CD4ED5C8E565D6C80E62D7C838834B
:103F7000D8C8C984D9C86383DAC88D87DBC894716F
:103F8000DCC8B66EDDC8B95BDEC8D27EDFC897512B
:103F9000E0C8C963E1C8D467E2C88980E3C839834F
:103FA000E4C81588E5C81251E6C87A5BE7C88259AB
:103FB000E8C8B18FE9C8734EEAC85D6CEBC86551BB
:103FC000ECC82589EDC86F8FEEC82E96EFC84A85DC
:103FD000F0C85E74F1C81095F2C8F095F3C8A66DEC
:103FE000F4C8E582F5C8315FF6C89264F7C8126D6F
:103FF000F8C82884F9C86E81FAC8C39CFBC85E580B
:10400000FCC85B8DFDC8094EFEC8C15340C97D8404
:1040100041C97E8442C97F8443C9808444C9818464
:1040200045C9838446C9848447C9858448C9868430
:1040300049C98A844AC98D844BC98F844CC99084EC
:104040004DC991844EC992844FC9938450C99484B8
:1040500051C9958452C9968453C9988454C99A8485
:1040600055C99B8456C99D8457C99E8458C99F844D
:1040700059C9A0845AC9A2845BC9A3845CC9A48419
:104080005DC9A5845EC9A6845FC9A78460C9A884E8
:1040900061C9A98462C9AA8463C9AB8464C9AC84B8
:1040A00065C9AD8466C9AE8467C9B08468C9B18486
:1040B00069C9B3846AC9B5846BC9B6846CC9B7844D
:1040C0006DC9BB846EC9BC846FC9BE8470C9C0840D
:1040D00071C9C28472C9C38473C9C58474C9C684D2
:1040E00075C9C78476C9C88477C9CB8478C9CC849C
:1040F00079C9CE847AC9CF847BC9D2847CC9D4845F
:104100007DC9D5847EC9D78480C9D88481C9D98422
:1041100082C9DA8483C9DB8484C9DC8485C9DE84EE
:1041200086C9E18487C9E28488C9E48489C9E784AF
:104130008AC9E8848BC9E9848CC9EA848DC9EB8477
:104140008EC9ED848FC9EE8490C9EF8491C9F18442
:1041500092C9F28493C9F38494C9F48495C9F5840F
:1041600096C9F68497C9F78498C9F88499C9F984DF
:104170009AC9FA849BC9FB849CC9FD849DC9FE84AD
:104180009EC900859FC90185A0C90285A1C91E4F8E
:10419000A2C96365A3C95168A4C9D355A5C9274E4F
:1041A000A6C91464A7C99A9AA8C96B62A9C9C25AB8
:1041B000AAC95F74ABC97282ACC9A96DADC9EE68FA
:1041C000AEC9E750AFC98E83B0C90278B1C94067A4
:1041D000B2C93952B3C9996CB4C9B17EB5C9BB5023
:1041E000B6C96555B7C95E71B8C95B7BB9C95266B6
:1041F000BAC9CA73BBC9EB82BCC94967BDC9715C86
:10420000BEC92052BFC97D71C0C96B88C1C9EA95BA
:10421000C2C95596C3C9C564C4C9618DC5C9B38136
:10422000C6C98455C7C9556CC8C94762C9C92E7F5C
:10423000CAC99258CBC9244FCCC94655CDC94F8D58
:10424000CEC94C66CFC90A4ED0C91A5CD1C9F38811
:10425000D2C9A268D3C94E63D4C90D7AD5C9E77053
:10426000D6C98D82D7C9FA52D8C9F697D9C9115C77
:10427000DAC9E854DBC9B590DCC9CD7EDDC9625925
:10428000DEC94A8DDFC9C786E0C90C82E1C90D824B
:10429000E2C9668DE3C94464E4C9045CE5C95161BF
:1042A000E6C9896DE7C93E79E8C9BE8BE9C93778A7
:1042B000EAC93375EBC97B54ECC9384FEDC9AB8EF5
:1042C000EEC9F16DEFC9205AF0C9C57EF1C95E791A
:1042D000F2C9886CF3C9A15BF4C9765AF5C91A759D
:1042E000F6C9BE80F7C94E61F8C9176EF9C9F05812
:1042F000FAC91F75FBC92575FCC97272FDC9475300
:10430000FEC9F37E40CA038541CA048542CA0585B9
:1043100043CA068544CA078545CA088546CA098531
:1043200047CA0A8548CA0B8549CA0D854ACA0E85FF
:104330004BCA0F854CCA10854DCA12854ECA1485CA
:104340004FCA158550CA168551CA188552CA198593
:1043500053CA1B8554CA1C8555CA1D8556CA1E855D
:1043600057CA208558CA228559CA23855ACA248526
:104370005BCA25855CCA26855DCA27855ECA2885F5
:104380005FCA298560CA2A8561CA2D8562CA2E85C1
:1043900063CA2F8564CA308565CA318566CA32858D
:1043A00067CA338568CA348569CA35856ACA36855D
:1043B0006BCA3E856CCA3F856DCA40856ECA418511
:1043C0006FCA428570CA448571CA458572CA4685DE
:1043D00073CA478574CA4B8575CA4C8576CA4D85A4
:1043E00077CA4E8578CA4F8579CA50857ACA518571
:1043F0007BCA52857CCA53857DCA54857ECA558541
:1044000080CA578581CA588582CA5A8583CA5B8506
:1044100084CA5C8585CA5D8586CA5F8587CA6085D2
:1044200088CA618589CA62858ACA63858BCA65859F
:104430008CCA66858DCA67858ECA69858FCA6A856A
:1044400090CA6B8591CA6C8592CA6D8593CA6E8538
:1044500094CA6F8595CA708596CA718597CA738507
:1044600098CA758599CA76859ACA77859BCA7885D0
:104470009CCA7C859DCA7D859ECA7F859FCA808592
:10448000A0CA8185A1CA0177A2CADB76A3CA6952F4
:10449000A4CADC80A5CA2357A6CA085EA7CA315998
:1044A000A8CAEE72A9CABD65AACA7F6EABCAD78B6D
:1044B000ACCA385CADCA7186AECA4153AFCAF37795
:1044C000B0CAFE62B1CAF665B2CAC04EB3CADF98BE
:1044D000B4CA8086B5CA9E5BB6CAC68BB7CAF25349
:1044E000B8CAE277B9CA7F4FBACA4E5CBBCA769ADD
:1044F000BCCACB59BDCA0F5FBECA3A79BFCAEB5816
:10450000C0CA164EC1CAFF67C2CA8B4EC3CAED628B
:10451000C4CA938AC5CA1D90C6CABF52C7CA2F66ED
:10452000C8CADC55C9CA6C56CACA0290CBCAD54E95
:10453000CCCA8D4FCDCACA91CECA7099CFCA0F6C62
:10454000D0CA025ED1CA4360D2CAA45BD3CAC689AC
:10455000D4CAD58BD5CA3665D6CA4B62D7CA969906
:10456000D8CA885BD9CAFF5BDACA8863DBCA2E5512
:10457000DCCAD753DDCA2676DECA7D51DFCA2C8558
:10458000E0CAA267E1CAB368E2CA8A6BE3CA926270
:10459000E4CA938FE5CAD453E6CA1282E7CAD16D42
:1045A000E8CA8F75E9CA664EEACA4E8DEBCA705BDF
:1045B000ECCA9F71EDCAAF85EECA9166EFCAD966A3
:1045C000F0CA727FF1CA0087F2CACD9EF3CA209F5B
:1045D000F4CA5E5CF5CA2F67F6CAF08FF7CA116895
:1045E000F8CA5F67F9CA0D62FACAD67AFBCA85585B
:1045F000FCCAB65EFDCA7065FECA316F40CB8285CB
:1046000041CB838542CB868543CB888544CB898546
:1046100045CB8A8546CB8B8547CB8C8548CB8D8512
:1046200049CB8E854ACB90854BCB91854CCB9285DF
:104630004DCB93854ECB94854FCB958550CB9685AE
:1046400051CB978552CB988553CB998554CB9A857E
:1046500055CB9D8556CB9E8557CB9F8558CBA08546
:1046600059CBA1855ACBA2855BCBA3855CCBA58515
:104670005DCBA6855ECBA7855FCBA98560CBAB85DF
:1046800061CBAC8562CBAD8563CBB18564CBB285A4
:1046900065CBB38566CBB48567CBB58568CBB6856E
:1046A00069CBB8856ACBBA856BCBBB856CCBBC8537
:1046B0006DCBBD856ECBBE856FCBBF8570CBC08506
:1046C00071CBC28572CBC38573CBC48574CBC585D2
:1046D00075CBC68576CBC78577CBC88578CBCA85A1
:1046E00079CBCB857ACBCC857BCBCD857CCBCE856E
:1046F0007DCBD1857ECBD28580CBD48581CBD68531
:1047000082CBD78583CBD88584CBD98585CBDA85F9
:1047100086CBDB8587CBDD8588CBDE8589CBDF85C6
:104720008ACBE0858BCBE1858CCBE2858DCBE38595
:104730008ECBE5858FCBE68590CBE78591CBE88561
:1047400092CBEA8593CBEB8594CBEC8595CBED852D
:1047500096CBEE8597CBEF8598CBF08599CBF185FD
:104760009ACBF2859BCBF3859CCBF4859DCBF585CD
:104770009ECBF6859FCBF785A0CBF885A1CB556066
:10478000A2CB3752A3CB0D80A4CB5464A5CB7088A9
:10479000A6CB2975A7CB055EA8CB1368A9CBF4627D
:1047A000AACB1C97ABCBCC53ACCB3D72ADCB018C21
:1047B000AECB346CAFCB6177B0CB0E7AB1CB2E548D
:1047C000B2CBAC77B3CB7A98B4CB1C82B5CBF48B9D
:1047D000B6CB5578B7CB1467B8CBC170B9CBAF6542
:1047E000BACB9564BBCB3656BCCB1D60BDCBC17973
:1047F000BECBF853BFCB1D4EC0CB7B6BC1CB8680ED
:10480000C2CBFA5BC3CBE355C4CBDB56C5CB3A4F27
:10481000C6CB3C4FC7CB7299C8CBF35DC9CB7E6783
:10482000CACB3880CBCB0260CCCB8298CDCB019069
:10483000CECB8B5BCFCBBC8BD0CBF58BD1CB1C64E1
:10484000D2CB5882D3CBDE64D4CBFD55D5CBCF822F
:10485000D6CB6591D7CBD74FD8CB207DD9CB1F9066
:10486000DACB9F7CDBCBF350DCCB5158DDCBAF6E8A
:10487000DECBBF5BDFCBC98BE0CB8380E1CB789114
:10488000E2CB9C84E3CB977BE4CB7D86E5CB8B9618
:10489000E6CB8F96E7CBE57EE8CBD39AE9CB8E7853
:1048A000EACB815CEBCB577AECCB4290EDCBA79671
:1048B000EECB5F79EFCB595BF0CB5F63F1CB0B7B3A
:1048C000F2CBD184F3CBAD68F4CB0655F5CB297F81
:1048D000F6CB1074F7CB227DF8CB0195F9CB406273
:1048E000FACB4C58FBCBD64EFCCB835BFDCB795936
:1048F000FECB545840CCF98541CCFA8542CCFC859E
:1049000043CCFD8544CCFE8545CC008646CC018653
:1049100047CC028648CC038649CC04864ACC06861E
:104920004BCC07864CCC08864DCC09864ECC0A86EB
:104930004FCC0B8650CC0C8651CC0D8652CC0E86BB
:1049400053CC0F8654CC108655CC128656CC138689
:1049500057CC148658CC158659CC17865ACC188655
:104960005BCC19865CCC1A865DCC1B865ECC1C8623
:104970005FCC1D8660CC1E8661CC1F8662CC2086F3
:1049800063CC218664CC228665CC238666CC2486C3
:1049900067CC258668CC268669CC28866ACC2A8690
:1049A0006BCC2B866CCC2C866DCC2D866ECC2E865B
:1049B0006FCC2F8670CC308671CC318672CC32862B
:1049C00073CC338674CC348675CC358676CC3686FB
:1049D00077CC378678CC398679CC3A867ACC3B86C8
:1049E0007BCC3D867CCC3E867DCC3F867ECC408693
:1049F00080CC418681CC428682CC438683CC44865F
:104A000084CC458685CC468686CC478687CC48862E
:104A100088CC498689CC4A868ACC4B868BCC4C86FE
:104A20008CCC52868DCC53868ECC55868FCC5686B8
:104A300090CC578691CC588692CC598693CC5B8685
:104A400094CC5C8695CC5D8696CC5F8697CC608650
:104A500098CC618699CC63869ACC64869BCC65861B
:104A60009CCC66869DCC67869ECC68869FCC6986EA
:104A7000A0CC6A86A1CC6D73A2CC1E63A3CC4B8E56
:104A8000A4CC0F8EA5CCCE80A6CCD482A7CCAC6211
:104A9000A8CCF053A9CCF06CAACC5E91ABCC2A592F
:104AA000ACCC0160ADCC706CAECC4D57AFCC4A6491
:104AB000B0CC2A8DB1CC2B76B2CCE96EB3CC5B579F
:104AC000B4CC806AB5CCF075B6CC6D6FB7CC2D8CFC
:104AD000B8CC088CB9CC6657BACCEF6BBBCC9288FB
:104AE000BCCCB378BDCCA263BECCF953BFCCAD7007
:104AF000C0CC646CC1CC5858C2CC2A64C3CC025818
:104B0000C4CCE068C5CC9B81C6CC1055C7CCD67C44
:104B1000C8CC1850C9CCBA8ECACCCC6DCBCC9F8D2A
:104B2000CCCCEB70CDCC8F63CECC9B6DCFCCD46E88
:104B3000D0CCE67ED1CC0484D2CC4368D3CC0390D5
:104B4000D4CCD86DD5CC7696D6CCA88BD7CC5759AB
:104B5000D8CC7972D9CCE485DACC7E81DBCCBC753B
:104B6000DCCC8A8ADDCCAF68DECC5452DFCC228E1E
:104B7000E0CC1195E1CCD063E2CC9898E3CC448EA4
:104B8000E4CC7C55E5CC534FE6CCFF66E7CC8F56A2
:104B9000E8CCD560E9CC956DEACC4352EBCC495CCE
:104BA000ECCC2959EDCCFB6DEECC6B58EFCC3075CD
:104BB000F0CC1C75F1CC6C60F2CC1482F3CC468145
:104BC000F4CC1163F5CC6167F6CCE28FF7CC3A7781
:104BD000F8CCF38DF9CC348DFACCC194FBCC165EB5
:104BE000FCCC8553FDCC2C54FECCC37040CD6D86DF
:104BF00041CD6F8642CD708643CD728644CD73869B
:104C000045CD748646CD758647CD768648CD778668
:104C100049CD78864ACD83864BCD84864CCD85861A
:104C20004DCD86864ECD87864FCD888650CD8986E0
:104C300051CD8E8652CD8F8653CD908654CD9186A0
:104C400055CD928656CD948657CD968658CD97866B
:104C500059CD98865ACD99865BCD9A865CCD9B8638
:104C60005DCD9E865ECD9F865FCDA08660CDA18600
:104C700061CDA28662CDA58663CDA68664CDAB86C6
:104C800065CDAD8666CDAE8667CDB28668CDB3867E
:104C900069CDB7866ACDB8866BCDB9866CCDBB863B
:104CA0006DCDBC866ECDBD866FCDBE8670CDBF8608
:104CB00071CDC18672CDC28673CDC38674CDC586D3
:104CC00075CDC88676CDCC8677CDCD8678CDD2868B
:104CD00079CDD3867ACDD5867BCDD6867CCDD78649
:104CE0007DCDDA867ECDDC8680CDDD8681CDE08609
:104CF00082CDE18683CDE28684CDE38685CDE586CF
:104D000086CDE68687CDE78688CDE88689CDEA869A
:104D10008ACDEB868BCDEC868CCDEF868DCDF5865E
:104D20008ECDF6868FCDF78690CDFA8691CDFB8617
:104D300092CDFC8693CDFD8694CDFF8695CD0187DF
:104D400096CD048797CD058798CD068799CD0B879B
:104D50009ACD0C879BCD0E879CCD0F879DCD10875C
:104D60009ECD11879FCD1487A0CD1687A1CD406C15
:104D7000A2CDF75EA3CD5C50A4CDAD4EA5CDAD5E6A
:104D8000A6CD3A63A7CD4782A8CD1A90A9CD506889
:104D9000AACD6E91ABCDB377ACCD0C54ADCDDC9438
:104DA000AECD645FAFCDE57AB0CD7668B1CD456369
:104DB000B2CD527BB3CDDF7EB4CDDB75B5CD7750B0
:104DC000B6CD9562B7CD3459B8CD0F90B9CDF85165
:104DD000BACDC379BBCD817ABCCDFE56BDCD925F35
:104DE000BECD1490BFCD826DC0CD605CC1CD1F57CC
:104DF000C2CD1054C3CD5451C4CD4D6EC5CDE25675
:104E0000C6CDA863C7CD9398C8CD7F81C9CD15877E
:104E1000CACD2A89CBCD0090CCCD1E54CDCD6F5CB0
:104E2000CECDC081CFCDD662D0CD5862D1CD31812B
:104E3000D2CD359ED3CD4096D4CD6E9AD5CD7C9A29
:104E4000D6CD2D69D7CDA559D8CDD362D9CD3E5574
:104E5000DACD1663DBCDC754DCCDD986DDCD3C6D14
:104E6000DECD035ADFCDE674E0CD9C88E1CD6A6BE0
:104E7000E2CD1659E3CD4C8CE4CD2F5FE5CD7E6EAF
:104E8000E6CDA973E7CD7D98E8CD384EE9CDF77032
:104E9000EACD8C5BEBCD9778ECCD3D63EDCD5A66DA
:104EA000EECD9676EFCDCB60F0CD9B5BF1CD495A40
:104EB000F2CD074EF3CD5581F4CD6A6CF5CD8B73F1
:104EC000F6CDA14EF7CD8967F8CD517FF9CD805F42
:104ED000FACDFA65FBCD1B67FCCDD85FFDCD8459BB
:104EE000FECD015A40CE198741CE1B8742CE1D8789
:104EF00043CE1F8744CE208745CE248746CE2687C3
:104F000047CE278748CE288749CE2A874ACE2B8787
:104F10004BCE2C874CCE2D874DCE2F874ECE308753
:104F20004FCE328750CE338751CE358752CE36871B
:104F300053CE388754CE398755CE3A8756CE3C87E4
:104F400057CE3D8758CE408759CE41875ACE4287AB
:104F50005BCE43875CCE44875DCE45875ECE468779
:104F60005FCE4A8760CE4B8761CE4D8762CE4F873A
:104F700063CE508764CE518765CE528766CE548704
:104F800067CE558768CE568769CE58876ACE5A87CE
:104F90006BCE5B876CCE5C876DCE5D876ECE5E8799
:104FA0006FCE5F8770CE618771CE628772CE668763
:104FB00073CE678774CE688775CE698776CE6A8729
:104FC00077CE6B8778CE6C8779CE6D877ACE6F87F8
:104FD0007BCE71877CCE72877DCE73877ECE7587C0
:104FE00080CE778781CE788782CE798783CE7A8785
:104FF00084CE7F8785CE808786CE818787CE848743
:1050000088CE868789CE87878ACE89878BCE8A8706
:105010008CCE8C878DCE8E878ECE8F878FCE9087CD
:1050200090CE918791CE928792CE948793CE95879A
:1050300094CE968795CE988796CE998797CE9A8765
:1050400098CE9B8799CE9C879ACE9D879BCE9E8734
:105050009CCEA0879DCEA1879ECEA2879FCEA38700
:10506000A0CEA487A1CECD5DA2CEAE5FA3CE71535C
:10507000A4CEE697A5CEDD8FA6CE4568A7CEF45682
:10508000A8CE2F55A9CEDF60AACE3A4EABCE4D6F3B
:10509000ACCEF47EADCEC782AECE0E84AFCED459A8
:1050A000B0CE1F4FB1CE2A4FB2CE3E5CB3CEAC7E57
:1050B000B4CE2A67B5CE1A85B6CE7354B7CE4F7527
:1050C000B8CEC380B9CE8255BACE4F9BBBCE4D4F22
:1050D000BCCE2D6EBDCE138CBECE095CBFCE706132
:1050E000C0CE6B53C1CE1F76C2CE296EC3CE8A8688
:1050F000C4CE8765C5CEFB95C6CEB97EC7CE3B5420
:10510000C8CE337AC9CE0A7DCACEEE95CBCEE15554
:10511000CCCEC17FCDCEEE74CECE1D63CFCE178761
:10512000D0CEA16DD1CE9D7AD2CE1162D3CEA16563
:10513000D4CE6753D5CEE163D6CE836CD7CEEB5DAC
:10514000D8CE5C54D9CEA894DACE4C4EDBCE616C6E
:10515000DCCEEC8BDDCE4B5CDECEE065DFCE9C8220
:10516000E0CEA768E1CE3E54E2CE3454E3CECB6B22
:10517000E4CE666BE5CE944EE6CE4263E7CE48536E
:10518000E8CE1E82E9CE0D4FEACEAE4FEBCE5E5793
:10519000ECCE0A62EDCEFE96EECE6466EFCE69727C
:1051A000F0CEFF52F1CEA152F2CE9F60F3CEEF8B44
:1051B000F4CE1466F5CE9971F6CE9067F7CE7F895E
:1051C000F8CE5278F9CEFD77FACE7066FBCE3B561C
:1051D000FCCE3854FDCE2195FECE7A7240CFA58705
:1051E00041CFA68742CFA78743CFA98744CFAA87BD
:1051F00045CFAE8746CFB08747CFB18748CFB2877C
:1052000049CFB4874ACFB6874BCFB7874CCFB88743
:105210004DCFB9874ECFBB874FCFBC8750CFBE870E
:1052200051CFBF8752CFC18753CFC28754CFC387D7
:1052300055CFC48756CFC58757CFC78758CFC887A4
:1052400059CFC9875ACFCC875BCFCD875CCFCE876C
:105250005DCFCF875ECFD0875FCFD48760CFD58734
:1052600061CFD68762CFD78763CFD88764CFD987FE
:1052700065CFDA8766CFDC8767CFDD8768CFDE87CB
:1052800069CFDF876ACFE1876BCFE2876CCFE38797
:105290006DCFE4876ECFE6876FCFE78770CFE88763
:1052A00071CFE98772CFEB8773CFEC8774CFED872F
:1052B00075CFEF8776CFF08777CFF18778CFF287FA
:1052C00079CFF3877ACFF4877BCFF5877CCFF687CA
:1052D0007DCFF7877ECFF88780CFFA8781CFFB8796
:1052E00082CFFC8783CFFD8784CFFF8785CF00885F
:1052F00086CF018887CF028888CF048889CF058828
:105300008ACF06888BCF07888CCF08888DCF0988F5
:105310008ECF0B888FCF0C8890CF0D8891CF0E88C1
:1053200092CF0F8893CF108894CF118895CF128891
:1053300096CF148897CF178898CF188899CF198857
:105340009ACF1A889BCF1C889CCF1D889DCF1E8822
:105350009ECF1F889FCF2088A0CF2388A1CF007A1F
:10536000A2CF6F60A3CF0C5EA4CF8960A5CF9D8133
:10537000A6CF1559A7CFDC60A8CF8471A9CFEF7055
:10538000AACFAA6EABCF506CACCF8072ADCF846A7F
:10539000AECFAD88AFCF2D5EB0CF604EB1CFB35A98
:1053A000B2CF9C55B3CFE394B4CF176DB5CFFB7C90
:1053B000B6CF9996B7CF0F62B8CFC67EB9CF8E77EA
:1053C000BACF7E86BBCF2353BCCF1E97BDCF968F5F
:1053D000BECF8766BFCFE15CC0CFA04FC1CFED721B
:1053E000C2CF0B4EC3CFA653C4CF0F59C5CF135452
:1053F000C6CF8063C7CF2895C8CF4851C9CFD94EF3
:10540000CACF9C9CCBCFA47ECCCFB854CDCF248D1B
:10541000CECF5488CFCF3782D0CFF295D1CF8E6DFB
:10542000D2CF265FD3CFCC5AD4CF3E66D5CF6996A4
:10543000D6CFB073D7CF2E73D8CFBF53D9CF7A8101
:10544000DACF8599DBCFA17FDCCFAA5BDDCF779662
:10545000DECF5096DFCFBF7EE0CFF876E1CFA2530C
:10546000E2CF7695E3CF9999E4CFB17BE5CF44893C
:10547000E6CF586EE7CF614EE8CFD47FE9CF6579AC
:10548000EACFE68BEBCFF360ECCFCD54EDCFAB4E54
:10549000EECF7998EFCFF75DF0CF616AF1CFCF50C3
:1054A000F2CF1154F3CF618CF4CF2784F5CF5D7820
:1054B000F6CF0497F7CF4A52F8CFEE54F9CFA35660
:1054C000FACF0095FBCF886DFCCFB55BFDCFC66DE5
:1054D000FECF536640D0248841D0258842D026880C
:1054E00043D0278844D0288845D0298846D02A88A8
:1054F00047D02B8848D02C8849D02D884AD02E8878
:105500004BD02F884CD030884DD031884ED0338846
:105510004FD0348850D0358851D0368852D0378813
:1055200053D0388854D03A8855D03B8856D03D88DF
:1055300057D03E8858D03F8859D041885AD04288A9
:105540005BD043885CD046885DD047885ED0488871
:105550005FD0498860D04A8861D04B8862D04E883D
:1055600063D04F8864D0508865D0518866D0528807
:1055700067D0538868D0558869D056886AD05888D3
:105580006BD05A886CD05B886DD05C886ED05D889B
:105590006FD05E8870D05F8871D0608872D0668866
:1055A00073D0678874D06A8875D06D8876D06F881C
:1055B00077D0718878D0738879D074887AD07588DC
:1055C0007BD076887CD078887DD079887ED07A88A8
:1055D00080D07B8881D07C8882D0808883D083886B
:1055E00084D0868885D0878886D0898887D08A8825
:1055F00088D08C8889D08E888AD08F888BD09088EC
:105600008CD091888DD093888ED094888FD09588B7
:1056100090D0978891D0988892D0998893D09A8882
:1056200094D09B8895D09D8896D09E8897D09F884F
:1056300098D0A08899D0A1889AD0A3889BD0A5881B
:105640009CD0A6889DD0A7889ED0A8889FD0A988E6
:10565000A0D0AA88A1D00F5CA2D05D5BA3D02168A6
:10566000A4D09680A5D07855A6D0117BA7D0486548
:10567000A8D05469A9D09B4EAAD0476BABD04E8717
:10568000ACD08B97ADD04F53AED01F63AFD03A6440
:10569000B0D0AA90B1D09C65B2D0C180B3D0108CEC
:1056A000B4D09951B5D0B068B6D07853B7D0F98797
:1056B000B8D0C861B9D0C46CBAD0FB6CBBD0228C56
:1056C000BCD0515CBDD0AA85BED0AF82BFD00C95F6
:1056D000C0D0236BC1D09B8FC2D0B065C3D0FB5F5D
:1056E000C4D0C35FC5D0E14FC6D04588C7D01F66C0
:1056F000C8D06581C9D02973CAD0FA60CBD07451A3
:10570000CCD01152CDD08B57CED0625FCFD0A290EB
:10571000D0D04C88D1D09291D2D0785ED3D04F6780
:10572000D4D02760D5D0D359D6D04451D7D0F65154
:10573000D8D0F880D9D00853DAD0796CDBD0C496B1
:10574000DCD08A71DDD0114FDED0EE4FDFD09E7FEE
:10575000E0D03D67E1D0C555E2D00895E3D0C079EF
:10576000E4D09688E5D0E37EE6D09F58E7D00C627F
:10577000E8D00097E9D05A86EAD01856EBD07B984B
:10578000ECD0905FEDD0B88BEED0C484EFD05791C1
:10579000F0D0D953F1D0ED65F2D08F5EF3D05C75C7
:1057A000F4D06460F5D06E7DF6D07F5AF7D0EA7EF3
:1057B000F8D0ED7EF9D0698FFAD0A755FBD0A35B66
:1057C000FCD0AC60FDD0CB65FED0847340D1AC88FA
:1057D00041D1AE8842D1AF8843D1B08844D1B2889C
:1057E00045D1B38846D1B48847D1B58848D1B68869
:1057F00049D1B8884AD1B9884BD1BA884CD1BB8835
:105800004DD1BD884ED1BE884FD1BF8850D1C08800
:1058100051D1C38852D1C48853D1C78854D1C888C4
:1058200055D1CA8856D1CB8857D1CC8858D1CD888C
:1058300059D1CF885AD1D0885BD1D1885CD1D38857
:105840005DD1D6885ED1D7885FD1DA8860D1DB8818
:1058500061D1DC8862D1DD8863D1DE8864D1E088E3
:1058600065D1E18866D1E68867D1E78868D1E988A3
:1058700069D1EA886AD1EB886BD1EC886CD1ED886C
:105880006DD1EE886ED1EF886FD1F28870D1F58836
:1058900071D1F68872D1F78873D1FA8874D1FB88F8
:1058A00075D1FD8876D1FF8877D1008978D10189BB
:1058B00079D103897AD104897BD105897CD1068984
:1058C0007DD107897ED1088980D1098981D10B8951
:1058D00082D10C8983D10D8984D10E8985D10F891C
:1058E00086D1118987D1148988D1158989D11689E2
:1058F0008AD117898BD118898CD11C898DD11D89AA
:105900008ED11E898FD11F8990D1208991D1228972
:1059100092D1238993D1248994D1268995D127893D
:1059200096D1288997D1298998D12C8999D12D8907
:105930009AD12E899BD12F899CD131899DD13289D1
:105940009ED133899FD13589A0D13789A1D10990C2
:10595000A2D16376A3D12977A4D1DA7EA5D1749799
:10596000A6D19B85A7D1665BA8D1747AA9D1EA9606
:10597000AAD14088ABD1CB52ACD18F71ADD1AA5F47
:10598000AED1EC65AFD1E28BB0D1FB5BB1D16F9AF8
:10599000B2D1E15DB3D1896BB4D15B6CB5D1AD8BC4
:1059A000B6D1AF8BB7D10A90B8D1C58FB9D18B53CF
:1059B000BAD1BC62BBD1269EBCD12D9EBDD1405474
:1059C000BED12B4EBFD1BD82C0D15972C1D19C86F0
:1059D000C2D1165DC3D15988C4D1AF6DC5D1C596AA
:1059E000C6D1D154C7D19A4EC8D1B68BC9D109718D
:1059F000CAD1BD54CBD10996CCD1DF70CDD1F96DD0
:105A0000CED1D076CFD1254ED0D11478D1D1128736
:105A1000D2D1A95CD3D1F65ED4D1008AD5D19C98DD
:105A2000D6D10E96D7D18E70D8D1BF6CD9D144596A
:105A3000DAD1A963DBD13C77DCD14D88DDD1146F9D
:105A4000DED17382DFD13058E0D1D571E1D18C53F2
:105A5000E2D11A78E3D1C196E4D10155E5D1665F70
:105A6000E6D13071E7D1B45BE8D11A8CE9D18C9AD8
:105A7000EAD1836BEBD12E59ECD12F9EEDD1E77992
:105A8000EED16867EFD16C62F0D16F4FF1D1A175A3
:105A9000F2D18A7FF3D10B6DF4D13396F5D1276C17
:105AA000F6D1F04EF7D1D275F8D17B51F9D13768E4
:105AB000FAD13E6FFBD18090FCD17081FDD1965917
:105AC000FED1767440D2388941D2398942D23A899E
:105AD00043D23B8944D23C8945D23D8946D23E8956
:105AE00047D23F8948D2408949D242894AD2438924
:105AF0004BD245894CD246894DD247894ED24889EE
:105B00004FD2498950D24A8951D24B8952D24C89BD
:105B100053D24D8954D24E8955D24F8956D250898D
:105B200057D2518958D2528959D253895AD254895D
:105B30005BD255895CD256895DD257895ED258892D
:105B40005FD2598960D25A8961D25B8962D25C89FD
:105B500063D25D8964D2608965D2618966D26289C7
:105B600067D2638968D2648969D265896AD2678994
:105B70006BD268896CD269896DD26A896ED26B8961
:105B80006FD26C8970D26D8971D26E8972D26F8931
:105B900073D2708974D2718975D2728976D2738901
:105BA00077D2748978D2758979D276897AD27789D1
:105BB0007BD278897CD279897DD27A897ED27C89A0
:105BC00080D27D8981D27E8982D2808983D2828966
:105BD00084D2848985D2858986D2878987D288892B
:105BE00088D2898989D28A898AD28B898BD28C89F9
:105BF0008CD28D898DD28E898ED28F898FD29089C9
:105C000090D2918991D2928992D2938993D2948998
:105C100094D2958995D2968996D2978997D2988968
:105C200098D2998999D29A899AD29B899BD29C8938
:105C30009CD29D899DD29E899ED29F899FD2A08908
:105C4000A0D2A189A1D24764A2D2275CA3D2659039
:105C5000A4D2917AA5D2238CA6D2DA59A7D2AC5479
:105C6000A8D20082A9D26F83AAD28189ABD2008048
:105C7000ACD23069ADD24E56AED23680AFD237728A
:105C8000B0D2CE91B1D2B651B2D25F4EB3D27598E6
:105C9000B4D29663B5D21A4EB6D2F653B7D2F366E3
:105CA000B8D24B81B9D21C59BAD2B26DBBD2004E18
:105CB000BCD2F958BDD23B53BED2D663BFD2F19409
:105CC000C0D29D4FC1D20A4FC2D26388C3D290982E
:105CD000C4D23759C5D25790C6D2FB79C7D2EA4E43
:105CE000C8D2F080C9D29175CAD2826CCBD29C5BEB
:105CF000CCD2E859CDD25D5FCED20569CFD28186B4
:105D0000D0D21A50D1D2F25DD2D2594ED3D2E3774B
:105D1000D4D2E54ED5D27A82D6D29162D7D213664A
:105D2000D8D29190D9D2795CDAD2BF4EDBD2795FEA
:105D3000DCD2C681DDD23890DED28480DFD2AB7572
:105D4000E0D2A64EE1D2D488E2D20F61E3D2C56B95
:105D5000E4D2C65FE5D2494EE6D2CA76E7D2A26E59
:105D6000E8D2E38BE9D2AE8BEAD20A8CEBD2D18BAC
:105D7000ECD2025FEDD2FC7FEED2CC7FEFD2CE7EB2
:105D8000F0D23583F1D26B83F2D2E056F3D2B76B07
:105D9000F4D2F397F5D23496F6D2FB59F7D21F54CA
:105DA000F8D2F694F9D2EB6DFAD2C55BFBD26E99BC
:105DB000FCD2395CFDD2155FFED2909640D3A28909
:105DC00041D3A38942D3A48943D3A58944D3A689C7
:105DD00045D3A78946D3A88947D3A98948D3AA8997
:105DE00049D3AB894AD3AC894BD3AD894CD3AE8967
:105DF0004DD3AF894ED3B0894FD3B18950D3B28937
:105E000051D3B38952D3B48953D3B58954D3B68906
:105E100055D3B78956D3B88957D3B98958D3BA89D6
:105E200059D3BB895AD3BC895BD3BD895CD3BE89A6
:105E30005DD3BF895ED3C0895FD3C38960D3CD8969
:105E400061D3D38962D3D48963D3D58964D3D78905
:105E500065D3D88966D3D98967D3DB8968D3DD89CF
:105E600069D3DF896AD3E0896BD3E1896CD3E28996
:105E70006DD3E4896ED3E7896FD3E88970D3E9895C
:105E800071D3EA8972D3EC8973D3ED8974D3EE8927
:105E900075D3F08976D3F18977D3F28978D3F489F1
:105EA00079D3F5897AD3F6897BD3F7897CD3F889BE
:105EB0007DD3F9897ED3FA8980D3FB8981D3FC898C
:105EC00082D3FD8983D3FE8984D3FF8985D3018A58
:105ED00086D3028A87D3038A88D3048A89D3058A22
:105EE0008AD3068A8BD3088A8CD3098A8DD30A8AEF
:105EF0008ED30B8A8FD30C8A90D30D8A91D30E8ABE
:105F000092D30F8A93D3108A94D3118A95D3128A8D
:105F100096D3138A97D3148A98D3158A99D3168A5D
:105F20009AD3178A9BD3188A9CD3198A9DD31A8A2D
:105F30009ED31B8A9FD31C8AA0D31D8AA1D37053E2
:105F4000A2D3F182A3D3316AA4D3745AA5D3709E8D
:105F5000A6D3945EA7D3287FA8D3B983A9D32484DA
:105F6000AAD32584ABD36783ACD34787ADD3CE8F79
:105F7000AED3628DAFD3C876B0D3715FB1D39698EC
:105F8000B2D36C78B3D32066B4D3DF54B5D3E56213
:105F9000B6D3634FB7D3C381B8D3C875B9D3B85E8E
:105FA000BAD3CD96BBD30A8EBCD3F986BDD38F545A
:105FB000BED3F36CBFD38C6DC0D3386CC1D37F60BC
:105FC000C2D3C752C3D32875C4D37D5EC5D3184F7F
:105FD000C6D3A060C7D3E75FC8D3245CC9D33175EB
:105FE000CAD3AE90CBD3C094CCD3B972CDD3B96C55
:105FF000CED3386ECFD34991D0D30967D1D3CB5309
:10600000D2D3F353D3D3514FD4D3C991D5D3F18B3A
:10601000D6D3C853D7D37C5ED8D3C28FD9D3E46D3F
:10602000DAD38E4EDBD3C276DCD38669DDD35E86CF
:10603000DED31A61DFD30682E0D3594FE1D3DE4FBE
:10604000E2D33E90E3D37C9CE4D30961E5D31D6E9B
:10605000E6D3146EE7D38596E8D3884EE9D3315A58
:10606000EAD3E896EBD30E4EECD37F5CEDD3B9794F
:10607000EED3875BEFD3ED8BF0D3BD7FF1D3897384
:10608000F2D3DF57F3D38B82F4D3C190F5D301540D
:10609000F6D34790F7D3BB55F8D3EA5CF9D3A15FA9
:1060A000FAD30861FBD3326BFCD3F172FDD3B2801B
:1060B000FED3898A40D41E8A41D41F8A42D4208AC2
:1060C00043D4218A44D4228A45D4238A46D4248ABC
:1060D00047D4258A48D4268A49D4278A4AD4288A8C
:1060E0004BD4298A4CD42A8A4DD42B8A4ED42C8A5C
:1060F0004FD42D8A50D42E8A51D42F8A52D4308A2C
:1061000053D4318A54D4328A55D4338A56D4348AFB
:1061100057D4358A58D4368A59D4378A5AD4388ACB
:106120005BD4398A5CD43A8A5DD43B8A5ED43C8A9B
:106130005FD43D8A60D43F8A61D4408A62D4418A68
:1061400063D4428A64D4438A65D4448A66D4458A37
:1061500067D4468A68D4478A69D4498A6AD44A8A05
:106160006BD44B8A6CD44C8A6DD44D8A6ED44E8AD3
:106170006FD44F8A70D4508A71D4518A72D4528AA3
:1061800073D4538A74D4548A75D4558A76D4568A73
:1061900077D4578A78D4588A79D4598A7AD45A8A43
:1061A0007BD45B8A7CD45C8A7DD45D8A7ED45E8A13
:1061B00080D45F8A81D4608A82D4618A83D4628ADF
:1061C00084D4638A85D4648A86D4658A87D4668AAF
:1061D00088D4678A89D4688A8AD4698A8BD46A8A7F
:1061E0008CD46B8A8DD46C8A8ED46D8A8FD46E8A4F
:1061F00090D46F8A91D4708A92D4718A93D4728A1F
:1062000094D4738A95D4748A96D4758A97D4768AEE
:1062100098D4778A99D4788A9AD47A8A9BD47B8ABC
:106220009CD47C8A9DD47D8A9ED47E8A9FD47F8A8A
:10623000A0D4808AA1D4746DA2D4D35BA3D4D58812
:10624000A4D48498A5D46B8CA6D46D9AA7D4339E7D
:10625000A8D40A6EA9D4A451AAD44351ABD4A3574D
:10626000ACD48188ADD49F53AED4F463AFD4958FB2
:10627000B0D4ED56B1D45854B2D40657B3D43F730A
:10628000B4D4906EB5D4187FB6D4DC8FB7D4D18295
:10629000B8D43F61B9D42860BAD46296BBD4F06652
:1062A000BCD4A67EBDD48A8DBED4C38DBFD4A594E4
:1062B000C0D4B35CC1D4A47CC2D40867C3D4A660E4
:1062C000C4D40596C5D41880C6D4914EC7D4E790DF
:1062D000C8D40053C9D46896CAD44151CBD4D08F06
:1062E000CCD47485CDD45D91CED45566CFD4F597FA
:1062F000D0D4555BD1D41D53D2D43878D3D442678F
:10630000D4D43D68D5D4C954D6D47E70D7D4B05B2C
:10631000D8D47D8FD9D48D51DAD42857DBD4B15459
:10632000DCD41265DDD48266DED45E8DDFD4438D8D
:10633000E0D40F81E1D46C84E2D46D90E3D4DF7CAF
:10634000E4D4FF51E5D4FB85E6D4A367E7D4E9653F
:10635000E8D4A16FE9D4A486EAD4818EEBD46A563E
:10636000ECD42090EDD48276EED47670EFD4E57143
:10637000F0D4238DF1D4E962F2D41952F3D4FD6C38
:10638000F4D43C8DF5D40E60F6D49E58F7D48E61CB
:10639000F8D4FE66F9D4608DFAD44E62FBD4B355BE
:1063A000FCD4236EFDD42D67FED4678F40D5818A3F
:1063B00041D5828A42D5838A43D5848A44D5858A49
:1063C00045D5868A46D5878A47D5888A48D58B8A17
:1063D00049D58C8A4AD58D8A4BD58E8A4CD58F8AE1
:1063E0004DD5908A4ED5918A4FD5928A50D5948AB0
:1063F00051D5958A52D5968A53D5978A54D5988A7D
:1064000055D5998A56D59A8A57D59B8A58D59C8A4C
:1064100059D59D8A5AD59E8A5BD59F8A5CD5A08A1C
:106420005DD5A18A5ED5A28A5FD5A38A60D5A48AEC
:1064300061D5A58A62D5A68A63D5A78A64D5A88ABC
:1064400065D5A98A66D5AA8A67D5AB8A68D5AC8A8C
:1064500069D5AD8A6AD5AE8A6BD5AF8A6CD5B08A5C
:106460006DD5B18A6ED5B28A6FD5B38A70D5B48A2C
:1064700071D5B58A72D5B68A73D5B78A74D5B88AFC
:1064800075D5B98A76D5BA8A77D5BB8A78D5BC8ACC
:1064900079D5BD8A7AD5BE8A7BD5BF8A7CD5C08A9C
:1064A0007DD5C18A7ED5C28A80D5C38A81D5C48A6A
:1064B00082D5C58A83D5C68A84D5C78A85D5C88A38
:1064C00086D5C98A87D5CA8A88D5CB8A89D5CC8A08
:1064D0008AD5CD8A8BD5CE8A8CD5CF8A8DD5D08AD8
:1064E0008ED5D18A8FD5D28A90D5D38A91D5D48AA8
:1064F00092D5D58A93D5D68A94D5D78A95D5D88A78
:1065000096D5D98A97D5DA8A98D5DB8A99D5DC8A47
:106510009AD5DD8A9BD5DE8A9CD5DF8A9DD5E08A17
:106520009ED5E18A9FD5E28AA0D5E38AA1D5E194E0
:10653000A2D5F895A3D52877A4D50568A5D5A869CF
:10654000A6D58B54A7D54D4EA8D5B870A9D5C88B64
:10655000AAD55864ABD58B65ACD5855BADD5847AAF
:10656000AED53A50AFD5E85BB0D5BB77B1D5E16BCE
:10657000B2D5798AB3D5987CB4D5BE6CB5D5CF7673
:10658000B6D5A965B7D5978FB8D52D5DB9D5555C6A
:10659000BAD53886BBD50868BCD56053BDD518625E
:1065A000BED5D97ABFD55B6EC0D5FD7EC1D51F6A79
:1065B000C2D5E07AC3D5705FC4D5336FC5D5205F2F
:1065C000C6D58C63C7D5A86DC8D55667C9D5084E42
:1065D000CAD5105ECBD5268DCCD5D74ECDD5C080B3
:1065E000CED53476CFD59C96D0D5DB62D1D52D666D
:1065F000D2D57E62D3D5BC6CD4D5758DD5D5677117
:10660000D6D5697FD7D54651D8D58780D9D5EC5313
:10661000DAD56E90DBD59862DCD5F254DDD5F08604
:10662000DED5998FDFD50580E0D51795E1D51785A3
:10663000E2D5D98FE3D5596DE4D5CD73E5D59F6506
:10664000E6D51F77E7D50475E8D52778E9D5FB812E
:10665000EAD51E8DEBD58894ECD5A64FEDD5956780
:10666000EED5B975EFD5CA8BF0D50797F1D52F6365
:10667000F2D54795F3D53596F4D5B884F5D523638F
:10668000F6D54177F7D5815FF8D5F072F9D5894E07
:10669000FAD51460FBD57465FCD5EF62FDD5636B4C
:1066A000FED53F6540D6E48A41D6E58A42D6E68AE1
:1066B00043D6E78A44D6E88A45D6E98A46D6EA8AA6
:1066C00047D6EB8A48D6EC8A49D6ED8A4AD6EE8A76
:1066D0004BD6EF8A4CD6F08A4DD6F18A4ED6F28A46
:1066E0004FD6F38A50D6F48A51D6F58A52D6F68A16
:1066F00053D6F78A54D6F88A55D6F98A56D6FA8AE6
:1067000057D6FB8A58D6FC8A59D6FD8A5AD6FE8AB5
:106710005BD6FF8A5CD6008B5DD6018B5ED6028B82
:106720005FD6038B60D6048B61D6058B62D6068B51
:1067300063D6088B64D6098B65D60A8B66D60B8B1D
:1067400067D60C8B68D60D8B69D60E8B6AD60F8BED
:106750006BD6108B6CD6118B6DD6128B6ED6138BBD
:106760006FD6148B70D6158B71D6168B72D6178B8D
:1067700073D6188B74D6198B75D61A8B76D61B8B5D
:1067800077D61C8B78D61D8B79D61E8B7AD61F8B2D
:106790007BD6208B7CD6218B7DD6228B7ED6238BFD
:1067A00080D6248B81D6258B82D6278B83D6288BC7
:1067B00084D6298B85D62A8B86D62B8B87D62C8B95
:1067C00088D62D8B89D62E8B8AD62F8B8BD6308B65
:1067D0008CD6318B8DD6328B8ED6338B8FD6348B35
:1067E00090D6358B91D6368B92D6378B93D6388B05
:1067F00094D6398B95D63A8B96D63B8B97D63C8BD5
:1068000098D63D8B99D63E8B9AD63F8B9BD6408BA4
:106810009CD6418B9DD6428B9ED6438B9FD6448B74
:10682000A0D6458BA1D6275EA2D6C775A3D6D19098
:10683000A4D6C18BA5D69D82A6D69D67A7D62F6567
:10684000A8D63154A9D61887AAD6E577ABD6A280A8
:10685000ACD60281ADD6416CAED64B4EAFD6C77E1C
:10686000B0D64C80B1D6F476B2D60D69B3D6966B5D
:10687000B4D66762B5D63C50B6D6844FB7D640572B
:10688000B8D60763B9D6626BBAD6BE8DBBD6EA530B
:10689000BCD6E865BDD6B87EBED6D75FBFD61A6374
:1068A000C0D6B763C1D6F381C2D6F481C3D66E7F9A
:1068B000C4D61C5EC5D6D95CC6D63652C7D67A6653
:1068C000C8D6E979C9D61A7ACAD6288DCBD6997096
:1068D000CCD6D475CDD6DE6ECED6BB6CCFD6927A62
:1068E000D0D62D4ED1D6C576D2D6E05FD3D69F94E2
:1068F000D4D67788D5D6C87ED6D6CD79D7D6BF8020
:10690000D8D6CD91D9D6F24EDAD6174FDBD61F8224
:10691000DCD66854DDD6DE5DDED6326DDFD6CC8BBC
:10692000E0D6A57CE1D6748FE2D69880E3D61A5ED5
:10693000E4D69254E5D6B176E6D6995BE7D63C66C6
:10694000E8D6A49AE9D6E073EAD62A68EBD6DB86C5
:10695000ECD63167EDD62A73EED6F88BEFD6DB8B0B
:10696000F0D61090F1D6F97AF2D6DB70F3D66E71CC
:10697000F4D6C462F5D6A977F6D63156F7D63B4E93
:10698000F8D65784F9D6F167FAD6A952FBD6C08655
:10699000FCD62E8DFDD6F894FED6517B40D7468B83
:1069A00041D7478B42D7488B43D7498B44D74A8B33
:1069B00045D74B8B46D74C8B47D74D8B48D74E8B03
:1069C00049D74F8B4AD7508B4BD7518B4CD7528BD3
:1069D0004DD7538B4ED7548B4FD7558B50D7568BA3
:1069E00051D7578B52D7588B53D7598B54D75A8B73
:1069F00055D75B8B56D75C8B57D75D8B58D75E8B43
:106A000059D75F8B5AD7608B5BD7618B5CD7628B12
:106A10005DD7638B5ED7648B5FD7658B60D7678BE1
:106A200061D7688B62D7698B63D76A8B64D76B8BAE
:106A300065D76D8B66D76E8B67D76F8B68D7708B7A
:106A400069D7718B6AD7728B6BD7738B6CD7748B4A
:106A50006DD7758B6ED7768B6FD7778B70D7788B1A
:106A600071D7798B72D77A8B73D77B8B74D77C8BEA
:106A700075D77D8B76D77E8B77D77F8B78D7808BBA
:106A800079D7818B7AD7828B7BD7838B7CD7848B8A
:106A90007DD7858B7ED7868B80D7878B81D7888B58
:106AA00082D7898B83D78A8B84D78B8B85D78C8B26
:106AB00086D78D8B87D78E8B88D78F8B89D7908BF6
:106AC0008AD7918B8BD7928B8CD7938B8DD7948BC6
:106AD0008ED7958B8FD7968B90D7978B91D7988B96
:106AE00092D7998B93D79A8B94D79B8B95D79C8B66
:106AF00096D79D8B97D79E8B98D79F8B99D7AC8B2A
:106B00009AD7B18B9BD7BB8B9CD7C78B9DD7D08B8C
:106B10009ED7EA8B9FD7098CA0D71E8CA1D74F4F49
:106B2000A2D7E86CA3D75D79A4D77B9AA5D7936247
:106B3000A6D72A72A7D7FD62A8D7134EA9D7167871
:106B4000AAD76C8FABD7B064ACD75A8DADD7C67B04
:106B5000AED76968AFD7845EB0D7C588B1D786593C
:106B6000B2D79E64B3D7EE58B4D7B672B5D70E6914
:106B7000B6D72595B7D7FD8FB8D7588DB9D76057F9
:106B8000BAD7007FBBD7068CBCD7C651BDD74963E7
:106B9000BED7D962BFD75353C0D74C68C1D7227470
:106BA000C2D70183C3D74C91C4D74455C5D74077CA
:106BB000C6D77C70C7D74A6DC8D77951C9D7A854F2
:106BC000CAD7448DCBD7FF59CCD7CB6ECDD7C46DA8
:106BD000CED75C5BCFD72B7DD0D7D44ED1D77D7CA1
:106BE000D2D7D36ED3D7505BD4D7EA81D5D70D6E29
:106BF000D6D7575BD7D7039BD8D7D568D9D72A8E96
:106C0000DAD7975BDBD7FC7EDCD73B60DDD7B57E80
:106C1000DED7B990DFD7708DE0D74F59E1D7CD637C
:106C2000E2D7DF79E3D7B38DE4D75253E5D7CF6509
:106C3000E6D75679E7D7C58BE8D73B96E9D7C47E28
:106C4000EAD7BB94EBD7827EECD73456EDD7899147
:106C5000EED70067EFD76A7FF0D70A5CF1D775905F
:106C6000F2D72866F3D7E65DF4D7504FF5D7DE6745
:106C7000F6D75A50F7D75C4FF8D75057F9D7A75ED9
:106C800040D8388C41D8398C42D83A8C43D83B8C88
:106C900044D83C8C45D83D8C46D83E8C47D83F8C58
:106CA00048D8408C49D8428C4AD8438C4BD8448C25
:106CB0004CD8458C4DD8488C4ED84A8C4FD84B8CEC
:106CC00050D84D8C51D84E8C52D84F8C53D8508CB4
:106CD00054D8518C55D8528C56D8538C57D8548C84
:106CE00058D8568C59D8578C5AD8588C5BD8598C50
:106CF0005CD85B8C5DD85C8C5ED85D8C5FD85E8C1C
:106D000060D85F8C61D8608C62D8638C63D8648CE7
:106D100064D8658C65D8668C66D8678C67D8688CB3
:106D200068D8698C69D86C8C6AD86D8C6BD86E8C7D
:106D30006CD86F8C6DD8708C6ED8718C6FD8728C4B
:106D400070D8748C71D8758C72D8768C73D8778C17
:106D500074D87B8C75D87C8C76D87D8C77D87E8CDB
:106D600078D87F8C79D8808C7AD8818C7BD8838CAA
:106D70007CD8848C7DD8868C7ED8878C80D8888C73
:106D800081D88B8C82D88D8C83D88E8C84D88F8C34
:106D900085D8908C86D8918C87D8928C88D8938C03
:106DA00089D8958C8AD8968C8BD8978C8CD8998CCE
:106DB0008DD89A8C8ED89B8C8FD89C8C90D89D8C9B
:106DC00091D89E8C92D89F8C93D8A08C94D8A18C6B
:106DD00095D8A28C96D8A38C97D8A48C98D8A58C3B
:106DE00099D8A68C9AD8A78C9BD8A88C9CD8A98C0B
:106DF0009DD8AA8C9ED8AB8C9FD8AC8CA0D8AD8CDB
:106E0000A1D88D4EA2D80C4EA3D84051A4D8104E74
:106E1000A5D8FF5EA6D84553A7D8154EA8D8984E3A
:106E2000A9D81E4EAAD8329BABD86C5BACD8695699
:106E3000ADD8284EAED8BA79AFD83F4EB0D815539A
:106E4000B1D8474EB2D82D59B3D83B72B4D86E538F
:106E5000B5D8106CB6D8DF56B7D8E480B8D89799B3
:106E6000B9D8D36BBAD87E77BBD8179FBCD8364E6B
:106E7000BDD89F4EBED8109FBFD85C4EC0D8694EBB
:106E8000C1D8934EC2D88882C3D85B5BC4D86C5536
:106E9000C5D80F56C6D8C44EC7D88D53C8D89D5331
:106EA000C9D8A353CAD8A553CBD8AE53CCD865976D
:106EB000CDD85D8DCED81A53CFD8F553D0D8265320
:106EC000D1D82E53D2D83E53D3D85C8DD4D8665364
:106ED000D5D86353D6D80252D7D80852D8D80E5234
:106EE000D9D82D52DAD83352DBD83F52DCD84052B1
:106EF000DDD84C52DED85E52DFD86152E0D85C5209
:106F0000E1D8AF84E2D87D52E3D88252E4D88152EE
:106F1000E5D89052E6D89352E7D88251E8D8547F0A
:106F2000E9D8BB4EEAD8C34EEBD8C94EECD8C24E16
:106F3000EDD8E84EEED8E14EEFD8EB4EF0D8DE4E6D
:106F4000F1D81B4FF2D8F34EF3D8224FF4D8644F48
:106F5000F5D8F54EF6D8254FF7D8274FF8D8094F72
:106F6000F9D82B4FFAD85E4FFBD8674FFCD838655D
:106F7000FDD85A4FFED85D4F40D9AE8C41D9AF8C69
:106F800042D9B08C43D9B18C44D9B28C45D9B38C99
:106F900046D9B48C47D9B58C48D9B68C49D9B78C69
:106FA0004AD9B88C4BD9B98C4CD9BA8C4DD9BB8C39
:106FB0004ED9BC8C4FD9BD8C50D9BE8C51D9BF8C09
:106FC00052D9C08C53D9C18C54D9C28C55D9C38CD9
:106FD00056D9C48C57D9C58C58D9C68C59D9C78CA9
:106FE0005AD9C88C5BD9C98C5CD9CA8C5DD9CB8C79
:106FF0005ED9CC8C5FD9CD8C60D9CE8C61D9CF8C49
:1070000062D9D08C63D9D18C64D9D28C65D9D38C18
:1070100066D9D48C67D9D58C68D9D68C69D9D78CE8
:107020006AD9D88C6BD9D98C6CD9DA8C6DD9DB8CB8
:107030006ED9DC8C6FD9DD8C70D9DE8C71D9DF8C88
:1070400072D9E08C73D9E18C74D9E28C75D9E38C58
:1070500076D9E48C77D9E58C78D9E68C79D9E78C28
:107060007AD9E88C7BD9E98C7CD9EA8C7DD9EB8CF8
:107070007ED9EC8C80D9ED8C81D9EE8C82D9EF8CC5
:1070800083D9F08C84D9F18C85D9F28C86D9F38C94
:1070900087D9F48C88D9F58C89D9F68C8AD9F78C64
:1070A0008BD9F88C8CD9F98C8DD9FA8C8ED9FB8C34
:1070B0008FD9FC8C90D9FD8C91D9FE8C92D9FF8C04
:1070C00093D9008D94D9018D95D9028D96D9038DD0
:1070D00097D9048D98D9058D99D9068D9AD9078DA0
:1070E0009BD9088D9CD9098D9DD90A8D9ED90B8D70
:1070F0009FD90C8DA0D90D8DA1D95F4FA2D9574F23
:10710000A3D9324FA4D93D4FA5D9764FA6D9744FF4
:10711000A7D9914FA8D9894FA9D9834FAAD98F4F01
:10712000ABD97E4FACD97B4FADD9AA4FAED97C4FEE
:10713000AFD9AC4FB0D9944FB1D9E64FB2D9E84FDF
:10714000B3D9EA4FB4D9C54FB5D9DA4FB6D9E34F61
:10715000B7D9DC4FB8D9D14FB9D9DF4FBAD9F84F29
:10716000BBD92950BCD94C50BDD9F34FBED92C50F6
:10717000BFD90F50C0D92E50C1D92D50C2D9FE4F02
:10718000C3D91C50C4D90C50C5D92550C6D92850D4
:10719000C7D97E50C8D94350C9D95550CAD94850CB
:1071A000CBD94E50CCD96C50CDD97B50CED9A5502F
:1071B000CFD9A750D0D9A950D1D9BA50D2D9D65009
:1071C000D3D90651D4D9ED50D5D9EC50D6D9E65003
:1071D000D7D9EE50D8D90751D9D90B51DAD9DD4ECC
:1071E000DBD93D6CDCD9584FDDD9654FDED9CE4FA8
:1071F000DFD9A09FE0D9466CE1D9747CE2D96E5109
:10720000E3D9FD5DE4D9C99EE5D99899E6D98151C4
:10721000E7D91459E8D9F952E9D90D53EAD9078ABF
:10722000EBD91053ECD9EB51EDD91959EED9555191
:10723000EFD9A04EF0D95651F1D9B34EF2D96E889C
:10724000F3D9A488F4D9B54EF5D91481F6D9D288EA
:10725000F7D98079F8D9345BF9D90388FAD9B87F9E
:10726000FBD9AB51FCD9B151FDD9BD51FED9BC51AF
:1072700040DA0E8D41DA0F8D42DA108D43DA118D2E
:1072800044DA128D45DA138D46DA148D47DA158DFE
:1072900048DA168D49DA178D4ADA188D4BDA198DCE
:1072A0004CDA1A8D4DDA1B8D4EDA1C8D4FDA208D9B
:1072B00050DA518D51DA528D52DA578D53DA5F8D93
:1072C00054DA658D55DA688D56DA698D57DA6A8D2C
:1072D00058DA6C8D59DA6E8D5ADA6F8D5BDA718DF2
:1072E0005CDA728D5DDA788D5EDA798D5FDA7A8DAF
:1072F00060DA7B8D61DA7C8D62DA7D8D63DA7E8D7A
:1073000064DA7F8D65DA808D66DA828D67DA838D47
:1073100068DA868D69DA878D6ADA888D6BDA898D0D
:107320006CDA8C8D6DDA8D8D6EDA8E8D6FDA8F8DD5
:1073300070DA908D71DA928D72DA938D73DA958DA1
:1073400074DA968D75DA978D76DA988D77DA998D6D
:1073500078DA9A8D79DA9B8D7ADA9C8D7BDA9D8D3D
:107360007CDA9E8D7DDAA08D7EDAA18D80DAA28D09
:1073700081DAA48D82DAA58D83DAA68D84DAA78DD1
:1073800085DAA88D86DAA98D87DAAA8D88DAAB8DA1
:1073900089DAAC8D8ADAAD8D8BDAAE8D8CDAAF8D71
:1073A0008DDAB08D8EDAB28D8FDAB68D90DAB78D38
:1073B00091DAB98D92DABB8D93DABD8D94DAC08DF6
:1073C00095DAC18D96DAC28D97DAC58D98DAC78DB8
:1073D00099DAC88D9ADAC98D9BDACA8D9CDACD8D7F
:1073E0009DDAD08D9EDAD28D9FDAD38DA0DAD48D3E
:1073F000A1DAC751A2DA9651A3DAA251A4DAA551B3
:10740000A5DAA08BA6DAA68BA7DAA78BA8DAAA8BB7
:10741000A9DAB48BAADAB58BABDAB78BACDAC28B4C
:10742000ADDAC38BAEDACB8BAFDACF8BB0DACE8BE3
:10743000B1DAD28BB2DAD38BB3DAD48BB4DAD68B9F
:10744000B5DAD88BB6DAD98BB7DADC8BB8DADF8B62
:10745000B9DAE08BBADAE48BBBDAE88BBCDAE98B19
:10746000BDDAEE8BBEDAF08BBFDAF38BC0DAF68BC7
:10747000C1DAF98BC2DAFC8BC3DAFF8BC4DA008C79
:10748000C5DA028CC6DA048CC7DA078CC8DA0C8C31
:10749000C9DA0F8CCADA118CCBDA128CCCDA148CE4
:1074A000CDDA158CCEDA168CCFDA198CD0DA1B8CAB
:1074B000D1DA188CD2DA1D8CD3DA1F8CD4DA208C76
:1074C000D5DA218CD6DA258CD7DA278CD8DA2A8C33
:1074D000D9DA2B8CDADA2E8CDBDA2F8CDCDA328CF0
:1074E000DDDA338CDEDA358CDFDA368CE0DA6953BC
:1074F000E1DA7A53E2DA1D96E3DA2296E4DA2196AB
:10750000E5DA3196E6DA2A96E7DA3D96E8DA3C964D
:10751000E9DA4296EADA4996EBDA5496ECDA5F96C3
:10752000EDDA6796EEDA6C96EFDA7296F0DA749628
:10753000F1DA8896F2DA8D96F3DA9796F4DAB09665
:10754000F5DA9790F6DA9B90F7DA9D90F8DA999051
:10755000F9DAAC90FADAA190FBDAB490FCDAB390E5
:10756000FDDAB690FEDABA9040DBD58D41DBD88DDE
:1075700042DBD98D43DBDC8D44DBE08D45DBE18DE7
:1075800046DBE28D47DBE58D48DBE68D49DBE78DA9
:107590004ADBE98D4BDBED8D4CDBEE8D4DDBF08D69
:1075A0004EDBF18D4FDBF28D50DBF48D51DBF68D30
:1075B00052DBFC8D53DBFE8D54DBFF8D55DB008EE3
:1075C00056DB018E57DB028E58DB038E59DB048EAF
:1075D0005ADB068E5BDB078E5CDB088E5DDB0B8E79
:1075E0005EDB0D8E5FDB0E8E60DB108E61DB118E3D
:1075F00062DB128E63DB138E64DB158E65DB168E09
:1076000066DB178E67DB188E68DB198E69DB1A8ED6
:107610006ADB1B8E6BDB1C8E6CDB208E6DDB218EA0
:107620006EDB248E6FDB258E70DB268E71DB278E62
:1076300072DB288E73DB2B8E74DB2D8E75DB308E28
:1076400076DB328E77DB338E78DB348E79DB368EE9
:107650007ADB378E7BDB388E7CDB3B8E7DDB3C8EB2
:107660007EDB3E8E80DB3F8E81DB438E82DB458E70
:1076700083DB468E84DB4C8E85DB4D8E86DB4E8E27
:1076800087DB4F8E88DB508E89DB538E8ADB548EEE
:107690008BDB558E8CDB568E8DDB578E8EDB588EBA
:1076A0008FDB5A8E90DB5B8E91DB5C8E92DB5D8E86
:1076B00093DB5E8E94DB5F8E95DB608E96DB618E56
:1076C00097DB628E98DB638E99DB648E9ADB658E26
:1076D0009BDB678E9CDB688E9DDB6A8E9EDB6B8EF0
:1076E0009FDB6E8EA0DB718EA1DBB890A2DBB09029
:1076F000A3DBCF90A4DBC590A5DBBE90A6DBD0902A
:10770000A7DBC490A8DBC790A9DBD390AADBE690E7
:10771000ABDBE290ACDBDC90ADDBD790AEDBDB909B
:10772000AFDBEB90B0DBEF90B1DBFE90B2DB04910E
:10773000B3DB2291B4DB1E91B5DB2391B6DB319133
:10774000B7DB2F91B8DB3991B9DB4391BADB4691B6
:10775000BBDB0D52BCDB4259BDDBA252BEDBAC52DF
:10776000BFDBAD52C0DBBE52C1DBFF54C2DBD05227
:10777000C3DBD652C4DBF052C5DBDF53C6DBEE7190
:10778000C7DBCD77C8DBF45EC9DBF551CADBFC5142
:10779000CBDB2F9BCCDBB653CDDB015FCEDB5A7549
:1077A000CFDBEF5DD0DB4C57D1DBA957D2DBA15744
:1077B000D3DB7E58D4DBBC58D5DBC558D6DBD158DB
:1077C000D7DB2957D8DB2C57D9DB2A57DADB3357DD
:1077D000DBDB3957DCDB2E57DDDB2F57DEDB5C577D
:1077E000DFDB3B57E0DB4257E1DB6957E2DB8557E4
:1077F000E3DB6B57E4DB8657E5DB7C57E6DB7B5747
:10780000E7DB6857E8DB6D57E9DB7657EADB735750
:10781000EBDBAD57ECDBA457EDDB8C57EEDBB2575F
:10782000EFDBCF57F0DBA757F1DBB457F2DB935711
:10783000F3DBA057F4DBD557F5DBD857F6DBDA5787
:10784000F7DBD957F8DBD257F9DBB857FADBF45737
:10785000FBDBEF57FCDBF857FDDBE457FEDBDD57C6
:1078600040DC738E41DC758E42DC778E43DC788E93
:1078700044DC798E45DC7A8E46DC7B8E47DC7D8E5F
:1078800048DC7E8E49DC808E4ADC828E4BDC838E27
:107890004CDC848E4DDC868E4EDC888E4FDC898EEF
:1078A00050DC8A8E51DC8B8E52DC8C8E53DC8D8EBC
:1078B00054DC8E8E55DC918E56DC928E57DC938E86
:1078C00058DC958E59DC968E5ADC978E5BDC988E50
:1078D0005CDC998E5DDC9A8E5EDC9B8E5FDC9D8E1F
:1078E00060DC9F8E61DCA08E62DCA18E63DCA28EE8
:1078F00064DCA38E65DCA48E66DCA58E67DCA68EB8
:1079000068DCA78E69DCA88E6ADCA98E6BDCAA8E87
:107910006CDCAD8E6DDCAE8E6EDCB08E6FDCB18E4D
:1079200070DCB38E71DCB48E72DCB58E73DCB68E17
:1079300074DCB78E75DCB88E76DCB98E77DCBB8EE6
:1079400078DCBC8E79DCBD8E7ADCBE8E7BDCBF8EB3
:107950007CDCC08E7DDCC18E7EDCC28E80DCC38E82
:1079600081DCC48E82DCC58E83DCC68E84DCC78E4F
:1079700085DCC88E86DCC98E87DCCA8E88DCCB8E1F
:1079800089DCCC8E8ADCCD8E8BDCCF8E8CDCD08EED
:107990008DDCD18E8EDCD28E8FDCD38E90DCD48EBB
:1079A00091DCD58E92DCD68E93DCD78E94DCD88E8B
:1079B00095DCD98E96DCDA8E97DCDB8E98DCDC8E5B
:1079C00099DCDD8E9ADCDE8E9BDCDF8E9CDCE08E2B
:1079D0009DDCE18E9EDCE28E9FDCE38EA0DCE48EFB
:1079E000A1DC0B58A2DC0D58A3DCFD57A4DCED573D
:1079F000A5DC0058A6DC1E58A7DC1958A8DC4458A2
:107A0000A9DC2058AADC6558ABDC6C58ACDC81588A
:107A1000ADDC8958AEDC9A58AFDC8058B0DCA89950
:107A2000B1DC199FB2DCFF61B3DC7982B4DC7D820A
:107A3000B5DC7F82B6DC8F82B7DC8A82B8DCA882B4
:107A4000B9DC8482BADC8E82BBDC9182BCDC97829A
:107A5000BDDC9982BEDCAB82BFDCB882C0DCBE82FA
:107A6000C1DCB082C2DCC882C3DCCA82C4DCE3826F
:107A7000C5DC9882C6DCB782C7DCAE82C8DCCB82AC
:107A8000C9DCCC82CADCC182CBDCA982CCDCB4826A
:107A9000CDDCA182CEDCAA82CFDC9F82D0DCC48286
:107AA000D1DCCE82D2DCA482D3DCE182D4DC0983B7
:107AB000D5DCF782D6DCE482D7DC0F83D8DC078301
:107AC000D9DCDC82DADCF482DBDCD282DCDCD8825A
:107AD000DDDC0C83DEDCFB82DFDCD382E0DC1183C7
:107AE000E1DC1A83E2DC0683E3DC1483E4DC158347
:107AF000E5DCE082E6DCD582E7DC1C83E8DC518350
:107B0000E9DC5B83EADC5C83EBDC0883ECDC9283FE
:107B1000EDDC3C83EEDC3483EFDC3183F0DC9B83F3
:107B2000F1DC5E83F2DC2F83F3DC4F83F4DC4783EC
:107B3000F5DC4383F6DC5F83F7DC4083F8DC1783F6
:107B4000F9DC6083FADC2D83FBDC3A83FCDC3383D5
:107B5000FDDC6683FEDC658340DDE58E41DDE68E7F
:107B600042DDE78E43DDE88E44DDE98E45DDEA8EB9
:107B700046DDEB8E47DDEC8E48DDED8E49DDEE8E89
:107B80004ADDEF8E4BDDF08E4CDDF18E4DDDF28E59
:107B90004EDDF38E4FDDF48E50DDF58E51DDF68E29
:107BA00052DDF78E53DDF88E54DDF98E55DDFA8EF9
:107BB00056DDFB8E57DDFC8E58DDFD8E59DDFE8EC9
:107BC0005ADDFF8E5BDD008F5CDD018F5DDD028F96
:107BD0005EDD038F5FDD048F60DD058F61DD068F65
:107BE00062DD078F63DD088F64DD098F65DD0A8F35
:107BF00066DD0B8F67DD0C8F68DD0D8F69DD0E8F05
:107C00006ADD0F8F6BDD108F6CDD118F6DDD128FD4
:107C10006EDD138F6FDD148F70DD158F71DD168FA4
:107C200072DD178F73DD188F74DD198F75DD1A8F74
:107C300076DD1B8F77DD1C8F78DD1D8F79DD1E8F44
:107C40007ADD1F8F7BDD208F7CDD218F7DDD228F14
:107C50007EDD238F80DD248F81DD258F82DD268FE1
:107C600083DD278F84DD288F85DD298F86DD2A8FB0
:107C700087DD2B8F88DD2C8F89DD2D8F8ADD2E8F80
:107C80008BDD2F8F8CDD308F8DDD318F8EDD328F50
:107C90008FDD338F90DD348F91DD358F92DD368F20
:107CA00093DD378F94DD388F95DD398F96DD3A8FF0
:107CB00097DD3B8F98DD3C8F99DD3D8F9ADD3E8FC0
:107CC0009BDD3F8F9CDD408F9DDD418F9EDD428F90
:107CD0009FDD438FA0DD448FA1DD6883A2DD1B8380
:107CE000A3DD6983A4DD6C83A5DD6A83A6DD6D83D6
:107CF000A7DD6E83A8DDB083A9DD7883AADDB38319
:107D0000ABDDB483ACDDA083ADDDAA83AEDD9383B0
:107D1000AFDD9C83B0DD8583B1DD7C83B2DDB683CE
:107D2000B3DDA983B4DD7D83B5DDB883B6DD7B83A8
:107D3000B7DD9883B8DD9E83B9DDA883BADDBA8349
:107D4000BBDDBC83BCDDC183BDDD0184BEDDE5835D
:107D5000BFDDD883C0DD0758C1DD1884C2DD0B84C8
:107D6000C3DDDD83C4DDFD83C5DDD683C6DD1C84B4
:107D7000C7DD3884C8DD1184C9DD0684CADDD4833B
:107D8000CBDDDF83CCDD0F84CDDD0384CEDDF88356
:107D9000CFDDF983D0DDEA83D1DDC583D2DDC083B9
:107DA000D3DD2684D4DDF083D5DDE183D6DD5C84AC
:107DB000D7DD5184D8DD5A84D9DD5984DADD738466
:107DC000DBDD8784DCDD8884DDDD7A84DEDD8984AB
:107DD000DFDD7884E0DD3C84E1DD4684E2DD69843A
:107DE000E3DD7684E4DD8C84E5DD8E84E6DD3184BC
:107DF000E7DD6D84E8DDC184E9DDCD84EADDD08492
:107E0000EBDDE684ECDDBD84EDDDD384EEDDCA84FC
:107E1000EFDDBF84F0DDBA84F1DDE084F2DDA18422
:107E2000F3DDB984F4DDB484F5DD9784F6DDE58413
:107E3000F7DDE384F8DD0C85F9DD0D75FADD3885B5
:107E4000FBDDF084FCDD3985FDDD1F85FEDD3A8537
:107E500040DE458F41DE468F42DE478F43DE488F4E
:107E600044DE498F45DE4A8F46DE4B8F47DE4C8F1E
:107E700048DE4D8F49DE4E8F4ADE4F8F4BDE508FEE
:107E80004CDE518F4DDE528F4EDE538F4FDE548FBE
:107E900050DE558F51DE568F52DE578F53DE588F8E
:107EA00054DE598F55DE5A8F56DE5B8F57DE5C8F5E
:107EB00058DE5D8F59DE5E8F5ADE5F8F5BDE608F2E
:107EC0005CDE618F5DDE628F5EDE638F5FDE648FFE
:107ED00060DE658F61DE6A8F62DE808F63DE8C8F8D
:107EE00064DE928F65DE9D8F66DEA08F67DEA18FD8
:107EF00068DEA28F69DEA48F6ADEA58F6BDEA68F97
:107F00006CDEA78F6DDEAA8F6EDEAC8F6FDEAD8F5D
:107F100070DEAE8F71DEAF8F72DEB28F73DEB38F25
:107F200074DEB48F75DEB58F76DEB78F77DEB88FEF
:107F300078DEBA8F79DEBB8F7ADEBC8F7BDEBF8FB7
:107F40007CDEC08F7DDEC38F7EDEC68F80DEC98F74
:107F500081DECA8F82DECB8F83DECC8F84DECD8F35
:107F600085DECF8F86DED28F87DED68F88DED78FF5
:107F700089DEDA8F8ADEE08F8BDEE18F8CDEE38FA5
:107F80008DDEE78F8EDEEC8F8FDEEF8F90DEF18F50
:107F900091DEF28F92DEF48F93DEF58F94DEF68F12
:107FA00095DEFA8F96DEFB8F97DEFC8F98DEFE8FD4
:107FB00099DEFF8F9ADE07909BDE08909CDE0C9086
:107FC0009DDE0E909EDE13909FDE1590A0DE189031
:107FD000A1DE5685A2DE3B85A3DEFF84A4DEFC8401
:107FE000A5DE5985A6DE4885A7DE6885A8DE6485FE
:107FF000A9DE5E85AADE7A85ABDEA277ACDE43859C
:10800000ADDE7285AEDE7B85AFDEA485B0DEA885F1
:10801000B1DE8785B2DE8F85B3DE7985B4DEAE85CD
:10802000B5DE9C85B6DE8585B7DEB985B8DEB78559
:10803000B9DEB085BADED385BBDEC185BCDEDC85AA
:10804000BDDEFF85BEDE2786BFDE0586C0DE298653
:10805000C1DE1686C2DE3C86C3DEFE5EC4DE085F7D
:10806000C5DE3C59C6DE4159C7DE3780C8DE5559EA
:10807000C9DE5A59CADE5859CBDE0F53CCDE225C1A
:10808000CDDE255CCEDE2C5CCFDE345CD0DE4C62F7
:10809000D1DE6A62D2DE9F62D3DEBB62D4DECA6208
:1080A000D5DEDA62D6DED762D7DEEE62D8DE2263B4
:1080B000D9DEF662DADE3963DBDE4B63DCDE436396
:1080C000DDDEAD63DEDEF663DFDE7163E0DE7A63A4
:1080D000E1DE8E63E2DEB463E3DE6D63E4DEAC63B7
:1080E000E5DE8A63E6DE6963E7DEAE63E8DEBC6395
:1080F000E9DEF263EADEF863EBDEE063ECDEFF6309
:10810000EDDEC463EEDEDE63EFDECE63F0DE5264EE
:10811000F1DEC663F2DEBE63F3DE4564F4DE416485
:10812000F5DE0B64F6DE1B64F7DE2064F8DE0C641B
:10813000F9DE2664FADE2164FBDE5E64FCDE846424
:10814000FDDE6D64FEDE966440DF199041DF1C9019
:1081500042DF239043DF249044DF259045DF2790C2
:1081600046DF289047DF299048DF2A9049DF2B908F
:108170004ADF2C904BDF30904CDF31904DDF329056
:108180004EDF33904FDF349050DF379051DF39901E
:1081900052DF3A9053DF3D9054DF3F9055DF4090DF
:1081A00056DF439057DF459058DF469059DF48909F
:1081B0005ADF49905BDF4A905CDF4B905DDF4C906B
:1081C0005EDF4E905FDF549060DF559061DF569028
:1081D00062DF599063DF5A9064DF5C9065DF5D90E9
:1081E00066DF5E9067DF5F9068DF609069DF6190B7
:1081F0006ADF64906BDF66906CDF67906DDF69907B
:108200006EDF6A906FDF6B9070DF6C9071DF6F9044
:1082100072DF709073DF719074DF729075DF73900E
:1082200076DF769077DF779078DF789079DF7990D6
:108230007ADF7A907BDF7B907CDF7C907DDF7E90A5
:108240007EDF819080DF849081DF859082DF869061
:1082500083DF879084DF899085DF8A9086DF8C902A
:1082600087DF8D9088DF8E9089DF8F908ADF9090F6
:108270008BDF92908CDF94908DDF96908EDF9890BC
:108280008FDF9A9090DF9C9091DF9E9092DF9F907D
:1082900093DFA09094DFA49095DFA59096DFA79040
:1082A00097DFA89098DFA99099DFAB909ADFAD9007
:1082B0009BDFB2909CDFB7909DDFBC909EDFBD90AE
:1082C0009FDFBF90A0DFC090A1DF7A64A2DFB76418
:1082D000A3DFB864A4DF9964A5DFBA64A6DFC06435
:1082E000A7DFD064A8DFD764A9DFE464AADFE26473
:1082F000ABDF0965ACDF2565ADDF2E65AEDF0B5F5B
:10830000AFDFD25FB0DF1975B1DF115FB2DF5F534E
:10831000B3DFF153B4DFFD53B5DFE953B6DFE85304
:10832000B7DFFB53B8DF1254B9DF1654BADF065477
:10833000BBDF4B54BCDF5254BDDF5354BEDF54543B
:10834000BFDF5654C0DF4354C1DF2154C2DF57544E
:10835000C3DF5954C4DF2354C5DF3254C6DF82540F
:10836000C7DF9454C8DF7754C9DF7154CADF64543F
:10837000CBDF9A54CCDF9B54CDDF8454CEDF7654D0
:10838000CFDF6654D0DF9D54D1DFD054D2DFAD545F
:10839000D3DFC254D4DFB454D5DFD254D6DFA754D0
:1083A000D7DFA654D8DFD354D9DFD454DADF7254E0
:1083B000DBDFA354DCDFD554DDDFBB54DEDFBF548D
:1083C000DFDFCC54E0DFD954E1DFDA54E2DFDC5404
:1083D000E3DFA954E4DFAA54E5DFA454E6DFDD546B
:1083E000E7DFCF54E8DFDE54E9DF1B55EADFE7546F
:1083F000EBDF2055ECDFFD54EDDF1455EEDFF354D9
:10840000EFDF2255F0DF2355F1DF0F55F2DF115575
:10841000F3DF2755F4DF2A55F5DF6755F6DF8F5573
:10842000F7DFB555F8DF4955F9DF6D55FADF4155EE
:10843000FBDF5555FCDF3F55FDDF5055FEDF3C555A
:1084400040E0C29041E0C39042E0C69043E0C89053
:1084500044E0C99045E0CB9046E0CC9047E0CD9019
:1084600048E0D29049E0D4904AE0D5904BE0D690D5
:108470004CE0D8904DE0D9904EE0DA904FE0DE909D
:1084800050E0DF9051E0E09052E0E39053E0E49060
:1084900054E0E59055E0E99056E0EA9057E0EC9022
:1084A00058E0EE9059E0F0905AE0F1905BE0F290E5
:1084B0005CE0F3905DE0F5905EE0F6905FE0F790B1
:1084C00060E0F99061E0FA9062E0FB9063E0FC907C
:1084D00064E0FF9065E0009166E0019167E0039140
:1084E00068E0059169E006916AE007916BE0089108
:1084F0006CE009916DE00A916EE00B916FE00C91D8
:1085000070E00D9171E00E9172E00F9173E01091A7
:1085100074E0119175E0129176E0139177E0149177
:1085200078E0159179E016917AE017917BE0189147
:108530007CE01A917DE01B917EE01C9180E01D9112
:1085400081E01F9182E0209183E0219184E02491D9
:1085500085E0259186E0269187E0279188E02891A3
:1085600089E029918AE02A918BE02B918CE02C9173
:108570008DE02D918EE02E918FE0309190E0329140
:1085800091E0339192E0349193E0359194E036910B
:1085900095E0379196E0389197E03A9198E03B91D9
:1085A00099E03C919AE03D919BE03E919CE03F91A7
:1085B0009DE040919EE041919FE04291A0E0449176
:1085C000A1E03755A2E05655A3E07555A4E07655D5
:1085D000A5E07755A6E03355A7E03055A8E05C55F7
:1085E000A9E08B55AAE0D255ABE08355ACE0B1557C
:1085F000ADE0B955AEE08855AFE08155B0E09F558C
:10860000B1E07E55B2E0D655B3E09155B4E07B556C
:10861000B5E0DF55B6E0BD55B7E0BE55B8E09455BE
:10862000B9E09955BAE0EA55BBE0F755BCE0C95549
:10863000BDE01F56BEE0D155BFE0EB55C0E0EC55A4
:10864000C1E0D455C2E0E655C3E0DD55C4E0C455F1
:10865000C5E0EF55C6E0E555C7E0F255C8E0F35573
:10866000C9E0CC55CAE0CD55CBE0E855CCE0F55596
:10867000CDE0E455CEE0948FCFE01E56D0E0085612
:10868000D1E00C56D2E00156D3E02456D4E0235674
:10869000D5E0FE55D6E00056D7E02756D8E02D5657
:1086A000D9E05856DAE03956DBE05756DCE02C5674
:1086B000DDE04D56DEE06256DFE05956E0E05C5604
:1086C000E1E04C56E2E05456E3E08656E4E06456BE
:1086D000E5E07156E6E06B56E7E07B56E8E07C5655
:1086E000E9E08556EAE09356EBE0AF56ECE0D4566D
:1086F000EDE0D756EEE0DD56EFE0E156F0E0F5565E
:10870000F1E0EB56F2E0F956F3E0FF56F4E00457DF
:10871000F5E00A57F6E00957F7E01C57F8E00F5E5E
:10872000F9E0195EFAE0145EFBE0115EFCE0315EF8
:10873000FDE03B5EFEE03C5E40E1459141E147915A
:1087400042E1489143E1519144E1539145E1549113
:1087500046E1559147E1569148E1589149E15991D7
:108760004AE15B914BE15C914CE15F914DE160919D
:108770004EE166914FE1679150E1689151E16B9153
:1087800052E16D9153E1739154E17A9155E17B91FE
:1087900056E17C9157E1809158E1819159E18291B4
:1087A0005AE183915BE184915CE186915DE188917E
:1087B0005EE18A915FE18E9160E18F9161E1939139
:1087C00062E1949163E1959164E1969165E19791FD
:1087D00066E1989167E1999168E19C9169E19D91C9
:1087E0006AE19E916BE19F916CE1A0916DE1A19195
:1087F0006EE1A4916FE1A59170E1A69171E1A7915D
:1088000072E1A89173E1A99174E1AB9175E1AC912A
:1088100076E1B09177E1B19178E1B29179E1B391EC
:108820007AE1B6917BE1B7917CE1B8917DE1B991B4
:108830007EE1BB9180E1BC9181E1BD9182E1BE917D
:1088400083E1BF9184E1C09185E1C19186E1C2914C
:1088500087E1C39188E1C49189E1C5918AE1C6911C
:108860008BE1C8918CE1CB918DE1D0918EE1D291D9
:108870008FE1D39190E1D49191E1D59192E1D6919C
:1088800093E1D79194E1D89195E1D99196E1DA916C
:1088900097E1DB9198E1DD9199E1DE919AE1DF9139
:1088A0009BE1E0919CE1E1919DE1E2919EE1E39108
:1088B0009FE1E491A0E1E591A1E1375EA2E1445E90
:1088C000A3E1545EA4E15B5EA5E15E5EA6E1615EAC
:1088D000A7E18C5CA8E17A5CA9E18D5CAAE1905CDF
:1088E000ABE1965CACE1885CADE1985CAEE1995C93
:1088F000AFE1915CB0E19A5CB1E19C5CB2E1B55C46
:10890000B3E1A25CB4E1BD5CB5E1AC5CB6E1AB5CEB
:10891000B7E1B15CB8E1A35CB9E1C15CBAE1B75CB5
:10892000BBE1C45CBCE1D25CBDE1E45CBEE1CB5C1C
:10893000BFE1E55CC0E1025DC1E1035DC2E1275D2D
:10894000C3E1265DC4E12E5DC5E1245DC6E11E5D87
:10895000C7E1065DC8E11B5DC9E1585DCAE13E5D46
:10896000CBE1345DCCE13D5DCDE16C5DCEE15B5DA5
:10897000CFE16F5DD0E15D5DD1E16B5DD2E14B5D3B
:10898000D3E14A5DD4E1695DD5E1745DD6E1825DF4
:10899000D7E1995DD8E19D5DD9E1738CDAE1B75DEE
:1089A000DBE1C55DDCE1735FDDE1775FDEE1825F26
:1089B000DFE1875FE0E1895FE1E18C5FE2E1955F04
:1089C000E3E1995FE4E19C5FE5E1A85FE6E1AD5F8B
:1089D000E7E1B55FE8E1BC5FE9E16288EAE1615F98
:1089E000EBE1AD72ECE1B072EDE1B472EEE1B772C1
:1089F000EFE1B872F0E1C372F1E1C172F2E1CE725F
:108A0000F3E1CD72F4E1D272F5E1E872F6E1EF72D2
:108A1000F7E1E972F8E1F272F9E1F472FAE1F77262
:108A2000FBE10173FCE1F372FDE10373FEE1FA7215
:108A300040E2E69141E2E79142E2E89143E2E991C6
:108A400044E2EA9145E2EB9146E2EC9147E2ED9196
:108A500048E2EE9149E2EF914AE2F0914BE2F19166
:108A60004CE2F2914DE2F3914EE2F4914FE2F59136
:108A700050E2F69151E2F79152E2F89153E2F99106
:108A800054E2FA9155E2FB9156E2FC9157E2FD91D6
:108A900058E2FE9159E2FF915AE200925BE20192A4
:108AA0005CE202925DE203925EE204925FE2059272
:108AB00060E2069261E2079262E2089263E2099242
:108AC00064E20A9265E20B9266E20C9267E20D9212
:108AD00068E20E9269E20F926AE210926BE21192E2
:108AE0006CE212926DE213926EE214926FE21592B2
:108AF00070E2169271E2179272E2189273E2199282
:108B000074E21A9275E21B9276E21C9277E21D9251
:108B100078E21E9279E21F927AE220927BE2219221
:108B20007CE222927DE223927EE2249280E22592F0
:108B300081E2269282E2279283E2289284E22992BD
:108B400085E22A9286E22B9287E22C9288E22D928D
:108B500089E22E928AE22F928BE230928CE231925D
:108B60008DE232928EE233928FE2349290E235922D
:108B700091E2369292E2379293E2389294E23992FD
:108B800095E23A9296E23B9297E23C9298E23D92CD
:108B900099E23E929AE23F929BE240929CE241929D
:108BA0009DE242929EE243929FE24492A0E245926D
:108BB000A1E2FB72A2E21773A3E21373A4E2217392
:108BC000A5E20A73A6E21E73A7E21D73A8E215735D
:108BD000A9E22273AAE23973ABE22573ACE22C73EB
:108BE000ADE23873AEE23173AFE25073B0E24D7371
:108BF000B1E25773B2E26073B3E26C73B4E26F73C5
:108C0000B5E27E73B6E21B82B7E22559B8E2E79877
:108C1000B9E22459BAE20259BBE26399BCE267990E
:108C2000BDE26899BEE26999BFE26A99C0E26B99B8
:108C3000C1E26C99C2E27499C3E27799C4E27D996A
:108C4000C5E28099C6E28499C7E28799C8E28A9909
:108C5000C9E28D99CAE29099CBE29199CCE29399BD
:108C6000CDE29499CEE29599CFE2805ED0E2915E1A
:108C7000D1E28B5ED2E2965ED3E2A55ED4E2A05E44
:108C8000D5E2B95ED6E2B55ED7E2BE5ED8E2B35EAB
:108C9000D9E2538DDAE2D25EDBE2D15EDCE2DB5E6A
:108CA000DDE2E85EDEE2EA5EDFE2BA81E0E2C45FD6
:108CB000E1E2C95FE2E2D65FE3E2CF5FE4E20360B4
:108CC000E5E2EE5FE6E20460E7E2E15FE8E2E45F4E
:108CD000E9E2FE5FEAE20560EBE20660ECE2EA5FF1
:108CE000EDE2ED5FEEE2F85FEFE21960F0E2356091
:108CF000F1E22660F2E21B60F3E20F60F4E20D6045
:108D0000F5E22960F6E22B60F7E20A60F8E23F60E4
:108D1000F9E22160FAE27860FBE27960FCE27B60D4
:108D2000FDE27A60FEE2426040E3469241E3479210
:108D300042E3489243E3499244E34A9245E34B922B
:108D400046E34C9247E34D9248E34E9249E34F92FB
:108D50004AE350924BE351924CE352924DE35392CB
:108D60004EE354924FE3559250E3569251E357929B
:108D700052E3589253E3599254E35A9255E35B926B
:108D800056E35C9257E35D9258E35E9259E35F923B
:108D90005AE360925BE361925CE362925DE363920B
:108DA0005EE364925FE3659260E3669261E36792DB
:108DB00062E3689263E3699264E36A9265E36B92AB
:108DC00066E36C9267E36D9268E36E9269E36F927B
:108DD0006AE370926BE371926CE372926DE373924B
:108DE0006EE375926FE3769270E3779271E3789217
:108DF00072E3799273E37A9274E37B9275E37C92E7
:108E000076E37D9277E37E9278E37F9279E38092B6
:108E10007AE381927BE382927CE383927DE3849286
:108E20007EE3859280E3869281E3879282E3889253
:108E300083E3899284E38A9285E38B9286E38C9222
:108E400087E38D9288E38F9289E390928AE39192EF
:108E50008BE392928CE393928DE394928EE39592BE
:108E60008FE3969290E3979291E3989292E399928E
:108E700093E39A9294E39B9295E39C9296E39D925E
:108E800097E39E9298E39F9299E3A0929AE3A1922E
:108E90009BE3A2929CE3A3929DE3A4929EE3A592FE
:108EA0009FE3A692A0E3A792A1E36A60A2E37D609C
:108EB000A3E39660A4E39A60A5E3AD60A6E39D609A
:108EC000A7E38360A8E39260A9E38C60AAE39B60B8
:108ED000ABE3EC60ACE3BB60ADE3B160AEE3DD609F
:108EE000AFE3D860B0E3C660B1E3DA60B2E3B46088
:108EF000B3E32061B4E32661B5E31561B6E3236112
:108F0000B7E3F460B8E30061B9E30E61BAE32B6143
:108F1000BBE34A61BCE37561BDE3AC61BEE3946150
:108F2000BFE3A761C0E3B761C1E3D461C2E3F56108
:108F3000C3E3DD5FC4E3B396C5E3E995C6E3EB9510
:108F4000C7E3F195C8E3F395C9E3F595CAE3F69550
:108F5000CBE3FC95CCE3FE95CDE30396CEE30496FC
:108F6000CFE30696D0E30896D1E30A96D2E30B96B8
:108F7000D3E30C96D4E30D96D5E30F96D6E3129681
:108F8000D7E31596D8E31696D9E31796DAE3199640
:108F9000DBE31A96DCE32C4EDDE33F72DEE3156281
:108FA000DFE3356CE0E3546CE1E35C6CE2E34A6CD4
:108FB000E3E3A36CE4E3856CE5E3906CE6E3946C97
:108FC000E7E38C6CE8E3686CE9E3696CEAE3746CF2
:108FD000EBE3766CECE3866CEDE3A96CEEE3D06C2E
:108FE000EFE3D46CF0E3AD6CF1E3F76CF2E3F86C13
:108FF000F3E3F16CF4E3D76CF5E3B26CF6E3E06C09
:10900000F7E3D66CF8E3FA6CF9E3EB6CFAE3EE6C99
:10901000FBE3B16CFCE3D36CFDE3EF6CFEE3FE6CB1
:1090200040E4A89241E4A99242E4AA9243E4AB92BC
:1090300044E4AC9245E4AD9246E4AF9247E4B0928A
:1090400048E4B19249E4B2924AE4B3924BE4B49258
:109050004CE4B5924DE4B6924EE4B7924FE4B89228
:1090600050E4B99251E4BA9252E4BB9253E4BC92F8
:1090700054E4BD9255E4BE9256E4BF9257E4C092C8
:1090800058E4C19259E4C2925AE4C3925BE4C49298
:109090005CE4C5925DE4C6925EE4C7925FE4C99267
:1090A00060E4CA9261E4CB9262E4CC9263E4CD9234
:1090B00064E4CE9265E4CF9266E4D09267E4D19204
:1090C00068E4D29269E4D3926AE4D4926BE4D592D4
:1090D0006CE4D6926DE4D7926EE4D8926FE4D992A4
:1090E00070E4DA9271E4DB9272E4DC9273E4DD9274
:1090F00074E4DE9275E4DF9276E4E09277E4E19244
:1091000078E4E29279E4E3927AE4E4927BE4E59213
:109110007CE4E6927DE4E7927EE4E89280E4E992E2
:1091200081E4EA9282E4EB9283E4EC9284E4ED92AF
:1091300085E4EE9286E4EF9287E4F09288E4F1927F
:1091400089E4F2928AE4F3928BE4F4928CE4F5924F
:109150008DE4F6928EE4F7928FE4F89290E4F9921F
:1091600091E4FA9292E4FB9293E4FC9294E4FD92EF
:1091700095E4FE9296E4FF9297E4009398E40193BD
:1091800099E402939AE403939BE404939CE405938B
:109190009DE406939EE407939FE40893A0E409935B
:1091A000A1E4396DA2E4276DA3E40C6DA4E4436D42
:1091B000A5E4486DA6E4076DA7E4046DA8E4196D65
:1091C000A9E40E6DAAE42B6DABE44D6DACE42E6DFD
:1091D000ADE4356DAEE41A6DAFE44F6DB0E4526DA1
:1091E000B1E4546DB2E4336DB3E4916DB4E46F6DEA
:1091F000B5E49E6DB6E4A06DB7E45E6DB8E4936D22
:10920000B9E4946DBAE45C6DBBE4606DBCE47C6D64
:10921000BDE4636DBEE41A6EBFE4C76DC0E4C56D06
:10922000C1E4DE6DC2E40E6EC3E4BF6DC4E4E06D64
:10923000C5E4116EC6E4E66DC7E4DD6DC8E4D96D22
:10924000C9E4166ECAE4AB6DCBE40C6ECCE4AE6D33
:10925000CDE42B6ECEE46E6ECFE44E6ED0E46B6E3A
:10926000D1E4B26ED2E45F6ED3E4866ED4E4536E82
:10927000D5E4546ED6E4326ED7E4256ED8E4446E5D
:10928000D9E4DF6EDAE4B16EDBE4986EDCE4E06E24
:10929000DDE42D6FDEE4E26EDFE4A56EE0E4A76EB0
:1092A000E1E4BD6EE2E4BB6EE3E4B76EE4E4D76EE6
:1092B000E5E4B46EE6E4CF6EE7E48F6EE8E4C26EF8
:1092C000E9E49F6EEAE4626FEBE4466FECE4476F1B
:1092D000EDE4246FEEE4156FEFE4F96EF0E42F6F28
:1092E000F1E4366FF2E44B6FF3E4746FF4E42A6F49
:1092F000F5E4096FF6E4296FF7E4896FF8E48D6F00
:10930000F9E48C6FFAE4786FFBE4726FFCE47C6F35
:10931000FDE47A6FFEE4D16F40E50A9341E50B93DB
:1093200042E50C9343E50D9344E50E9345E50F9319
:1093300046E5109347E5119348E5129349E51393E9
:109340004AE514934BE515934CE516934DE51793B9
:109350004EE518934FE5199350E51A9351E51B9389
:1093600052E51C9353E51D9354E51E9355E51F9359
:1093700056E5209357E5219358E5229359E5239329
:109380005AE524935BE525935CE526935DE52793F9
:109390005EE528935FE5299360E52A9361E52B93C9
:1093A00062E52C9363E52D9364E52E9365E52F9399
:1093B00066E5309367E5319368E5329369E5339369
:1093C0006AE534936BE535936CE536936DE5379339
:1093D0006EE538936FE5399370E53A9371E53B9309
:1093E00072E53C9373E53D9374E53F9375E54093D7
:1093F00076E5419377E5429378E5439379E54493A5
:109400007AE545937BE546937CE547937DE5489374
:109410007EE5499380E54A9381E54B9382E54C9341
:1094200083E54D9384E54E9385E54F9386E5509310
:1094300087E5519388E5529389E553938AE55493E0
:109440008BE555938CE556938DE557938EE55893B0
:109450008FE5599390E55A9391E55B9392E55C9380
:1094600093E55D9394E55E9395E55F9396E5609350
:1094700097E5619398E5629399E563939AE5649320
:109480009BE565939CE566939DE567939EE56893F0
:109490009FE56993A0E56B93A1E5C96FA2E5A76F6E
:1094A000A3E5B96FA4E5B66FA5E5C26FA6E5E16FC8
:1094B000A7E5EE6FA8E5DE6FA9E5E06FAAE5EF6F1F
:1094C000ABE51A70ACE52370ADE51B70AEE5397005
:1094D000AFE53570B0E54F70B1E55E70B2E5805B29
:1094E000B3E5845BB4E5955BB5E5935BB6E5A55B59
:1094F000B7E5B85BB8E52F75B9E59E9ABAE534646F
:10950000BBE5E45BBCE5EE5BBDE53089BEE5F05B49
:10951000BFE5478EC0E5078BC1E5B68FC2E5D38FA7
:10952000C3E5D58FC4E5E58FC5E5EE8FC6E5E48FCD
:10953000C7E5E98FC8E5E68FC9E5F38FCAE5E88F8F
:10954000CBE50590CCE50490CDE50B90CEE52690DB
:10955000CFE51190D0E50D90D1E51690D2E52190A0
:10956000D3E53590D4E53690D5E52D90D6E52F900E
:10957000D7E54490D8E55190D9E55290DAE550907E
:10958000DBE56890DCE55890DDE56290DEE55B9018
:10959000DFE5B966E0E57490E1E57D90E2E5829073
:1095A000E3E58890E4E58390E5E58B90E6E5505FA0
:1095B000E7E5575FE8E5565FE9E5585FEAE53B5CBC
:1095C000EBE5AB54ECE5505CEDE5595CEEE5715B29
:1095D000EFE5635CF0E5665CF1E5BC7FF2E52A5FF0
:1095E000F3E5295FF4E52D5FF5E57482F6E53C5F70
:1095F000F7E53B9BF8E56E5CF9E58159FAE583599F
:10960000FBE58D59FCE5A959FDE5AA59FEE5A359ED
:1096100040E66C9341E66D9342E66E9343E66F93AA
:1096200044E6709345E6719346E6729347E673937A
:1096300048E6749349E675934AE676934BE677934A
:109640004CE678934DE679934EE67A934FE67B931A
:1096500050E67C9351E67D9352E67E9353E67F93EA
:1096600054E6809355E6819356E6829357E68393BA
:1096700058E6849359E685935AE686935BE687938A
:109680005CE688935DE689935EE68A935FE68B935A
:1096900060E68C9361E68D9362E68E9363E6909329
:1096A00064E6919365E6929366E6939367E69493F6
:1096B00068E6959369E696936AE697936BE69893C6
:1096C0006CE699936DE69A936EE69B936FE69C9396
:1096D00070E69D9371E69E9372E69F9373E6A09366
:1096E00074E6A19375E6A29376E6A39377E6A49336
:1096F00078E6A59379E6A6937AE6A7937BE6A89306
:109700007CE6A9937DE6AA937EE6AB9380E6AC93D4
:1097100081E6AD9382E6AE9383E6AF9384E6B093A1
:1097200085E6B19386E6B29387E6B39388E6B49371
:1097300089E6B5938AE6B6938BE6B7938CE6B89341
:109740008DE6B9938EE6BA938FE6BB9390E6BC9311
:1097500091E6BD9392E6BE9393E6BF9394E6C093E1
:1097600095E6C19396E6C29397E6C39398E6C493B1
:1097700099E6C5939AE6C6939BE6C7939CE6C89381
:109780009DE6C9939EE6CB939FE6CC93A0E6CD934E
:10979000A1E69759A2E6CA59A3E6AB59A4E69E5999
:1097A000A5E6A459A6E6D259A7E6B259A8E6AF594C
:1097B000A9E6D759AAE6BE59ABE6055AACE6065A61
:1097C000ADE6DD59AEE6085AAFE6E359B0E6D85942
:1097D000B1E6F959B2E60C5AB3E6095AB4E6325A80
:1097E000B5E6345AB6E6115AB7E6235AB8E6135A24
:1097F000B9E6405ABAE6675ABBE64A5ABCE6555A39
:10980000BDE63C5ABEE6625ABFE6755AC0E6EC8039
:10981000C1E6AA5AC2E69B5AC3E6775AC4E67A5A08
:10982000C5E6BE5AC6E6EB5AC7E6B25AC8E6D25AF1
:10983000C9E6D45ACAE6B85ACBE6E05ACCE6E35AAF
:10984000CDE6F15ACEE6D65ACFE6E65AD0E6D85A59
:10985000D1E6DC5AD2E6095BD3E6175BD4E6165BA9
:10986000D5E6325BD6E6375BD7E6405BD8E6155CDB
:10987000D9E61C5CDAE65A5BDBE6655BDCE6735B2B
:10988000DDE6515BDEE6535BDFE6625BE0E6759AA0
:10989000E1E6779AE2E6789AE3E67A9AE4E67F9A56
:1098A000E5E67D9AE6E6809AE7E6819AE8E6859A1B
:1098B000E9E6889AEAE68A9AEBE6909AECE6929ACA
:1098C000EDE6939AEEE6969AEFE6989AF0E69B9A82
:1098D000F1E69C9AF2E69D9AF3E69F9AF4E6A09A46
:1098E000F5E6A29AF6E6A39AF7E6A59AF8E6A79A0D
:1098F000F9E69F7EFAE6A17EFBE6A37EFCE6A57E66
:10990000FDE6A87EFEE6A97E40E7CE9341E7CF9331
:1099100042E7D09343E7D19344E7D29345E7D3930B
:1099200046E7D49347E7D59348E7D79349E7D893D9
:109930004AE7D9934BE7DA934CE7DB934DE7DC93A7
:109940004EE7DD934FE7DE9350E7DF9351E7E09377
:1099500052E7E19353E7E29354E7E39355E7E49347
:1099600056E7E59357E7E69358E7E79359E7E89317
:109970005AE7E9935BE7EA935CE7EB935DE7EC93E7
:109980005EE7ED935FE7EE9360E7EF9361E7F093B7
:1099900062E7F19363E7F29364E7F39365E7F49387
:1099A00066E7F59367E7F69368E7F79369E7F89357
:1099B0006AE7F9936BE7FA936CE7FB936DE7FC9327
:1099C0006EE7FD936FE7FE9370E7FF9371E70094F6
:1099D00072E7019473E7029474E7039475E70494C3
:1099E00076E7059477E7069478E7079479E7089493
:1099F0007AE709947BE70A947CE70B947DE70C9463
:109A00007EE70D9480E70E9481E70F9482E710942F
:109A100083E7119484E7129485E7139486E71494FE
:109A200087E7159488E7169489E717948AE71894CE
:109A30008BE719948CE71A948DE71B948EE71C949E
:109A40008FE71D9490E71E9491E71F9492E720946E
:109A500093E7219494E7229495E7239496E724943E
:109A600097E7259498E7269499E727949AE728940E
:109A70009BE729949CE72A949DE72B949EE72C94DE
:109A80009FE72D94A0E72E94A1E7AD7EA2E7B07EDC
:109A9000A3E7BE7EA4E7C07EA5E7C17EA6E7C27E9F
:109AA000A7E7C97EA8E7CB7EA9E7CC7EAAE7D07E50
:109AB000ABE7D47EACE7D77EADE7DB7EAEE7E07EFA
:109AC000AFE7E17EB0E7E87EB1E7EB7EB2E7EE7E9E
:109AD000B3E7EF7EB4E7F17EB5E7F27EB6E70D7F40
:109AE000B7E7F67EB8E7FA7EB9E7FB7EBAE7FE7E17
:109AF000BBE7017FBCE7027FBDE7037FBEE7077FCF
:109B0000BFE7087FC0E70B7FC1E70C7FC2E70F7F8D
:109B1000C3E7117FC4E7127FC5E7177FC6E7197F48
:109B2000C7E71C7FC8E71B7FC9E71F7FCAE7217F04
:109B3000CBE7227FCCE7237FCDE7247FCEE7257FCD
:109B4000CFE7267FD0E7277FD1E72A7FD2E72B7F99
:109B5000D3E72C7FD4E72D7FD5E72F7FD6E7307F63
:109B6000D7E7317FD8E7327FD9E7337FDAE7357F30
:109B7000DBE77A5EDCE77F75DDE7DB5DDEE73E7520
:109B8000DFE79590E0E78E73E1E79173E2E7AE736C
:109B9000E3E7A273E4E79F73E5E7CF73E6E7C273F9
:109BA000E7E7D173E8E7B773E9E7B373EAE7C073B0
:109BB000EBE7C973ECE7C873EDE7E573EEE7D9733C
:109BC000EFE77C98F0E70A74F1E7E973F2E7E773EF
:109BD000F3E7DE73F4E7BA73F5E7F273F6E70F74B1
:109BE000F7E72A74F8E75B74F9E72674FAE7257457
:109BF000FBE72874FCE73074FDE72E74FEE72C7455
:109C000040E82F9441E8309442E8319443E832949C
:109C100044E8339445E8349446E8359447E836946C
:109C200048E8379449E838944AE839944BE83A943C
:109C30004CE83B944DE83C944EE83D944FE83F940B
:109C400050E8409451E8419452E8429453E84394D8
:109C500054E8449455E8459456E8469457E84794A8
:109C600058E8489459E849945AE84A945BE84B9478
:109C70005CE84C945DE84D945EE84E945FE84F9448
:109C800060E8509461E8519462E8529463E8539418
:109C900064E8549465E8559466E8569467E85794E8
:109CA00068E8589469E859946AE85A946BE85B94B8
:109CB0006CE85C946DE85D946EE85E946FE85F9488
:109CC00070E8609471E8619472E8629473E8639458
:109CD00074E8649475E8659476E8669477E8679428
:109CE00078E8689479E869947AE86A947BE86C94F7
:109CF0007CE86D947DE86E947EE86F9480E87094C3
:109D000081E8719482E8729483E8739484E874948F
:109D100085E8759486E8769487E8779488E878945F
:109D200089E879948AE87A948BE87B948CE87C942F
:109D30008DE87D948EE87E948FE87F9490E88094FF
:109D400091E8819492E8829493E8839494E88494CF
:109D500095E8919496E8969497E8989498E8C79433
:109D600099E8CF949AE8D3949BE8D4949CE8DA9449
:109D70009DE8E6949EE8FB949FE81C95A0E820955A
:109D8000A1E81B74A2E81A74A3E84174A4E85C7407
:109D9000A5E85774A6E85574A7E85974A8E877743D
:109DA000A9E86D74AAE87E74ABE89C74ACE88E7484
:109DB000ADE88074AEE88174AFE88774B0E88B7466
:109DC000B1E89E74B2E8A874B3E8A974B4E89074DA
:109DD000B5E8A774B6E8D274B7E8BA74B8E8EA97F9
:109DE000B9E8EB97BAE8EC97BBE84C67BCE8536777
:109DF000BDE85E67BEE84867BFE86967C0E8A56779
:109E0000C1E88767C2E86A67C3E87367C4E8986710
:109E1000C5E8A767C6E87567C7E8A867C8E89E678A
:109E2000C9E8AD67CAE88B67CBE87767CCE87C67A1
:109E3000CDE8F067CEE80968CFE8D867D0E80A68CF
:109E4000D1E8E967D2E8B067D3E80C68D4E8D9670D
:109E5000D5E8B567D6E8DA67D7E8B367D8E8DD674D
:109E6000D9E80068DAE8C367DBE8B867DCE8E267EE
:109E7000DDE80E68DEE8C167DFE8FD67E0E832682C
:109E8000E1E83368E2E86068E3E86168E4E84E68C6
:109E9000E5E86268E6E84468E7E86468E8E883685B
:109EA000E9E81D68EAE85568EBE86668ECE84168AF
:109EB000EDE86768EEE84068EFE83E68F0E84A6879
:109EC000F1E84968F2E82968F3E8B568F4E88F68D2
:109ED000F5E87468F6E87768F7E89368F8E86B687F
:109EE000F9E8C268FAE86E69FBE8FC68FCE81F69FB
:109EF000FDE82069FEE8F96840E9279541E93395D6
:109F000042E93D9543E9439544E9489545E94B9538
:109F100046E9559547E95A9548E9609549E96E95AE
:109F20004AE974954BE975954CE977954DE9789533
:109F30004EE979954FE97A9550E97B9551E97C9501
:109F400052E97D9553E97E9554E9809555E98195CF
:109F500056E9829557E9839558E9849559E985959D
:109F60005AE986955BE987955CE988955DE989956D
:109F70005EE98A955FE98B9560E98C9561E98D953D
:109F800062E98E9563E98F9564E9909565E991950D
:109F900066E9929567E9939568E9949569E99595DD
:109FA0006AE996956BE997956CE998956DE99995AD
:109FB0006EE99A956FE99B9570E99C9571E99D957D
:109FC00072E99E9573E99F9574E9A09575E9A1954D
:109FD00076E9A29577E9A39578E9A49579E9A5951D
:109FE0007AE9A6957BE9A7957CE9A8957DE9A995ED
:109FF0007EE9AA9580E9AB9581E9AC9582E9AD95BA
:10A0000083E9AE9584E9AF9585E9B09586E9B19588
:10A0100087E9B29588E9B39589E9B4958AE9B59558
:10A020008BE9B6958CE9B7958DE9B8958EE9B99528
:10A030008FE9BA9590E9BB9591E9BC9592E9BD95F8
:10A0400093E9BE9594E9BF9595E9C09596E9C195C8
:10A0500097E9C29598E9C39599E9C4959AE9C59598
:10A060009BE9C6959CE9C7959DE9C8959EE9C99568
:10A070009FE9CA95A0E9CB95A1E92469A2E9F06816
:10A08000A3E90B69A4E90169A5E95769A6E9E368B1
:10A09000A7E91069A8E97169A9E93969AAE96069BC
:10A0A000ABE94269ACE95D69ADE98469AEE96B6928
:10A0B000AFE98069B0E99869B1E97869B2E93469D2
:10A0C000B3E9CC69B4E98769B5E98869B6E9CE69CD
:10A0D000B7E98969B8E96669B9E96369BAE979698B
:10A0E000BBE99B69BCE9A769BDE9BB69BEE9AB698E
:10A0F000BFE9AD69C0E9D469C1E9B169C2E9C16923
:10A10000C3E9CA69C4E9DF69C5E99569C6E9E069D7
:10A11000C7E98D69C8E9FF69C9E92F6ACAE9ED692C
:10A12000CBE9176ACCE9186ACDE9656ACEE9F2692C
:10A13000CFE9446AD0E93E6AD1E9A06AD2E9506A1F
:10A14000D3E95B6AD4E9356AD5E98E6AD6E9796ADA
:10A15000D7E93D6AD8E9286AD9E9586ADAE97C6A18
:10A16000DBE9916ADCE9906ADDE9A96ADEE9976AD0
:10A17000DFE9AB6AE0E93773E1E95273E2E9816B49
:10A18000E3E9826BE4E9876BE5E9846BE6E9926BCE
:10A19000E7E9936BE8E98D6BE9E99A6BEAE99B6B78
:10A1A000EBE9A16BECE9AA6BEDE96B8FEEE96D8F42
:10A1B000EFE9718FF0E9728FF1E9738FF2E9758F32
:10A1C000F3E9768FF4E9788FF5E9778FF6E9798FFF
:10A1D000F7E97A8FF8E97C8FF9E97E8FFAE9818FC8
:10A1E000FBE9828FFCE9848FFDE9878FFEE98B8F85
:10A1F00040EACC9541EACD9542EACE9543EACF9527
:10A2000044EAD09545EAD19546EAD29547EAD395F6
:10A2100048EAD49549EAD5954AEAD6954BEAD795C6
:10A220004CEAD8954DEAD9954EEADA954FEADB9596
:10A2300050EADC9551EADD9552EADE9553EADF9566
:10A2400054EAE09555EAE19556EAE29557EAE39536
:10A2500058EAE49559EAE5955AEAE6955BEAE79506
:10A260005CEAEC955DEAFF955EEA07965FEA139675
:10A2700060EA189661EA1B9662EA1E9663EA2096E7
:10A2800064EA239665EA249666EA259667EA2696A6
:10A2900068EA279669EA28966AEA29966BEA2B9675
:10A2A0006CEA2C966DEA2D966EEA2F966FEA309640
:10A2B00070EA379671EA389672EA399673EA3A96F6
:10A2C00074EA3E9675EA419676EA439677EA4A96AC
:10A2D00078EA4E9679EA4F967AEA51967BEA529658
:10A2E0007CEA53967DEA56967EEA579680EA58961F
:10A2F00081EA599682EA5A9683EA5C9684EA5D96E8
:10A3000085EA5E9686EA609687EA639688EA6596AD
:10A3100089EA66968AEA6B968BEA6D968CEA6E9667
:10A320008DEA6F968EEA70968FEA719690EA739630
:10A3300091EA789692EA799693EA7A9694EA7B96ED
:10A3400095EA7C9696EA7D9697EA7E9698EA7F96BD
:10A3500099EA80969AEA81969BEA82969CEA83968D
:10A360009DEA84969EEA87969FEA8996A0EA8A9655
:10A37000A1EA8D8FA2EA8E8FA3EA8F8FA4EA988F2D
:10A38000A5EA9A8FA6EACE8EA7EA0B62A8EA176220
:10A39000A9EA1B62AAEA1F62ABEA2262ACEA216266
:10A3A000ADEA2562AEEA2462AFEA2C62B0EAE78148
:10A3B000B1EAEF74B2EAF474B3EAFF74B4EA0F7569
:10A3C000B5EA1175B6EA1375B7EA3465B8EAEE6511
:10A3D000B9EAEF65BAEAF065BBEA0A66BCEA196653
:10A3E000BDEA7267BEEA0366BFEA1566C0EA0066A8
:10A3F000C1EA8570C2EAF766C3EA1D66C4EA34663C
:10A40000C5EA3166C6EA3666C7EA3566C8EA068036
:10A41000C9EA5F66CAEA5466CBEA4166CCEA4F668F
:10A42000CDEA5666CEEA6166CFEA5766D0EA77662D
:10A43000D1EA8466D2EA8C66D3EAA766D4EA9D663E
:10A44000D5EABE66D6EADB66D7EADC66D8EAE66617
:10A45000D9EAE966DAEA328DDBEA338DDCEA368D59
:10A46000DDEA3B8DDEEA3D8DDFEA408DE0EA458D99
:10A47000E1EA468DE2EA488DE3EA498DE4EA478D58
:10A48000E5EA4D8DE6EA558DE7EA598DE8EAC78998
:10A49000E9EACA89EAEACB89EBEACC89ECEACE8917
:10A4A000EDEACF89EEEAD089EFEAD189F0EA6E725F
:10A4B000F1EA9F72F2EA5D72F3EA6672F4EA6F7291
:10A4C000F5EA7E72F6EA7F72F7EA8472F8EA8B7236
:10A4D000F9EA8D72FAEA8F72FBEA9272FCEA08637B
:10A4E000FDEA3263FEEAB06340EB8C9641EB8E9658
:10A4F00042EB919643EB929644EB939645EB9596FF
:10A5000046EB969647EB9A9648EB9B9649EB9D96C1
:10A510004AEB9E964BEB9F964CEBA0964DEBA1968B
:10A520004EEBA2964FEBA39650EBA49651EBA5965B
:10A5300052EBA69653EBA89654EBA99655EBAA9628
:10A5400056EBAB9657EBAC9658EBAD9659EBAE96F7
:10A550005AEBAF965BEBB1965CEBB2965DEBB496C3
:10A560005EEBB5965FEBB79660EBB89661EBBA968B
:10A5700062EBBB9663EBBF9664EBC29665EBC3964A
:10A5800066EBC89667EBCA9668EBCB9669EBD096FC
:10A590006AEBD1966BEBD3966CEBD4966DEBD696BB
:10A5A0006EEBD7966FEBD89670EBD99671EBDA9687
:10A5B00072EBDB9673EBDC9674EBDD9675EBDE9657
:10A5C00076EBDF9677EBE19678EBE29679EBE39624
:10A5D0007AEBE4967BEBE5967CEBE6967DEBE796F3
:10A5E0007EEBEB9680EBEC9681EBED9682EBEE96B4
:10A5F00083EBF09684EBF19685EBF29686EBF4967E
:10A6000087EBF59688EBF89689EBFA968AEBFB9642
:10A610008BEBFC968CEBFD968DEBFF968EEB029709
:10A620008FEB039790EB059791EB0A9792EB0B97C3
:10A6300093EB0C9794EB109795EB119796EB129781
:10A6400097EB149798EB159799EB17979AEB189748
:10A650009BEB19979CEB1A979DEB1B979EEB1D9715
:10A660009FEB1F97A0EB2097A1EB3F64A2EBD86470
:10A67000A3EB0480A4EBEA6BA5EBF36BA6EBFD6BFD
:10A68000A7EBF56BA8EBF96BA9EB056CAAEB076CD4
:10A69000ABEB066CACEB0D6CADEB156CAEEB186C6C
:10A6A000AFEB196CB0EB1A6CB1EB216CB2EB296C0F
:10A6B000B3EB246CB4EB2A6CB5EB326CB6EB3565BE
:10A6C000B7EB5565B8EB6B65B9EB4D72BAEB5272EF
:10A6D000BBEB5672BCEB3072BDEB6286BEEB165222
:10A6E000BFEB9F80C0EB9C80C1EB9380C2EBBC8032
:10A6F000C3EB0A67C4EBBD80C5EBB180C6EBAB8092
:10A70000C7EBAD80C8EBB480C9EBB780CAEBE7807C
:10A71000CBEBE880CCEBE980CDEBEA80CEEBDB80C5
:10A72000CFEBC280D0EBC480D1EBD980D2EBCD800F
:10A73000D3EBD780D4EB1067D5EBDD80D6EBEB8085
:10A74000D7EBF180D8EBF480D9EBED80DAEB0D811B
:10A75000DBEB0E81DCEBF280DDEBFC80DEEB1567E2
:10A76000DFEB1281E0EB5A8CE1EB3681E2EB1E81EC
:10A77000E3EB2C81E4EB1881E5EB3281E6EB4881D9
:10A78000E7EB4C81E8EB5381E9EB7481EAEB59810B
:10A79000EBEB5A81ECEB7181EDEB6081EEEB6981C3
:10A7A000EFEB7C81F0EB7D81F1EB6D81F2EB67816A
:10A7B000F3EB4D58F4EBB55AF5EB8881F6EB82815B
:10A7C000F7EB9181F8EBD56EF9EBA381FAEBAA8157
:10A7D000FBEBCC81FCEB2667FDEBCA81FEEBBB817A
:10A7E00040EC219741EC229742EC239743EC2497CD
:10A7F00044EC259745EC269746EC279747EC28979D
:10A8000048EC299749EC2B974AEC2C974BEC2E9768
:10A810004CEC2F974DEC31974EEC33974FEC34972F
:10A8200050EC359751EC369752EC379753EC3A97FA
:10A8300054EC3B9755EC3C9756EC3D9757EC3F97C3
:10A8400058EC409759EC41975AEC42975BEC439790
:10A850005CEC44975DEC45975EEC46975FEC479760
:10A8600060EC489761EC499762EC4A9763EC4B9730
:10A8700064EC4C9765EC4D9766EC4E9767EC4F9700
:10A8800068EC509769EC51976AEC54976BEC5597CC
:10A890006CEC57976DEC58976EEC5A976FEC5C9791
:10A8A00070EC5D9771EC5F9772EC639773EC649753
:10A8B00074EC669775EC679776EC689777EC6A9717
:10A8C00078EC6B9779EC6C977AEC6D977BEC6E97E4
:10A8D0007CEC6F977DEC70977EEC719780EC7297B3
:10A8E00081EC759782EC779783EC789784EC799775
:10A8F00085EC7A9786EC7B9787EC7D9788EC7E9742
:10A9000089EC7F978AEC80978BEC81978CEC82970F
:10A910008DEC83978EEC84978FEC869790EC8797DD
:10A9200091EC889792EC899793EC8A9794EC8C97AA
:10A9300095EC8E9796EC8F9797EC909798EC939771
:10A9400099EC95979AEC96979BEC97979CEC999736
:10A950009DEC9A979EEC9B979FEC9C97A0EC9D9703
:10A96000A1ECC181A2ECA681A3EC246BA4EC376B13
:10A97000A5EC396BA6EC436BA7EC466BA8EC596BC6
:10A98000A9ECD198AAECD298ABECD398ACECD598C2
:10A99000ADECD998AEECDA98AFECB36BB0EC405FAD
:10A9A000B1ECC26BB2ECF389B3EC9065B4EC519F9F
:10A9B000B5EC9365B6ECBC65B7ECC665B8ECC465A0
:10A9C000B9ECC365BAECCC65BBECCE65BCECD2652A
:10A9D000BDECD665BEEC8070BFEC9C70C0EC967090
:10A9E000C1EC9D70C2ECBB70C3ECC070C4ECB7701E
:10A9F000C5ECAB70C6ECB170C7ECE870C8ECCA70BF
:10AA0000C9EC1071CAEC1371CBEC1671CCEC2F7140
:10AA1000CDEC3171CEEC7371CFEC5C71D0EC687120
:10AA2000D1EC4571D2EC7271D3EC4A71D4EC7871EF
:10AA3000D5EC7A71D6EC9871D7ECB371D8ECB571CE
:10AA4000D9ECA871DAECA071DBECE071DCECD4712C
:10AA5000DDECE771DEECF971DFEC1D72E0EC2872E1
:10AA6000E1EC6C70E2EC1871E3EC6671E4ECB97146
:10AA7000E5EC3E62E6EC3D62E7EC4362E8EC4862FE
:10AA8000E9EC4962EAEC3B79EBEC4079ECEC467995
:10AA9000EDEC4979EEEC5B79EFEC5C79F0EC537915
:10AAA000F1EC5A79F2EC6279F3EC5779F4EC6079D5
:10AAB000F5EC6F79F6EC6779F7EC7A79F8EC857953
:10AAC000F9EC8A79FAEC9A79FBECA779FCECB3798A
:10AAD000FDECD15FFEECD05F40ED9E9741ED9F977E
:10AAE00042EDA19743EDA29744EDA49745EDA597BC
:10AAF00046EDA69747EDA79748EDA89749EDA9978A
:10AB00004AEDAA974BEDAC974CEDAE974DEDB09753
:10AB10004EEDB1974FEDB39750EDB59751EDB69718
:10AB200052EDB79753EDB89754EDB99755EDBA97E5
:10AB300056EDBB9757EDBC9758EDBD9759EDBE97B5
:10AB40005AEDBF975BEDC0975CEDC1975DEDC29785
:10AB50005EEDC3975FEDC49760EDC59761EDC69755
:10AB600062EDC79763EDC89764EDC99765EDCA9725
:10AB700066EDCB9767EDCC9768EDCD9769EDCE97F5
:10AB80006AEDCF976BEDD0976CEDD1976DEDD297C5
:10AB90006EEDD3976FEDD49770EDD59771EDD69795
:10ABA00072EDD79773EDD89774EDD99775EDDA9765
:10ABB00076EDDB9777EDDC9778EDDD9779EDDE9735
:10ABC0007AEDDF977BEDE0977CEDE1977DEDE29705
:10ABD0007EEDE39780EDE49781EDE59782EDE897D0
:10ABE00083EDEE9784EDEF9785EDF09786EDF19785
:10ABF00087EDF29788EDF49789EDF7978AEDF8974E
:10AC00008BEDF9978CEDFA978DEDFB978EEDFC9718
:10AC10008FEDFD9790EDFE9791EDFF9792ED0098E7
:10AC200093ED019894ED029895ED039896ED0498B4
:10AC300097ED059898ED069899ED07989AED089884
:10AC40009BED09989CED0A989DED0B989EED0C9854
:10AC50009FED0D98A0ED0E98A1ED3C60A2ED5D601A
:10AC6000A3ED5A60A4ED6760A5ED4160A6ED5960C3
:10AC7000A7ED6360A8EDAB60A9ED0661AAED0D61DB
:10AC8000ABED5D61ACEDA961ADED9D61AEEDCB616C
:10AC9000AFEDD161B0ED0662B1ED8080B2ED7F80A5
:10ACA000B3ED936CB4EDF66CB5EDFC6DB6EDF677E7
:10ACB000B7EDF877B8ED0078B9ED0978BAED177807
:10ACC000BBED1878BCED1178BDEDAB65BEED2D7810
:10ACD000BFED1C78C0ED1D78C1ED3978C2ED3A7832
:10ACE000C3ED3B78C4ED1F78C5ED3C78C6ED257803
:10ACF000C7ED2C78C8ED2378C9ED2978CAED4E78D8
:10AD0000CBED6D78CCED5678CDED5778CEED26783D
:10AD1000CFED5078D0ED4778D1ED4C78D2ED6A7810
:10AD2000D3ED9B78D4ED9378D5ED9A78D6ED8778EE
:10AD3000D7ED9C78D8EDA178D9EDA378DAEDB2788B
:10AD4000DBEDB978DCEDA578DDEDD478DEEDD978F2
:10AD5000DFEDC978E0EDEC78E1EDF278E2ED057930
:10AD6000E3EDF478E4ED1379E5ED2479E6ED1E7971
:10AD7000E7ED3479E8ED9B9FE9EDF99EEAEDFB9E66
:10AD8000EBEDFC9EECEDF176EDED0477EEED0D775D
:10AD9000EFEDF976F0ED0777F1ED0877F2ED1A7740
:10ADA000F3ED2277F4ED1977F5ED2D77F6ED2677B3
:10ADB000F7ED3577F8ED3877F9ED5077FAED517713
:10ADC000FBED4777FCED4377FDED5A77FEED6877B5
:10ADD00040EE0F9841EE109842EE119843EE129813
:10ADE00044EE139845EE149846EE159847EE1698E3
:10ADF00048EE179849EE18984AEE19984BEE1A98B3
:10AE00004CEE1B984DEE1C984EEE1D984FEE1E9882
:10AE100050EE1F9851EE209852EE219853EE229852
:10AE200054EE239855EE249856EE259857EE269822
:10AE300058EE279859EE28985AEE29985BEE2A98F2
:10AE40005CEE2B985DEE2C985EEE2D985FEE2E98C2
:10AE500060EE2F9861EE309862EE319863EE329892
:10AE600064EE339865EE349866EE359867EE369862
:10AE700068EE379869EE38986AEE39986BEE3A9832
:10AE80006CEE3B986DEE3C986EEE3D986FEE3E9802
:10AE900070EE3F9871EE409872EE419873EE4298D2
:10AEA00074EE439875EE449876EE459877EE4698A2
:10AEB00078EE479879EE48987AEE49987BEE4A9872
:10AEC0007CEE4B987DEE4C987EEE4D9880EE4E9841
:10AED00081EE4F9882EE509883EE519884EE52980E
:10AEE00085EE539886EE549887EE559888EE5698DE
:10AEF00089EE57988AEE58988BEE59988CEE5A98AE
:10AF00008DEE5B988EEE5C988FEE5D9890EE5E987D
:10AF100091EE5F9892EE609893EE619894EE62984D
:10AF200095EE639896EE649897EE659898EE66981D
:10AF300099EE67989AEE68989BEE69989CEE6A98ED
:10AF40009DEE6B989EEE6C989FEE6D98A0EE6E98BD
:10AF5000A1EE6277A2EE6577A3EE7F77A4EE8D7700
:10AF6000A5EE7D77A6EE8077A7EE8C77A8EE917799
:10AF7000A9EE9F77AAEEA077ABEEB077ACEEB577EF
:10AF8000ADEEBD77AEEE3A75AFEE4075B0EE4E75F4
:10AF9000B1EE4B75B2EE4875B3EE5B75B4EE7275FB
:10AFA000B5EE7975B6EE8375B7EE587FB8EE617F72
:10AFB000B9EE5F7FBAEE488ABBEE687FBCEE747F65
:10AFC000BDEE717FBEEE797FBFEE817FC0EE7E7FEA
:10AFD000C1EECD76C2EEE576C3EE3288C4EE85943E
:10AFE000C5EE8694C6EE8794C7EE8B94C8EE8A941D
:10AFF000C9EE8C94CAEE8D94CBEE8F94CCEE9094E7
:10B00000CDEE9494CEEE9794CFEE9594D0EE9A94A4
:10B01000D1EE9B94D2EE9C94D3EEA394D4EEA49460
:10B02000D5EEAB94D6EEAA94D7EEAD94D8EEAC9410
:10B03000D9EEAF94DAEEB094DBEEB294DCEEB494D9
:10B04000DDEEB694DEEEB794DFEEB894E0EEB994A0
:10B05000E1EEBA94E2EEBC94E3EEBD94E4EEBF946C
:10B06000E5EEC494E6EEC894E7EEC994E8EECA941F
:10B07000E9EECB94EAEECC94EBEECD94ECEECE94EC
:10B08000EDEED094EEEED194EFEED294F0EED594B6
:10B09000F1EED694F2EED794F3EED994F4EED89480
:10B0A000F5EEDB94F6EEDE94F7EEDF94F8EEE09446
:10B0B000F9EEE294FAEEE494FBEEE594FCEEE7940C
:10B0C000FDEEE894FEEEEA9440EF6F9841EF709841
:10B0D00042EF719843EF729844EF739845EF74987C
:10B0E00046EF8B9847EF8E9848EF929849EF9598E6
:10B0F0004AEF99984BEFA3984CEFA8984DEFA99879
:10B100004EEFAA984FEFAB9850EFAC9851EFAD9837
:10B1100052EFAE9853EFAF9854EFB09855EFB19807
:10B1200056EFB29857EFB39858EFB49859EFB598D7
:10B130005AEFB6985BEFB7985CEFB8985DEFB998A7
:10B140005EEFBA985FEFBB9860EFBC9861EFBD9877
:10B1500062EFBE9863EFBF9864EFC09865EFC19847
:10B1600066EFC29867EFC39868EFC49869EFC59817
:10B170006AEFC6986BEFC7986CEFC8986DEFC998E7
:10B180006EEFCA986FEFCB9870EFCC9871EFCD98B7
:10B1900072EFCF9873EFD09874EFD49875EFD6987C
:10B1A00076EFD79877EFDB9878EFDC9879EFDD983A
:10B1B0007AEFE0987BEFE1987CEFE2987DEFE398FF
:10B1C0007EEFE49880EFE59881EFE69882EFE998CA
:10B1D00083EFEA9884EFEB9885EFEC9886EFED9893
:10B1E00087EFEE9888EFEF9889EFF0988AEFF19863
:10B1F0008BEFF2988CEFF3988DEFF4988EEFF59833
:10B200008FEFF69890EFF79891EFF89892EFF99802
:10B2100093EFFA9894EFFB9895EFFC9896EFFD98D2
:10B2200097EFFE9898EFFF9899EF00999AEF0199A0
:10B230009BEF02999CEF03999DEF04999EEF05996E
:10B240009FEF0699A0EF0799A1EFE994A2EFEB9485
:10B25000A3EFEE94A4EFEF94A5EFF394A6EFF4948C
:10B26000A7EFF594A8EFF794A9EFF994AAEFFC944F
:10B27000ABEFFD94ACEFFF94ADEF0395AEEF02950D
:10B28000AFEF0695B0EF0795B1EF0995B2EF0A95CC
:10B29000B3EF0D95B4EF0E95B5EF0F95B6EF129590
:10B2A000B7EF1395B8EF1495B9EF1595BAEF16955A
:10B2B000BBEF1895BCEF1B95BDEF1D95BEEF1E951E
:10B2C000BFEF1F95C0EF2295C1EF2A95C2EF2B95D6
:10B2D000C3EF2995C4EF2C95C5EF3195C6EF329594
:10B2E000C7EF3495C8EF3695C9EF3795CAEF389553
:10B2F000CBEF3C95CCEF3E95CDEF3F95CEEF429511
:10B30000CFEF3595D0EF4495D1EF4595D2EF4695E7
:10B31000D3EF4995D4EF4C95D5EF4E95D6EF4F9599
:10B32000D7EF5295D8EF5395D9EF5495DAEF56955C
:10B33000DBEF5795DCEF5895DDEF5995DEEF5B9528
:10B34000DFEF5E95E0EF5F95E1EF5D95E2EF6195F0
:10B35000E3EF6295E4EF6495E5EF6595E6EF6695BA
:10B36000E7EF6795E8EF6895E9EF6995EAEF6A9589
:10B37000EBEF6B95ECEF6C95EDEF6F95EEEF719554
:10B38000EFEF7295F0EF7395F1EF3A95F2EFE77703
:10B39000F3EFEC77F4EFC996F5EFD579F6EFED79A9
:10B3A000F7EFE379F8EFEB79F9EF067AFAEF475D1B
:10B3B000FBEF037AFCEF027AFDEF1E7AFEEF147AC0
:10B3C00040F0089941F0099942F00A9943F00B992D
:10B3D00044F00C9945F00E9946F00F9947F01199F9
:10B3E00048F0129949F013994AF014994BF01599C5
:10B3F0004CF016994DF017994EF018994FF0199995
:10B4000050F01A9951F01B9952F01C9953F01D9964
:10B4100054F01E9955F01F9956F0209957F0219934
:10B4200058F0229959F023995AF024995BF0259904
:10B430005CF026995DF027995EF028995FF02999D4
:10B4400060F02A9961F02B9962F02C9963F02D99A4
:10B4500064F02F9965F0309966F0319967F0329970
:10B4600068F0339969F034996AF035996BF0369940
:10B470006CF037996DF038996EF039996FF03A9910
:10B4800070F03B9971F03C9972F03D9973F03E99E0
:10B4900074F03F9975F0409976F0419977F04299B0
:10B4A00078F0439979F044997AF045997BF0469980
:10B4B0007CF047997DF048997EF0499980F04A994F
:10B4C00081F04B9982F04C9983F04D9984F04E991C
:10B4D00085F04F9986F0509987F0519988F05299EC
:10B4E00089F053998AF056998BF057998CF05899B6
:10B4F0008DF059998EF05A998FF05B9990F05C9984
:10B5000091F05D9992F05E9993F05F9994F0609953
:10B5100095F0619996F0629997F0649998F0669920
:10B5200099F073999AF078999BF079999CF07B99AE
:10B530009DF07E999EF082999FF08399A0F0899961
:10B54000A1F0397AA2F0377AA3F0517AA4F0CF9E15
:10B55000A5F0A599A6F0707AA7F08876A8F08E7667
:10B56000A9F09376AAF09976ABF0A476ACF0DE74ED
:10B57000ADF0E074AEF02C75AFF0209EB0F0229EDE
:10B58000B1F0289EB2F0299EB3F02A9EB4F02B9E13
:10B59000B5F02C9EB6F0329EB7F0319EB8F0369ED4
:10B5A000B9F0389EBAF0379EBBF0399EBCF03A9E97
:10B5B000BDF03E9EBEF0419EBFF0429EC0F0449E54
:10B5C000C1F0469EC2F0479EC3F0489EC4F0499E1B
:10B5D000C5F04B9EC6F04C9EC7F04E9EC8F0519EE3
:10B5E000C9F0559ECAF0579ECBF05A9ECCF05B9E98
:10B5F000CDF05C9ECEF05E9ECFF0639ED0F0669E56
:10B60000D1F0679ED2F0689ED3F0699ED4F06A9E16
:10B61000D5F06B9ED6F06C9ED7F0719ED8F06D9EE3
:10B62000D9F0739EDAF09275DBF09475DCF09675C4
:10B63000DDF0A075DEF09D75DFF0AC75E0F0A37570
:10B64000E1F0B375E2F0B475E3F0B875E4F0C475F9
:10B65000E5F0B175E6F0B075E7F0C375E8F0C275D6
:10B66000E9F0D675EAF0CD75EBF0E375ECF0E8752E
:10B67000EDF0E675EEF0E475EFF0EB75F0F0E775E0
:10B68000F1F00376F2F0F175F3F0FC75F4F0FF756C
:10B69000F5F01076F6F00076F7F00576F8F00C7617
:10B6A000F9F01776FAF00A76FBF02576FCF01876BA
:10B6B000FDF01576FEF0197640F18C9941F18E99E6
:10B6C00042F19A9943F19B9944F19C9945F19D99D6
:10B6D00046F19E9947F19F9948F1A09949F1A199A6
:10B6E0004AF1A2994BF1A3994CF1A4994DF1A69975
:10B6F0004EF1A7994FF1A99950F1AA9951F1AB993F
:10B7000052F1AC9953F1AD9954F1AE9955F1AF990D
:10B7100056F1B09957F1B19958F1B29959F1B399DD
:10B720005AF1B4995BF1B5995CF1B6995DF1B799AD
:10B730005EF1B8995FF1B99960F1BA9961F1BB997D
:10B7400062F1BC9963F1BD9964F1BE9965F1BF994D
:10B7500066F1C09967F1C19968F1C29969F1C3991D
:10B760006AF1C4996BF1C5996CF1C6996DF1C799ED
:10B770006EF1C8996FF1C99970F1CA9971F1CB99BD
:10B7800072F1CC9973F1CD9974F1CE9975F1CF998D
:10B7900076F1D09977F1D19978F1D29979F1D3995D
:10B7A0007AF1D4997BF1D5997CF1D6997DF1D7992D
:10B7B0007EF1D89980F1D99981F1DA9982F1DB99FA
:10B7C00083F1DC9984F1DD9985F1DE9986F1DF99C9
:10B7D00087F1E09988F1E19989F1E2998AF1E39999
:10B7E0008BF1E4998CF1E5998DF1E6998EF1E79969
:10B7F0008FF1E89990F1E99991F1EA9992F1EB9939
:10B8000093F1EC9994F1ED9995F1EE9996F1EF9908
:10B8100097F1F09998F1F19999F1F2999AF1F399D8
:10B820009BF1F4999CF1F5999DF1F6999EF1F799A8
:10B830009FF1F899A0F1F999A1F11B76A2F13C765C
:10B84000A3F12276A4F12076A5F14076A6F12D761B
:10B85000A7F13076A8F13F76A9F13576AAF14376C3
:10B86000ABF13E76ACF13376ADF14D76AEF15E766E
:10B87000AFF15476B0F15C76B1F15676B2F16B76F9
:10B88000B3F16F76B4F1CA7FB5F1E67AB6F1787AA2
:10B89000B7F1797AB8F1807AB9F1867ABAF1887A13
:10B8A000BBF1957ABCF1A67ABDF1A07ABEF1AC7A73
:10B8B000BFF1A87AC0F1AD7AC1F1B37AC2F1648860
:10B8C000C3F16988C4F17288C5F17D88C6F17F88AB
:10B8D000C7F18288C8F1A288C9F1C688CAF1B788C1
:10B8E000CBF1BC88CCF1C988CDF1E288CEF1CE880D
:10B8F000CFF1E388D0F1E588D1F1F188D2F11A894E
:10B90000D3F1FC88D4F1E888D5F1FE88D6F1F0882F
:10B91000D7F12189D8F11989D9F11389DAF11B8975
:10B92000DBF10A89DCF13489DDF12B89DEF136891E
:10B93000DFF14189E0F16689E1F17B89E2F18B7504
:10B94000E3F1E580E4F1B276E5F1B476E6F1DC7797
:10B95000E7F11280E8F11480E9F11680EAF11C8029
:10B96000EBF12080ECF12280EDF12580EEF12680D4
:10B97000EFF12780F0F12980F1F12880F2F1318098
:10B98000F3F10B80F4F13580F5F14380F6F1468058
:10B99000F7F14D80F8F15280F9F16980FAF1718088
:10B9A000FBF18389FCF17898FDF18098FEF1839892
:10B9B00040F2FA9941F2FB9942F2FC9943F2FD9967
:10B9C00044F2FE9945F2FF9946F2009A47F2019A35
:10B9D00048F2029A49F2039A4AF2049A4BF2059A03
:10B9E0004CF2069A4DF2079A4EF2089A4FF2099AD3
:10B9F00050F20A9A51F20B9A52F20C9A53F20D9AA3
:10BA000054F20E9A55F20F9A56F2109A57F2119A72
:10BA100058F2129A59F2139A5AF2149A5BF2159A42
:10BA20005CF2169A5DF2179A5EF2189A5FF2199A12
:10BA300060F21A9A61F21B9A62F21C9A63F21D9AE2
:10BA400064F21E9A65F21F9A66F2209A67F2219AB2
:10BA500068F2229A69F2239A6AF2249A6BF2259A82
:10BA60006CF2269A6DF2279A6EF2289A6FF2299A52
:10BA700070F22A9A71F22B9A72F22C9A73F22D9A22
:10BA800074F22E9A75F22F9A76F2309A77F2319AF2
:10BA900078F2329A79F2339A7AF2349A7BF2359AC2
:10BAA0007CF2369A7DF2379A7EF2389A80F2399A91
:10BAB00081F23A9A82F23B9A83F23C9A84F23D9A5E
:10BAC00085F23E9A86F23F9A87F2409A88F2419A2E
:10BAD00089F2429A8AF2439A8BF2449A8CF2459AFE
:10BAE0008DF2469A8EF2479A8FF2489A90F2499ACE
:10BAF00091F24A9A92F24B9A93F24C9A94F24D9A9E
:10BB000095F24E9A96F24F9A97F2509A98F2519A6D
:10BB100099F2529A9AF2539A9BF2549A9CF2559A3D
:10BB20009DF2569A9EF2579A9FF2589AA0F2599A0D
:10BB3000A1F28998A2F28C98A3F28D98A4F28F9822
:10BB4000A5F29498A6F29A98A7F29B98A8F29E98CC
:10BB5000A9F29F98AAF2A198ABF2A298ACF2A5988C
:10BB6000ADF2A698AEF24D86AFF25486B0F26C8676
:10BB7000B1F26E86B2F27F86B3F27A86B4F27C8638
:10BB8000B5F27B86B6F2A886B7F28D86B8F28B86C0
:10BB9000B9F2AC86BAF29D86BBF2A786BCF2A38648
:10BBA000BDF2AA86BEF29386BFF2A986C0F2B6861F
:10BBB000C1F2C486C2F2B586C3F2CE86C4F2B086A4
:10BBC000C5F2BA86C6F2B186C7F2AF86C8F2C98698
:10BBD000C9F2CF86CAF2B486CBF2E986CCF2F186FE
:10BBE000CDF2F286CEF2ED86CFF2F386D0F2D08699
:10BBF000D1F21387D2F2DE86D3F2F486D4F2DF8656
:10BC0000D5F2D886D6F2D186D7F20387D8F2078745
:10BC1000D9F2F886DAF20887DBF20A87DCF20D87C0
:10BC2000DDF20987DEF22387DFF23B87E0F21E8731
:10BC3000E1F22587E2F22E87E3F21A87E4F23E87EB
:10BC4000E5F24887E6F23487E7F23187E8F22987A0
:10BC5000E9F23787EAF23F87EBF28287ECF222873C
:10BC6000EDF27D87EEF27E87EFF27B87F0F2608760
:10BC7000F1F27087F2F24C87F3F26E87F4F28B8761
:10BC8000F5F25387F6F26387F7F27C87F8F2648760
:10BC9000F9F25987FAF26587FBF29387FCF2AF87D6
:10BCA000FDF2A887FEF2D28740F35A9A41F35B9ADD
:10BCB00042F35C9A43F35D9A44F35E9A45F35F9ACC
:10BCC00046F3609A47F3619A48F3629A49F3639A9C
:10BCD0004AF3649A4BF3659A4CF3669A4DF3679A6C
:10BCE0004EF3689A4FF3699A50F36A9A51F36B9A3C
:10BCF00052F3729A53F3839A54F3899A55F38D9AB7
:10BD000056F38E9A57F3949A58F3959A59F3999A51
:10BD10005AF3A69A5BF3A99A5CF3AA9A5DF3AB9ADD
:10BD20005EF3AC9A5FF3AD9A60F3AE9A61F3AF9AAB
:10BD300062F3B29A63F3B39A64F3B49A65F3B59A73
:10BD400066F3B99A67F3BB9A68F3BD9A69F3BE9A32
:10BD50006AF3BF9A6BF3C39A6CF3C49A6DF3C69AF5
:10BD60006EF3C79A6FF3C89A70F3C99A71F3CA9ABF
:10BD700072F3CD9A73F3CE9A74F3CF9A75F3D09A87
:10BD800076F3D29A77F3D49A78F3D59A79F3D69A50
:10BD90007AF3D79A7BF3D99A7CF3DA9A7DF3DB9A1C
:10BDA0007EF3DC9A80F3DD9A81F3DE9A82F3E09AE7
:10BDB00083F3E29A84F3E39A85F3E49A86F3E59AAF
:10BDC00087F3E79A88F3E89A89F3E99A8AF3EA9A7B
:10BDD0008BF3EC9A8CF3EE9A8DF3F09A8EF3F19A42
:10BDE0008FF3F29A90F3F39A91F3F49A92F3F59A0F
:10BDF00093F3F69A94F3F79A95F3F89A96F3FA9ADE
:10BE000097F3FC9A98F3FD9A99F3FE9A9AF3FF9AA6
:10BE10009BF3009B9CF3019B9DF3029B9EF3049B71
:10BE20009FF3059BA0F3069BA1F3C687A2F3888727
:10BE3000A3F38587A4F3AD87A5F39787A6F383873C
:10BE4000A7F3AB87A8F3E587A9F3AC87AAF3B58777
:10BE5000ABF3B387ACF3CB87ADF3D387AEF3BD873A
:10BE6000AFF3D187B0F3C087B1F3CA87B2F3DB87F2
:10BE7000B3F3EA87B4F3E087B5F3EE87B6F3168839
:10BE8000B7F31388B8F3FE87B9F30A88BAF31B88AF
:10BE9000BBF32188BCF33988BDF33C88BEF3367F01
:10BEA000BFF3427FC0F3447FC1F3457FC2F31082EA
:10BEB000C3F3FA7AC4F3FD7AC5F3087BC6F3037BB8
:10BEC000C7F3047BC8F3157BC9F30A7BCAF32B7B4A
:10BED000CBF30F7BCCF3477BCDF3387BCEF32A7BC0
:10BEE000CFF3197BD0F32E7BD1F3317BD2F3207BC0
:10BEF000D3F3257BD4F3247BD5F3337BD6F33E7B7E
:10BF0000D7F31E7BD8F3587BD9F35A7BDAF3457B02
:10BF1000DBF3757BDCF34C7BDDF35D7BDEF3607B79
:10BF2000DFF36E7BE0F37B7BE1F3627BE2F3727B1A
:10BF3000E3F3717BE4F3907BE5F3A67BE6F3A77B69
:10BF4000E7F3B87BE8F3AC7BE9F39D7BEAF3A87BEE
:10BF5000EBF3857BECF3AA7BEDF39C7BEEF3A27B0A
:10BF6000EFF3AB7BF0F3B47BF1F3D17BF2F3C17B66
:10BF7000F3F3CC7BF4F3DD7BF5F3DA7BF6F3E57BCF
:10BF8000F7F3E67BF8F3EA7BF9F30C7CFAF3FE7B3C
:10BF9000FBF3FC7BFCF30F7CFDF3167CFEF30B7CC8
:10BFA00040F4079B41F4099B42F40A9B43F40B9B2A
:10BFB00044F40C9B45F40D9B46F40E9B47F4109BF8
:10BFC00048F4119B49F4129B4AF4149B4BF4159BC3
:10BFD0004CF4169B4DF4179B4EF4189B4FF4199B91
:10BFE00050F41A9B51F41B9B52F41C9B53F41D9B61
:10BFF00054F41E9B55F4209B56F4219B57F4229B2E
:10C0000058F4249B59F4259B5AF4269B5BF4279BF8
:10C010005CF4289B5DF4299B5EF42A9B5FF42B9BC8
:10C0200060F42C9B61F42D9B62F42E9B63F4309B97
:10C0300064F4319B65F4339B66F4349B67F4359B61
:10C0400068F4369B69F4379B6AF4389B6BF4399B30
:10C050006CF43A9B6DF43D9B6EF43E9B6FF43F9BFA
:10C0600070F4409B71F4469B72F44A9B73F44B9BB3
:10C0700074F44C9B75F44E9B76F4509B77F4529B72
:10C0800078F4539B79F4559B7AF4569B7BF4579B39
:10C090007CF4589B7DF4599B7EF45A9B80F45B9B07
:10C0A00081F45C9B82F45D9B83F45E9B84F45F9BD4
:10C0B00085F4609B86F4619B87F4629B88F4639BA4
:10C0C00089F4649B8AF4659B8BF4669B8CF4679B74
:10C0D0008DF4689B8EF4699B8FF46A9B90F46B9B44
:10C0E00091F46C9B92F46D9B93F46E9B94F46F9B14
:10C0F00095F4709B96F4719B97F4729B98F4739BE4
:10C1000099F4749B9AF4759B9BF4769B9CF4779BB3
:10C110009DF4789B9EF4799B9FF47A9BA0F47B9B83
:10C12000A1F41F7CA2F42A7CA3F4267CA4F4387C1E
:10C13000A5F4417CA6F4407CA7F4FE81A8F401821A
:10C14000A9F40282AAF40482ABF4EC81ACF4448832
:10C15000ADF42182AEF42282AFF42382B0F42D82BA
:10C16000B1F42F82B2F42882B3F42B82B4F4388273
:10C17000B5F43B82B6F43382B7F43482B8F43E822D
:10C18000B9F44482BAF44982BBF44B82BCF44F82C6
:10C19000BDF45A82BEF45F82BFF46882C0F47E8828
:10C1A000C1F48588C2F48888C3F4D888C4F4DF88D1
:10C1B000C5F45E89C6F49D7FC7F49F7FC8F4A77F4E
:10C1C000C9F4AF7FCAF4B07FCBF4B27FCCF47C7CEF
:10C1D000CDF44965CEF4917CCFF49D7CD0F49C7C69
:10C1E000D1F49E7CD2F4A27CD3F4B27CD4F4BC7C97
:10C1F000D5F4BD7CD6F4C17CD7F4C77CD8F4CC7C14
:10C20000D9F4CD7CDAF4C87CDBF4C57CDCF4D77CD3
:10C21000DDF4E87CDEF46E82DFF4A866E0F4BF7F34
:10C22000E1F4CE7FE2F4D57FE3F4E57FE4F4E17F4F
:10C23000E5F4E67FE6F4E97FE7F4EE7FE8F4F37FE8
:10C24000E9F4F87CEAF4777DEBF4A67DECF4AE7DBE
:10C25000EDF4477EEEF49B7EEFF4B89EF0F4B49ECE
:10C26000F1F4738DF2F4848DF3F4948DF4F4918DE4
:10C27000F5F4B18DF6F4678DF7F46D8DF8F4478C15
:10C28000F9F4498CFAF44A91FBF45091FCF44E9184
:10C29000FDF44F91FEF4649140F57C9B41F57D9B4C
:10C2A00042F57E9B43F57F9B44F5809B45F5819B42
:10C2B00046F5829B47F5839B48F5849B49F5859B12
:10C2C0004AF5869B4BF5879B4CF5889B4DF5899BE2
:10C2D0004EF58A9B4FF58B9B50F58C9B51F58D9BB2
:10C2E00052F58E9B53F58F9B54F5909B55F5919B82
:10C2F00056F5929B57F5939B58F5949B59F5959B52
:10C300005AF5969B5BF5979B5CF5989B5DF5999B21
:10C310005EF59A9B5FF59B9B60F59C9B61F59D9BF1
:10C3200062F59E9B63F59F9B64F5A09B65F5A19BC1
:10C3300066F5A29B67F5A39B68F5A49B69F5A59B91
:10C340006AF5A69B6BF5A79B6CF5A89B6DF5A99B61
:10C350006EF5AA9B6FF5AB9B70F5AC9B71F5AD9B31
:10C3600072F5AE9B73F5AF9B74F5B09B75F5B19B01
:10C3700076F5B29B77F5B39B78F5B49B79F5B59BD1
:10C380007AF5B69B7BF5B79B7CF5B89B7DF5B99BA1
:10C390007EF5BA9B80F5BB9B81F5BC9B82F5BD9B6E
:10C3A00083F5BE9B84F5BF9B85F5C09B86F5C19B3D
:10C3B00087F5C29B88F5C39B89F5C49B8AF5C59B0D
:10C3C0008BF5C69B8CF5C79B8DF5C89B8EF5C99BDD
:10C3D0008FF5CA9B90F5CB9B91F5CC9B92F5CD9BAD
:10C3E00093F5CE9B94F5CF9B95F5D09B96F5D19B7D
:10C3F00097F5D29B98F5D39B99F5D49B9AF5D59B4D
:10C400009BF5D69B9CF5D79B9DF5D89B9EF5D99B1C
:10C410009FF5DA9BA0F5DB9BA1F56291A2F56191F6
:10C42000A3F57091A4F56991A5F56F91A6F57D919D
:10C43000A7F57E91A8F57291A9F57491AAF5799165
:10C44000ABF58C91ACF58591ADF59091AEF58D91F4
:10C45000AFF59191B0F5A291B1F5A391B2F5AA9182
:10C46000B3F5AD91B4F5AE91B5F5AF91B6F5B59123
:10C47000B7F5B491B8F5BA91B9F5558CBAF57E9E79
:10C48000BBF5B88DBCF5EB8DBDF5058EBEF5598EAF
:10C49000BFF5698EC0F5B58DC1F5BF8DC2F5BC8DF8
:10C4A000C3F5BA8DC4F5C48DC5F5D68DC6F5D78D47
:10C4B000C7F5DA8DC8F5DE8DC9F5CE8DCAF5CF8DFD
:10C4C000CBF5DB8DCCF5C68DCDF5EC8DCEF5F78DAE
:10C4D000CFF5F88DD0F5E38DD1F5F98DD2F5FB8D43
:10C4E000D3F5E48DD4F5098ED5F5FD8DD6F5148EF2
:10C4F000D7F51D8ED8F51F8ED9F52C8EDAF52E8E38
:10C50000DBF5238EDCF52F8EDDF53A8EDEF5408EE1
:10C51000DFF5398EE0F5358EE1F53D8EE2F5318EB1
:10C52000E3F5498EE4F5418EE5F5428EE6F5518E50
:10C53000E7F5528EE8F54A8EE9F5708EEAF5768ECB
:10C54000EBF57C8EECF56F8EEDF5748EEEF5858E49
:10C55000EFF58F8EF0F5948EF1F5908EF2F59C8EBE
:10C56000F3F59E8EF4F5788CF5F5828CF6F58A8CD1
:10C57000F7F5858CF8F5988CF9F5948CFAF59B65B0
:10C58000FBF5D689FCF5DE89FDF5DA89FEF5DC8957
:10C5900040F6DC9B41F6DD9B42F6DE9B43F6DF9BDB
:10C5A00044F6E09B45F6E19B46F6E29B47F6E39BAB
:10C5B00048F6E49B49F6E59B4AF6E69B4BF6E79B7B
:10C5C0004CF6E89B4DF6E99B4EF6EA9B4FF6EB9B4B
:10C5D00050F6EC9B51F6ED9B52F6EE9B53F6EF9B1B
:10C5E00054F6F09B55F6F19B56F6F29B57F6F39BEB
:10C5F00058F6F49B59F6F59B5AF6F69B5BF6F79BBB
:10C600005CF6F89B5DF6F99B5EF6FA9B5FF6FB9B8A
:10C6100060F6FC9B61F6FD9B62F6FE9B63F6FF9B5A
:10C6200064F6009C65F6019C66F6029C67F6039C26
:10C6300068F6049C69F6059C6AF6069C6BF6079CF6
:10C640006CF6089C6DF6099C6EF60A9C6FF60B9CC6
:10C6500070F60C9C71F60D9C72F60E9C73F60F9C96
:10C6600074F6109C75F6119C76F6129C77F6139C66
:10C6700078F6149C79F6159C7AF6169C7BF6179C36
:10C680007CF6189C7DF6199C7EF61A9C80F61B9C05
:10C6900081F61C9C82F61D9C83F61E9C84F61F9CD2
:10C6A00085F6209C86F6219C87F6229C88F6239CA2
:10C6B00089F6249C8AF6259C8BF6269C8CF6279C72
:10C6C0008DF6289C8EF6299C8FF62A9C90F62B9C42
:10C6D00091F62C9C92F62D9C93F62E9C94F62F9C12
:10C6E00095F6309C96F6319C97F6329C98F6339CE2
:10C6F00099F6349C9AF6359C9BF6369C9CF6379CB2
:10C700009DF6389C9EF6399C9FF63A9CA0F63B9C81
:10C71000A1F6E589A2F6EB89A3F6EF89A4F63E8A95
:10C72000A5F6268BA6F65397A7F6E996A8F6F396F4
:10C73000A9F6EF96AAF60697ABF60197ACF608971E
:10C74000ADF60F97AEF60E97AFF62A97B0F62D9787
:10C75000B1F63097B2F63E97B3F6809FB4F6839F5A
:10C76000B5F6859FB6F6869FB7F6879FB8F6889F81
:10C77000B9F6899FBAF68A9FBBF68C9FBCF6FE9EDF
:10C78000BDF60B9FBEF60D9FBFF6B996C0F6BC96E0
:10C79000C1F6BD96C2F6CE96C3F6D296C4F6BF7762
:10C7A000C5F6E096C6F68E92C7F6AE92C8F6C89267
:10C7B000C9F63E93CAF66A93CBF6CA93CCF68F932A
:10C7C000CDF63E94CEF66B94CFF67F9CD0F6829C4D
:10C7D000D1F6859CD2F6869CD3F6879CD4F6889CAD
:10C7E000D5F6237AD6F68B9CD7F68E9CD8F6909CFD
:10C7F000D9F6919CDAF6929CDBF6949CDCF6959C3B
:10C80000DDF69A9CDEF69B9CDFF69E9CE0F69F9CF4
:10C81000E1F6A09CE2F6A19CE3F6A29CE4F6A39CC0
:10C82000E5F6A59CE6F6A69CE7F6A79CE8F6A89C8C
:10C83000E9F6A99CEAF6AB9CEBF6AD9CECF6AE9C57
:10C84000EDF6B09CEEF6B19CEFF6B29CF0F6B39C20
:10C85000F1F6B49CF2F6B59CF3F6B69CF4F6B79CF0
:10C86000F5F6BA9CF6F6BB9CF7F6BC9CF8F6BD9CB8
:10C87000F9F6C49CFAF6C59CFBF6C69CFCF6C79C70
:10C88000FDF6CA9CFEF6CB9C40F73C9C41F73D9CD4
:10C8900042F73E9C43F73F9C44F7409C45F7419C40
:10C8A00046F7429C47F7439C48F7449C49F7459C10
:10C8B0004AF7469C4BF7479C4CF7489C4DF7499CE0
:10C8C0004EF74A9C4FF74B9C50F74C9C51F74D9CB0
:10C8D00052F74E9C53F74F9C54F7509C55F7519C80
:10C8E00056F7529C57F7539C58F7549C59F7559C50
:10C8F0005AF7569C5BF7579C5CF7589C5DF7599C20
:10C900005EF75A9C5FF75B9C60F75C9C61F75D9CEF
:10C9100062F75E9C63F75F9C64F7609C65F7619CBF
:10C9200066F7629C67F7639C68F7649C69F7659C8F
:10C930006AF7669C6BF7679C6CF7689C6DF7699C5F
:10C940006EF76A9C6FF76B9C70F76C9C71F76D9C2F
:10C9500072F76E9C73F76F9C74F7709C75F7719CFF
:10C9600076F7729C77F7739C78F7749C79F7759CCF
:10C970007AF7769C7BF7779C7CF7789C7DF7799C9F
:10C980007EF77A9C80F77B9C81F77D9C82F77E9C6A
:10C9900083F7809C84F7839C85F7849C86F7899C29
:10C9A00087F78A9C88F78C9C89F78F9C8AF7939CE1
:10C9B0008BF7969C8CF7979C8DF7989C8EF7999C9B
:10C9C0008FF79D9C90F7AA9C91F7AC9C92F7AF9C37
:10C9D00093F7B99C94F7BE9C95F7BF9C96F7C09CC3
:10C9E00097F7C19C98F7C29C99F7C89C9AF7C99C85
:10C9F0009BF7D19C9CF7D29C9DF7DA9C9EF7DB9C21
:10CA00009FF7E09CA0F7E19CA1F7CC9CA2F7CD9CFE
:10CA1000A3F7CE9CA4F7CF9CA5F7D09CA6F7D39CF8
:10CA2000A7F7D49CA8F7D59CA9F7D79CAAF7D89CC0
:10CA3000ABF7D99CACF7DC9CADF7DD9CAEF7DF9C87
:10CA4000AFF7E29CB0F77C97B1F78597B2F7919773
:10CA5000B3F79297B4F79497B5F7AF97B6F7AB974C
:10CA6000B7F7A397B8F7B297B9F7B497BAF7B19AEF
:10CA7000BBF7B09ABCF7B79ABDF7589EBEF7B69A07
:10CA8000BFF7BA9AC0F7BC9AC1F7C19AC2F7C09A69
:10CA9000C3F7C59AC4F7C29AC5F7CB9AC6F7CC9A22
:10CAA000C7F7D19AC8F7459BC9F7439BCAF7479B7D
:10CAB000CBF7499BCCF7489BCDF74D9BCEF7519BCD
:10CAC000CFF7E898D0F70D99D1F72E99D2F755996D
:10CAD000D3F75499D4F7DF9AD5F7E19AD6F7E69AC7
:10CAE000D7F7EF9AD8F7EB9AD9F7FB9ADAF7ED9ADE
:10CAF000DBF7F99ADCF7089BDDF70F9BDEF7139B5A
:10CB0000DFF71F9BE0F7239BE1F7BD9EE2F7BE9E98
:10CB1000E3F73B7EE4F7829EE5F7879EE6F7889E83
:10CB2000E7F78B9EE8F7929EE9F7D693EAF79D9E8A
:10CB3000EBF79F9EECF7DB9EEDF7DC9EEEF7DD9EBC
:10CB4000EFF7E09EF0F7DF9EF1F7E29EF2F7E99E45
:10CB5000F3F7E79EF4F7E59EF5F7EA9EF6F7EF9E0A
:10CB6000F7F7229FF8F72C9FF9F72F9FFAF7399FD5
:10CB7000FBF7379FFCF73D9FFDF73E9FFEF7449F75
:10CB800040F8E39C41F8E49C42F8E59C43F8E69CBD
:10CB900044F8E79C45F8E89C46F8E99C47F8EA9C8D
:10CBA00048F8EB9C49F8EC9C4AF8ED9C4BF8EE9C5D
:10CBB0004CF8EF9C4DF8F09C4EF8F19C4FF8F29C2D
:10CBC00050F8F39C51F8F49C52F8F59C53F8F69CFD
:10CBD00054F8F79C55F8F89C56F8F99C57F8FA9CCD
:10CBE00058F8FB9C59F8FC9C5AF8FD9C5BF8FE9C9D
:10CBF0005CF8FF9C5DF8009D5EF8019D5FF8029D6A
:10CC000060F8039D61F8049D62F8059D63F8069D38
:10CC100064F8079D65F8089D66F8099D67F80A9D08
:10CC200068F80B9D69F80C9D6AF80D9D6BF80E9DD8
:10CC30006CF80F9D6DF8109D6EF8119D6FF8129DA8
:10CC400070F8139D71F8149D72F8159D73F8169D78
:10CC500074F8179D75F8189D76F8199D77F81A9D48
:10CC600078F81B9D79F81C9D7AF81D9D7BF81E9D18
:10CC70007CF81F9D7DF8209D7EF8219D80F8229DE7
:10CC800081F8239D82F8249D83F8259D84F8269DB4
:10CC900085F8279D86F8289D87F8299D88F82A9D84
:10CCA00089F82B9D8AF82C9D8BF82D9D8CF82E9D54
:10CCB0008DF82F9D8EF8309D8FF8319D90F8329D24
:10CCC00091F8339D92F8349D93F8359D94F8369DF4
:10CCD00095F8379D96F8389D97F8399D98F83A9DC4
:10CCE00099F83B9D9AF83C9D9BF83D9D9CF83E9D94
:10CCF0009DF83F9D9EF8409D9FF8419DA0F8429D64
:10CD000040F9439D41F9449D42F9459D43F9469DB3
:10CD100044F9479D45F9489D46F9499D47F94A9D83
:10CD200048F94B9D49F94C9D4AF94D9D4BF94E9D53
:10CD30004CF94F9D4DF9509D4EF9519D4FF9529D23
:10CD400050F9539D51F9549D52F9559D53F9569DF3
:10CD500054F9579D55F9589D56F9599D57F95A9DC3
:10CD600058F95B9D59F95C9D5AF95D9D5BF95E9D93
:10CD70005CF95F9D5DF9609D5EF9619D5FF9629D63
:10CD800060F9639D61F9649D62F9659D63F9669D33
:10CD900064F9679D65F9689D66F9699D67F96A9D03
:10CDA00068F96B9D69F96C9D6AF96D9D6BF96E9DD3
:10CDB0006CF96F9D6DF9709D6EF9719D6FF9729DA3
:10CDC00070F9739D71F9749D72F9759D73F9769D73
:10CDD00074F9779D75F9789D76F9799D77F97A9D43
:10CDE00078F97B9D79F97C9D7AF97D9D7BF97E9D13
:10CDF0007CF97F9D7DF9809D7EF9819D80F9829DE2
:10CE000081F9839D82F9849D83F9859D84F9869DAE
:10CE100085F9879D86F9889D87F9899D88F98A9D7E
:10CE200089F98B9D8AF98C9D8BF98D9D8CF98E9D4E
:10CE30008DF98F9D8EF9909D8FF9919D90F9929D1E
:10CE400091F9939D92F9949D93F9959D94F9969DEE
:10CE500095F9979D96F9989D97F9999D98F99A9DBE
:10CE600099F99B9D9AF99C9D9BF99D9D9CF99E9D8E
:10CE70009DF99F9D9EF9A09D9FF9A19DA0F9A29D5E
:10CE800040FAA39D41FAA49D42FAA59D43FAA69DAE
:10CE900044FAA79D45FAA89D46FAA99D47FAAA9D7E
:10CEA00048FAAB9D49FAAC9D4AFAAD9D4BFAAE9D4E
:10CEB0004CFAAF9D4DFAB09D4EFAB19D4FFAB29D1E
:10CEC00050FAB39D51FAB49D52FAB59D53FAB69DEE
:10CED00054FAB79D55FAB89D56FAB99D57FABA9DBE
:10CEE00058FABB9D59FABC9D5AFABD9D5BFABE9D8E
:10CEF0005CFABF9D5DFAC09D5EFAC19D5FFAC29D5E
:10CF000060FAC39D61FAC49D62FAC59D63FAC69D2D
:10CF100064FAC79D65FAC89D66FAC99D67FACA9DFD
:10CF200068FACB9D69FACC9D6AFACD9D6BFACE9DCD
:10CF30006CFACF9D6DFAD09D6EFAD19D6FFAD29D9D
:10CF400070FAD39D71FAD49D72FAD59D73FAD69D6D
:10CF500074FAD79D75FAD89D76FAD99D77FADA9D3D
:10CF600078FADB9D79FADC9D7AFADD9D7BFADE9D0D
:10CF70007CFADF9D7DFAE09D7EFAE19D80FAE29DDC
:10CF800081FAE39D82FAE49D83FAE59D84FAE69DA9
:10CF900085FAE79D86FAE89D87FAE99D88FAEA9D79
:10CFA00089FAEB9D8AFAEC9D8BFAED9D8CFAEE9D49
:10CFB0008DFAEF9D8EFAF09D8FFAF19D90FAF29D19
:10CFC00091FAF39D92FAF49D93FAF59D94FAF69DE9
:10CFD00095FAF79D96FAF89D97FAF99D98FAFA9DB9
:10CFE00099FAFB9D9AFAFC9D9BFAFD9D9CFAFE9D89
:10CFF0009DFAFF9D9EFA009E9FFA019EA0FA029E56
:10D0000040FB039E41FB049E42FB059E43FB069EA4
:10D0100044FB079E45FB089E46FB099E47FB0A9E74
:10D0200048FB0B9E49FB0C9E4AFB0D9E4BFB0E9E44
:10D030004CFB0F9E4DFB109E4EFB119E4FFB129E14
:10D0400050FB139E51FB149E52FB159E53FB169EE4
:10D0500054FB179E55FB189E56FB199E57FB1A9EB4
:10D0600058FB1B9E59FB1C9E5AFB1D9E5BFB1E9E84
:10D070005CFB249E5DFB279E5EFB2E9E5FFB309E2D
:10D0800060FB349E61FB3B9E62FB3C9E63FB409ECB
:10D0900064FB4D9E65FB509E66FB529E67FB539E54
:10D0A00068FB549E69FB569E6AFB599E6BFB5D9E16
:10D0B0006CFB5F9E6DFB609E6EFB619E6FFB629ED4
:10D0C00070FB659E71FB6E9E72FB6F9E73FB729E82
:10D0D00074FB749E75FB759E76FB769E77FB779E40
:10D0E00078FB789E79FB799E7AFB7A9E7BFB7B9E10
:10D0F0007CFB7C9E7DFB7D9E7EFB809E80FB819EDB
:10D1000081FB839E82FB849E83FB859E84FB869E9F
:10D1100085FB899E86FB8A9E87FB8C9E88FB8D9E65
:10D1200089FB8E9E8AFB8F9E8BFB909E8CFB919E33
:10D130008DFB949E8EFB959E8FFB969E90FB979EFB
:10D1400091FB989E92FB999E93FB9A9E94FB9B9ECB
:10D1500095FB9C9E96FB9E9E97FBA09E98FBA19E96
:10D1600099FBA29E9AFBA39E9BFBA49E9CFBA59E63
:10D170009DFBA79E9EFBA89E9FFBA99EA0FBAA9E2F
:10D1800040FCAB9E41FCAC9E42FCAD9E43FCAE9E7F
:10D1900044FCAF9E45FCB09E46FCB19E47FCB29E4F
:10D1A00048FCB39E49FCB59E4AFCB69E4BFCB79E1C
:10D1B0004CFCB99E4DFCBA9E4EFCBC9E4FFCBF9EE3
:10D1C00050FCC09E51FCC19E52FCC29E53FCC39EAB
:10D1D00054FCC59E55FCC69E56FCC79E57FCC89E77
:10D1E00058FCCA9E59FCCB9E5AFCCC9E5BFCD09E40
:10D1F0005CFCD29E5DFCD39E5EFCD59E5FFCD69E01
:10D2000060FCD79E61FCD99E62FCDA9E63FCDE9EC8
:10D2100064FCE19E65FCE39E66FCE49E67FCE69E82
:10D2200068FCE89E69FCEB9E6AFCEC9E6BFCED9E44
:10D230006CFCEE9E6DFCF09E6EFCF19E6FFCF29E0F
:10D2400070FCF39E71FCF49E72FCF59E73FCF69EDE
:10D2500074FCF79E75FCF89E76FCFA9E77FCFD9EAA
:10D2600078FCFF9E79FC009F7AFC019F7BFC029F6B
:10D270007CFC039F7DFC049F7EFC059F80FC069F39
:10D2800081FC079F82FC089F83FC099F84FC0A9F06
:10D2900085FC0C9F86FC0F9F87FC119F88FC129FCA
:10D2A00089FC149F8AFC159F8BFC169F8CFC189F91
:10D2B0008DFC1A9F8EFC1B9F8FFC1C9F90FC1D9F5A
:10D2C00091FC1E9F92FC1F9F93FC219F94FC239F27
:10D2D00095FC249F96FC259F97FC269F98FC279FF2
:10D2E00099FC289F9AFC299F9BFC2A9F9CFC2B9FC2
:10D2F0009DFC2D9F9EFC2E9F9FFC309FA0FC319F8C
:10D3000040FD329F41FD339F42FD349F43FD359FD9
:10D3100044FD369F45FD389F46FD3A9F47FD3C9FA3
:10D3200048FD3F9F49FD409F4AFD419F4BFD429F65
:10D330004CFD439F4DFD459F4EFD469F4FFD479F32
:10D3400050FD489F51FD499F52FD4A9F53FD4B9F01
:10D3500054FD4C9F55FD4D9F56FD4E9F57FD4F9FD1
:10D3600058FD529F59FD539F5AFD549F5BFD559F99
:10D370005CFD569F5DFD579F5EFD589F5FFD599F69
:10D3800060FD5A9F61FD5B9F62FD5C9F63FD5D9F39
:10D3900064FD5E9F65FD5F9F66FD609F67FD619F09
:10D3A00068FD629F69FD639F6AFD649F6BFD659FD9
:10D3B0006CFD669F6DFD679F6EFD689F6FFD699FA9
:10D3C00070FD6A9F71FD6B9F72FD6C9F73FD6D9F79
:10D3D00074FD6E9F75FD6F9F76FD709F77FD719F49
:10D3E00078FD729F79FD739F7AFD749F7BFD759F19
:10D3F0007CFD769F7DFD779F7EFD789F80FD799FE8
:10D4000081FD7A9F82FD7B9F83FD7C9F84FD7D9FB4
:10D4100085FD7E9F86FD819F87FD829F88FD8D9F74
:10D4200089FD8E9F8AFD8F9F8BFD909F8CFD919F24
:10D430008DFD929F8EFD939F8FFD949F90FD959FF4
:10D4400091FD969F92FD979F93FD989F94FD9C9FC1
:10D4500095FD9D9F96FD9E9F97FDA19F98FDA29F84
:10D4600099FDA39F9AFDA49F9BFDA59F9CFD2CF970
:10D470009DFD79F99EFD95F99FFDE7F9A0FDF1F974
:10D4800040FE0CFA41FE0DFA42FE0EFA43FE0FFA80
:10D4900044FE11FA45FE13FA46FE14FA47FE18FA46
:10D4A00048FE1FFA49FE20FA4AFE21FA4BFE23FAF3
:10D4B0004CFE24FA4DFE27FA4EFE28FA4FFE29FABA
:10D4C0000000000061006200630064006500660007
:10D4D0006700680069006A006B006C006D006E00F8
:10D4E0006F007000710072007300740075007600A8
:10D4F0007700780079007A00A100A200A300A500BF
:10D50000AC00AF00E000E100E200E300E400E50071
:10D51000E600E700E800E900EA00EB00EC00ED00BF
:10D52000EE00EF00F000F100F200F300F400F5006F
:10D53000F600F800F900FA00FB00FC00FD00FE0018
:10D54000FF00010103010501070109010B010D01A4
:10D550000F01110113011501170119011B011D0113
:10D560001F01210123012501270129012B012D0183
:10D570002F0131013301350137013A013C013E01F0
:10D58000400142014401460148014B014D014F0158
:10D59000510153015501570159015B015D015F01C3
:10D5A000610163016501670169016B016D016F0133
:10D5B00071017301750177017A017C017E0192018D
:10D5C000B103B203B303B403B503B603B703B8039F
:10D5D000B903BA03BB03BC03BD03BE03BF03C0034F
:10D5E000C103C303C403C503C603C703C803C903F8
:10D5F000CA033004310432043304340435043604DD
:10D600003704380439043A043B043C043D043E0426
:10D610003F044004410442044304440445044604D6
:10D620004704480449044A044B044C044D044E0486
:10D630004F0451045204530454045504560457042F
:10D64000580459045A045B045C045E045F047021AE
:10D65000712172217321742175217621772178211E
:10D6600079217A217B217C217D217E217F2141FF2F
:10D6700042FF43FF44FF45FF46FF47FF48FF49FF86
:10D680004AFF4BFF4CFF4DFF4EFF4FFF50FF51FF36
:10D6900052FF53FF54FF55FF56FF57FF58FF59FFE6
:10D6A0005AFF00004100420043004400450046008C
:10D6B0004700480049004A004B004C004D004E0016
:10D6C0004F005000510052005300540055005600C6
:10D6D0005700580059005A002100E0FFE1FFE5FF24
:10D6E000E2FFE3FFC000C100C200C300C400C500E8
:10D6F000C600C700C800C900CA00CB00CC00CD00DE
:10D70000CE00CF00D000D100D200D300D400D5008D
:10D71000D600D800D900DA00DB00DC00DD00DE0036
:10D720007801000102010401060108010A010C014F
:10D730000E01100112011401160118011A011C0139
:10D740001E01200122012401260128012A012C01A9
:10D750002E01300132013401360139013B013D0116
:10D760003F0141014301450147014A014C014E017E
:10D77000500152015401560158015A015C015E01E9
:10D78000600162016401660168016A016C016E0159
:10D79000700172017401760179017B017D019101B3
:10D7A00091039203930394039503960397039803BD
:10D7B00099039A039B039C039D039E039F03A0036D
:10D7C000A103A303A403A503A603A703A803A90316
:10D7D000AA031004110412041304140415041604FB
:10D7E0001704180419041A041B041C041D041E0445
:10D7F0001F042004210422042304240425042604F5
:10D800002704280429042A042B042C042D042E04A4
:10D810002F0401040204030404040504060407049D
:10D82000080409040A040B040C040E040F0460210C
:10D8300061216221632164216521662167216821BC
:10D8400069216A216B216C216D216E216F2121FFDD
:10D8500022FF23FF24FF25FF26FF27FF28FF29FFA4
:10D860002AFF2BFF2CFF2DFF2EFF2FFF30FF31FF54
:10D8700032FF33FF34FF35FF36FF37FF38FF39FF04
:10D880003AFF000000000000000000000000B33F6D
:10D89000B2BE7D3A00002E40DFCF513800007E40FE
:10D8A000BF51FABA00E0A44019DAC3BA00E0C84098
:10D8B000C2ED8AB90040EB40CD1F2CBA00100641E2
:10D8C0002AFFFABA00C01541DFCFD13700D024417A
:10D8D0009A97703A0050334189478E360040414153
:10D8E000E75B9D3800B04E41C00A98B900A05B418B
:10D8F000558F943A00306841DA92C0BA00407441C2
:10D9000062B3C63A0000803F00A0853F00908B3F85
:10D9100000C0913F0030983F00F09E3F00F0A53FCF
:10D920000050AD3F0000B53F0000BD3F0060C53F67
:10D930000020CE3F0040D73F00C0E03F00C0EA3F9C
:10D940000020F53F000000007D36AC397D3C3839C1
:10D95000EBDCF438320A7E39124C26399B6AED39F9
:10D96000A4EE83397F661E39F6398A392B42653930
:10D97000A48211395B991F39C3EECD39DDE7C63773
:10D98000A5A22F390000803FC3AA853FC2958B3FD7
:10D99000D3C3913FF037983F32F59E3FD7FEA53F66
:10D9A0003F58AD3FF304B53FA408BD3F2A67C53FCC
:10D9B0008C24CE3FFD44D73FDFCCE03FC7C0EA3FD9
:10D9C0007D25F53F000000006E83F9A22915444E25
:10D9D000D15727FCC0DD34F5999562DB4190433C7B
:10D9E000AB6351FE0000000008DA030800000020CD
:10D9F000CC050000C40900088CDB0308CC0500201E
:10DA000004960000E869000881520B23AA422361B2
:10DA1000442390411AB40C5A7A0C1AF00C1A480C90
:10DA2000415A1608091B0C1A4330290419381A34B4
:10DA30000401253A1002011F0316DC05025B0302F4
:10DA40002F01057480E6C5470B24E803B83420A1F4
:10DA500007520813755B1B08710413515A1B0821E8
:10DA6000081AF1081B794A08190413014B1B082DE9
:10DA7000042A9D0819101AB9041312013202164023
:10DA800083044057480802010203010A06121201EA
:10DA9000DE040309041A8401101AB5441A95041A05
:10DAA00061041AA9041AA7041A6D041A890439B466
:10DAB0002C02030404450607080913BF401408D7C5
:10DAC0003F1C0881472812451B0809041A0D2C1A0F
:10DAD0003B0813BD431B08CF048113A002022C2076
:10DAE00072FF180A11130108AD1201089108411ABA
:10DAF000D90C1EC511010875085A691439BC1A4B96
:10DB0000801B0243F7112DC0320904AD190B130518
:10DB10002416100105240110090104240202052421
:10DB2000061701070582030815FF09040133020ADD
:10DB30002E0705010240072A8107011D1AAA0101CB
:10DB40005C0223018B282BF4016CE009CDCC4C3F07
:10DB50009A99193E1B80BF04323F19081129080900
:10DB60002F2C05260AD7A33C393C0111021B640562
:10DB70003C8F2A754400103553746172742077729B
:0CDB80006974696E67210A45E4D9030846
:040000050800018965
:00000001FF
