:020000040800F2
:10000000989B00206D020008352300085902000863
:10001000CD220008C50B00085D5800080000000054
:10002000000000000000000000000000A101000826
:10003000FF1A000800000000F50100087D310008EB
:10004000870200088702000887020008870200086C
:100050008702000887020008191B0008BD1B000862
:10006000CD1B0008DD1B0008ED1B0008C1160008B1
:10007000870200088702000887020008870200083C
:10008000D1160008870200088702000887020008CE
:10009000870200088702000887020008031C000886
:1000A0002933000887020008870200088702000839
:1000B00087020008870200088702000869200008FC
:1000C00059200008870200088702000887020008FC
:1000D00087020008013B0008870200088702000829
:1000E000311B000887020008870200088702000809
:1000F00087020008870200088702000887020008BC
:100100008702000887020008BD3300088702000844
:1001100087020008F93900088702000887020008F2
:10012000870200088702000887020008870200088B
:10013000870200088702000887020008870200087B
:10014000870200088702000887020008C52300080C
:10015000870200088702000887020008870200085B
:10016000870200088702000887020008870200084B
:10017000870200088702000887020008870200083B
:100180008702000887020008DFF810D000F008FCA2
:1001900000480047E9CA0008AFF30080989B0020A0
:1001A0002A4B19680868B0E8F04F80F30988BFF35C
:1001B0006F8F4FF0000080F311887047000000003F
:1001C00006480068006880F3088862B661B6BFF32D
:1001D0004F8FBFF36F8F00DF00BF00BF08ED00E05F
:1001E000DFF80C00016841F470010160704700BF46
:1001F00088ED00E0EFF30980BFF36F8F134B1A68AF
:100200001EF0100F08BF20ED108A20E9F04F10609B
:1002100008B44FF0500080F31188BFF34F8FBFF345
:100220006F8F11F0C7FA4FF0000080F3118808BCFF
:1002300019680868B0E8F04F1EF0100F08BFB0EC66
:10024000108A80F30988BFF36F8F704794030020F2
:10025000EFF30580704700001EF0040F0CBFEFF3B2
:100260000880EFF309800DF0E7BB000006488047E7
:1002700006480047FEE7FEE7FEE7FEE7FEE7FEE78B
:10028000FEE7FEE7FEE7FEE79D3100088901000872
:100290002DE9F05F0546002092469B4688460646BB
:1002A000814640241BE0284641464746224600F04E
:1002B0004AFA53465A46C01A914110D3114618467D
:1002C000224600F031FA2D1A67EB01084F4622460C
:1002D0000120002100F028FA17EB00094E41201EF2
:1002E000A4F10104DFDC484631462A464346BDE816
:1002F000F09F2DE9F0410024061B254671F1000610
:1003000005DA01240027D0EB070067EB0101161E78
:1003100073F1000605DA0027D2EB0702012567EB2F
:100320000303FFF7B5FF86460E4617469C46AC42D0
:1003300004D00025D0EB050E65EB010624B10020AA
:10034000D2EB000760EB030C704631463A46634639
:10035000BDE8F08110B5431A934209D2831888187A
:1003600003E010F8011D03F8011D521EF9D210BD63
:1003700040EA01039B0703D009E008C9121F08C027
:10038000042AFAD203E011F8013B00F8013B521EA7
:10039000F9D210BDD2B201E000F8012B491EFBD208
:1003A00070470022F6E710B513460A460446194680
:1003B000FFF7F0FF204610BD421C10F8011B00297A
:1003C000FBD1801A70472DE9FE4F804681EA030079
:1003D000C00F0C46009021F0004123F00045B8EB1F
:1003E0000200A94105D24046214690461C460B46D4
:1003F000024623F00040104347D0270DC7F30A0000
:10040000C3F30A510290401A019040286BDAC3F3FB
:10041000130040F4801B0098924620B10023D2EBD9
:10042000030A63EB0B0B01985946C0F1400250469A
:1004300000F07AF906460D4650465946019A00F0FA
:1004400092F910EB08006141002487EA115284EA16
:10045000E7731A4340D0009A62B3019A012A4FEA27
:10046000075215DC001B61EB02014FF0004202EA6B
:100470000752CDE90042001C41F5801132462B465F
:1004800000F0E7F903B0BDE8F08F40462146F9E7F8
:10049000001B61EB0201001C41F5801300185B4159
:1004A0002018A2F5001747EB030140EAD570B619F2
:1004B0006D4111E06D084FEA360645EAC0754FEA16
:1004C0000752001B61EB0201001C41F58011490835
:1004D0004FEA30000019514132462B4603B0BDE8C7
:1004E000F04F00F0A7B90098012240000023D0EBA4
:1004F000020263EBE073009821464FEAE074B8EB28
:10050000000061EB0401E9E783F000435BE781F061
:10051000004158E72DE9FE4F81EA030404F000444E
:1005200021F0004100944FF0000B23F0004350EA0B
:1005300001045ED052EA03045BD0C3F30A54C1F352
:100540000A552C44A4F2F3340194A0FB0254C1F3E5
:10055000130141F48011C3F3130343F4801301FB2F
:10056000024400FB034E840A970A44EA815447EA96
:100570008357A4FB076802958D0A05FB07854FEAA0
:10058000932C04FB0C542705029D4FEA065847EABA
:100590001637B5EB08056EEB070C870E920E47EA8F
:1005A000811742EA8312A7FB0201B6EB0B0164EB51
:1005B00000042B0D43EA0C335E1844EB1C50DA4662
:1005C0005146E7FB0201C5F313044FEA0B3343EA3C
:1005D00014534FEA0432019C43EA0603A4F10C04CD
:1005E0000294009CCDE900B400F033F903B0BDE8FB
:1005F000F08F00200146F9E72DE9F04D81EA030470
:1006000004F0004B21F0004514464FF0000A23F09F
:10061000004150EA050220D054EA01021DD0C5F382
:100620000A570246C5F31303C1F31300C1F30A5678
:1006300040F4801543F48013A7EB0608101BD64640
:1006400008F2FD3873EB050002D308F1010801E060
:1006500092185B41B8F1000F03DA00200146BDE8B3
:10066000F08D00204FF48011064684460EE0171BE3
:1006700073EB050705D3121B63EB050306434CEA36
:10068000010C49084FEA300092185B4150EA01071B
:10069000EDD152EA030012D082EA040083EA050198
:1006A000084305D0101BAB4106D20122002306E00F
:1006B00000224FF0004302E06FF0010253101AEBEA
:1006C00006004CEB085110EB0A0041EB0B01BDE8B2
:1006D000F04D00F0AFB800F0004230F000400AD01A
:1006E000C10D01F56071C0F3160042EA0151C20864
:1006F00040071143704700200146704730B50B4654
:10070000014600202022012409E021FA02F59D4241
:1007100005D303FA02F5491B04FA02F52844151E15
:10072000A2F10102F1DC30BD202A04DB203A00FAFC
:1007300002F1002070479140C2F1200320FA03F338
:10074000194390407047202A04DB203A21FA02F036
:100750000021704721FA02F3D040C2F120029140FB
:10076000084319467047202A06DBCB17203A41FA86
:1007700002F043EAE07306E041FA02F3D040C2F12E
:10078000200291400843194670470029A8BF7047CE
:10079000401C490008BF20F00100704710B4B0FAB7
:1007A00080FC00FA0CF050EA010404BF10BC704752
:1007B00049B1CCF1200421FA04F411FA0CF118BF6C
:1007C000012121430843A3EB0C01CB1D4FEA00613B
:1007D0004FEA102042BF002010BC704700EBC3500E
:1007E00010440029A4BF10BC7047401C490008BF3A
:1007F00020F0010010BC704710B541000CD0C0F3D0
:10080000C751962908DC7E2909DC06DB410204D0A9
:1008100000F0004040F07E5010BD002010BDC1F13E
:100820009604C4F1200100FA01F1E040FFF7ADFFAA
:10083000A04010BD10B5141E73F1000408DA401C6E
:1008400041F1000192185B411A4301D120F00100EF
:1008500010BD2DE9F04D92469B4611B1B1FA81F2DF
:1008600002E0B0FA80F220329046FFF75DFF0446C6
:100870000F4640EA0A0041EA0B0153465A46084334
:1008800013D0114653EA010019D0C8F14002504676
:10089000FFF759FF05460E46504659464246FFF7B8
:1008A00043FF084305D0012004E020463946BDE857
:1008B000F08D0020054346EAE0762C4337430A9842
:1008C0006305E40AA0EB08000022FD0A44EA47544D
:1008D0000A3002D500200146E9E7010510196941F7
:1008E000DDE9084500196941BDE8F04DA2E7C1F313
:1008F0000A52C1F3130140F2FF3341F480119A42CE
:1009000002DA00200146704740F233439A42A2F2D5
:10091000334202DC5242FFF716BFFFF705BF10B5A6
:1009200000F0004420F00040C20DC0F3160040F477
:1009300000007F2A07DA7D2A00DA7D22763A00FA63
:1009400002F1002008E0962A09DCA2F1760100FA03
:1009500001F1C2F19602D040FFF717FF01E0963A8D
:100960009040002C00D0404210BD000030B5041E65
:1009700071F1000404DB4FF00044404264EB0101DC
:10098000141E73F1000405DB1C464FF00043524275
:1009900063EB0403994208BF904230BD00207047CA
:1009A000064C074D06E0E06840F0010394E80700BC
:1009B00098471034AC42F6D3FFF7EAFB80D5030822
:1009C000A0D5030870B58C1810F8015B15F007036B
:1009D00001D110F8013B2A1106D110F8012B03E0D8
:1009E00010F8016B01F8016B5B1EF9D12B0705D4E0
:1009F0000023521E0DD401F8013BFAE710F8013B29
:100A0000CB1A921C03E013F8015B01F8015B521E44
:100A1000F9D5A142D8D3002070BD21B1826842F03F
:100A20000102826003E0826822F001028260704766
:100A30000021084A1168084A1140D0E900231A43EE
:100A400083681A43C3681A431143044AC2F8041363
:100A50007047000004230140E030FCFF002001400B
:100A60000021016041608160C160704721B18268EE
:100A700042F48072826003E0826822F480728260B5
:100A8000704721B1826842F40072826003E082689C
:100A900022F400728260704730B5024600200023C5
:100AA0005068104C20400D790C6844EA052420431E
:100AB000506090680C4C2040D1E903542C438D6861
:100AC0002C434D7944EA450420439060D06A20F4D9
:100AD00070000C7D641EE4B2234340EA0350D062F0
:100AE00030BD0000FFFEFFFCFDF7FFC0F0B504467F
:100AF0000D4600200021092D11DDE068A5F10A0650
:100B000006EB4607072606FA07F18843A5F10A0611
:100B100006EB460603FA06F10843E0600CE02069A4
:100B200005EB4507072606FA07F1884305EB45065E
:100B300003FA06F108432061072A0FDA606B561E9C
:100B400006EB86071F2606FA07F18843561E06EBBA
:100B5000860605FA06F10843606322E00D2A0FDAE3
:100B6000206BD61F06EB86071F2606FA07F188437F
:100B7000D61F06EB860605FA06F10843206310E04F
:100B8000E06AA2F10D0606EB86071F2606FA07F1BA
:100B90008843A2F10D0606EB860605FA06F1084326
:100BA000E062F0BD816841F08041816070470021C2
:100BB0000160017141718160C160016101210175B4
:100BC00070470000002108460CF040F80021012089
:100BD0000CF03CF8002102200CF038F80021032032
:100BE0000CF034F80848006820F00200064908605C
:100BF0004FF40071054801F098F9BC2104A00FF0F2
:100C00006BFC00BFFEE70000000100200004024072
:100C10002E2E5C7372635C647269766572735C73AA
:100C200072635C6E7669632E6300000010B5024645
:100C30000023002003E0145C6340441CA0B28842FF
:100C4000F9DB184610BD70B506460C4604F080006E
:100C5000802808D104F07F0000EB800106F58E703B
:100C600000EBC10507E004F07F0000EB800106F512
:100C70005D7000EBC10504F07F00287004F0800077
:100C8000C00968702946304604F09FFA002070BD04
:100C900070B506460C4604F08000802808D104F0A8
:100CA0007F0000EB800106F58E7000EBC10505E0CA
:100CB00004EB840106F55D7000EBC1050020A8700F
:100CC00004F07F002870C4F3C010687029463046D5
:100CD00004F053FA002070BD2DE9F04106460D46A0
:100CE00090461F4605F08000802808D105F07F005F
:100CF00000EB800106F58E7000EBC10407E005F003
:100D00007F0000EB800106F55D7000EBC10405F08B
:100D10007F00207005F08000C0096070C4F8088072
:100D2000E770607808B12078E080022F01D10020C0
:100D300020712146304604F0D4F90020BDE8F0814E
:100D40002DE9F04105460E461746984606F07F000D
:100D500000EB800105F55D7000EBC104E760C4F8AD
:100D600014800020A061607006F07F002070E87899
:100D7000012800D12761207820B92146284604F0B7
:100D8000D4F803E02146284604F080FA0020BDE8AC
:100D9000F08108B500220092009A61F30A120092D5
:100DA00002691268009B1A4303691A6008BD70B596
:100DB00006460C4604F08000802808D104F07F002D
:100DC00000EB800106F58E7000EBC10505E004EB39
:100DD000840106F55D7000EBC1050120A87004F0E8
:100DE0007F002870C4F3C01068702946304604F0B4
:100DF0001BFA002070BD2DE9F04107460D4616464E
:100E0000984605F07F0000EB800107F58E7000EB3F
:100E1000C1040120607005F07F002070E66026614B
:100E20000020A061C4F81480207820B921463846FB
:100E300004F07BF803E02146384604F027FA00204E
:100E4000BDE8F08130B587B00546594C284604F01E
:100E500032F801A801F01EFB029CE868C06805900A
:100E6000059820F4705005900598E968C8602846F8
:100E700004F0D4FB03280BD10020A8704FF40070BD
:100E8000A880059820F4705000F5105005907EE081
:100E90000120A8704020A8804648844209D34648D3
:100EA000844206D2059820F4705000F560500590F9
:100EB0006DE04148844209D34048844206D20598F7
:100EC00020F4705000F55050059060E03B4884429B
:100ED00009D33B48844206D2059820F4705000F5AF
:100EE0004050059053E03648844209D33548844247
:100EF00006D2059820F4705000F53050059046E079
:100F00003048844209D33048844206D2059820F400
:100F1000705000F52050059039E02B48844209D3E9
:100F20002A48844206D2059820F4705000F51050EB
:100F300005902CE02548844209D32548844206D2F6
:100F4000059820F4705000F5005005901FE02048EF
:100F5000844209D31F48844206D2059820F4705079
:100F600000F5E050059012E01A48844209D31A486F
:100F7000844206D2059820F4705000F5C0500590C8
:100F800005E0059820F4705000F5A05005900598F4
:100F9000E968C86000200690069820F4005000F52B
:100FA000005006900698E9684861012007B030BDFE
:100FB000007A030AC0E1E4000024F400E0EC04013C
:100FC00000C31801002D310140A44C0100366E0110
:100FD00040E2950180C3C90160600B02F8B5054687
:100FE000002400200090284604F059FB064681E0CA
:100FF00006F0010000287BD0E1B2284600F0F6FAA6
:101000000090009800F0010030B3012000FA04F7CE
:101010002869406BB8432969486300200090009814
:1010200020F00100401C009005F1180050F8240049
:1010300000998160E1B232480068426828469047D2
:10104000E878012808D13CB940F21110405D04282D
:1010500002D1284604F014F80098C0F3C00060B133
:1010600000200090009820F008000830009005F162
:10107000180050F82400009981600098C0F3001017
:1010800060B100200090009820F010001030009017
:1010900005F1180050F82400009981600098C0F311
:1010A000801060B100200090009820F04000403097
:1010B000009005F1180050F8240000998160009814
:1010C000C0F3400060B100200090009820F00200C2
:1010D000801C009005F1180050F8240000998160F0
:1010E0000098C0F3C01018B12146284600F092FACB
:1010F000641C7608002E7FF47BAF0120F8BD000051
:10110000CC0200207CB5044600250020019020463A
:1011100004F0CDFA06466FE006F00100002869D021
:10112000E9B2204604F0CBFA0190019800F00100EA
:10113000C8B300200190019820F00100401C0190EC
:1011400004F1540050F8250001998160E0780128ED
:1011500017D104F1540050F825000069009005EB08
:10116000850104F55D7000EBC10080680099C1F352
:101170001201411A05EB850204F55D7000EBC20017
:101180008161E9B21E480068026820469047E07815
:10119000012808D13DB940F21110005D052802D1A7
:1011A000204603F06DFF0198C0F3400060B10020BD
:1011B0000190019820F00200801C019004F154007D
:1011C00050F82500019981600198C0F3C00088B1F2
:1011D0000B480068816820468847002001900198EC
:1011E00020F008000830019004F1540050F8250068
:1011F000019981606D1C7608002E8DD101207CBD87
:10120000CC0200203EB50446A07A78B1D4F80C0197
:1012100000680090009820F002000090009820F0F4
:10122000010000900099D4F80C01016000200190A9
:10123000019820F00100401C01902069406801994C
:1012400088432169486009480068816920468847C9
:1012500000200290029820F0004000F1004002902F
:101260000298E168486101203EBD0000CC020020E8
:101270007CB5044600200190019820F01000103049
:101280000190E068806901998843E1688861E068BD
:10129000006A0090009800F00F0000EB800104F558
:1012A0005D7000EBC1050098C0F3434007282DD2C4
:1012B000DFE800F02C04051D1E2C1F0027E000981D
:1012C000C0F30A1090B10098C0F30A122046E968F2
:1012D00004F0FFF9E8680099C1F30A110844E860D6
:1012E000A8690099C1F30A110844A8610FE00EE053
:1012F0000DE0082204F2CC51204604F0EAF9A86976
:101300000099C1F30A110844A86100E000BF00BFC2
:10131000E068806901990843E168886101207CBD2B
:1013200038B5044608480068C16820468847002050
:101330000090009820F00800083000900098E168C4
:101340004861012038BD0000CC0200201FB50446D2
:10135000002000904FF48970005D009023480068E1
:1013600041692046884720698068019000200390E9
:10137000039820F4006000F5006003900398E16892
:101380004861A07A70B3019800F0010050B340F2B8
:101390001510005D012825D19DF80000032821D1FA
:1013A00000200290029820F00100401C0290D4F826
:1013B0000C01006802990843D4F80C1108600298E7
:1013C00020F00200801C0290D4F80C010068029901
:1013D0000843D4F80C1108600548006840F0060086
:1013E00003490860012004B010BD0000CC020020B9
:1013F00010ED00E030B587B0044600200290069062
:101400000590049003900190029820F00100401C88
:101410000290206940680299884321694860002150
:10142000204604F0D1F800250BE0FF2104F118005C
:1014300050F82500816004F1540050F825008160C7
:101440006D1C6078A842F0D84FF0FF3120698161AF
:1014500006986FF30F00401C0690069880B200F5C6
:101460008030069006992069C161059820F0080037
:1014700008300590059820F00100401C0590059863
:1014800020F00200801C05900599206941610498B4
:1014900020F00100401C0490049820F0080008305F
:1014A0000490049820F00200801C049004992069A4
:1014B0000161206900680390039820F4FE600390A6
:1014C000039920690160204603F0DAFD00200190B5
:1014D000019820F4805000F5805001900198E16857
:1014E000486104480068016920468847012007B028
:1014F00030BD0000CC0200202DE9F04106460F4629
:101500003946304604F0FAF801214FF489708155CC
:101510000021801C8155002511E005EB850106F5B1
:101520008E7000EBC104012060702570E580002002
:10153000E0704020A0600020E06060616D1C707869
:10154000A842EAD8002510E005EB850106F55D709C
:1015500000EBC104002060702570E580E070402041
:10156000A0600020E06060616D1C7078A842EBD83C
:10157000304603F08FFC304603F0BAFA00213046C3
:1015800004F024F9304603F046FB304603F0E4FF54
:10159000BDE8F08138B50446002000900748006897
:1015A000C16920468847009820F4801000F580101B
:1015B00000900098E1684861012038BDCC0200200D
:1015C00038B504460020009007480068016A2046AC
:1015D0008847009820F4001000F500100090009853
:1015E000E1684861012038BDCC02002030B50246D8
:1015F00015692B6915696C6B24FA01F505F0010575
:1016000043EAC51302F1180555F82150AD6805EA03
:10161000030030BD2DE9F84306460F4600250020A3
:10162000009007EB870106F58E7000EBC104D4E94A
:101630000501451AA068A84200D2A568E81C4FEA37
:10164000900806F1180050F827008069009029E002
:10165000D4E90501451AA068A84200D2A568E81C93
:101660004FEA9008ABB2FAB23046E16804F0D5F820
:10167000E0682844E060A0692844A06106F11800F1
:1016800050F8270080690090D4E90501884209D10B
:101690002178012000FA01F93069406B20EA090045
:1016A00031694863009880B2404506D9D4E90510F5
:1016B000884202D260690028CAD10120BDE8F883BF
:1016C00010B502480AF050F910BD000014040020C3
:1016D00008B53148006840B900214FF0804001F062
:1016E000D6FE00212D4800F081F82D492B4800F04E
:1016F00079F970B32A49294800F05EF8274800F0CC
:1017000044F9A8B9274800682349096888420ADAD9
:101710002448006800EB4000234A126881182348DF
:1017200009F050FC1AE060212048FEF73AFE15E06F
:101730001C4800681849096888420BDA1948006893
:1017400000EB4000184A12688118194809F03AFC69
:1017500004E008E060211648FEF723FE1148006807
:10176000401C104908600F4801680B480068801C45
:10177000814210DB69460F48006810F003FC00212D
:101780004FF0804001F083FE0021044800F02EF865
:1017900000200149086008BDC404002088600240A0
:1017A00000880020C0040020C8040020808C002095
:1017B000208C0020BC0400200246094B9A4201D232
:1017C000084801E00648103801F000531BB1064BF1
:1017D0000B40C36002E0044B0B4083607047000085
:1017E00010640240006002407D0F7D0F21B102684D
:1017F00042F00102026003E0026822F0010202608E
:1018000070470000016821F00101016000210160C2
:1018100041608160C1600161212141614A49884282
:1018200004D13D21484A103A91608CE04649183174
:10183000884205D14FF47461434A103A916082E0C6
:1018400041493031884205D14FF474113E4A103A73
:10185000916078E03C494831884205D14FF074618D
:10186000394A103A91606EE037496031884204D1BC
:101870003649354A103AD16065E0334978318842BB
:1018800004D13349304A103AD1605CE02E4990319E
:10189000884204D12F492C4A103AD16053E02A499A
:1018A000A831884205D14FF03D51274A103AD16006
:1018B00049E02949884204D13D21274A083A11606C
:1018C00041E025491831884205D14FF47461224A1C
:1018D000083A116037E020493031884205D14FF491
:1018E00074111D4A083A11602DE01B4948318842A5
:1018F00005D14FF07461184A083A116023E0164987
:101900006031884204D11149134A121F11601AE054
:1019100011497831884204D10D490F4A121F1160D4
:1019200011E00D499031884204D10A490A4A121F38
:10193000116008E00849A831884204D14FF03D51B8
:10194000054A121F11607047106002403D000020E0
:10195000400F002000003D201064024021B10268C9
:1019600042F48022026003E0026822F480220260D6
:10197000704722B1036843F40023036003E0036867
:1019800023F40023036001617047014600200A68C8
:1019900002F400220AB1012000E00020704700009C
:1019A00030B503460A46002000240B4DAB4201D25D
:1019B0000A4901E00849103902F000550DB14C68A0
:1019C00000E00C68064D2C4004EA02050DB1012030
:1019D00000E0002030BD00001064024000600240C2
:1019E0007D0F7D0F70B50246002000240025124EA9
:1019F000B24201D2114B01E00F4B103B104E0E4092
:101A000036B11E2606EAD124166806EA040502E06D
:101A1000566906F0800501F000560EB15C6800E0E2
:101A20001C68084E344004EA010616B10DB10120CD
:101A300000E0002070BD0000106402400060024021
:101A40003C0F3C0F7D0F7D0F10B501F080034BB1B3
:101A500022B1436943F08003436103E0436923F00B
:101A60008003436180290BD02AB1036801F01E0472
:101A70002343036004E0036801F01E04A3430360F2
:101A800010BD000010B500220268134B1A40CC684C
:101A90000B6823434C6923438C692343CC6923435C
:101AA0000C6A23434C6A23438C6A23434C6B2343C5
:101AB0008C6B23431A430260426922F00702D1E98A
:101AC0000B3423431A4342610B6943604B688360C4
:101AD0008B68C36010BD00003F801CF000210160D6
:101AE00041608160C160016141618161C1610162E8
:101AF00041628162C16201634163816370477047E3
:101B0000002105E000BF00BF00BF00BF00BF491CAF
:101B10008142F7D37047704710B5012000F0A8F854
:101B2000FFF7F9FF10BD7047704770477047704767
:101B300010B54FF4806000F0A1F8012804D18002B4
:101B400000F096F8FFF7EFFF4FF4006000F096F812
:101B5000012804D1C00200F08BF8FFF7E5FF4FF435
:101B6000805000F08BF8012804D1000300F080F8C9
:101B7000FFF7DBFF4FF4005000F080F8012804D19C
:101B8000400300F075F8FFF7D1FF4FF4804000F0FC
:101B900075F8012804D1800300F06AF8FFF7C7FF49
:101BA0004FF4004000F06AF8012804D1C00300F0AF
:101BB0005FF800F001F810BD7047704710B50220C3
:101BC00000F056F8FFF7F9FF10BD704710B504207C
:101BD00000F04EF8FFF7F9FF10BD704710B5082070
:101BE00000F046F8FFF7F9FF10BD704710B5102060
:101BF00000F03EF8FFF7F9FF10BD704770477047DF
:101C0000704710B5202000F039F8012804D12020B9
:101C100000F02EF8FFF7F1FF402000F02FF8012828
:101C200004D1402000F024F8FFF7E8FF802000F006
:101C300025F8012804D1802000F01AF8FFF7DFFF13
:101C40004FF4807000F01AF8012804D1000200F06F
:101C50000FF8FFF7D5FF4FF4007000F00FF80128E0
:101C600004D1400200F004F800F001F810BD704704
:101C70000149086070470000143C01400146002003
:101C8000034A12680A400AB1012000E000207047B0
:101C9000143C014030B10749096841F48061054AAC
:101CA000116005E00349096821F48061014A11606F
:101CB00070470000003C024070B504460A4600260A
:101CC000092502B909E0012A01D1160205E0022A1C
:101CD00001D1160201E04FF4407600F09FF805466E
:101CE000092D28D11548006820F440701349086078
:101CF00008460068304308600846006820F0F80095
:101D000008600846006844F0020108430B49086077
:101D10000846006840F48030086000F07FF805460F
:101D20000648006820F00200044908600846006880
:101D300020F0F8000860284670BD0000103C02400A
:101D400009201349096801F48031B1F5803F01D1C0
:101D500001201CE00E49096801F0100109B10620BC
:101D600015E00B49096801F4807109B102200EE009
:101D70000749096801F0E00109B1072007E00449BB
:101D8000096801F0020109B1082000E0092070474C
:101D90000C3C02400348006840F0004001490860E4
:101DA00070470000103C024030B502460C46092541
:101DB00000F034F80546092D19D10E48006820F4CA
:101DC00040700C4908600846006840F400700860E4
:101DD0000846006840F001000860146000F01EF83A
:101DE00005460448006820F00100024908602846C2
:101DF00030BD0000103C02400548006800F0004083
:101E000028B1044802490C3908600348086070474B
:101E1000103C024023016745AB89EFCD08B509208E
:101E20000090FFF78DFF009002E0FFF789FF009020
:101E30009DF800000128F8D09DF8000008BDF0B51D
:101E40000A4600210023002400BF3DE0012505FAD9
:101E500001F3156805EA03049C4234D105684F007C
:101E60000326BE40B543056015794E00B5400668AF
:101E7000354305601579012D02D01579022D16D153
:101E800085684F000326BE40B543856055794E00F6
:101E9000B540866835438560456801268E40B54368
:101EA0004560456896798E40B6B235434560C56851
:101EB0004F000326BE40B543C560D5794E00B540FE
:101EC000C6683543C560491C1029BFD3F0BDF0B5C5
:101ED000002300244D07ED0E02FA05F3CE1000F1A9
:101EE000200555F826504E07F70E0F26BE40B54385
:101EF000CF1000F1200646F82750CE1000F1200543
:101F000055F8265045EA0304CE1000F1200545F8A7
:101F10002640F0BD0246002013690B400BB10120A2
:101F200000E00020704741837047018370474FF6FF
:101F3000FF7101600021017141718171C1717047B0
:101F400042694A404261704770B50A480468001D02
:101F50000568001D0668344454B10822064920462D
:101F600000F094F9042204491031284600F08EF95B
:101F700070BD0000107AFF1F5202002070B50646A7
:101F80003048007800285BD12F480068B0F5007F0A
:101F900002D100202C4908602B4800682B490968B1
:101FA000884203D100202749087070BD2648006888
:101FB00026490968884206D923480068C0F50070A0
:101FC0002349086006E0214800681F490968401A53
:101FD0001F4908601E480068402811D91A48008827
:101FE00085B24024184800684030174908601848F6
:101FF000006840381649086001201249087018E04E
:102000001148008885B21248008884B20E480068E2
:102010000F49096808440C49086000200C49086011
:10202000402C03D102200749087002E00120054935
:10203000087008484219234681213046FEF7DBFE2E
:1020400000BFB2E7F8020020F0020020EC020020FE
:10205000F40200209610002010B5024809F0DEFCC2
:1020600010BD00001404002010B5024809F020FD46
:1020700010BD00001404002021B1028842F48062E7
:10208000028004E002884FF6FF331A400280704756
:10209000002221F07F42D3438382704721B182889E
:1020A00042F40062828004E082884FF2FF731A409B
:1020B0008280704721B1828842F48052828004E09D
:1020C00082884EF6FF731A408280704710B504462E
:1020D0001348844209D10121480500F0ABF90021E1
:1020E0004FF4001000F0A6F918E00E48844209D120
:1020F0000121880500F09EF900214FF4800000F0D6
:1021000099F90BE00848844208D10121C80500F084
:1021100091F900214FF4000000F08CF910BD00008F
:102120000054004000580040005C00400CB50246DE
:10213000002000230193009300920B0F019321F0E4
:102140007F41019B1BB1009B1433009303E0090CFA
:10215000009B18330093009B1B680B400BB10120C0
:1021600000E000200CBD1AB183880B43838002E09D
:1021700083888B43838070472DE9FF4704460D46D3
:102180000026B1460427DFF8CC80A6884FF6C07041
:102190000640684600F07EF9DDF808802E48B8FB5E
:1021A000F0F01FFA80F946EA0906A68020884FF66B
:1021B000FE710840208000262849286888420CD8F3
:1021C00028684000B8FBF0F087B2042F00DA04273B
:1021D0003E4309F10100208427E0E8884BF6FF71B7
:1021E000884206D1286800EB4000B8FBF0F087B2C7
:1021F00009E0286800EBC00101EB0010B8FBF0F02B
:1022000087B247F48047C7F30B0008B947F00107CE
:1022100047F4004006434FF4967009FB00F04FF47A
:102220007A7190FBF1F0401C2084A683208840F056
:102230000100208026884FF6F5300640A88869897D
:10224000084306432680A889298908432081BDE8E0
:10225000FF87000000127A0040420F00A0860100B4
:102260000146088AC0B2704712B141F0010101E095
:1022700001F0FE0101827047018270474AF6AA20F0
:1022800001490860704700000030004030B50B463F
:10229000002100BF16E00A24B4EB107F05D93024DA
:1022A00004EB107403F8114005E0412404EB1074B2
:1022B0000A3C03F81140000100254C00641C1D5528
:1022C0004C1CE1B29142E6DB30BD00000021084623
:1022D0000AF0BCFC002101200AF0B8FC0021022019
:1022E0000AF0B4FC002103200AF0B0FC08480068A2
:1022F00020F00200064908604FF400710548FFF71E
:1023000014FEA92104A00EF0E7F800BFFEE70000CC
:1023100000010020000402402E2E5C7372635C6496
:102320007269766572735C7372635C6E7669632E34
:10233000630000007047000070B5002100230F22E9
:10234000C4781CB3174C246804F4E064C4F5E0645A
:10235000C4F30721C1F10404E3B20A4144789C406C
:10236000E1B28478144021430C07210E0E4C05780D
:102370006155047804F01F050124AC4005786D1107
:10238000AD0005F1E025C5F8004109E0047804F04E
:102390001F050124AC40054D0678761145F826400E
:1023A00070BD00000CED00E000E400E080E100E022
:1023B00002490143024A1160704700000000FA051B
:1023C0000CED00E010B5024801F044FF10BD000024
:1023D0005808002029B1064A12680243044B1A60CB
:1023E00004E0034A12688243014B1A607047000000
:1023F0003038024029B1064A12680243044B1A6081
:1024000004E0034A12688243014B1A6070470000DF
:102410003438024029B1064A12680243044B1A605C
:1024200004E0034A12688243014B1A6070470000BF
:102430004038024029B1064A12680243044B1A6030
:1024400004E0034A12688243014B1A60704700009F
:102450002038024029B1064A12680243044B1A6030
:1024600004E0034A12688243014B1A60704700007F
:102470004438024029B1064A12680243044B1A60EC
:1024800004E0034A12688243014B1A60704700005F
:1024900024380240F0B50021002200240225002645
:1024A0000223324F3F6807F00C0121B1042905D007
:1024B000082937D105E02E4F076036E02D4F076021
:1024C00033E02A4F3F1F3F68C7F38056274F3F1F17
:1024D0003F6807F03F036EB1264FB7FBF3F7DFF815
:1024E0008CC0ACF1040CDCF800C0CCF3881C07FBFA
:1024F0000CF40CE01E4FB7FBF3F7DFF870C0ACF143
:10250000040CDCF800C0CCF3881C07FB0CF4174F5C
:102510003F1F3F68C7F301477F1C7D00B4FBF5F701
:10252000076002E0124F076000BF00BF0F4F3F6817
:1025300007F0F0010909104F7A5C0768D74047603F
:102540000A4F3F6807F4E051890A0B4F7A5C4768ED
:10255000D7408760054F3F6807F46041490B064F3D
:102560007A5C4768D740C760F0BD00000838024079
:102570000024F40000127A008C02002010B500F054
:10258000C5F800283DD11F4908F090FA1E4908708F
:1025900012221EA1214808F09FFA1B4908701F480B
:1025A000C16808F015F9184908701D48FDF704FFC7
:1025B00004461C4B22461A49184808F099FB124958
:1025C0000870164808F03CFB0F4908700846007870
:1025D000B8B94FF480411448FFF7A5FC4FF40071DF
:1025E0001248FFF7A0FC4FF4FA7007F06FFD4FF4AC
:1025F00080410D48FFF799FC4FF400710B48FFF73D
:1026000094FC10BD9094002045050020303A2F61C5
:10261000747469747564652E74787400689200200F
:102620004C05002048050020000002400004024044
:1026300010B502210348FFF778FCFF2000F0ECFB07
:1026400010BD00000008024070B5054601220021BF
:10265000092000F0BBF9044624B91021284600F0F7
:1026600057F90446FFF7E4FF0CB1012070BD0020CC
:10267000FCE770B505464FF6FF7401E0601E84B2BA
:1026800000F092FBA84201D0002CF7D10CB9FF203A
:1026900070BD0020FCE77FB56846FFF7D5FF10B19D
:1026A000002004B070BD9DF8000000F0C00040287C
:1026B00009D19DF809009DF8081000EB0120401C8D
:1026C00084B2A50220E09DF8050000F00F009DF8FF
:1026D0000A1000EBD1109DF8091001F0030100EB86
:1026E0004100861C9DF8080080119DF8071000EB42
:1026F00081009DF8061001F0030100EB8120441CCD
:10270000A6F1090004FA00F52846CAE7F8B500F07A
:10271000F1F900F01DF941F28830FFF7F1F90025D9
:1027200004E0FF2000F078FB681C85B20F2DF8DB79
:10273000C82600BF95220021084600F047F904464C
:10274000012C04D0301EA6F101018EB2F2D100207E
:1027500051490870012C4AD187224FF4D5710820C5
:1027600000F034F9012847D1002506E0FF2000F0F1
:1027700037FB0DF80500681C85B2042DF6DB9DF8CB
:102780000200012879D19DF80300AA2875D14FF6DF
:10279000FE7600BF01220021372000F017F9012248
:1027A0009107292000F012F9044624B1301EA6F149
:1027B00001018EB2EED1002E5FD0012200213A201D
:1027C00000F004F9002858D1002506E0FF2000F0B1
:1027D00007FB0DF80500681C85B2042DF6DB9DF89B
:1027E000000000F0400018B106202B49087044E0BA
:1027F00004202949087040E001220021372000F020
:10280000E5F801220021292000F0E0F80446012C1F
:1028100017DC0220204908704FF6FE7600BF012227
:102820000021372000F0D2F801220021292000F0F9
:10283000CDF80446BCB1301EA6F101018EB2EED136
:1028400011E00120144908704FF6FE7600BF012206
:102850000021104600F0BAF8044624B1301EA6F15B
:1028600001018EB2F3D12EB101225102102000F0ED
:10287000ADF810B1002008490870FFF7D9FE00F04C
:1028800062F80548007808B10020F8BD0CB1204678
:10289000FBE7AA20F9E70000440500202DE9F041FC
:1028A00006460F46154619480078062800D07F02D4
:1028B000012D0CD101223946112000F087F8044681
:1028C000FCB96902304600F023F8044619E0012201
:1028D0003946122000F07AF8044600BF4FF4007128
:1028E000304600F015F8044606F50076681EC0B2C2
:1028F000051E01D0002CF1D0012200210C2000F097
:1029000065F8FFF795FE2046BDE8F08144050020FC
:1029100070B504460D46FE20FFF7ABFE08B101205E
:1029200070BD03E000F040FA2070641C281EA5F181
:1029300001018DB2F6D1FF2000F06EFAFF2000F009
:102940006BFA0020ECE710B5012000F053F910BD40
:1029500010B5002000F04EF910BD000010B50221A6
:102960000548FFF7E0FA00F06CF808B9002010BD48
:10297000FFF75EFE0120FAE70008024070B5064648
:102980000D4600F05EF808B1012070BD284600F049
:1029900043FAFD2D18D0002404E0305D00F03CFA2D
:1029A000601C84B2B4F5007FF7DBFF2000F034FA3E
:1029B000FF2000F031FA00F0F7F9044604F01F00A0
:1029C000052801D00220E0E70020DEE72DE9F041F4
:1029D00005460C4617464FF00008FFF729FEFFF7A3
:1029E000BDFF10B1FF20BDE8F08145F0400000F0D0
:1029F00013FA200E00F010FAC4F3074000F00CFAAE
:102A0000C4F3072000F008FAE0B200F005FA3846F7
:102A100000F002FA0C2D02D1FF2000F0FDF94FF07A
:102A20001F0800BF00F0C0F9064606F0800030B174
:102A3000B8F10000A8F1010101F0FF08F2D1304621
:102A4000D1E710B5002400BF00F0AEF9FF2801D196
:102A5000002010BD641C40F6FF708442F4D30120B6
:102A6000F7E700002DE9F04106460F4615462048DD
:102A70000078062800D07F02012D0CD101223946B2
:102A80001820FFF7A3FF04466CBBFE213046FFF77A
:102A900075FF044627E016480078012809D0012276
:102AA00000213720FFF792FF012229461720FFF768
:102AB0008DFF012239461920FFF788FF044694B99B
:102AC00000BFFC213046FFF759FF044606F50076AB
:102AD000681EC0B2051E01D0002CF2D0FD210020DE
:102AE000FFF74CFF0446FFF7A3FD2046BDE8F08149
:102AF0004405002000B587B001210220FFF76AFCE1
:102B000001210420FFF766FC0121C803FFF782FCC6
:102B1000062203213448FFF7DAF90622042132485D
:102B2000FFF7D5F9062205212F48FFF7D0F902203B
:102B30008DF8180000208DF81A0001208DF81B0078
:102B40003820059002208DF8190005A92648FFF7C6
:102B500076F901208DF8180000208DF81A00012068
:102B60008DF81B00022005908DF8190005A91F485B
:102B7000FFF765F902211D48FFF7D7F91C4800F05F
:102B80008FF80121C803FFF755FC00214FF40040E6
:102B9000FFF750FC0020ADF800004FF48270ADF854
:102BA00002000020ADF804000220ADF8060001206C
:102BB000ADF808004002ADF80A003820ADF80C006E
:102BC0000020ADF80E000720ADF810006946084857
:102BD00000F0CCF80021064800F056F80121044826
:102BE00000F052F807B000BD0004024000080240A7
:102BF000003C004010B586B00446224800F050F872
:102C00000121C803FFF716FC00214FF40040FFF735
:102C100011FC0020ADF804004FF48270ADF80600FE
:102C20000020ADF808000220ADF80A000120ADF840
:102C30000C004002ADF80E0014B1012C08D103E0E5
:102C40003820ADF8100007E01820ADF8100003E0C0
:102C50003820ADF8100000BF00BF0020ADF8120012
:102C60000720ADF8140001A9064800F07FF8002104
:102C7000044800F009F80121024800F005F806B008
:102C800010BD0000003C004021B1028842F040022B
:102C9000028004E002884FF6BF731A40028070473A
:102CA00010B504462448844208D101218014FFF75E
:102CB000E1FB0021A014FFF7DDFB3CE01F4884424C
:102CC00008D101210014FFF7B5FB00212014FFF704
:102CD000B1FB30E01A48844208D10121C013FFF74C
:102CE000A9FB0021E013FFF7A5FB24E0154884426F
:102CF00008D101214014FFF7BDFB00216014FFF74C
:102D0000B9FB18E01048844209D101210805FFF7FA
:102D1000B1FB00214FF48010FFF7ACFB0BE00B4838
:102D2000844208D101214805FFF7A4FB00214FF49C
:102D30000010FFF79FFB10BD00300140003800403D
:102D4000003C00400034014000500140005401406C
:102D50000246002013890B400BB1012000E0002047
:102D600070470146888970478181704710B50022FD
:102D7000028802F441520B884C8823438C882343F9
:102D8000CC8823430C8923434C8923438C892343D8
:102D9000CC8923431A430280838B4FF2FF74234074
:102DA00083830B8A038210BD10B500BF02210B483C
:102DB000FFF7CEFF0028F9D0FF210848FFF7D4FF26
:102DC00000BF01210548FFF7C3FF0028F9D00348E1
:102DD000FFF7C7FFC4B2204610BD0000003C004012
:102DE00070B5044600BF02210A48FFF7B1FF002872
:102DF000F9D021460748FFF7B7FF00BF012105487A
:102E0000FFF7A6FF0028F9D00248FFF7AAFFC5B2D6
:102E1000284670BD003C004010B5044600BF0221AA
:102E20000948FFF795FF0028F9D021460648FFF72B
:102E30009BFF00BF01210448FFF78AFF0028F9D05B
:102E40000148FFF78EFF10BD003C004001461C48C2
:102E5000814201D2002070471A48814201D20820E5
:102E6000F9E71948814201D21020F4E7174881425E
:102E700001D21820EFE71648814201D22020EAE76C
:102E80001448814201D22820E5E71348814201D24B
:102E90003020E0E71148814201D23820DBE71048BA
:102EA000814201D24020D6E70E48814201D248201B
:102EB000D1E70D48814201D25020CCE75820CAE723
:102EC000004000080080000800C000080000010861
:102ED00000000208000004080000060800000808BE
:102EE00000000A0800000C0800000E0830B5034678
:102EF0000C461546002206E0184600F007F844F894
:102F000022001B1D521CAA42F6D330BD01460868A0
:102F1000704700002DE9F04704460E4617464FF073
:102F200009080025A946B4F1006F02D304F003009C
:102F300008B1BDE8F087FEF75FFF0020FEF7AAFEAC
:102F4000254604EB87091848854215D211E028462A
:102F5000FFF7DCFF401C58B12846FFF777FF824699
:102F60000221FEF7A9FE8046B8F1090F01D002E068
:102F70002D1D4D45EBD300BFB8F1090F0CD108E072
:102F800020463168FEF710FF092800D003E0241D19
:102F9000361D4C45F4D300BF0120FEF77BFEFEF743
:102FA000F9FE00BFC5E700000000FF1F30B52DEDA2
:102FB0000A8B8DB005460C4695ED040A8DED080A86
:102FC00095ED050A8DED090A94ED010A8DED0A0AC9
:102FD00094ED020A8DED0B0A94ED030A8DED0C0AB7
:102FE000052108A800F06CFD9DED0C0A10EE101AEA
:102FF0000846FDF770FB41EC180B9DED0B0A10EE37
:10300000101A0846FDF767FB41EC190B9DED0A0A03
:1030100010EE101A0846FDF75EFB41EC1A0B9DED11
:10302000090A10EE101A0846FDF755FB41EC1B0B80
:103030009DED080A10EE101A0846FDF74CFB41EC16
:103040001C0B8DED068B8DED049B8DED02AB8DED94
:1030500000BB53EC1C2B034802F02AFD0DB0BDEC65
:103060000A8B30BD30D503080CB5002001900090CC
:103070003448006840F480303249086000BF31486D
:10308000006800F4003000900198401C0190009806
:1030900018B90198B0F5A04FF1D12A48006800F4A2
:1030A000003010B10120009001E000200090009855
:1030B000012846D123484030006840F08050214923
:1030C000403108602048006840F440401E490860D4
:1030D0001C48083000681B49083108600846006831
:1030E00040F4004008600846006840F4A0500860C2
:1030F0001648091F0860081F006840F08070091F0B
:10310000086000BF0F48006800F000700028F9D088
:1031100040F205700E4908600A480830006820F047
:1031200003000849083108600846006840F00200C2
:10313000086000BF03480830006800F00C00082851
:10314000F8D10CBD00380240007000400854400720
:10315000003C0240042808D14FF0E021096941F009
:1031600004014FF0E022116107E04FF0E02109690E
:1031700021F004014FF0E0221161704710B50EF00C
:10318000E7FF012802D00EF0DDFC04E002480068F1
:10319000401C0149086010BD8404002010B515488A
:1031A000006840F47000134908601348006840F05C
:1031B00001001149086000200F49083108600E48DD
:1031C00000680E4908400C4908600D48091D086058
:1031D000081F006820F48020091F086000200649AD
:1031E0000C310860FFF740FF4FF000600149803963
:1031F000086010BD88ED00E000380240FFFFF6FED9
:1032000010300024F0B50C46154600210022068C33
:103210004FF6FE773E400684018B028C4FF60C760B
:1032200031407E1C06EA03162E4331434FF6F576F5
:10323000324044F00106324301830284F0BDF0B510
:103240000C461546002100220026078C4FF6EF7C25
:1032500007EA0C070784018B028C4FF6FF7707EA19
:10326000041640F6FF4739404FF6FF7707EA033769
:1032700039434FF6FF7707EA052739434FF65F7763
:103280003A4046F010073A4301830284F0BDF0B59E
:103290000C461546002100220026078C4FF6FF6CD5
:1032A00007EA0C070784818B028C4FF6FF7707EA49
:1032B00004264FF60C7739404FF6FF7707EA0317DD
:1032C0002F4339434FF2FF573A4046F480773A4351
:1032D00081830284F0BDF0B50C4615460021002222
:1032E0000026078C4EF6FF7C07EA0C070784818BCB
:1032F000028C4FF6FF7707EA043640F6FF47394065
:103300004FF6FF7707EA052739434FF6FF7707EABD
:103310000337394345F6FF773A4046F480573A433E
:1033200081830284F0BD000008B5002000900421D4
:103330001B4800F095F910B34FF48061184800F075
:1033400086F9174800F080F9164908800846008879
:1033500015490988401A1549088012480088124901
:10336000088000236A461149114800680EF0BCFD30
:103370000120104908700421094800F085F8012156
:10338000074800F06DF950B10A4800780A49087002
:103390000020084908700121014800F075F808BDB7
:1033A000004001400C040020080400200E0400200E
:1033B000040400200A0400200B04002010B50121A1
:1033C000284800F04DF900284BD072B62648007A04
:1033D000F8B125484068401C2349486008464069C8
:1033E000012804D108460069401C086104E01E4819
:1033F0000069401E1C4908611B4840681A49096859
:10340000884206D30021174800F015FA002016491B
:1034100008721648007AF8B114484068401C1349F5
:10342000486008464069012804D108460069401CEC
:10343000086104E00D480069401E0C4908610B4812
:1034400040680A490968884206D30021054800F00F
:10345000F6F900200549087262B60121014800F022
:1034600013F810BD000C00408C040020A4040020C0
:1034700021B1028842F08002028004E002884FF607
:103480007F731A4002807047CA430282704721B19D
:10349000028842F00102028004E002884FF6FE73C7
:1034A0001A40028070471AB183890B43838102E07E
:1034B00083898B438381704710B504465548844205
:1034C00008D101210846FEF7D5FF00210120FEF7B3
:1034D000D1FF9DE0B4F1804F08D101210846FEF7ED
:1034E000A9FF00210120FEF7A5FF91E04A48844290
:1034F00008D101210220FEF79DFF00210220FEF7E6
:1035000099FF85E04548844208D101210420FEF757
:1035100091FF00210420FEF78DFF79E040488442AE
:1035200008D101210820FEF785FF00210820FEF7C1
:1035300081FF6DE03B48844208D101211020FEF755
:1035400079FF00211020FEF775FF61E036488442C4
:1035500008D101212020FEF76DFF00212020FEF779
:1035600069FF55E03148844208D101210220FEF76D
:1035700081FF00210220FEF77DFF49E02C488442B4
:1035800009D101210804FEF775FF00214FF48030B6
:10359000FEF770FF3CE02748844209D1012148042E
:1035A000FEF768FF00214FF40030FEF763FF2FE0C5
:1035B0002148844209D101218804FEF75BFF0021E4
:1035C0004FF48020FEF756FF22E01C48844208D1C9
:1035D00001214020FEF72EFF00214020FEF72AFFA8
:1035E00016E01748844208D101218020FEF722FF0F
:1035F00000218020FEF71EFF0AE01248844207D116
:1036000001218015FEF716FF0021A015FEF712FF1D
:1036100010BD000000000140000400400008004010
:10362000000C004000100040001400400004014065
:1036300000400140004401400048014000180040A3
:10364000001C0040002000400146886B7047024685
:103650000020138A0B400BB1012000E000207047CE
:1036600030B50246002000230024158A05EA010334
:10367000958905EA010413B10CB1012000E0002096
:1036800030BD70B505460C46208850B92389A28804
:1036900061882846FFF7B6FDE188284600F0D3F898
:1036A00025E0208804280AD12389A2886188284639
:1036B000FFF7C5FDE188284600F0CEF817E0208826
:1036C00008280AD12389A28861882846FFF7DFFDF0
:1036D000E188284600F0CDF809E02389A2886188B6
:1036E0002846FFF7F8FDE188284600F0CBF870BDCA
:1036F000002101804180012181800021C180018160
:1037000070471AB183890B43838102E083898B431D
:103710008381704770B5002400220023058C4FF68A
:10372000FE7635400584028C8388048B4FF68F75B6
:103730002C40B51E2C400D882C43751E2A408D89C7
:103740002A434D882A43104DA84202D00F4DA8426B
:1037500013D14FF6F7752A40CD892A434FF6FB75F2
:103760002A408D882A434FF6FF652B404FF6FF55C0
:103770002B400D8A2B434D8A2B43838004838D6815
:103780004563028470BD0000000001400004014058
:103790000A460021018B4FF6F7731940114301834C
:1037A0007047000070B5002200230024058C4EF6FF
:1037B000FF7635400584038C8488828B48F6FF753C
:1037C0002A404FF6FF452A400D884FF6FF7606EA5D
:1037D00005252A434DF6FF752B408D8906EA0535F0
:1037E0002B434D8806EA05352B430A4DA84202D0EB
:1037F000094DA84208D14BF6FF752C400D8A4FF6B3
:10380000FF7606EA85152C43848082838D680564E3
:10381000038470BD00000140000401400A460021FD
:10382000818B4FF2FF7319404FF6FF7303EA0223B7
:103830001943818370474163704781637047C16357
:10384000704701647047028B4FF6F3731A4002838E
:10385000028B0A4302837047028B4FF2FF331A40F8
:103860000283028B4FF6FF7303EA01231A4302839C
:103870007047828B4FF6F3731A408283828B0A4320
:1038800082837047828B4FF2FF331A408283828B90
:103890004FF6FF7303EA01231A4382837047000047
:1038A00000220288184B98420ED0184B98420BD039
:1038B000B0F1804F08D0164B984205D0154B984276
:1038C00002D0154B984204D14FF68F731A404B88A3
:1038D0001A43124B984207D0114B984204D04FF62E
:1038E000FF431A400B891A4302804B68C3620B885E
:1038F0000385054B984202D0044B984201D18B7A44
:1039000003860123838270470000014000040140C8
:103910000004004000080040000C0040001000407F
:10392000001400404FF0FF3141600021018001810F
:10393000418081727047000000B587B001210C20E2
:10394000FEF748FD01210805FEF764FD08220C2161
:103950002648FEF7BCFA082202212548FEF7B7FAEE
:1039600002208DF8180000208DF81A0001208DF833
:103970001B0002208DF81900C002059005A91B4804
:10398000FEF75DFA0420059005A91948FEF757FADD
:103990004FF4E13001900020ADF810000820ADF8A0
:1039A0000E000020ADF80C00ADF80A00ADF80800DC
:1039B00001A9104800F028F901210E4800F0C9F8CB
:1039C00035208DF8000003208DF801008DF80200ED
:1039D00001208DF803006846FEF7AEFC002240F29D
:1039E0002771044800F0EBF807B000BD0008024062
:1039F000000C02400050004010B540F227711448FE
:103A000000F0B3F818B313480088134909888842B6
:103A100012D012480F4A1288815C0D4800F063F9F9
:103A20000C490988481CC11700EB5161C911A0EB72
:103A3000C111084A118005E0002240F227710448B4
:103A400000F0BDF840F22771014800F073F810BD96
:103A500000500040CE040020CC040020E08C002068
:103A600070B504460D46002017E0114B1B88591C09
:103A7000CB1701EB5363DB11A1EBC3139AB20D49D2
:103A800009888A4200D170BD215C0B4B084E3688F4
:103A9000995507490A80411C88B2A842E5DB0122FA
:103AA00040F22771054800F08AF800BFEBE70000FC
:103AB000CC040020CE040020E08C00200050004008
:103AC00030B587B004460D46AA208DF80400552075
:103AD0008DF80500AA0021460DF10600FCF73AFC1E
:103AE00014210DF10600FDF7A1F88DF81A000D2044
:103AF0008DF81B00182101A8FFF7B2FF07B030BDF9
:103B00001CB50020009040F22551084800F02DF827
:103B100058B1064800F0E2F8C0B2019000236A46AE
:103B200001A9034800680EF0DFF91CBD0010014038
:103B3000D404002010B50022002340F66A14A142EC
:103B400000D100BF0A1201249440A3B2DC430480D8
:103B500010BD21B1828942F40052828104E0828941
:103B60004DF6FF731A408281704770B502460024FB
:103B700000230025002040F66A16B14200D100BFA4
:103B8000C1F3421501F01F03012606FA03F3012DCC
:103B900002D19689334006E0022D02D1168A3340C5
:103BA00001E0968A33400C12012606FA04F41688C6
:103BB000344013B10CB1012000E0002070BDF0B51D
:103BC0000346002400260025002040F66A17B9426B
:103BD00000D100BF1846C1F3421401F01F060127AF
:103BE00007FA06F5012C01D10C3004E0022C01D1BA
:103BF000103000E014301AB107682F43076002E06C
:103C00000768AF430760F0BD2DE9FF4705460E4644
:103C10000024A14600BFA046B08900B100BF2C8A95
:103C200024F44054F08804432C82AC8941F20C60A7
:103C30008443B08831890843718908430443AC81C7
:103C4000AC8A24F44074B0890443AC826846FEF721
:103C500021FC2048854202D01F48854202D1DDF870
:103C60000C9001E0DDF80890A88900F4004040B114
:103C700009EBC90000EB091031684900B0FBF1F70E
:103C800007E009EBC90000EB091031688900B0FBBF
:103C9000F1F76420B7FBF0F004012009642101FB77
:103CA0001078A88900F4004040B1322000EBC80031
:103CB000B0FBF1F000F00700044308E0322000EB15
:103CC00008106421B0FBF1F000F00F0004432C81D8
:103CD000BDE8FF87001001400014014001468888BC
:103CE000C0F308007047C1F308028280704770B5C6
:103CF00004460D46D4F8E40529464268204690471C
:103D0000002070BD70B504460D464FF48970005D0B
:103D1000022802D0032812D100E000BF68880128E1
:103D20000CD100214FF48C700151D4F8E4052946E0
:103D3000826820469047204600F075F804E0294646
:103D4000204600F021F800BF00BF70BD2DE9F04112
:103D500006460C46154600272B46224600213046D3
:103D6000FCF7EEFF3846BDE8F0812DE9F04106464C
:103D70000C46154600272B46224600213046FDF70B
:103D80003AF83846BDE8F08170B504460D4680210A
:103D90002046FDF70CF800212046FDF708F82046E4
:103DA00001F06EF970BD2DE9F04104460E4615464E
:103DB0000027C4F89453C4F89053032140F2111023
:103DC00001552B46324600212046FCF7B9FF384604
:103DD000BDE8F08170B504460025052140F21110C0
:103DE000015500231A4619462046FCF7A9FF204634
:103DF00001F046F9284670BD2DE9F04104460E4613
:103E000015460027C4F83C51C4F83851022140F24D
:103E1000111001552B46324600212046FCF7EBFFDE
:103E20003846BDE8F08170B504460025042140F213
:103E30001110015500231A4619462046FCF7DBFFF6
:103E4000204601F01DF9284670BD70B505460E46A6
:103E5000002E5DD105F58E7440F21110405D0228F0
:103E600049D1A168E069884217D9A168E069401A80
:103E7000E061E878012803D1D4E902100844E06049
:103E8000A08B82B22846E168FFF76FFF00231A4635
:103E900019462846FCF754FF2DE0A168206AB0FBC4
:103EA000F1F201FB1200A8B9A168206A884211D37F
:103EB000D4E9080188420DD2002211462846FFF7B6
:103EC00054FF0020606200231A4619462846FCF77A
:103ED00037FF10E0D5F8E405C06848B14FF48970A9
:103EE000405D032804D1D5F8E405C1682846884719
:103EF0002846FFF76FFF4FF48B70405D012816D105
:103F0000284600F063FA00214FF48B7041550EE013
:103F1000D5F8E405406950B14FF48970405D03283D
:103F200005D1D5F8E405314642692846904700207E
:103F300070BD70B505460E46A6BB05F55D7440F232
:103F40001110405D03283DD1A168E069884217D96E
:103F5000A168E069401AE061E878012803D1D4E95A
:103F600002100844E060A368E069984201D2E06969
:103F700000E0A06882B22846E168FFF7E7FE21E092
:103F8000D5F8E405006948B14FF48970405D032815
:103F900004D1D5F8E4050169284688472846FFF78B
:103FA00042FF0FE0FFE7D5F8E405806950B14FF418
:103FB0008970405D032805D1D5F8E4053146826952
:103FC00028469047002070BD014600207047000041
:103FD00070B504460D46E888012804D029462046DD
:103FE000FFF7D2FE1AE04FF48970005D022802D07C
:103FF00003280DD105E0012209492046FFF7FCFE08
:104000000BE0012204F588712046FFF7F5FE04E07D
:1040100029462046FFF7B8FE00BF00BF70BD000074
:10402000D4020020F8B504460E46F088009070884F
:104030000012082862D2DFE800F061040C18616108
:10404000575CA078D4F8EC150A6869469047054695
:1040500059E0A078D4F8E4158A6A69469047054685
:1040600002216970C4F8F0554DE0B078062834D2CA
:10407000DFE800F0030B131B232BA078D4F8EC151A
:104080004A686946904705462CE0A078D4F8EC15BC
:104090008A6869469047054624E0A078D4F8EC1574
:1040A000CA686946904705461CE0A078D4F8EC152C
:1040B0000A6969469047054614E0A078D4F8EC15E3
:1040C0004A696946904705460CE0A078D4F8EC159B
:1040D0008A6969469047054604E031462046FFF765
:1040E00053FEF8BD00BF0EE031462046FFF74CFE00
:1040F000F7E731462046FFF747FEF2E73146204614
:10410000FFF742FEEDE700BFBDF8000088B1F08880
:1041100078B1F088BDF80010884202DDBDF80000DB
:1041200000E0F0880090BDF8002029462046FFF707
:1041300063FE00BFD5E70146002002E0421CD0B27A
:10414000491C0A78002AF9D17047000070B504466E
:104150000D464FF48970005D022802D0032813D168
:1041600000E000BF01200C4908604FF48C7000593A
:1041700020B10846006840F00200086002220649AB
:104180002046FFF739FE04E029462046FFF7FCFDF4
:1041900000BF00BF70BD0000D80200202DE9F04133
:1041A00004460D4617460026FCB12046FFF7C3FF24
:1041B000022101EB400038803A783046711CCEB2C3
:1041C0002A5403223046711CCEB22A540AE014F855
:1041D000012B3046711CCEB22A5400223046711C8D
:1041E000CEB22A5420780028F1D1BDE8F0812DE923
:1041F000F04104460F4615461E46DDF8188020465D
:1042000000F030FC2046FFF7DFFEC4F8E465C4F898
:10421000E885C4F8EC5539462046FDF76DF9D4F829
:10422000E81508688047204600F006FCBDE8F081EC
:1042300010B50446D4F8E405016A204688470020FA
:1042400010BD10B50446D4F8E405416A20468847FD
:10425000002010BD7CB505460024284601F00CFA6C
:10426000002865D0284601F012FA0190019808B99B
:1042700000207CBD0198C0F3C04018B12846FCF76F
:1042800041FF04430198C0F3804018B12846FCF771
:10429000A5FE04430198C0F3400050B100200090F7
:1042A000009820F00200801C00900098E9684861A6
:1042B00000BF0198C00F18B12846FCF7A3FF0443C4
:1042C0000198C0F3C02018B12846FDF73FF8044319
:1042D0000198C0F3C00018B12846FDF721F8044347
:1042E0000198C0F3001018B12846FCF7C1FF044341
:1042F0000198C0F3003018B12846FDF77BF804435D
:104300000198C0F3403018B12846FCF79BFD0443E8
:104310000198C0F3005018B12846FDF73BF904435B
:104320000198C0F3405018B12846FDF749F90443FD
:1043300020469EE790F8CC250A7090F8CD254A706B
:1043400090F8CE3590F8CF2503EB02224A8090F802
:10435000D03590F8D12503EB02228A8090F8D2352F
:1043600090F8D32503EB0222CA80CB884FF4A072C9
:104370001350012340F211121354704710B5044634
:104380000023402219462046FCF7A6FC00234022C9
:1043900080212046FCF7A0FC01214FF489700155D3
:1043A000A078D4F8E82551688847002010BD10B5E2
:1043B0000446D4F8E8150869804740F21310015DFF
:1043C000401E015503210155002010BD0146034840
:1043D0000268086942600020704700009C020020CB
:1043E00010B50446D4F8E405C06920B1D4F8E4055A
:1043F000C16920468847002010BD70B504460D46AF
:10440000A88818BBE88808BBA87800F07F064FF49E
:104410008970005D032804D129462046FFF7B4FCCB
:1044200018E04FF48A70065531462046FCF7B1FC7F
:104430002046FFF7F8FC26B102214FF489700155A0
:1044400008E001214FF48970015503E02946204618
:10445000FFF79AFC70BD70B504460D46D4F8E4052C
:104460002946026820469047D4F8E81588688047B6
:10447000002070BD70B504460D46A878304908701C
:1044800008460078012804DD29462046FFF77CFC19
:1044900055E04FF48970005D022802D0032848D10E
:1044A00017E02748007880B12548007884F810018B
:1044B00003214FF489700155214801782046FFF708
:1044C000CAFF2046FFF7AFFC02E02046FFF7ABFC37
:1044D00034E01B48007880B902214FF489700155FF
:1044E0001748007884F81001154801782046FFF736
:1044F000FEFB2046FFF797FC1AE094F810011049E4
:104500000978884211D094F810112046FFF7EFFB8C
:104510000B48007884F81001094801782046FFF71D
:104520009AFF2046FFF77FFC02E02046FFF77BFC66
:1045300004E029462046FFF727FC00BF00BF70BDFE
:10454000DC020020F8B504460D46002668880128E4
:104550000DD101214FF48C700151D4F8E4052946A6
:104560008268204690472046FFF75DFC3FE0688860
:1045700002283CD12879D0BB206940680090A888E7
:104580000612062E22D2DFE806F02103090F151BC2
:10459000009820F07000103000901DE0009820F08E
:1045A00070002030009017E0009820F0700030304C
:1045B000009011E0009820F07000403000900BE077
:1045C000009820F070005030009005E0009820F036
:1045D00070001030009000BF00BF054800990160D6
:1045E00001214FF48B7001552046FFF71CFCF8BDEC
:1045F0009C0200201CB5044669462046FFF79AFE3F
:104600009DF8000000F01F0020B1012807D002280B
:104610000FD109E06946204600F016F811E069461E
:10462000204600F007F90CE06946204600F046F805
:1046300007E09DF8000000F080012046FCF7B7FB82
:1046400000BF00BF00201CBD70B505460C4600260B
:1046500060780A2829D2DFE800F01923281E280AEA
:104660000528140F21462846FFF7DCFC22E02146EE
:104670002846FFF7C2FE1DE021462846FFF7FAFE56
:1046800018E021462846FFF7A3FC13E02146284600
:10469000FFF75CFD0EE021462846FFF753FF09E0D7
:1046A00021462846FFF72EFB04E021462846FFF767
:1046B0006BFB00BF00BF304670BD00002DE9F0412C
:1046C00005460E4600273479307800F06000202837
:1046D00008D1D5F8E4053146826828469047384627
:1046E000BDE8F0817078002857D001282BD003282E
:1046F00075D14FF48970405D022802D003281BD188
:1047000007E02CB1802C03D021462846FCF74FFB54
:1047100017E0708830B92CB1802C03D02146284690
:10472000FCF745FBD5F8E4053146826828469047FA
:104730002846FFF778FB04E031462846FFF724FBC4
:1047400000BF00BF70E04FF48970405D022802D0C6
:1047500003281BD107E02CB1802C03D0214628462A
:10476000FCF725FB17E0708878B95CB1802C09D084
:1047700021462846FCF78CFAD5F8E40531468268D4
:10478000284690472846FFF74EFB04E0314628466E
:10479000FFF7FAFA00BF00BF46E04FF48970405DB2
:1047A000022802D0032837D107E02CB1802C03D097
:1047B00021462846FCF7FBFA33E004F0800080280D
:1047C00012D104F07F0000EB800105F58E7000EB44
:1047D000C100807820B101201549086016E022E070
:1047E00000201349086011E004F0800070B904EB68
:1047F000840105F55D7000EBC100807818B10120DF
:104800000B49086002E000200949086002220849BB
:104810002846FFF7F1FA04E031462846FFF7B4FADC
:1048200000BF00BF00E000BF00BF384658E70000EF
:10483000D002002070B504460D4600264FF4897062
:10484000005D032814D1287901280CDCD4F8E40594
:104850002946826820469047E88840B93EB92046FC
:10486000FFF7E1FA03E029462046FFF78DFA04E05E
:1048700029462046FFF788FA00BF00BF304670BDCA
:1048800010B504464FF48970015D401C01550421A8
:10489000401E0155D4F8E815C8688047002010BDB7
:1048A00070B505460C462DB92246064906A0FFF70D
:1048B00075FC04E02246034903A0FFF76FFC0148A2
:1048C00070BD0000140F002056435020436F6E66E9
:1048D0006967000001200149087070476C020020E0
:1048E00001200149087070476C0200200246122026
:1048F0000880014870470000300200200020014974
:10490000087070476C02002010B1012802D100E04D
:1049100001E000E000BF00BF704770470020014980
:10492000087070476C0200207047000070B50546A3
:104930000C462DB92246064906A0FFF72FFC04E0DD
:104940002246034903A0FFF729FC014870BD00007F
:10495000140F002056435020496E746572666163DF
:1049600065000000024604200880014870470000EE
:104970004C02002070B505460C462246024903A0B1
:10498000FFF70CFC004870BD140F002053544D6914
:1049900063726F656C656374726F6E696373000038
:1049A00070B505460C462DB92246064906A0FFF70C
:1049B000F5FB04E0224603490CA0FFF7EFFB01489A
:1049C00070BD0000140F002053544D33322056693F
:1049D000727475616C20436F6D506F727420696ED4
:1049E000204853206D6F64650000000053544D3320
:1049F00032205669727475616C20436F6D506F720E
:104A00007420696E204653204D6F646500000000DD
:104A100070B505460C461A202080FDF795FA01482E
:104A200070BD00005002002002464320088001486B
:104A3000704700003003002038B504464FF4407042
:104A4000FDF7B6FC43208DF8000007208DF801002B
:104A500000208DF8020001208DF803006846FDF764
:104A60006BFC38BD1CB5044601210846FDF7B2FCBD
:104A70004FF4C050009003208DF8050002208DF8FF
:104A8000040000208DF806008DF8070069460B48E9
:104A9000FDF7D5F90A220B210848FDF718FA0A227A
:104AA0000C210648FDF713FA01218803FDF7D2FC1B
:104AB00001218020FDF79EFC1CBD0000000002408B
:104AC00010B504464FF47A7104FB01F000F001F8D0
:104AD00010BD10B50022C0EB0013DB000724B3FBB0
:104AE000F4F100BF531C1A468B4200D910BDF9E700
:104AF0003EB5044600250020029001900090207AE7
:104B000001283DD1E068806B0190019820F480304D
:104B10000190607A28B1019820F4801000F580108F
:104B200001900198E168886300200290E068C06805
:104B30000290029820F040000290029820F4800039
:104B40000290029820F400300290029820F4002095
:104B500002900298E168C860204600F063F9E078AE
:104B6000012843D1009820F01E000A3000900098E0
:104B700020F02000203000900098E168886035E047
:104B8000E068C0680290029820F040004030029037
:104B90000298E168C860204600F044F900200190C6
:104BA000019820F4803000F580300190019820F4C5
:104BB000802000F580200190019820F4002000F56D
:104BC00000200190019820F4001000F500100190E1
:104BD000607A28B1019820F4801000F580100190CF
:104BE0000198E16888631420FFF76AFFE0780128E4
:104BF0000FD1E06880680090009820F01E000A3015
:104C00000090009820F02000203000900098E1688B
:104C1000886028463EBD70B588B004460026002056
:104C2000079006900590049003900021D4F80C01A1
:104C30000160206900680690069820F4C050069034
:104C4000069920690160E07A01283FD103212046BE
:104C500000F006FD8020E1684862059880B200F50A
:104C60000010059005986FF30F00803005900598AF
:104C7000E1688862059800EB1041049861F30F0029
:104C80000490049880B200F5000004900498E16854
:104C9000C1F80401049800EB104161F30F00049087
:104CA000049880B200F5001004900499E068C0F800
:104CB0000811049800EB104161F30F000490049870
:104CC00080B204900499E068C0F80C1110212046CD
:104CD00000F07AFC204600F051FC002120690161BF
:104CE00020694161491E2069816100212069C161FB
:104CF00000252CE004F1180050F82500006807900A
:104D00000798C00F70B100200790079820F08040EE
:104D100000F180400790079820F0006000F10060EB
:104D2000079001E00020079004F1180050F82500DA
:104D300007990160002104F1180050F82500016175
:104D4000FF2104F1180050F8250081606D1C607887
:104D5000A842CFD800252CE004F1540050F82500DB
:104D6000006801900198C00F70B100200190019877
:104D700020F0804000F180400190019820F0006018
:104D800000F10060019001E00020019004F1540066
:104D900050F8250001990160002104F1540050F8F9
:104DA00025000161FF2104F1540050F825008160C5
:104DB0006D1C6078A842CFD800200390039820F49F
:104DC000807000F580700390206900690399884322
:104DD000084321690861E07801281DD10020029074
:104DE000029820F00100401C0290029820F002007E
:104DF000801C02904021029861F38A000290029880
:104E000020F4803000F580300290029861F3594020
:104E10000290029920690163204600F050FB304661
:104E200008B070BDF8B504460026002500200090AB
:104E300000BF0320FFF74DFEE06800690090681C8A
:104E400005461349884201D90020F8BD0098C00FDB
:104E50000028EED00025009820F00100401C0090B2
:104E60000098E168086100BFE06800690090681C74
:104E700005460749884200D904E0009800F0010087
:104E80000028F1D100BF0320FFF723FE3046DCE706
:104E9000400D030008B50146002000220092009A50
:104EA00022F00102521C0092CA689268009B9A4349
:104EB000CB689A6008BD0EB5014600200022009222
:104EC0000A69926802928A6912680192029AC2F390
:104ED000410232B1012A05D0022A09D0032A0DD19C
:104EE00001E000BF00BF019A6FF30A0201920AE0DD
:104EF000019A6FF30A02D21C019204E0019A6FF347
:104F00000A02019200BF00BF019B8A691360009AE8
:104F100022F4807202F5807200920A695268009B46
:104F20009A431A430B695A600EBDFCB50246002035
:104F300000240025019500954D78012D52D19369EB
:104F40001D6801951D6900954D6955B9009D25F0B5
:104F50007F050095009D25F4002505F500250095A9
:104F600016E08E684D69B54207D98D684D610E7A9D
:104F7000009D66F30605009504E00E7D009D66F336
:104F800006050095009D25F4002505F500250095F2
:104F9000009D1D61D578012D06D10F7802F118050D
:104FA00055F827500E696E61019D25F0806505F169
:104FB00080650195019D25F0004505F100450195AD
:104FC000019D1D60D578002D59D14D69002D56D019
:104FD0000E780125B5402C4315696D6B2543166984
:104FE00075634CE00E7802F1540555F826502D6893
:104FF00001950E7802F1540555F826502D6900955B
:105000004D695DB90E7A009D66F306050095009D19
:1050100025F4002505F5002500950CE08D684D610F
:105020000E7A009D66F306050095009D25F4002587
:1050300005F5002500950F7802F1540555F8275025
:10504000009E2E61D578012D06D10F7802F154050E
:1050500055F827500E696E61019D25F0806505F1B8
:1050600080650195019D25F0004505F100450195FC
:105070000F7802F1540555F82750019E2E60FCBDB3
:105080000CB500210191019921F0C04101F1C0410D
:105090000191019921F4002101F50021019101996B
:1050A00021F07F0118310191019A416D0A61C178A7
:1050B000012915D10021009100F2CC51426D5161BE
:1050C000416D09680091009921F0004101F1004112
:1050D00000914FF080210091009A416D0A6000BF5D
:1050E0000CBD3CB5024600200024019400944C788D
:1050F000012C0CD10D7802F1180454F825300D78EC
:105100000124AC40009D64F30F0500950BE00D7881
:1051100002F1540454F825300D780124AC40009D70
:1051200064F31F4500951C680194019CC4F3C034CE
:10513000E4B90D89019C65F30A040194CD78019CC2
:1051400065F3934401948D79019C65F3995401941E
:10515000019C24F0805404F180540194019C24F4B7
:10516000004404F500440194019C1C601469E46946
:10517000009D2C431569EC613CBD38B50346002009
:10518000002400944C78012C05D10D7803F118040B
:1051900054F8252004E00D7803F1540454F8252038
:1051A00014680094009C24F400140094CC78032C20
:1051B00002D0CC78022C05D1009C24F0805404F15C
:1051C00080540094009C146038BD3CB50246002019
:1051D0000024019400944C78012C0CD10D7802F13C
:1051E000180454F825300D780124AC40009D64F378
:1051F0000F0500950BE00D7802F1540454F82530AA
:105200000D780124AC40009D64F31F450095019C7E
:1052100024F400440194019C1C601469E469009D1D
:10522000AC431569EC613CBD38B503460A46002025
:10523000002400945478012C18D1157803F1180437
:1052400054F825100C680094009CE40F2CB1009CCD
:1052500024F0804404F180440094009C24F4001461
:1052600004F500140094009C0C600EE0157803F126
:10527000540454F825100C680094009C24F4001485
:1052800004F500140094009C0C6038BDFEB5054682
:105290000C4600260027002002900190607801282B
:1052A0007ED1217805F1180050F8210000680290A5
:1052B000217805F1180050F821000069019060691B
:1052C00048B901986FF3120001900121019861F330
:1052D000DC40019017E06169019861F312000190D0
:1052E0006069401EA1680844B0FBF1F1019861F3C8
:1052F000DC400190E078012805D1019820F0C04001
:1053000000F100500190227805F1180050F82200B9
:1053100001990161E878012807D1227805F1180088
:1053200050F82200216941610DE0E07801280AD09F
:10533000606940B12178012000FA01F72869406BCB
:10534000384329694863E078012813D128698068C7
:1053500000900098C0F3002030B9029820F000506F
:1053600000F10050029005E0029820F0805000F11A
:1053700080500290029820F0806000F180600290DE
:10538000029820F0004000F100400290227805F1E0
:10539000180050F8220002990160E078012800E02E
:1053A00008E070D1A08A83B222782846E16800F034
:1053B00034FA68E0217805F1540050F821000068C3
:1053C0000290217805F1540050F821000069019005
:1053D000606950B9A168019861F312000190012140
:1053E000019861F3DC40019017E0A068401E6169FC
:1053F0000844A168B0FBF1F1019861F3DC40019031
:105400000198C0F3C940A1684843019960F31201B3
:1054100001910198C0F312006061227805F15400F7
:1054200050F8220001990161E878012806D122781C
:1054300005F1540050F8220021694161E07801280B
:105440000ED1607930B1029820F0005000F1005088
:10545000029005E0029820F0805000F18050029008
:10546000029820F0806000F180600290029820F0A5
:10547000004000F100400290227805F1540050F8FD
:105480002200029901603046FEBD08B5002100915E
:10549000491EC26851606FF08041C2685161009935
:1054A00021F0004101F100410091009921F40061D7
:1054B00001F5006100910099C268916108BD38B59D
:1054C0000446002500200090E16888616FF080406C
:1054D000E16848612046FFF7D8FFE07820B90098DE
:1054E00020F0100010300090009820F4006000F5CB
:1054F00000600090009820F4805000F580500090EB
:10550000009820F4005000F500500090009820F41E
:10551000802000F580200090009820F4002000F505
:1055200000200090009820F00800083000900098BB
:1055300020F4801000F580100090009820F40010F6
:1055400000F500100090E0688069009988430843E6
:10555000E1688861284638BD08B501460020002270
:105560000092009A22F00102521C0092CA689268CE
:10557000009B1A43CB689A6008BD0000F8B504464A
:105580000025002600200090009820F01000103028
:1055900000900098E168086100BFE0680069009031
:1055A000701C06460749884200D904E00098C0F301
:1055B00000100028F1D100BF0320FFF78AFA284627
:1055C000F8BD0000400D0300F8B504460D46002666
:1055D000002700200090009820F02000203000904C
:1055E000009865F38A1000900098E168086100BF98
:1055F000E06800690090781C07460749884200D996
:1056000004E00098C0F340100028F1D100BF03204F
:10561000FFF75FFA3046F8BD400D030008B50146BC
:1056200000200A6992680092009AC2F3410232B1E6
:10563000012A06D0022A07D0032A07D102E003205C
:1056400006E000BF022003E0012001E0022000BFCD
:1056500000BF08BD0146C868406900F001007047FE
:1056600008B5026912680092009A61F30102009283
:10567000009B0269136008BD00B502461046FFF7A3
:10568000E9FF012801D0012000BD0020FCE7014610
:105690000020CA685069CA68926910407047014684
:1056A000086982690869C069024090B27047014682
:1056B000086982690869C0690240100C7047024697
:1056C00002F1540353F82130986813695B6918405C
:1056D0007047F0B503460024D01CC71700EB97773E
:1056E000BD10D3F8D06000BF03E030680860091D2A
:1056F000641CAC42F9D30846F0BD000070B5024608
:105700000C46002300200025D5700125957040250A
:105710009580012C0CD14FF0A0430125D5720825AE
:105720001570042555709D15D580022515720AE067
:105730004CB9254B0025D5720C25157006255570E2
:105740004FF4A065D580D36003F500651561002195
:1057500010E003F5106505EB411602F1180545F858
:10576000216003F5306505EB411602F1540545F85B
:105770002160491C55788D42EBD803F58065556151
:105780004035C2F8CC50002108E003F5A06505EBD8
:10579000411602F1900545F82160491C15788D42AB
:1057A000F3D8002108E003F5805505EB013602F13E
:1057B000D00545F82160491C15788D42F3D803F5D2
:1057C0006065C2F80C5170BD00000440F8B5044695
:1057D0000D460026E068C0680090009820F0005058
:1057E0000090009820F080400090012D06D1009894
:1057F00020F0005000F10050009006E02DB9009814
:1058000020F0804000F1804000900098E168C8607E
:105810003220FFF755F93046F8BD2DE9F041044636
:105820000026E078B0B900270020DD1C4FEAE578BB
:1058300005EB98784FEAA80704F1D00555F822C087
:1058400000BF04E00D68CCF80050091D401CB842B0
:10585000F8D300BF3046BDE8F081000000210846C3
:1058600007F0F4F90021012007F0F0F900210220EF
:1058700007F0ECF90021032007F0E8F90848006878
:1058800020F00200064908604FF400710548FCF75B
:105890004CFBCF2104A00AF01FFE00BFFEE7000072
:1058A00000010020000402402E2E5C7372635C64D1
:1058B0007269766572735C7372635C6E7669632E6F
:1058C0006300000010B50346042B15D007DC7BB144
:1058D000012B0ED0022B0DD0032B3CD10BE0202B43
:1058E0000BD0212B1CD0222B33D0232B33D131E0F2
:1058F00032E031E030E02FE02EE008784C7840EAEA
:1059000004208C7840EA0440CC7840EA0460144CCF
:10591000206008792071487960718879A0711BE056
:105920000F48007808700E480088000A48700C483C
:105930000068000C88700A480068000EC8700848AB
:105940000079087106484079487105488079887166
:1059500002E001E000E000BF00BF002010BD000039
:10596000F40100207CB505460E460020019000247D
:1059700009E0285D0090002301AA694604480068F8
:105980000CF0B2FA641CB442F3D300207CBD0000DA
:10599000F0010020014610488079072806D101F067
:1059A0007F000E4A0E4B1B68D05407E00A488079EE
:1059B000082803D109480A4A126881540848006837
:1059C000401C074A106010460068B0F5007F01D106
:1059D0000020106000207047F40100209610002085
:1059E000EC02002000207047002070472DE9F041B4
:1059F0002DED068B86B004460D4616461F4696EDE5
:105A0000040A10EE101A0846FAF765FE41EC180B6E
:105A100095ED130A10EE101A0846FAF75CFE41ECF9
:105A2000190B94ED010A10EE101A0846FAF753FE0E
:105A300041EC1A0B8DED048B8DED029B8DED00ABCF
:105A40003A4610A1164800F043F81648C16804F021
:105A5000BFFE154908701248FAF7AEFC8046134B9A
:105A600042460F490F4805F043F90F4908700D48A9
:105A700005F0E6F80C49087006B0BDEC068BBDE8F1
:105A8000F08100002575092531302E366609253153
:105A9000302E3666092531302E3666200A00000089
:105AA0004697002068920020450500204805002008
:105AB0000FB4054B10B503A9044A029800F0BEFECE
:105AC00010BC5DF814FB00003FB10008E8010020A5
:105AD0000FB4084B10B504A902AA039800F0AEFE5B
:105AE000044602A9002001F02CFA204610BC5DF803
:105AF00014FB0000436F00084100080218BF042097
:105B00000A0E18BF40F001004FF07F4232EA010157
:105B100008BF40F00200012808BF052070470000C0
:105B200010EE101A08B5444A6846B2EB410F28D966
:105B30004FF0E640B0EB410F94BF00204FF0FF3034
:105B400000900098002861DB60EE000A10F0010F61
:105B500045D010F0020FDFED391A9FED391A00EE33
:105B6000E11ADFED381A40EE811A21EEA01AF0EEAC
:105B7000400A40EE010A08BFF1EE600AB0EE600A8A
:105B800008BD314B21F0004293423CD911F0004F47
:105B9000DFED2E0A20EE201ADFED2D0A19BF31EEBF
:105BA000601A71EE200A31EE201A71EE600ABDEE25
:105BB000E01A11EE100A9FED271A00F0030000EE24
:105BC000C10A9FED251A009000EEC10A9FED231A2D
:105BD00000EEC10A9FED221A00EEC10AB1E79FED67
:105BE000211A9FED210A10F0020F00EE810A9FEDAD
:105BF0001F1A00EE801AB7EE000A00EE810A18BFE5
:105C0000B1EE400A08BD00F097FC9AE710EE100ACA
:105C10004000B0F17F4F3CBFB7EE000A08BD07D18E
:105C20004FF0010000F042FDBDE8084000F06CBC00
:105C3000BDE8084000F062BCB61F927E336D4C395F
:105C4000DA82083CA0AA2ABE490E494683F9223FBF
:105C50000000004B0000C93F00A0FD390020A23326
:105C60001A61342CB93AB2BACA9F2A3DDDFFFFBE91
:105C700010B52DED028BB0EE408A18EE100AFAF73F
:105C80004EFE0446400010F1020F11D118EE100A2A
:105C9000FAF7B2FD00EE904A00EE100AF8EEE00AC4
:105CA000B4EE600AF1EE10FA1CBF012000F0FEFC19
:105CB0002046BDEC028B10BD10B510EE100A2DED84
:105CC000068BB7EE001A10EE901AB0EE418A002251
:105CD000A0F5000CDFEDFE9A4FF00073BCF1FE4F13
:105CE0004FF07F4403EB410C80F0B481BCF1804F56
:105CF000C0F02082F74901449FEDF73AB1F5005F0B
:105D000040F2D48200F58021CB0C03F00F0101EEAC
:105D1000901AC3F307137F3BA0EBC350B8EEE12A00
:105D200000EE100A1A44DFEDED2AF0EE411A42EEC1
:105D3000221AF0EE613A70EE232A30EE632A12EE58
:105D4000900A00F500606FF30B0001EE900A73EE0D
:105D5000E13A33EE804AC1EE223A22EE230A10EEF7
:105D6000100A00F500606FF30B0000EE100A00EE61
:105D7000612A00EE442A62EE232A70EE221A21EEF6
:105D8000A12ADFEDD73A02EE233A23EE023A20EEC3
:105D9000012A22EE811A03EE211A32EE010A10EED8
:105DA000100A00F500606FF30B0000EE100A72EEAF
:105DB000401A31EE812A9FEDCB1A60EE011A9FED59
:105DC000CA1A20EE011A9FEDC90A02EE001A31EE3E
:105DD000810A10EE100A00F500606FF30B0000EE70
:105DE000100AC34871EEC01A31EE812A784400EBE4
:105DF000C10090ED003AD0ED011A100101EE100A39
:105E0000F8EEC12A32EE211A31EE001A31EE031AF1
:105E100031EE221A11EE100A00F500606FF30B004C
:105E200009EE100A39EE621A31EE431A31EE400AD9
:105E300030EE610A32EE40AA10EE900A002100F521
:105E400000606FF30B0008EE900A084670EEE8AAB7
:105E5000FAF7A4FD29EE280A00F00C01F0EEC00AC2
:105E600010EE900AB0F18B4F0DDD10EE900AB4EBFE
:105E7000400F08D310EE100A4FF08B4262F31E0061
:105E800008EE900A13E069EE2A0A38EEAA1A4AEEE2
:105E9000010A30EE201A11EE100A00F500606FF3CF
:105EA0000B0008EE900A30EE680A70EE209A0C2083
:105EB000FAF774FD38EEA90AB5EEC00AF1EE10FA51
:105EC00034BFFEEE000AF6EE000A30EE800ABDEEA8
:105ED000C00A10EE100A011100EE101AF8EEC00A06
:105EE00000EE100AB8EEC00A38EEC00A30EE290AF9
:105EF000DFED801A9FED801A00EE211ADFED7F1A88
:105F00007F4900F00F0040EE011A21EE800A79442B
:105F100001EB800191ED001A7A49794401EB80018F
:105F2000D1ED001A784901EE801A794401EB800026
:105F3000764990ED000A31EE001AB0EEE00A10EE5C
:105F4000100A884215DA10EE100AB4EB400F10D395
:105F50009FED6F0A30EE800ADFED6E0A20EE200A18
:105F600068EE010ABDEC068BBCEEC00A20EE200AEA
:105F700010BD10EE100A6849884243DA10EE100A8C
:105F8000B4EB400F3ED3BDEEE00A68EE010A10EE1E
:105F9000100A00EBD0725110C90501F17E5100EEDC
:105FA000101AA0EB6200C00560EE200A00F17E50DE
:105FB00000EE100A60EE808A18EE900AB4EB400FF3
:105FC0000FD1022000F072FB00F0A6FA10EE101ABA
:105FD00018EE100ABDEC068B61F31E0000EE100AED
:105FE00010BD18EE900A400011D018EE900AFFF78D
:105FF00083FD042808BF00F097FAB0EE680ABDECF4
:10600000068B10BDF5EEC00AF1EE10FA0FD2022099
:1060100000F04CFB00F088FA10EE101A18EE100A8F
:10602000BDEC068B61F31E0000EE100A10BD0220CD
:1060300000F03CFB00F070FA10EE101AB0EE480AC7
:1060400010EE100ABDEC068B61F31E0000EE100A84
:1060500010BD00BFBCF1804F6CD300BF00F1FF4307
:10606000B3F1FE4F24D200BFB0EEC00A10EE100A0A
:10607000C1F3C7537F2B0DDB972BBFF63BAEC3F1AC
:1060800096034FF0010C0CFA03F3A3F1010C1CEA88
:10609000010F08D0012000F009FBBDEC068BBDE824
:1060A000104000F031BA0B4218BFBFEE008A21E663
:1060B00043001CBF4FF08073B3EB400F34D96FF037
:1060C0001A02DFED161A20EE210A10EE100A27E060
:1060D00000000000001080C0ABAAAA3E0000803D76
:1060E0007EE24C3E00B03842D49AB8BB3BAA38425C
:1060F000E0750300FC596337C9FF753A1872313DEA
:106100007E750300B2750300227503000000FC4297
:106110000000FE420000004B000040430000004D24
:1061200010F0004FA0D1E5E5A0F50003B3F1FE4F5C
:1061300021D2DFE503EB4103B3F1007F11D3F5EE8C
:10614000C00AF1EE10FA05D1430018BFB4EB400FBE
:1061500076D883E701F0004141F0FC5100EE901A3F
:106160007CE7B3F1807F06D210EE903AA3F50003EE
:1061700000EE903A72E720F000426FF0FF4C604C66
:1061800002EB0C03A34210D321F000439C44A4452E
:106190000BD3B0F17E5F18BF5FEA410C50D0B2F173
:1061A000FF4F98BFB3F1FF4F05D9BDEC068BBDE89B
:1061B000104000F0A6B9B0F1FF4F0FD0C1F3C752A5
:1061C0007F2A09DB972A11DAC2F19602012303FA2A
:1061D00002F2531E0B4205D0002208E011F0004FDE
:1061E00055D128E00A4218BF012200D1022210F541
:1061F000000F13D028B3B0F1004F26D010F1814F1B
:106200004FD04FF0FE42B2EB400F94BF0120002070
:10621000012202EBE171884239D10CE011F0004F0C
:1062200002D0012A38D032E0012A02BF9FED350AA0
:10623000BDEC068B10BD9FED340ABDEC068B10BD86
:106240002FE011F0004F0CD121E0B1F1FF4F1ED033
:1062500011F5000F05D011F0004F15D00AB1012A39
:1062600008D0022000F022FABDEC068BBDE81040F9
:1062700000F03AB9022000F019FA00F035F9BDEC4F
:10628000068BB1EE400A10BD0AB1012A04D0B0EE6F
:10629000690ABDEC068B10BDBDEC068B9FED1B0A99
:1062A00010BDBDEC068BB7EE000A10BD30EE410A02
:1062B000B5EE001A9FED172A00EE413AB6EE001A2D
:1062C00060EE001A00EE431A61EEC11A9FED101A3B
:1062D00020EE011A20EE020A9FED0F2A01EE820A3B
:1062E00071EE001A11EE900A00F500606FF30B00DA
:1062F00009EE100A31EE491A31EE00AA9CE50000C1
:10630000FFFF3F00000080FF0000807F0000008052
:1063100000B0B841D49A38BB3BAAB84100B510EEE2
:10632000101A2DED028B81B0524A6846B2EB410F34
:106330002ED94FF0E640B0EB410F94BF00204FF054
:10634000FF3000900098B0EE408A00286ADB10F021
:10635000010F4BD068EE080A9FED471A9FED470AE0
:1063600000EE810A9FED461A10F0020F00EE801A2F
:10637000B7EE000A00EE810A02BF01B0BDEC028B4D
:1063800000BD00BF01B0B1EE400ABDEC028B00BD04
:106390003C4B21F00042934241D911F0004FDFED18
:1063A0003A0A20EE201ADFED390A19BF31EE601AE1
:1063B00071EE200A31EE201A71EE600ABDEEE01A8D
:1063C00011EE100A9FED321A00F0030000EEC10A30
:1063D0009FED301A009000EEC10A9FED2F1A00EEDB
:1063E000C10A9FED2E1A00EEC10AABE728EE080A9B
:1063F0009FED2B1ADFED2B0A10F0020F40EE410A41
:106400009FED291A00EE201A61EE000AB0EE480A4C
:1064100008EE200AB6D101B0BDEC028B00BD00F041
:106420008BF88FE718EE100A4000B0F17F4F0DD2C5
:1064300018EE100AFFF760FB042808BF00F074F89C
:10644000B0EE480A01B0BDEC028B00BD09D10120BD
:1064500000F02CF901B0BDEC028B5DF804EB00F00C
:1064600053B801B0B0EE480ABDEC028B5DF804EB06
:1064700000F044B8B61F927EB93AB2BACA9F2A3D1C
:10648000DDFFFFBE490E494683F9223F0000004B65
:106490000000C93F00A0FD390020A2331A61342C4E
:1064A000336D4C39DA82083CA0AA2ABE10B52DED16
:1064B000028BB1EEC08A18EE100A20F00040C0F145
:1064C000FF40C00F0AD010EE100A20F00040C0F1CB
:1064D000FF40C00F04BF012000F0E8F8B0EE480A0A
:1064E000BDEC028B10BD0000DFED030AB7EE001A11
:1064F00081EE200A704700000000000030EE000A24
:10650000704730EE200A7047DFED020A80EEA00AE5
:1065100070470000000000009FED020A20EE000A14
:1065200070470000000000709FED020A20EE000A94
:1065300070470000000000102DE9F0014FF07F428D
:10654000B2EB410F9FBF4FF0FF310160BDE8F0019A
:1065500070474FF0004242EA0123C1F3C752783A34
:10656000551112F01F0C434CCCF120067C44C1F3B2
:10657000C752A2F178024FEA621204EB820254F889
:10658000254008BFD2E9015612D0556804FA0CF430
:1065900025FA06F73C43976805FA0CF527FA06F842
:1065A000D26807FA0CFCF24045EA08054CEA0206FC
:1065B000A4FB034CA5FB0352A6FB03631D449D42B1
:1065C00034BF012600261319334416B1934202D971
:1065D00003E0934201D2012200E00022624402F172
:1065E000200C9206DC0C42EA443200EE102A5B03D7
:1065F000DFED210AF8EEC01A00EE103A4FEA9C1CBB
:1066000011F0004FB8EE400AC0F800C020EE201A8A
:1066100000EE105ADFED190AB8EE400A20EE200A0B
:1066200071EE810A70EE800A10EE902A02F5006287
:106630006FF30B0200EE902A70EEE11A31EEC11AF0
:10664000DFED101A30EE411A9FED0D0A20EE800AA0
:1066500001EE210A9FED0C1A00EE810A04BFBDE88D
:10666000F0017047CCF180510160BDE8F001B1EE5E
:10667000400A7047A06F0300000000360000802C25
:1066800022AAFD29DB0FC92F0000C92F02E008C88C
:10669000121F08C1002AFAD170477047002001E09C
:1066A00001C1121F002AFBD1704700000149086098
:1066B00070470000880500202DE9FF5F82B00021AF
:1066C000DDE90430020DDDF840B0034318D044F694
:1066D0001050A2F2FF3242431514119801281FD026
:1066E000A5EB0B00401C5FEA000A4FF000064E4F7E
:1066F000DFF83891B046504615D5CAF1000413E0D2
:10670000119801244AA3012801D16FEA0B010298D4
:10671000119AC0E90031C0E9024206B0BDE8F09F1D
:10672000CBF10000DFE704460021404A491842EB64
:106730000450CDE9001012E0E00707D032463B4696
:1067400040464946F9F7E6FE8046894632463B46D2
:1067500010461946F9F7DEFE06460F466410002C77
:10676000EAD1DDE90401DDE90023BAF1000F06DA20
:10677000F9F7D0FE42464B46F9F7CCFE05E0F9F7B3
:106780003BFF42464B46F9F737FF04460E460022D0
:10679000284BFAF7EBF803D84FF0FF30014607E03B
:1067A0000022254B20463146F9F70DFEFAF79FF8F7
:1067B000102409E0002C0ADB0A220023F9F768FD07
:1067C000039B30321A55641E50EA0102F2D1641C58
:1067D000039AC4F111031444119A012A03D001222F
:1067E00008430DD10AE0084304D000204FF0110BFC
:1067F000119072E7A3EB0B056D1E0DE05B4504DD08
:106800004FF0000205F1010504E003DA4FF0000249
:10681000A5F10105002AECD002981199C0E90231D6
:10682000C0E9004579E70000000014400000F03F97
:10683000300000000000F0430000E03F2DE9FF4F72
:1068400095B09A46884606460025EEE1252877D180
:1068500000242746F94A0121039400E0044316F876
:10686000013F203B01FA03F01042F7D130782A288B
:1068700011D06FF02F033078A0F13002092A16D81A
:10688000039A44F0020402EB820203EB420210443A
:10689000761C0390EFE758F8042B0392002A03DAE2
:1068A000504244F40054039044F00204761C3078C3
:1068B0002E2816D116F8010F44F004042A280DD012
:1068C0006FF02F023078A0F13003092B09D807EBC5
:1068D000870302EB4303C718761CF3E758F8047BE1
:1068E000761C30786C280FD006DC4C2817D068282E
:1068F0000DD06A2814D104E0742810D07A280FD162
:106900000DE044F400140AE044F4801401E044F47F
:1069100040147278824202D104F58014761C761CF1
:10692000307866280BD013DC582877D009DC002893
:1069300075D04528F6D04628F4D047281AD193E1DF
:1069400018E0632835D0642879D0652812D18BE10E
:10695000702873D008DC6728F1D069286FD06E28C2
:106960000DD06F2806D1ACE073282CD0752874D0D8
:10697000782853D05246179990476D1C54E1C4F3C0
:106980000250022809D003280DD0D8F8001004289E
:106990000DD00D6008F1040846E1D8F80010EA17A0
:1069A000C1E90052F6E7D8F800100D80F2E70D704B
:1069B000F0E718F8041B8DF8001000208DF8010096
:1069C000EB46012003E058F804BB4FF0FF306107AD
:1069D0004FF0000102D40DE009F101018946B942EE
:1069E0000FDA8145F8DB1BF809100029F4D108E023
:1069F00009F1010189468142FADB1BF809100029DF
:106A0000F6D103985346A0EB090721463846179A5A
:106A100000F080FA284400EB090507E044E008E1B3
:106A20000DE01BF8010B524617999047B9F1010987
:106A3000F7D2534621463846179AF2E039E00A2148
:106A4000C4F302524FF0000B0091022A06D058F80E
:106A5000040BC117032A09D00AE023E008F107005C
:106A600020F00702F2E80201904605E000B2C117EB
:106A7000042A01D140B2C117002906DA0A460021D2
:106A8000404261EB02012D2202E0220504D52B22B7
:106A90008DF80420012203E0E20701D02022F7E76D
:106AA000914657E00A2100E010214FF0000B0091C1
:106AB0000BE010214FF0000B44F004040827009174
:106AC00003E008204FF0000B0090C4F30252022AAA
:106AD00005D058F8040B0021032A08D008E008F17B
:106AE000070020F00702F2E80201904603E080B2BE
:106AF000042A00D1C0B24FF0000922072AD532780B
:106B0000702A07D0DDF800C08CF0100C5CEA0B0C8A
:106B100005D00EE040228DF80420012208E050EA62
:106B2000010306D030238DF804308DF805200222B1
:106B30009146009B83F0080353EA0B030AD150EA05
:106B4000010201D1620705D530228DF804204FF0F3
:106B500001097F1E3278582A04D039A20C920CAA5F
:106B600002920BE03BA2F9E75B46009AF9F790FB33
:106B70000C9B9B5C029A521E0292137050EA010217
:106B8000F2D1029804A9081A00F1200B600702D57F
:106B900024F4803400E001275F4502DDA7EB0B0001
:106BA00000E0002000EB0B01009003984944401ADC
:106BB0000390E00306D453462146179A039800F049
:106BC000A9F90544002706E001A85246C05D1799BF
:106BD00090476D1C7F1C4F45F6DBE0030CD55346F8
:106BE0002146179A039800F095F9054404E03020F7
:106BF0005246179990476D1C0099481E0090002935
:106C0000F5DC08E00298029952460078491C02918E
:106C1000179990476D1CBBF10001ABF1010BF1DC42
:106C20005BE100F065F90544761C307800287FF4BC
:106C30000DAE19B02846BDE8F08F0000092801000C
:106C400030313233343536373839616263646566E2
:106C500000000000303132333435363738394142A4
:106C60004344454600000000600700D4062708F1B1
:106C7000070020F00700F0E80223804603F0004CF4
:106C80005FEA0C0001D097A009E0200501D596A08D
:106C900005E0E00701D095A001E0AFF24C001390B1
:106CA000307823F0004365280CD006DC452809D055
:106CB00046281DD047287FD13BE0662818D067289A
:106CC0007AD136E00021112F01DB112000E0781C81
:106CD000CDE9000104A90CA8FFF7EEFCDDE90D01E8
:106CE0000C9A4FF0000B07F10109109200914EE051
:106CF0004FF000400097CDE9011004A90CA8FFF760
:106D0000DBFCDDE90D020C9B0F994FF0000B914667
:106D10001093009211B9791C00EB0109B7EB09003F
:106D200003D4C0F1FF3B07F10109A9EB0700019073
:106D300042E0012F00DA01270021112F01DD11208F
:106D400000E03846CDE9000104A90CA8FFF7B4FC27
:106D5000DDE90D010C9A00914FF0000BB94610923D
:106D600021070FD4009A4A4503DA914601E0A9F1C0
:106D70000109B9F1010F05DD109AA9F10101515C7A
:106D80003029F4D0B84202DA10F1040F03DA0121FD
:106D9000CDE9011010E0002803DC8344A9EB0001D9
:106DA00002E0411C494500DD8946A0EB0B00401C78
:106DB00001904FF000400290200705D4019848450B
:106DC00002DB4FF0FF30019000208DF84B0002985D
:106DD0000DF14B07B0F1004F25D002200C902B2075
:106DE0000D90029800280CDA404202902D200D9060
:106DF00007E00A210298F9F781FC3031029007F888
:106E0000011D0C99481E0C900029F2DC0298002804
:106E1000EFD1791E0D980870307800F0200040F016
:106E2000450007F8020D11A8C01BC01D0290139861
:106E3000007800B1012000EB0901019801EBE0713D
:106E4000029801440398401A401E0390E00306D4C0
:106E500053462146179A039800F05CF805441398AE
:106E6000007818B15246179990476D1CE00323D55E
:106E700053462146179A039800F04CF805441BE04E
:106E8000BBF1000F07DB0098584504DD10981799F7
:106E900010F80B0001E017993020524690470198F6
:106EA0000BF1010B401E05F10105019004D12E20CC
:106EB0005246179990476D1CB9F10001A9F10109DB
:106EC000DEDC05E017F8010B5246179990476D1C60
:106ED0000299481E02900029F4DC53462146179A75
:106EE00003989EE62D0000002B000000200000000B
:106EF0002DE9F041044600251E461746880404D4B7
:106F000005E039462020B0476D1C641EF9D528469F
:106F1000BDE8F0812DE9F041044600251E4690466B
:106F2000C80301D5302700E02027880404D505E0F8
:106F300041463846B0476D1C641EF9D52846BDE869
:106F4000F0810A68531C0B601070704710B52DED6E
:106F5000028BB0EE408A05F01DFF18B90020BDEC91
:106F6000028B10BD00240DE0BCEEC80A10EE102A02
:106F700091B2C4EBC4021B4B03EB82000F2201F061
:106F8000FBFC641C032CEFDB1748B0F87C0000BB53
:106F90001548B0F87E00E0B91348B0F88000C0B9D9
:106FA0001148B0F98200B0F5805F12D10E48B0F9F7
:106FB0008400B0F5805F0CD10B48B0F98600B0F5C5
:106FC000805F06D10948006820F002000749086088
:106FD00005E00648006840F002000449086001200E
:106FE000BDE70000240700209805002004010020D0
:106FF0000348B0F8520008B9012070470020FCE7B0
:10700000D00600200149A1F852007047D0060020A8
:107010007CB505464D4805F06DFE00B97CBD0422E7
:107020004A49084600F081FBFFF7E2FF50B94748A4
:10703000016800918088ADF80400DDE9000105F0E9
:10704000ADFFEBE74149B1F90010414AB2F97C20AC
:10705000891A3F4AB2F9822001FB02F0C11700EB06
:107060001151091309B23B4A11803849B1F9022084
:107070003749B1F97E10511A354AB2F9822001FB25
:1070800002F0C11700EB1151091309B2314A5180C6
:107090002E49B1F904202E49B1F98010511A2C4A19
:1070A000B2F9822001FB02F0C11700EB1151091364
:1070B00009B2284A9180104600F0B4FA2548B0F988
:1070C000000000EE100AB8EEC00ADFED230A80EEE1
:1070D000201A224880ED001A1E48B0F9020000EE86
:1070E000100AB8EEC00ADFED1C0A80EE201A1B4819
:1070F00080ED011A1748B0F9040000EE100AB8EE4E
:10710000C00ADFED150A80EE201A144880ED021A3D
:10711000002413E0114901EB8401D1ED000AB0EE27
:10712000600AC4EBC4010E4A02EB810001F064FB6B
:107130000A4800EB840080ED000A641C032CE9DBA4
:10714000064A07CA85E8070000BF67E73801002044
:10715000980500203E01002000008045C406002064
:107160002407002010B52DED048BF0EE408AB0EE20
:10717000E80AB0EE408AF7EE000A70EEC80AB0EEF8
:10718000600AFFF793F9DFED100A9FED101A41EE48
:10719000080A9FED0F1A08EE201ADFED0E0A48EEDE
:1071A000010A20EE200AB0EE409AF5EEC08AF1EE18
:1071B00010FA06D29FED080A30EE490ABDEC048BA6
:1071C00010BDB0EE490AF9E72716983D306E99BC1C
:1071D000843459BEA40DC93FDB0F494000B59BB0B4
:1071E00001210420FBF7F6F801210802FBF732F930
:1071F00001218805FBF7EEF82020199003208DF877
:10720000680000208DF86B0019A93348FAF717FEC3
:107210003248FAF7F7FA04A8FAF760FC304805900C
:10722000002004902F48069000200790012008902D
:10723000002009900A904FF400600B9080000C90A1
:1072400040110D9040020E9004A92448FAF71AFC50
:1072500001212248FAF7CAFA6846F9F701FC002032
:1072600000904FF440300190002002900390684657
:10727000F9F7DEFB13A8F9F79AFC01208DF851000D
:107280000020139016901590179001208DF8600043
:1072900000208DF8500013A911484C38F9F7FCFB79
:1072A000032301220F210E484C38F9F71FFC01215E
:1072B0000B484C38F9F7E5FB012109484C38F9F740
:1072C000D5FB012106484C38F9F7A7FB04484C3898
:1072D000F9F768FC1BB000BD000802407064024072
:1072E0004C200140E403002000B59FB0002036E0B0
:1072F00000EB4002974901EB820191ED000ADFEDBE
:10730000960A80EE201A00EB400101AA02EB8101EF
:1073100081ED001A00EB40028E4901EB820191EDF4
:10732000010ADFED8D0A80EE201A00EB400101AA70
:1073300002EB810181ED011A00EB4002854901EB6E
:10734000820191ED020ADFED850A80EE201A00EB42
:10735000400101AA02EB810181ED021A401C0A28BA
:10736000C6DBDDED031AB0EE611ADDED021AF0EEB8
:10737000610ADDED011AB0EE610A9FED793A012153
:10738000DFED782A9FED782ADFED781A784805F04E
:10739000FFFFDDED061AB0EE611ADDED051AF0EE25
:1073A000610ADDED041AB0EE610A9FED6D3A01212C
:1073B000DFED6C2A9FED6C2ADFED6C1A6C485830BB
:1073C00005F0E6FFDDED091AB0EE611ADDED081AF1
:1073D000F0EE610ADDED071AB0EE610A9FED603A4A
:1073E0000121DFED602A9FED632ADFED5B1A604823
:1073F000B03005F0CDFFDDED0C1AB0EE611ADDED19
:107400000B1AF0EE610ADDED0A1AB0EE610A9FED8B
:107410005A3A0021DFED532A9FED562ADFED561A26
:10742000564805F0B5FFDDED0F1AB0EE611ADDED3F
:107430000E1AF0EE610ADDED0D1AB0EE610A9FED55
:107440004E3A0021DFED472A9FED4A2ADFED4A1A26
:107450004A48583005F09CFFDDED121AB0EE611A73
:10746000DDED111AF0EE610ADDED101AB0EE610AE1
:107470009FED413A0021DFED3B2A9FED412ADFEDF0
:107480003E1A3E48B03005F083FFDDED151AB0EE30
:10749000611ADDED141AF0EE610ADDED131AB0EE9B
:1074A000610AB2EE0E3A0121DFED2E2A9FED352A58
:1074B000DFED2D1A344805F06BFFDDED181AB0EE44
:1074C000611ADDED171AF0EE610ADDED161AB0EE65
:1074D000610A9FED293A0021DFED222A9FED282A3B
:1074E000DFED251A2848583005F052FFDDED1B1A54
:1074F000B0EE611ADDED1A1AF0EE610ADDED191A2F
:10750000B0EE610A9FED1C3A0021DFED162AB3EEC2
:107510000E2ADFED181A1C48B03005F039FFDDEDFA
:107520001E1AB0EE611ADDED1D1AF0EE610ADDEDF6
:107530001C1AB0EE610A9FED103A0021DFED092A16
:107540009FED0F2ADFED0C1A104805F021FF1FB048
:1075500000BD00009C0500200000C84200007A44E5
:107560000000A0426F12033B0000FA4300004843B2
:10757000F88E0020000096430000000000900020DC
:10758000000016430000484408910020109200209B
:1075900070B504460D462946204609F02BF907F040
:1075A000A1FB70BD2DE9F04104461B480068471C53
:1075B000032F03D1002701201849087016480068DE
:1075C000451E002D00DA0225154850F825601348A5
:1075D0000078C0B1301B02D57042001B00E0301BA8
:1075E000B0F57A7F0BDA0E480B49096840F8214064
:1075F000094807600A4807F063FABDE8F0810848C7
:1076000050F82500F9E706480349096840F8214089
:10761000014807602046F0E7580100205C01002087
:10762000780700202DE9F04104463548007808B17C
:10763000BDE8F081B4F90050B4F90260B4F9047007
:10764000304890ED001A00EE905AF8EEE00A21EE74
:10765000201AD0ED031A00EE906AF8EEE00A01EE6F
:10766000A01AD0ED061A00EE907AF8EEE00A01EECC
:10767000A01AB0EE410AFEF7FBFA00B220802148C2
:1076800090ED011A00EE905AF8EEE00A21EE201A71
:10769000D0ED041A00EE906AF8EEE00A01EEA01AAE
:1076A000D0ED071A00EE907AF8EEE00A01EEA01A8B
:1076B000B0EE410AFEF7DCFA00B26080114890EDAE
:1076C000021A00EE905AF8EEE00A21EE201AD0EDF0
:1076D000051A00EE906AF8EEE00A01EEA01AD0ED6D
:1076E000081A00EE907AF8EEE00A01EEA01AB0EE69
:1076F000410AFEF7BDFA00B2A08000BF98E7000083
:10770000DC01002034080020002801DA424200E0B9
:1077100002468A4201DA002006E0002801DD401A14
:1077200002E0002800DA0844704770B50C461546A0
:10773000B4F90010B4F90220B4F90430092D06D2CE
:10774000DFE805F005060A10181E262C340000BFDD
:1077500001804280838033E002804E4236B2468010
:1077600083802DE04E4236B20680564236B24680C5
:10777000838025E0564236B20680418083801FE038
:107780004E4236B2068042805E4236B2868017E0B4
:10779000028041805E4236B2868011E0018056420E
:1077A00036B246805E4236B2868009E0564236B234
:1077B00006804E4236B246805E4236B2868000BFB8
:1077C00000BF70BD0C46154600BF502080F31188E5
:1077D000BFF34F8FBFF36F8F00BF2946204608F0DD
:1077E0007BFE2A46214602A0FEF762F900BFFEE7B3
:1077F000417373657274206661696C6564202573DA
:107800003A25640A00000000B0EE401AF0EEE02ACB
:10781000F0EE621AF0EEC12AB0EE622AF4EEC21A5D
:10782000F1EE10FA02DDF0EE612A01E0F0EE422AFC
:10783000B0EE620AB5EEC00AF1EE10FA0ED0F4EE28
:10784000C21AF1EE10FA02D2F0EE612A01E0F0EE77
:10785000422A82EE803AB0EE430A03E0DFED222AAC
:10786000B0EE620ADFED212A9FED213A53EE002AA5
:107870009FED203A12EE803ADFED1F2A53EE002AE8
:107880009FED1E3A12EE803AF1EE433ADFED1C2AEC
:107890009FED1C3A43EE002AB7EE003A02EE803A22
:1078A000C3EE832AB0EE620AB4EEE12AF1EE10FADA
:1078B00005DDDFED152A72EEC02AB0EE620AF5EEA4
:1078C000C00AF1EE10FA05D2DFED102A72EEC02ADE
:1078D000B0EE620AB5EEC01AF1EE10FA03D2F1EE84
:1078E000402AB0EE620A704700000000E3B59E3EF9
:1078F00039094E3D88FA163E45FE7F3FA7DFA83482
:1079000069A2163E99FB243FDB0FC93FDB0F4940BC
:107910000146AA2000F1AF02D0B20A780244D0B2E8
:107920004A780244D0B2002204E08B1C9B5C0344E2
:10793000D8B2521C4B789342F7DC704710B50C4814
:10794000007800B110BD002220210A200AF025F99C
:10795000084908600846006828B940F2252206A1B7
:107960000DA0FFF72FFF01200149087000BFE9E7D4
:107970001C010020200100202E2E5C7372635C63CA
:107980006F6D6D756E69636174655C7372635C6164
:10799000746B702E63000000727851756575650018
:1079A00070B52DED028B04462078012842D1A078D5
:1079B000222825D00CDC042819D004DC012810D0A2
:1079C000022836D10EE0052814D0212831D112E04A
:1079D00023281AD024281DD0252820D0262828D1B5
:1079E00022E026E04FF4C87003F0DAFD21E001F058
:1079F00039FE1EE01DE04FF4C870FFF703FB18E0EE
:107A00004FF4C870FFF7FEFA13E04FF4C870FFF7A9
:107A1000F9FA0EE04FF4C870FFF7F4FA09E04FF4FA
:107A2000C870FFF7EFFA04E04FF4C870FFF7EAFA06
:107A300000BFF1E3207802287ED1A07801287CD114
:107A4000FE48D0ED094AB0EE644AD0ED084AF0EEA7
:107A5000643AD0ED074AB0EE643AD0ED064AF0EE53
:107A6000642AD0ED054AB0EE642AD0ED044AF0EE67
:107A7000641AD0ED034AB0EE641AD0ED024AF0EE7B
:107A8000640AD0ED014AB0EE640A012007F0EEF975
:107A9000EA48D0ED124AB0EE644AD0ED114AF0EE59
:107AA000643AD0ED104AB0EE643AD0ED0F4AF0EEF1
:107AB000642AD0ED0E4AB0EE642AD0ED0D4AF0EE05
:107AC000641AD0ED0C4AB0EE641AD0ED0B4AF0EE19
:107AD000640AD0ED0A4AB0EE640A022007F0C6F943
:107AE000D648D0ED1B4AB0EE644AD0ED1A4AF0EE0B
:107AF000643AD0ED194AB0EE643AD0ED184AF0EE8F
:107B0000642AD0ED174AB0EE642AD0ED164AF0EEA2
:107B1000641AD0ED154AB0EE641AD0ED144AF0EEB6
:107B2000640AD0ED134AB0EE640A032007F09EF910
:107B3000C248D0ED1E1A01E09BE194E0B0EE611A5C
:107B4000D0ED1D1AF0EE610AD0ED1C1AB0EE610AFC
:107B50009FEDBB4ADFEDBA3A9FEDB93ADFEDB82AA7
:107B60009FEDB72ADFEDB61A042007F07FF9B3487E
:107B7000B0F98C0000F57A7004EE900AF8EEE44A51
:107B8000B0EE644AAD48B0F98A0000F57A7004EEB0
:107B9000900AF8EEE44AF0EE643AA848B0F988009A
:107BA00000F57A7004EE900AF8EEE44AB0EE643A1A
:107BB000A248B0F9860004EE900AF8EEE44AF0EE2E
:107BC000642A9E48B0F9840004EE900AF8EEE44A74
:107BD000B0EE642A9948B0F9820004EE900AF8EEFB
:107BE000E44AF0EE641A9548B0F9800000F57A7026
:107BF00004EE900AF8EEE44AB0EE641A8F48B0F949
:107C00007E0000F57A7004EE900AF8EEE44AF0EE99
:107C1000640A8A48B0F97C0000F57A7004EE900A94
:107C2000F8EEE44AB0EE640A052007F01FF9854833
:107C30000088C0F3402008EE100A9FED814ADFED76
:107C4000803A9FED7F3ADFED7E2A9FED7D2AF8EEA8
:107C5000481A9FED7B1ADFED7A0A9FED790A06201C
:107C600007F004F900BFA078A1287DD106F0CAFF73
:107C700008F00AFC7148D0ED094AB0EE644AD0ED34
:107C8000084AF0EE643AD0ED074AB0EE643AD0ED1F
:107C9000064AF0EE642AD0ED054AB0EE642AD0ED33
:107CA000044AF0EE641AD0ED034AB0EE641AD0ED47
:107CB000024AF0EE640AD0ED014AB0EE640A0120F7
:107CC00007F0D4F85D48D0ED124AB0EE644AD0ED2A
:107CD000114AF0EE643AD0ED104AB0EE643AD0EDBD
:107CE0000F4AF0EE642AD0ED0E4AB0EE642AD0EDD1
:107CF0000D4AF0EE641AD0ED0C4AB0EE641AD0EDE5
:107D00000B4AF0EE640AD0ED0A4AB0EE640A022093
:107D100007F0ACF84948D0ED1B4AB0EE644AD0ED0C
:107D20001A4AF0EE643AD0ED194AB0EE643AD0ED5A
:107D3000184AF0EE642AD0ED174AB0EE642AD0ED6E
:107D4000164AF0EE641AD0ED154AB0EE641AD0ED82
:107D5000144AF0EE640AD0ED134AB0EE640A032030
:107D600007F084F8354800E01DE2D0ED1E1AB0EEB1
:107D7000611AD0ED1D1AF0EE610AD0ED1C1AB0EEBA
:107D8000610A9FED2F4ADFED2E3A9FED2D3ADFED90
:107D90002C2A9FED2B2ADFED2A1A042007F066F823
:107DA0002648B0F98C0000F57A7004EE900AF8EEDF
:107DB000E44AB0EE644A2148B0F98A0000F57A70CE
:107DC00004EE900AF8EEE44AF0EE643A1B48B0F98B
:107DD000880000F57A7004EE900AF8EEE44AB0EEFE
:107DE000643A1648B0F9860004EE900AF8EEE44AC8
:107DF000F0EE642A1148B0F9840004EE900AF8EE1F
:107E0000E44AB0EE642A0D48B0F9820004EE900A0C
:107E1000F8EEE44AF0EE641A0848B0F9800000F584
:107E20007A7004EE900AF8EEE44AB0EE641A034861
:107E3000B0F97E0000F57A7006E000009805002099
:107E4000000000000001002004EE900AF8EEE44A71
:107E5000F0EE640AF248B0F97C0000F57A7004EEA6
:107E6000900AF8EEE44AB0EE640A052006F0FEFF40
:107E7000D2E12078102875D1A078000200B2E17814
:107E8000084300EE100AB8EEC00AE54880ED010A8A
:107E90002079000200B26179084300EE100AB8EEC2
:107EA000C00ADF4880ED020AA079000200B2E17941
:107EB000084300EE100AB8EEC00AD94880ED030A64
:107EC000207A000200B2617A084300EE100AB8EE90
:107ED000C00AD34880ED040AA07A000200B2E17A19
:107EE000084300EE100AB8EEC00ACD4880ED050A3E
:107EF000207B000200B2617B084300EE100AB8EE5E
:107F0000C00AC74880ED060AA07B000200B2E17BF0
:107F1000084300EE100AB8EEC00AC14880ED070A17
:107F2000207C000200B2617C084300EE100AB8EE2B
:107F3000C00ABB4880ED080AA07C000200B2E17CC8
:107F4000084300EE100AB8EEC00AB54880ED090AF1
:107F50002046FFF7DDFC05462078294606F0F9FEAD
:107F60005AE1FFE72078112875D1A078000200B20D
:107F7000E178084300EE100AB8EEC00AA84880ED88
:107F80000A0A2079000200B26179084300EE100A63
:107F9000B8EEC00AA24880ED0B0AA079000200B238
:107FA000E179084300EE100AB8EEC00A9C4880ED63
:107FB0000C0A207A000200B2617A084300EE100A2F
:107FC000B8EEC00A964880ED0D0AA07A000200B211
:107FD000E17A084300EE100AB8EEC00A904880ED3E
:107FE0000E0A207B000200B2617B084300EE100AFB
:107FF000B8EEC00A8A4880ED0F0AA07B000200B2EA
:10800000E17B084300EE100AB8EEC00A844880ED18
:10801000100A207C000200B2617C084300EE100AC6
:10802000B8EEC00A7E4880ED110AA07C000200B2C2
:10803000E17C084300EE100AB8EEC00A784880EDF3
:10804000120A2046FFF764FC05462078294606F010
:1080500080FEE1E0FFE72078122875D1A0780002C9
:1080600000B2E178084300EE100AB8EEC00A6C488E
:1080700080ED130A2079000200B26179084300EE16
:10808000100AB8EEC00A664880ED140AA079000212
:1080900000B2E179084300EE100AB8EEC00A604869
:1080A00080ED150A207A000200B2617A084300EEE2
:1080B000100AB8EEC00A5A4880ED160AA07A0002EB
:1080C00000B2E17A084300EE100AB8EEC00A544844
:1080D00080ED170A207B000200B2617B084300EEAE
:1080E000100AB8EEC00A4E4880ED180AA07B0002C4
:1080F00000B2E17B084300EE100AB8EEC00A48481F
:1081000080ED190A207C000200B2617C084300EE79
:10811000100AB8EEC00A424880ED1A0AA07C00029C
:1081200000B2E17C084300EE100AB8EEC00A3C48F9
:1081300080ED1B0A2046FFF7EBFB05462078294619
:1081400006F007FE68E0FFE7207813282CD1A0781E
:10815000000200B2E178084300EE100AB8EEC00A4F
:108160002F4880ED1C0A2079000200B26179084393
:1081700000EE100AB8EEC00A294880ED1D0AA07969
:10818000000200B2E179084300EE100AB8EEC00A1E
:10819000234880ED1E0A2046FFF7BAFB05462078EB
:1081A000294606F0D6FD37E02078142808D120466D
:1081B000FFF7AEFB05462078294606F0CAFD2BE006
:1081C0002078152828D1207A000200B2617A08436D
:1081D00008B1012000E00020054655B103F028F861
:1081E000032806D10F48006840F400700D4908606C
:1081F00005E00C48006820F400700A490860204639
:10820000FFF786FB06462078314606F0A2FD08F00F
:108210003BF906F067FD00BFBDEC028B70BD0000AE
:10822000980500200001002010B504462CB940F24A
:108230002B220CA113A0FFF7C5FA60781E2805DDDC
:108240004FF40B7207A110A0FFF7BCFA00235A1ECF
:1082500021461648006809F0ABFD08B1012010BDA9
:108260000020FCE72E2E5C7372635C636F6D6D758E
:108270006E69636174655C7372635C61746B702EAC
:108280006300000070000000702D3E646174614C5A
:10829000656E203C3D2041544B505F4D41585F443A
:1082A0004154415F53495A4500000000200100201D
:1082B00088B009E000235A1E69460448006809F0A6
:1082C00089FC6846FFF76CFBF4E700002001002002
:1082D00010B50446204608F053FF10BD30B52DED13
:1082E000028B87B06D4800881E2190FBF1F201FBE4
:1082F000120088BB00246A480078C0F34005694832
:10830000007800F0010000B101246648007800F018
:10831000080000B102246348007800F0200000B19A
:108320000324614991ED071ABDEEC11A11EE100A3E
:1083300091ED021AB1EE411AF0EE410A91ED011AE7
:10834000B0EE410A2A462146584B93ED001AB1EE91
:10835000411A07F009F800BF504800880A2190FB35
:10836000F1F201FB1200F8B95148B0F9040050498C
:10837000B1F902104E4AB2F900204E4BB3F9043065
:10838000CDE90132CDE903104A48B0F90200494C69
:108390000090B4F90030484CB4F90420B4F902104C
:1083A000B4F9000006F0FEFE3C480088282190FB4E
:1083B000F1F201FB1200B0B94048418A028AC0893B
:1083C0003E4B9B89CDE90230CDE904213B484089F1
:1083D0003A490989394CCDE9001063882288E1883F
:1083E000A08806F045FE2D480088642190FBF1F23C
:1083F00001FB120080B905F0D5F8B0EE408A9FED80
:10840000300A28EE000ABCEEC00A10EE101A88B23C
:10841000002106F00AFE00BF20480088282190FBBA
:10842000F1F201FB120058B9002000900190029077
:10843000244C0390E388A2886188208806F09CFC85
:1084400016480088282190FBF1F201FB1200A0B928
:10845000154A92ED070ABCEEC00A10EE102A91B23E
:10846000194A92ED000ADFED160A20EE200ABDEE51
:10847000C00A10EE100A06F04AFF08480088401CA7
:1084800080B2064908804FF6FF71884202DB012066
:108490000249088007B0BDEC028B30BD24010020EA
:1084A0000001002008010020808E0020EC04002044
:1084B00066010020D60100203E0100204806002071
:1084C0000000C8421A0500204C01002004E0FFF71C
:1084D00005FF012008F0E6FFF9E710B500F0B4FB56
:1084E00010BD0000014800787047000048010020DE
:1084F0001CB5044601A9684600F052FB9DED000A38
:10850000F2EE040A20EE200ABDEEC00A10EE100AB8
:10851000FFF748F800EE100AB8EEC00AF2EE040ABF
:1085200080EE201A8DED001A9DED000A84ED010AFF
:108530009DED010A84ED020AFFF7D4FF40B99DEDDD
:10854000000A04F065FE9FED0B0A84ED030A0AE0C1
:108550009DED000A05F04EFA0748D0ED000A30EE16
:10856000600A84ED030A94ED030A044880ED000AD2
:108570001CBD000000000000500100204C01002044
:108580002DE9F041044640F24C40A4FB001240F6B5
:10859000E4430020A1FB035C02FB03C201FB0021BA
:1085A000034A03462846F7F773FE80B2BDE8F08120
:1085B000187C3E0070B5044614B900F09DF870BDFB
:1085C0000025002114E0114A02EBC1000278A2420A
:1085D00000D00CE00E4A12680AB905460AE042785B
:1085E0000B4B1B685B789A4200DA054602E0491C97
:1085F0001829E8D300BF05B9E1E705480560002068
:10860000044908800449086000BFD8E7B425010880
:10861000F4030020EA030020EC03002070B50546B7
:1086200000246E00142E00DD142600BF0222204616
:10863000641C07490A5414222046641C0A54B4429C
:10864000F4DBFF2008550F20FFF7B4FF70BD0000DA
:10865000EC8B00201CB501210420F9F7BBFE4FF480
:108660000050009001208DF8040000208DF80600D5
:1086700002208DF8050069460448F9F7E0FB4FF445
:1086800000510248F9F74FFC1CBD000000080240F1
:1086900010B516480068406815490988405CFE28F6
:1086A00003D10020124908801EE01048006840688D
:1086B0000F490988405CFF2802D100F01DF813E043
:1086C00002F0BCFE04460948006840680849098871
:1086D000405C0A2111FB00400649086004480088FC
:1086E000401C0349088000BF10BD0000F4030020B7
:1086F000EA030020EC03002010B54FF400510A48B3
:10870000F9F711FC00200949087009490860094976
:108710000880094908600948007810B104F0D8F9C8
:1087200001E004F0C9F910BD00080240E803002090
:10873000EC030020EA030020F4030020F0030020F3
:1087400008B502F07BFE009048E00A21684608F078
:10875000C3FE2348008800F4007010B10B20FFF71F
:1087600029FF2048006800B938E002F067FE04469F
:108770001D480068A04200D930E01C480078A8B924
:1087800001201A490870174800684068184909888C
:10879000405C00B34FF400511648F9F7C6FB04F0F3
:1087A00097F909F06FF809F073F814E000200F4909
:1087B00008700C48006840680D490988405C50B159
:1087C0004FF400510B48F9F7AEFB04F075F909F0CE
:1087D00053F809F05DF8FFF75BFF00BFB5E7000055
:1087E00008010020F4030020EC030020E80300202F
:1087F000EA03002000080240F0EE400A90ED051A5E
:10880000D0ED001A01EEA01AB0EE410A90ED011A67
:1088100021EE201AD0ED031A01EEC01AD0ED061A8F
:1088200031EE211A80ED051A90ED021A21EE201A80
:10883000D0ED041A01EEC01A80ED061A7047000050
:108840002DE9F0412DED0C8B04460D461646F0EE59
:1088500040AA1F4605EBD571B6EB610F69DA00EE51
:10886000105AB8EE400AF0EE40CA00EE106AB8EEB8
:10887000400ADFED3F0A20EE200AC0EE2C0AB0EEDF
:1088800060DAB0EE4D0A07F0EBF9F0EE40DAB0EE48
:108890004D0A01F0BBF9F0EE408AB0EE000A2AEE74
:1088A000800ACDEE800AB0EE60BA17B1012F1ED15A
:1088B00014E0B7EE000A30EE680AF0EE000A80EE2F
:1088C000209AB7EE000A70EE689AB7EE000A30EE12
:1088D000680AF0EE000A80EE20AA08E0B7EE009ADF
:1088E000B8EE000A68EE809AB7EE00AA00BF00BF9B
:1088F000B7EE000A3BEE008AB8EE000A68EE80BAD6
:10890000B7EE000A30EE4BCA89EE080A84ED000A81
:1089100089EE880A84ED010A8AEE080A84ED020ACB
:108920008BEE880A84ED030A8CEE080A84ED040AB3
:1089300013E0B7EE000A84ED000A9FED0E0A84ED05
:10894000010A9FED0C0A84ED020A9FED0A0A84EDEC
:10895000030A9FED080A84ED040A9FED060A84EDE0
:10896000060A84ED050ABDEC0C8BBDE8F081000021
:10897000DB0FC9400000000070B52DED028B0446EE
:108980000D461646B0EE000AFDF790FDF7EE000A20
:1089900080EE801AB0EE418A0023B0EE480A3246DB
:1089A00029462046FFF74CFFBDEC028B70BD00004E
:1089B0002DE9F14F82B067488069C1174FF4FA334F
:1089C000C41A61F10005A4FB041005FB040004FBBC
:1089D00005026048B0F91000C317A1FB008A02FB32
:1089E00000A001FB03095B48B0F90E00C117A0FB12
:1089F000042301FB043100FB0510400440EAD2309F
:108A0000510411EB080840EB09095248B0F90C0079
:108A100018F1000849EBC009A4FB041005FB040091
:108A200004FB05024B48B0F90A004FEAE07CA1FBC9
:108A3000003A02FB00A001FB0C004FEA132141EABF
:108A400000614FEA20224348B0F908004FEAE07382
:108A5000A446A0FB0CBE03FB04E300FB05304FEA79
:108A6000003040EA1B504FEA0B33CC1842EB0005B4
:108A7000221C45F500403749C9880023A2FB01AC00
:108A800000FB01C002FB03004410C517002184EA6B
:108A900001006940084301D1BDE8FE8F0298C0F58E
:108AA0008010C7170646F80740EA5600F107B1EBF9
:108AB000080160EB090040F635430022A1FB03CA20
:108AC00000FB03A001FB020122462B466046CDE9D4
:108AD00000C1F7F70EFC06460F461E48B0F9160017
:108AE000C217710B41EAC74C7B13A0FB0C1A02FBA7
:108AF0000CA200FB0322700B40EAC7404FEA673C20
:108B0000A1FB003A02FB00A001FB0C01580E40EA59
:108B1000C1144D160F48B0F91400C117A0FB06236D
:108B200001FB063100FB0711D00C40EA41384FEA47
:108B3000E149311947EB050011EB080140EB090051
:108B4000090A41EA00610348B0F9120000010E1859
:108B50003046A1E7048C002030B50146CC100F4D03
:108B60002D88A4EB45040D4DB5F902506C43E2127B
:108B70000A4C2488C4EB211464432413074DB5F92F
:108B800004506C43A313D418044DAC612C46A46963
:108B900004EB84048034201230BD0000048C0020DB
:108BA00070B504460D4600F025F80E480068FFF742
:108BB000D3FF00EE100AB8EE400ADFED0B0A80EE9C
:108BC000201A85ED001A09480068FFF7F1FE00EE53
:108BD000100AB8EE400ADFED060A80EE201A84ED96
:108BE000001A70BD000400200000C842FC030020F1
:108BF000000080430EB501A80623F72276210090DD
:108C00000E4802F016FE9DF8040000039DF80510C2
:108C100040EA01109DF8061040EA1110084908606A
:108C20009DF8070000039DF8081040EA01109DF828
:108C3000091040EA1110034908600EBD1404002019
:108C4000FC030020000400201CB51D48007808B17A
:108C500001201CBD02F0B6FD0020019000240EE0B2
:108C600001ABD0227621174802F005FE9DF80400E2
:108C7000582800D105E00A2001F028FA641C0A2CCB
:108C8000EEDB00BF9DF80400582816D10E481823CB
:108C90008822762100900B4802F0CBFD7723F42246
:108CA0007621084802F016FE1023F52276210548A9
:108CB00002F010FE01200249087001480078C8E760
:108CC000F803002014040020048C002000B50246A4
:108CD000D2ED000AB0EE600A00F098FFB0EE404A14
:108CE000D2ED000AB0EE600A06F0BAFFF0EE404A9C
:108CF000D2ED010AB0EE600A00F088FFF0EE403AD3
:108D0000D2ED010AB0EE600A06F0AAFFB0EE403ADA
:108D1000D2ED020AB0EE600A00F078FFB0EE405AE1
:108D2000D2ED020AB0EE600A06F09AFFF0EE405A69
:108D300025EE040AB0EE406A25EE840AF0EE406AA1
:108D400024EE850AB0EE407A24EEA50AF0EE407AD1
:108D500025EE230A81ED000AB1EE630A20EE250A12
:108D600081ED010A81ED023AB0EE660A07EE030AD0
:108D700081ED030AB0EE460A07EEC30A81ED040A4C
:108D8000B1EE640A20EE230A81ED050AB0EE670A0F
:108D900006EE430A81ED060AB0EE470A06EE830AA4
:108DA00081ED070A23EE840A81ED080A00BD000068
:108DB0000448808840F24C41884201DA0020704724
:108DC0000120FCE74806002070B504460D46607897
:108DD00001232A4604F1340101F08EFC08B103207E
:108DE00070BD94F8321294F8330241EA00204AF63A
:108DF0005521884201D00220F2E794F86D00010667
:108E000094F86C0041EA004194F86B0041EA0020BC
:108E100094F86A10084320F07F400E49884201D13F
:108E20000020DDE794F88900010694F8880041EA03
:108E3000004194F8870041EA002094F88610084326
:108E400020F07F400349884201D10020C8E701207B
:108E5000C6E7000046415400024600E0521C10786C
:108E600010B110788842F9D1107870472DE9F74F8A
:108E700088B0089800680190019800783038079011
:108E8000079809280AD8019840783A2806D101980D
:108E9000801C019008990198086001E0002007906B
:108EA000002109980160079818B10B200BB0BDE8AC
:108EB000F08FD149079851F820400CB90C20F5E704
:108EC00009980460207878B1607801F044FC80460D
:108ED00008F0010040B90A9820B108F0040008B178
:108EE0000A20E3E70020E1E7002020700798607087
:108EF000607801F0B1FB804608F0010008B1032062
:108F0000D4E70A9820B108F0040008B10A20CDE7A0
:108F10004FF0000949462046FFF756FF054600BFBF
:108F2000012D21D14FF0000BBBF1000F03D0ABF1AD
:108F3000010000F0FF0B4FF4DF7000EB0B1104F1A8
:108F400034000F18387978B1F87A0106B87A41EA16
:108F50000041787A41EA0020397A40EA010949461D
:108F60002046FFF731FF0546032D01D101209DE783
:108F70000DB10D209AE73F20015D94F8400041EAD1
:108F80000020B0F5007F01D00D208FE74A20015D61
:108F900094F84B0041EA002ABAF1000F0ED194F880
:108FA0005B00010694F85A0041EA004194F8590028
:108FB00041EA002094F8581040EA010AC4F81CA0C5
:108FC0004420065DE670012E03D0022E01D00D2054
:108FD0006CE70AFB06FA4120005D0646A07016B158
:108FE000701E304008B10D2060E74520015D94F807
:108FF000460041EA00202081207A00F00F0008B1ED
:109000000D2053E74720015D94F8480041EA002015
:109010000690069870B994F85700010694F8560027
:1090200041EA004194F8550041EA002094F85410B8
:10903000084306904220015D94F8430041EA002075
:109040000290029808B90D2030E702985044218917
:1090500000EB11100590DDE90501814201D20D20E0
:1090600024E7DDE90510401AA178B0FBF1F0049087
:10907000049808B90D2019E7012540F6F671049807
:10908000884200D302254FF6F6710498884200D337
:1090900003250498801CA061C4F8209002984844DD
:1090A000606205984844E062032D16D1208908B11A
:1090B0000D20FBE694F86300010694F8620041EA93
:1090C000004194F8610041EA002094F860100843E0
:1090D000A062A0698000039014E0208908B90D20E7
:1090E000E4E6606A5044A062022D02D1A06940000B
:1090F00007E0207E00F00100A16901EB410100EBD7
:1091000051000390E169039800F2FF10B1EB502F7A
:1091100001D20D20CAE64FF0FF3020610020E06050
:10912000032D5CD1607194F8641094F8650041EAF5
:109130000020484460616078012304F134016269D1
:1091400001F0DAFAF0BB94F8321294F8330241EAF3
:1091500000204AF65521884241D13720005D0106A2
:109160003620005D41EA00413520005D41EA0020E3
:1091700094F8341008432149884230D194F81B02F6
:10918000010694F81A0241EA004194F8190241EAF2
:10919000002094F818120843194988421FD194F806
:1091A0002302010694F8220241EA004194F82102C8
:1091B00041EA002094F820120843E06094F81F026E
:1091C000010600E00BE094F81E0241EA004194F829
:1091D0001D0241EA002094F81C120843206125700A
:1091E00008480088401C80B206490880E0800020C2
:1091F0002063207100BF59E6800500205252614172
:10920000727241618405002070B503460D46586AAC
:10921000021D680A1E68B678B0FBF6F400BF02CAE9
:1092200009B9002070BD8C4200D202E0641A121D00
:10923000F5E700BF10682044F4E70246891E9069F4
:10924000801E884201D8002070479378D06A01FBC5
:109250000300F9E72DE9F04705460C46207820F099
:109260004000401E00EB800101EBC00600274FF0DC
:10927000010800BF1A48C05D205C1949C95D21443E
:10928000497840EA0129B8F1000F10D0484601F0B2
:109290007DFE8046FF2E07D23146761C35F8110040
:1092A00001F074FE404508D00020BDE8F0874FF67D
:1092B000FF70814501D00020F7E7781C07460D2894
:1092C000D8D3207800F0400038B1B8F1000F04D0B6
:1092D00035F8160008B10020E7E70120E5E70000B7
:1092E000CE26010810B501200349087002F0A6F847
:1092F0000149486010BD0000BC0000200148008802
:1093000070470000B000002070B52DED048B0646BC
:109310000C46B9480078012824D0B849098808B219
:10932000052101F073FFB6490880B449498808B2A5
:10933000052101F06BFFB2494880B049C98808B2E5
:109340000A2101F063FF404200B2AD49C880AB4939
:1093500088884FF4FA62511000F038FC00B2A84936
:10936000888026E0012001F01FFA0020A44908802F
:109370004880C88096ED0F0ADFEDA20AB4EEE00A3D
:10938000F1EE10FA08DC02F059F89B494968401ADE
:1093900044F62061884205D900209949888003F06D
:1093A000E5FD03E04FF49660954988800420FFF7BF
:1093B00001F99348B0F9040040F24C41884202DCC4
:1093C00000208F49C8809048007800F00400E0B386
:1093D00096ED030AB1EE400ABDEEC00A10EE101A77
:1093E00008B200F045FEB0EE409AB0EE490AFCF734
:1093F00097FBB0EE408AB0EE490AFCF78FFFF0EE23
:10940000408A7F48B0F9020000EE100AB8EEC00AA8
:1094100020EE080A7A48B0F9000000EE900AF8EE53
:10942000E00A00EEA80ABDEEC00A10EE100A05B26E
:109430007348B0F9000000EE100AB8EEC00A20EE42
:10944000080A6F48B0F9020000E00FE000EE900A51
:10945000F8EEE00A00EEE80ABDEEC00A10EE100ACF
:1094600000B2674908800846458000BF204605F0E5
:10947000D7FB6548007800F0020010B302214320BA
:10948000015544200155452001555D49B1F90000C1
:109490009FED5E0A05F066FB84ED050A5849B1F9B7
:1094A00002009FED5A0A05F05DFB84ED060A54495F
:1094B000B1F906009FED550A05F054FB84ED070A4B
:1094C00022E05148007800F00100E8B10221452077
:1094D00001554B49B1F90000B3EE0E0A05F020FB2F
:1094E00084ED010A4649B1F90200B3EE0E0A05F017
:1094F00017FB84ED020A4249B1F906009FED430AC9
:1095000005F030FB84ED070A3F48007800F00800C2
:1095100000285CD03E48007830B92146304606F03D
:1095200077FB01203A4908703549B1F90410394AEE
:109530001288881A3221FEF7E7F805B275B9364865
:10954000007801280AD101214220015596ED070A31
:1095500084ED0B0A00203049087037E0002D1BDD38
:1095600002214220015500EE105AB8EEC00ADFED8C
:109570002B0A60EE200A27480088C0F5FA603238CE
:1095800000EE100AB8EEC00A80EE801A84ED0F1AC1
:1095900001202149087019E002214220015500EE06
:1095A000105AB8EEC00ADFED1E0A60EE200A194814
:1095B0000088A0F21A4000EE100AB8EEC00A80EE51
:1095C000801A84ED0F1A01201349087000BF0C485F
:1095D000B0F9040000EE100AB8EEC00A84ED120AD9
:1095E0000749B1F90000B3EE0E0A05F099FA84EDCF
:1095F000130ABDEC048B70BDBC000020480600209F
:10960000B400002000004844080100200000484346
:10961000B2000020B0000020C4000020000016436B
:109620000000DC420020014908707047B2000020B1
:1096300010B502F057F8024908700846007810BDCE
:109640006C0100200648008828B90548408810B9F8
:109650000348808808B1012070470020FCE7000023
:109660006601002010B50948007870B101F0E6FEEF
:1096700007490860002007490880488088800C203E
:10968000FEF798FF044806F055F810BD6C01002065
:1096900070010020740100208407002030B52DEDFA
:1096A000028B83B004467B4802F064F840B9002086
:1096B000794908804880888003B0BDEC028B30BDBA
:1096C000082274497448FEF730F87448006800288E
:1096D00069D001F0B3FE71490968401A47F2305170
:1096E000884261D24FF400716D48F8F729FC9FED74
:1096F0006D0AF0EE408A9FED6B0AB0EE408A0020C2
:1097000024E0654931F91010674A32F91020891AAE
:10971000494300EE101AB8EEC00A30EE280AF0EE07
:10972000408A5D4931F910105F4A32F91020114426
:10973000494300EE101AF8EEC00AB1EE001A80EEAE
:10974000810A30EE080AB0EE408A401C0328D8DBBC
:109750009FED560AB4EEC08AF1EE10FA23DD88EED2
:10976000880ADFED530AB4EEE00AF1EE10FA1ADDD2
:109770004948B0F9000000904748B0F90200019054
:109780004548B0F90400029069464A4805F074FE65
:1097900041480088444908803F48408848803E4806
:1097A0008088888000BF1BE000203C490860694633
:1097B000404805F0DDFF00250DE0684600EB850020
:1097C000D0ED000AB0EE600AFCF752FA01B23A4856
:1097D00020F815106D1C032DEFDB05F083FA00BF98
:1097E0002D48FDF71FFF2C48008833498839B1F810
:1097F0008810401A00B228490880084641882E483F
:109800008838B0F88A00081A00B223494880084610
:10981000818829488838B0F88C00081A00B21E499F
:1098200088800846B0F9000000EE100AB8EEC00AC1
:1098300084ED000A0846B0F9020000EE100AB8EE06
:10984000C00A84ED010A0846B0F9040000EE100ACF
:10985000B8EEC00A84ED020A17488838B0F88800CC
:1098600080B915488838B0F88A0058B91248883845
:10987000B0F88C0030B91148006820F004000F499E
:10988000086005E00D48006840F004000B490860DE
:1098900000BF11E760010020660100207001002078
:1098A0000004024000000000740100200AD7233C9D
:1098B0002E90A03C840700202006002004010020F8
:1098C00070B5014600200B469824002204E013F8EE
:1098D000016B3518E8B2521CA242F8D391F89650A9
:1098E000451BE8B270BD000010B52DED028B374866
:1098F000007810B1BDEC028B10BD9820344908608F
:109900000846007800F0030008B1012000E00020C4
:109910002F49096800EB91002D49086008462D4940
:1099200002682D48F9F7E2FA2A4800780B2828D176
:109930002848FFF7C5FF274991F89610884219D1AA
:109940002448007800EE100AB8EE400AF2EE040A4D
:1099500080EE201A11EE104A2046F6F7BCFE41ECCC
:10996000180B53EC182B1DA0FCF7A2F8012022497C
:10997000087009E021A0FCF79BF800201E49087040
:1099800002E000201C4908701B48007890B998221A
:1099900020491048F6F7DEFC0E48FFF791FF0D490D
:1099A00081F896000A4802680B48F9F7B3FA0120DB
:1099B0001149087003220021012008F0EEF8164931
:1099C000086001200149087000BF93E7A40000204F
:1099D000A00000209805002000F00F085665727363
:1099E000696F6E205625312E316620636865636B82
:1099F000205B4F4B5D0D0A00A50000205665727379
:109A0000696F6E20636865636B205B4641494C5DFE
:109A10000D0A000008000020A8000020002435E006
:109A200000235A1E19461A48006808F0D3F800BFF0
:109A300001F004FD17490968401AB0F5FA6F1DD905
:109A40001548007800F00200C0B91448FFF738FF4D
:109A50000446124890F89600A04208D00F4880F8BB
:109A600096400F480D4902680E48F9F753FA0E4820
:109A7000006820F020000C490860D9E70023642228
:109A800019460348006808F0A5F8D1E7C8E70000C8
:109A9000A8000020AC000020000100209805002054
:109AA000A000002000F00F080401002010B50F48AE
:109AB000007800B110BD51200D4908700020487099
:109AC00003220021012008F068F80A4908600846CE
:109AD000006830B100231A4619460648006808F0AD
:109AE00067F901200149087000BFE3E72C0100205D
:109AF000840600202801002070B504461E48006836
:109B0000C0F3080008B1012000E0002005461B4812
:109B1000007808B9002070BD1DB1204600F034F86F
:109B2000F9E700235A1E19461548006808F052F854
:109B300001281FD1134840781E2808DA11484278BE
:109B4000801C8454801E4078401C0E4948700A2CAA
:109B500003D00C4840781E2805DB0A4807F010FBAC
:109B600000200849487000231A4619460448006836
:109B700008F01EF9E0B2CEE704ED00E02C01002071
:109B8000280100208406002038B504466A460021DA
:109B90000C48006808F03DFA012811D10A484078C5
:109BA0001E2808DA08484278801C8454801E4078B9
:109BB000401C0549487069460248006808F0E2F90F
:109BC000204638BD280100208406002003468B4231
:109BD00001DA08467047934201DD1046FAE718465D
:109BE000F8E7F0EE401AF4EEE01AF1EE10FA02D2C5
:109BF000B0EE600A7047F4EEC11AF1EE10FA02DD21
:109C0000B0EE410AF6E7B0EE610AF3E700B5F0EE18
:109C1000402ADFED040A72EEA00AB0EE600A06F0F8
:109C20001FF800BDDB0FC93F10B5044624B954220C
:109C300005A10CA0FDF7C6FD0023142221460C4807
:109C4000006807F0C7FF10BD2E2E5C7372635C6462
:109C50007269766572735C7372635C6370706D2E8B
:109C60006300000074696D657374616D70000000BD
:109C70000404002000B589B001210846F8F7AAFBCA
:109C800001210804F8F7E6FB01A8F8F750F90220D3
:109C90008DF808000820019001A92048F8F7CFF8B6
:109CA000032211461D48F8F712F906A8F9F73AFE03
:109CB000A720ADF818000020ADF81A0006A9184832
:109CC000F9F7EEFD03A8F9F713FD0420ADF80C0039
:109CD00003A91348F9F7D5FC18208DF800000520DA
:109CE0008DF8010000208DF8020001208DF803009E
:109CF0006846F8F721FB00220221402007F04DFFC3
:109D000008490860012205210548F9F7FAFC0121FC
:109D10000348F9F7BCFB09B000BD00000000024099
:109D20000040014004040020014800787047000012
:109D30000B0400202DE9F04704468946B9F1000FD5
:109D400006D1E76817B1A069B84211D801270FE022
:109D50004946204601F080FB0646022E02D2012031
:109D6000BDE8F087A069B04201D93046F8E74F4618
:109D70003D4600BF6D1CA069A84204D80225BD4223
:109D800001D90020ECE72946204601F065FB064694
:109D900006B909E0701C08B1012E01D13046DFE799
:109DA000BD42E7D10020DBE700BF6FF070422946DB
:109DB000204604F055FD8046B8F1000F08D1B9F1F6
:109DC000000F05D02A464946204604F049FD80464A
:109DD000B8F1000F09D1E5602069401C68B1206925
:109DE000401E20610120607107E0B8F1010F02D12F
:109DF0004FF0FF3000E0012005462846B0E70000A4
:109E00002DE9F34F83B0814604980068019002E089
:109E10000198401C0190019800782F28F8D00198F3
:109E200000785C28F4D0D9F81CA000252F4600BF8C
:109E300038467F1C01990C5C202C03DB2F2C01D0B1
:109E40005C2C00D132E0FF2D03D3062005B0BDE825
:109E5000F08FE4B2812C13DBE0B2FE2810DC384630
:109E60007F1C01990E5C402E01DB7E2E05DD802ECD
:109E700001DBFE2E01DD0620E8E706EB042084B2BC
:109E80000121204601F044F804460CB90620DDE724
:109E9000802C06DA214671A0FEF7DEFF08B106200D
:109EA000D4E728466D1C2AF81040C1E700BF01988E
:109EB000C11904980160202C01DA042000E0002080
:109EC000804608E0681E3AF81040202C02D02E2C64
:109ED00000D002E06D1E002DF4D100BF0DB90620A8
:109EE000B4E700202AF815000B222021D9F8180029
:109EF00002F036FE002700E07F1C3AF81700202809
:109F0000FAD03AF817002E28F6D00FB148F003081F
:109F100000E06D1E25B1681E3AF810002E28F8D119
:109F20000020064602904FF0080B00BF38467F1C09
:109F30003AF8104004B963E0202C03D02E2C04D151
:109F4000AF4202D048F00308F0E70298584501D22A
:109F5000AF4214D1BBF10B0F02D148F003084FE020
:109F6000AF4201D048F00308AF4200D948E02F4685
:109F7000082002904FF00B0BB006060ED6E7802C9F
:109F800009DB204601F002F80021009000F0C0FF3C
:109F9000044648F00208FF2C11DDABF101000299E4
:109FA000884204D848F00308CDF808B0BEE7221272
:109FB000D9F818300298411C02911A5419E024B1C2
:109FC000214629A0FEF748FF18B15F2448F0030896
:109FD0000FE0412C04DB5A2C02DC46F0020608E0BC
:109FE000612C06DB7A2C04DC46F00106A4F120008B
:109FF00084B2D9F818300298411C02911C5495E79C
:10A0000000BFD9F818000078E52803D10520D9F859
:10A0100018100870BBF1080F01D1B006060E06F04B
:10A020000C000C2803D006F00300032801D148F0EF
:10A03000020808F0020058B906F00300012801D117
:10A0400048F0100806F00C00042801D148F0080878
:10A05000D9F8180080F80B800020F7E6222A3A3C55
:10A060003E3F7C7F000000002B2C3B3D5B5D0000F1
:10A0700000EE100AB8EEC00ADFED020A20EE200A58
:10A080007047000035FA8E3C70B504460420F9F79D
:10A0900061F80C48046025464FF47A70454301206E
:10A0A000094908804FF0E020006940F002004FF0BD
:10A0B000E021086108464561006940F0010008613F
:10A0C00070BD0000E0010020E401002070B50446EE
:10A0D00008F03EF8012811D00C480088844206DBC5
:10A0E0000A48008894FBF0F5284607F0DBF907489A
:10A0F000008894FBF0F100FB114084B24FF47A71B8
:10A1000004FB01F000F004F870BD0000E401002041
:10A1100070B5034600224FF0E02675690D4E366893
:10A1200003FB06F44FF0E026B16910E04FF0E026A3
:10A13000B06988420BD0884202D20E1A324402E043
:10A140002E1A0E4432440146A24200D300E0EDE74D
:10A1500000BF70BDE00100200021016170470000D8
:10A160000169491C01610169012908D180ED010AD9
:10A1700080ED000ADFED150AC0ED020A25E0D0ED02
:10A18000000A30EE601AD0ED040AF8EEE01AC1EED3
:10A19000210A90ED001A70EE810AC0ED010AD0ED9F
:10A1A000020A90ED001A30EE411AD0ED011A70EE5D
:10A1B000611A41EE210AC0ED030AD0ED010AC0ED9B
:10A1C000000AD0ED030AC0ED020A7047000000004B
:10A1D00010B52DED028B0446204600F007F8B0EED6
:10A1E000408AFCF763F9BDEC028B10BD01690129BF
:10A1F0000ADDD0ED030A0169491E00EE101AB8EE1F
:10A20000C01A80EE810A70479FED010AFBE700004B
:10A21000000000002DE9F04104460E4600212046D2
:10A2200000F0B7F90546EDB9002700BF21692068A5
:10A2300002F046FD054605B113E060690078E528A7
:10A2400002D06069007820B9781C0746B04201D17D
:10A2500007E000270121204600F076F80546002D92
:10A26000E4D000BF2846BDE8F0812DE9F047044660
:10A270000021204600F08DF9074617B13846BDE8A9
:10A28000F0874FF0FF09CA4600BF2169206802F03D
:10A2900017FD074607B154E065692E780EB904270B
:10A2A0004FE0E87A00F03F08E52E05D008F00800FE
:10A2B00028B1B8F10F0F02D04FF0FF093AE0B8F122
:10A2C0000F0F1CD1E069A0B306F0400030B195F843
:10A2D0000DA026F04006B146E08820844E450AD104
:10A2E000687B504507D12946E069FEF7B3FF10B1FE
:10A2F000A9F1010000E0FF2000F0FF091AE0B9F128
:10A30000000F05D1284606F0F3F8504500D118E0BB
:10A310004FF0FF094FF6FF702084A069C07A00F06B
:10A32000010030B90B222846A16902F0F9FB00B9FF
:10A3300007E0FFE70021204600F006F80746002F5F
:10A34000A3D000BF38469AE72DE9F041044688467D
:10A3500000BFE088401C86B20EB1206910B904200D
:10A36000BDE8F08106F00F0000286DD12069401C87
:10A370002061E06828B920680089B04264DC0420CC
:10A38000EEE720688078401E00EA161000285BD1B6
:10A39000E168206801F060F80546012D01D802202F
:10A3A000DEE7681C08B90120DAE720688069A84266
:10A3B00044D8B8F1000F01D10420D1E7E16820684A
:10A3C000FFF7B8FC05460DB90720C9E7012D01D1FB
:10A3D0000220C5E7681C08B90120C1E7206806F023
:10A3E000FBF808B10120BBE7216801F134004FF40C
:10A3F0000072002102F0B4FB29462068FEF71DFF21
:10A400002168086300270FE0012021680871206897
:10A4100006F0E2F808B10120A2E72068006B401CBA
:10A4200021680863781CC7B220688078B842EBDCEA
:10A430002068006BC01B2168086300BFE5602946E7
:10A440002068FEF7FAFE2061E6802068343006F0CE
:10A450000F0100EB41106061002081E72DE9FE4F04
:10A460000446D4F81880D4F81C900C224146684663
:10A4700002F069FB00BF9DF80B0000F0010028B35B
:10A48000002088F80B00E06101260DE033464A46C3
:10A490006946404600F05BFE2046FFF7E6FE0546B3
:10A4A00005B103E0701C86B2642EEFDB00BF642EA2
:10A4B00002D10720BDE8FE8F042D01D02846F9E720
:10A4C0009DF80B0088F80B00C4F81C909DF80B0059
:10A4D00000F0020070B1002601E0701C86B239F86D
:10A4E00016000028F9D106F119000D2190FBF1F0BA
:10A4F00087B200E0012739462046FFF78BFE05466C
:10A500005DBB781E80B2071E27D0E088C01B81B2D9
:10A51000204600F03EF80546FDB9A06905F0E8FFC9
:10A52000824600BF2169206802F0CAFB054605B1DA
:10A5300012E0FAB253466169E06900F077FD01204C
:10A540002168087100212046FFF7FEFE05461DB96F
:10A55000781E80B2071EE5D100BFC5B92169206809
:10A5600002F0AEFB054695B920220021606902F099
:10A57000F7FA0B22D4E9050102F0E5FAA069C07AE6
:10A5800000F01800616908730120216808712846ED
:10A5900090E72DE9F04104460E46E680A568012DBE
:10A5A00003D020688069A84202D80220BDE8F0816B
:10A5B0002DB920680078032801D12068856A65B923
:10A5C000E56020680089B04201DC0220EEE72068E7
:10A5D000806A00EB1610206120E020688078070177
:10A5E00012E02946206800F037FF0546681C08B9CC
:10A5F0000120DBE7022D03D320688069A84201D83F
:10A600000220D3E7F01B86B2BE42EADAE5602946B3
:10A610002068FEF712FE00EB16102061206834302F
:10A6200006F00F0100EB411060610020BEE7000062
:10A6300070B50446074805680068A04305490860EE
:10A6400008460068A84202D00120FDF7E7FF014854
:10A65000006870BD0801002070B50446002514B1E3
:10A66000012C0ED10BE0F8F751F8054635B1F8F79B
:10A670006FF9FF20F8F7B4FBF8F765F903E001255F
:10A6800001E0012500BF00BF0DB1012070BD002019
:10A69000FCE700002DE9F04106460F4615462EBBAB
:10A6A00037B1012F1AD0022F0FD0032F1BD111E089
:10A6B000002010490860F8F7C4F908B9002400E048
:10A6C000012401200B4908600FE04FF4007028803E
:10A6D00000240AE008202880002406E0F7F7DBFFCA
:10A6E0002860002401E0042400BF00E0012420468B
:10A6F000BDE8F081840241422DE9F04105460E4655
:10A7000017461C464FF0000814B90420BDE8F0813C
:10A7100015B1012D14D110E0224639463046F8F724
:10A72000BDF88046B8F1000F06D0F8F711F9FF2008
:10A73000F8F756FBF8F707F905E04FF0010802E0DB
:10A740004FF0010800BF00BFB8F1000F01D1002099
:10A75000DCE70120DAE70146002070472DE9F041EF
:10A7600005460E4617461C464FF0000814B9042053
:10A77000BDE8F08115B1012D0AD106E02246394627
:10A780003046F8F76FF9804605E04FF0010802E027
:10A790004FF0010800BF00BFB8F1000F01D1002049
:10A7A000E6E70120E4E7000070B5044607480568C5
:10A7B000006820430549086008460068A84202D0A6
:10A7C0000120FDF72BFF0148006870BD0801002043
:10A7D0002DE9FE4F04460D46204607F02BF8029067
:10A7E000029810B10298BDE8FE8FA07900F08000B9
:10A7F00008B10220F7E7606A00287DD0681C0028B5
:10A8000041D1D4F8248058F804AB4FF002092669EE
:10A810006EB300BF00964FF0000B09F1020900BFB4
:10A8200001960BF1010B3146206800F015FE06463B
:10A83000012E05D8A07940F08000A0710220D2E757
:10A84000701C28B9A07940F08000A0710120CAE7EF
:10A850000198401C8642E3D0D14504D848F804BB97
:10A86000009848F8040B20688069B042D2D8606A2A
:10A87000C0F80090D14503D80020C8F8000050E08F
:10A88000112002904DE0E068A84200D2E568A56082
:10A89000002D46D0691E2046FEF7B6FC6061616956
:10A8A0002068FEF7CAFC07462FB9A07940F0800067
:10A8B000A071022097E720688078401E691E00EA98
:10A8C000512007442089C0F3080050B3A069B84262
:10A8D00027D0A07900F0400098B121684878012382
:10A8E00004F12801A269FFF739FF30B1A07940F0E7
:10A8F0008000A071012076E714E0A07920F04000EC
:10A90000A0712168487801233A4604F12801FFF735
:10A91000F3FE28B1A07940F08000A071012062E729
:10A92000A761C1E0E068A84204D2A07900F002006B
:10A9300000B9E568D4F808904FF00008C4F8088022
:10A94000002D77D0206880784702B9F1000F11D030
:10A95000681EB0FBF7F1A9F10100B0FBF7F08142EE
:10A9600008D3A9F10100791E8843A060A0682D1AC0
:10A97000666918E02669AEB900212068FFF7DAF9A8
:10A980000646012E05D1A07940F08000A07102207A
:10A9900029E7701C28B9A07940F08000A07101203F
:10A9A00021E726616661EEB329E0A07900F002009C
:10A9B00038B131462068FFF7BDF9064636B93D4645
:10A9C0001FE03146206800F047FD0646701C28B99C
:10A9D000A07940F08000A071012004E7012E03D986
:10A9E00020688069B04205D8A07940F08000A0714D
:10A9F0000220F8E66661A0683844A060ED1BBD4205
:10AA0000D3D800BFA0682844A060C5F3080048B1AF
:10AA100031462068FEF711FC8046B8F1000F07D1DF
:10AA2000A07900E006E040F08000A0710220DAE6A4
:10AA300008EB55282089C0F3080050B3A0694045B1
:10AA400027D0A07900F0400090B121684878012318
:10AA500004F12801A269FFF781FE28B1A07940F036
:10AA60008000A0710120BEE6A07920F04000A07116
:10AA7000216848780123424604F12801FFF73CFE93
:10AA800028B1A07940F08000A0710120ABE6C4F8A5
:10AA90001880D4E90201884205D9A068E060A07955
:10AAA00040F02000A07100BF02989CE60246012AF7
:10AAB00001DB0B207047074850F822300BB1002013
:10AAC000187009B100200870024840F822100020D8
:10AAD000F0E70000800500202DE9F743ADF50C7D7F
:10AAE0000546164625B909200DF50F7DBDE8F08312
:10AAF0000020286006F01F0626F0010283A98DA819
:10AB0000FEF7B4F90746002F7ED180A88990CDF8D2
:10AB100028D283A88D9900F0C9FA0746889C0FB9FE
:10AB200004B9062706F01C00002851D04FB1042FAD
:10AB300003D183A8FFF792FC074646F00806889CDD
:10AB400009E0E07A00F0110008B1072703E006F001
:10AB5000040000B10827002F39D106F008000028B2
:10AB600035D000F0EBFC804684F80E804FEA1821C7
:10AB7000E1734FEA184121744FEA186161740020B3
:10AB8000E072207700216177A177E17721468398F1
:10AB900001F03EFF81460021204605F0C7F9012063
:10ABA00083990871B9F1000F11D08398D0F83080E3
:10ABB0004946839803F0F2FF074647B9A9F101001F
:10ABC0008399C8604146839802F07AF807460EE000
:10ABD0006FB9E07A00F0100008B1042707E006F032
:10ABE000020020B1E07A00F0010000B1072747B968
:10ABF00006F0080008B146F020068398006BE86173
:10AC00002C620FB9AE7100E018E02146839801F084
:10AC1000FFFE2861E07F0106A07F41EA0041607FDE
:10AC200041EA0020217F0843E8600020A860A86175
:10AC30006862839828608398C088A880384653E764
:10AC40002DE9F0410446204606F0F4FD0746002FAA
:10AC50004CD1A07900F02000002847D0A07900F066
:10AC6000400078B121684878012304F12801A269E5
:10AC7000FFF774FD10B10120BDE8F081A07920F04C
:10AC80004000A071E169206802F01AF80746002F21
:10AC90002CD1256AE87A40F02000E872207B2877E2
:10ACA000A089010A6977E068010CA977E068010EC4
:10ACB000E9772846216905F039F900F03FFC06469E
:10ACC000AE75310AE975310C2976310E69760020AE
:10ACD000A8740021E974A07920F02000A07101205F
:10ACE00021680871206805F013FC07463846C3E761
:10ACF0002DE9FF4F83B0044615469B46049801900A
:10AD00000020CBF80000204606F094FD0290029847
:10AD100018B1029807B0BDE8F08FA07900F080006C
:10AD200008B10220F6E7A07900F0020008B9072078
:10AD3000F0E7E0682844E168884200D20025D6E0C8
:10AD40002089C0F3080000287ED120688078401E4A
:10AD5000A16800EA512000F0FF0ABAF1000F32D1D9
:10AD6000A06858B9D4F81080B8F1000F13D10021B1
:10AD70002068FEF7DFFF804620610CE0606A28B1A2
:10AD80002046A168FEF740FA804604E06169206829
:10AD9000FEF7D0FF8046B8F1000F00D1AAE0B8F16D
:10ADA000010F05D1A07940F08000A0710220B1E729
:10ADB00008F1010028B9A07940F08000A0710120BD
:10ADC000A8E7C4F81480A07900F0400090B1216891
:10ADD0004878012304F12801A269FFF7BFFC28B1DC
:10ADE000A07940F08000A071012093E7A07920F0C5
:10ADF0004000A07161692068FEF71FFA06462EB96F
:10AE0000A07940F08000A071022083E756444FEA09
:10AE10005529B9F1000F30D00AEB09002168897873
:10AE2000884203D920688078A0EB0A0909F0FF0363
:10AE30002168487832460199FFF790FC38B1A07933
:10AE400040F08000A07100E02EE0012062E7A069E0
:10AE5000801B48450ED2A069801B019A02EB40215D
:10AE60004FF4007204F1280001F06DFEA07920F08B
:10AE70004000A0714FEA49272DE0A069B04212D0EE
:10AE8000D4E9020188420ED2216848780123324673
:10AE900004F12801FFF730FC28B1A07940F08000D0
:10AEA000A071012036E7A6612089C0F30800C0F533
:10AEB0000077AF4200D92F462189C1F3080204F17F
:10AEC000280150183A46019901F03DFEA07940F062
:10AED0004000A07100BF019838440190A068384438
:10AEE000A060DBF800003844CBF80000ED1B002D1B
:10AEF0007FF426AF00BFD4E90201884201D9A068DF
:10AF0000E060A07940F02000A071002002E700007E
:10AF10002DE9F04102460F46802A01DA10462FE063
:10AF20001FB1184B45F2205602E0174B45F2205650
:10AF30000025102416E0A6EB050C0CEBDC7805EBE5
:10AF400068014FEA410C33F81CC0944500D10BE076
:10AF50004FEA410C33F81CC0944501DA0D4600E07D
:10AF60000E46641E002CE6D100BF34B14FF0010C38
:10AF70000CEB410C33F81CC001E04FF0000C6046B4
:10AF8000BDE8F0818C7B02080827010802460021F9
:10AF900000E0491C094830F8110020B1074830F89A
:10AFA00011009042F5D1054830F8110018B104485D
:10AFB00030F8110070471046FCE7000010D003087D
:10AFC000F0D1030810B5024600200AE04B78834018
:10AFD00003F080030BB1472300E0212342F8203027
:10AFE000401C0828F2DB00200CE00B78834003F0C3
:10AFF00080030BB1472400E0212400F1080342F84C
:10B000002340401C0828F0DB00200CE08B788340B4
:10B0100003F080030BB1472400E0212400F110036A
:10B0200042F82340401C0828F0DB10BDF0B5044670
:10B030001D464D730F27CF7200270F738F76BC46C6
:10B0400081F81BC0571E07EB870C0CEBC7060027C7
:10B0500038463B4600BF4FF6FF77B84203D037462D
:10B06000761C34F81700DFF840C01CF803C001F864
:10B070000C000712DFF830C01CF803C08C448CF8B9
:10B08000017008B94FF6FF705F1C3B460D2FE2D3ED
:10B090004FF6FF77B84202D034F816700FB942F07D
:10B0A00040020A70F0BD0000CE2601082DE9F341F0
:10B0B0000446019800782F2803D0019800785C2876
:10B0C00002D10198401C01900020A06001980078F6
:10B0D000202807D200212046FFF75BFA0546002012
:10B0E000606129E000BF01A92046FEF789FE054600
:10B0F00005B120E02046FFF7B8F80546A069C67AFA
:10B1000045B1042D00D016E000BF06F0040000B9E0
:10B11000052510E006F0040000B10CE06769F87A3C
:10B1200000F0100008B9052505E03946206801F057
:10B130006FFCA060D7E700BF2846BDE8FC8170B572
:10B1400004460D462046FEF7D7FC204670BD2DE98B
:10B15000FC4707468A4690461C460B225146384615
:10B1600001F0F1FC052C0BDD00BF601000EBC431D9
:10B1700038F8022B881884B2B8F800000028F4D1FF
:10B18000072600BF2046E11704EB11710911A4EB5B
:10B190000111303101F0FF09B9F1390F03DD09F177
:10B1A000070000F0FF093046761E0DF8009020469B
:10B1B000E11704EB1171C1F30F14002CE2D17E20D2
:10B1C0000DF8060000250BE0785D812807DB785D2F
:10B1D000FE2804DC701EA84200D106E06D1C6D1C28
:10B1E000B54202D2785D2028EED100BF00BF082E04
:10B1F00004D23046761C1DF8000000E020202946CD
:10B200006D1C7854082DF2D3BDE8FC8770B5044658
:10B210000D46A4F2DC504FF4FA725142FEF7D6FC10
:10B2200006B229463046FCF76FFA06B2304670BDCA
:10B230000148007870470000EC00002003B5BDF91C
:10B240000400002803DABDF90400404201E0BDF922
:10B25000040000EE100AB8EEC00AB7EE081AC0EEFD
:10B26000010ABDF90000002803DABDF900004042E0
:10B2700001E0BDF9000000EE100AB8EEC00AF4EEDD
:10B28000C00AF1EE10FA2CDDBDF90400002803DA43
:10B29000BDF90400404201E0BDF9040000EE100ACF
:10B2A000B8EEC00AB7EE081AC0EE010ABDF90200F6
:10B2B000002803DABDF90200404201E0BDF90200B6
:10B2C00000EE100AB8EEC00AF4EEC00AF1EE10FA71
:10B2D00007DDBDF90400002801DC01200CBD0020C1
:10B2E000FCE7BDF90000002803DABDF90000404288
:10B2F00001E0BDF9000000EE100AB8EEC00AB7EE9A
:10B30000081AC0EE010ABDF90200002803DABDF9EF
:10B310000200404201E0BDF9020000EE100AB8EE62
:10B32000C00AF4EEC00AF1EE10FA2CDDBDF90000FF
:10B33000002803DABDF90000404201E0BDF9000039
:10B3400000EE100AB8EEC00AB7EE081AC0EE010A05
:10B35000BDF90400002803DABDF90400404201E011
:10B36000BDF9040000EE100AB8EEC00AF4EEC00AFF
:10B37000F1EE10FA07DDBDF90000002801DD022022
:10B38000ACE70320AAE7BDF90200002803DABDF903
:10B390000200404201E0BDF9020000EE100AB8EEE2
:10B3A000C00AB7EE081AC0EE010ABDF90000002875
:10B3B00003DABDF90000404201E0BDF9000000EEF3
:10B3C000100AB8EEC00AF4EEC00AF1EE10FA2CDD55
:10B3D000BDF90200002803DABDF90200404201E095
:10B3E000BDF9020000EE100AB8EEC00AB7EE081A66
:10B3F000C0EE010ABDF90400002803DABDF904001B
:10B40000404201E0BDF9040000EE100AB8EEC00AA7
:10B41000F4EEC00AF1EE10FA07DDBDF902000028D3
:10B4200001DD04205AE7052058E74FF0FF3055E7CB
:10B430000148007870470000F000002010B506F0C9
:10B4400087FE012802D006F093FE10BD0148006877
:10B45000FBE70000840400202DE9F04105460C467E
:10B46000022C02D3A869A04202D80120BDE8F081D5
:10B470002878012804D002282CD003285AD13DE096
:10B48000274607EB5707686A00EB5721284601F06B
:10B4900017FC00B14EE0C7F3080105F1340010F8C5
:10B4A00001807F1C686A00EB5721284601F008FCE8
:10B4B00000B13FE0C7F3080105F13400405C48EA01
:10B4C000002804F0010010B14FEA1810CEE7C8F3CD
:10B4D0000B00CBE7686A00EB1421284601F0F0FB73
:10B4E00000B127E040F2FF1000EA440105F134000A
:10B4F0000E183078717840EA0120B7E7686A00EBEF
:10B50000D411284601F0DCFB00B113E040F2FF103B
:10B5100000EA840105F134000E18F0780006B178D5
:10B5200040EA0140717840EA01203178084320F078
:10B5300070409BE700BF4FF0FF3097E70020704757
:10B5400010B52DED028BB0EE408A01F023FC18B946
:10B550000020BDEC028B10BD4FF47A7000F020F893
:10B5600000240DE0BCEEC80A10EE102A91B2C4EB24
:10B57000C402054B03EB82005022FDF7FDF9641C69
:10B58000032CEFDB0120E4E7E00700200348B0F8DC
:10B59000500008B9012070470020FCE77C01002022
:10B5A0000149A1F8500070477C0100207CB5054698
:10B5B000454801F0C7FB00B97CBD0422424908465A
:10B5C000FCF7B3F8FFF7E2FFD8B93F4801680091F4
:10B5D0008088ADF80400DDE9000101F069FE9FED0F
:10B5E0003B0A3B4880ED000A9FED380A80ED010AD6
:10B5F0009FED360A80ED020A024607CA85E8070079
:10B60000DAE73148008833498989401A00B2324963
:10B6100008802D4841882F48C089081A00B22E4959
:10B620004880294881882B48008A081A00B22A4994
:10B6300088800846FBF7F6FF2748B0F9000000EEC7
:10B64000100AB8EEC00ADFED250A80EE201A204865
:10B6500080ED001A2048B0F9020000EE100AB8EEA2
:10B66000C00ADFED1E0A80EE201A194880ED011A8B
:10B670001948B0F9040000EE100AB8EEC00ADFED78
:10B68000170A80EE201A124880ED021A002413E0F7
:10B690000F4901EB8401D1ED000AB0EE600AC4EB62
:10B6A000C4010F4A02EB8100FDF7A6F8084800EB41
:10B6B000840080ED000A641C032CE9DB044A07CAFD
:10B6C00085E8070000BF77E7D001002000000000F8
:10B6D000D40700207C010020D601002033338341B1
:10B6E000E007002038B52148007808B1012038BDB6
:10B6F00000F068F80020009000240EE06B460A225B
:10B700001E211B4800F0B7F89DF80000482800D122
:10B7100005E00A20FEF7DAFC641C0A2CEEDB00BF11
:10B720009DF8000048281DD1782300221E211048D2
:10B7300000F0D0F80520FEF7C9FC202301221E21CD
:10B740000B4800F0C7F80520FEF7C0FC00230222DA
:10B750001E21074800F0BEF86420FEF7B7FC012068
:10B760000249087001480078C1E700001004002079
:10B77000140400203EB5044601A8062303221E211E
:10B7800000900F4800F055F805469DF805009DF81B
:10B79000041040EA012000B220809DF807009DF8C7
:10B7A000061040EA012000B2A0809DF809009DF833
:10B7B000081040EA012000B2608028463EBD00002B
:10B7C0001404002010B50648007800B110BD0548EB
:10B7D00000F063FA01200249087000BFF6E700009C
:10B7E000780400201404002038B50446002000909E
:10B7F0006946206A06F0C6FB009838B14FF08050C9
:10B8000003490860BFF34F8FBFF36F8F38BD00004F
:10B8100004ED00E010B5044640F2012021680968FB
:10B8200008802168002208684FF4C061F6F79BFC8D
:10B8300010BD2DE9F04188B00746884614461D46E4
:10B840000E9EFF2C07D12B460122414603A80096ED
:10B8500000F06CF808E001202346002241468DE804
:10B86000610003A800F072F803A9384600F0C2FA9C
:10B8700008B0BDE8F081F8B505460E4617461C46EF
:10B8800001233A46314628460094FFF7D2FFF8BD1F
:10B890002DE9F04188B00746884614461D460E9EA5
:10B8A000FF2C07D12B460022414603A8009600F04A
:10B8B0003DF808E000202346024641468DE861003D
:10B8C00003A800F043F803A9384600F093FA08B043
:10B8D000BDE8F0817FB582B004460D46164605A846
:10B8E00001233246294600902046FFF7D1FF06B0DB
:10B8F00070BD10B504462168086C0021F5F776FF8D
:10B900002268916C106CF5F757FF216808680021D8
:10B91000F6F7C4FB216808680021F6F7CBFB216825
:10B920000022086C1421F6F78FF810BD30B5039C87
:10B9300001718271002505734FF6FF75C5810360A3
:10B940000025C57104610225457130BDF0B505AC17
:10B9500070CC017184710273C38105600027C771C7
:10B96000066102274771F0BD10B504462268916C4C
:10B97000106CF6F715F840B12046FFF7BAFF2046E5
:10B98000FFF732FF2046FFF745FF2268D16C106CAD
:10B99000F6F706F860B12268D16C106CF5F70CFF71
:10B9A0000121E1722046FFF71FFF2046FFF732FF1B
:10B9B00010BD38B504462168886B0121F6F70AFDF1
:10B9C0002068C06BA062206800681030E06200212F
:10B9D00021636163A163E1634FF48061216400210D
:10B9E0006164A164E1644FF4003121650021616567
:10B9F000A165E1652166206890F844008DF800009B
:10BA000007208DF8010000208DF8020001208DF83C
:10BA100003006846F6F790FC38BD000010B50446F8
:10BA2000216808681E49F6F781FBB8B1617A481EA3
:10BA30006072002905DD40F2011021680968088064
:10BA400007E00121E1722046FFF7CEFE2046FFF716
:10BA5000E1FE216808681249F6F71AFB21680868B8
:10BA60001049F6F763FB20B1216808680D49F6F725
:10BA70000FFB216808680C49F6F758FB20B12168D4
:10BA800008680949F6F704FB216808680749F6F7D2
:10BA90004DFB20B1216808680449F6F7F9FA10BD9A
:10BAA0000004001000010010000800100002001047
:10BAB00070B5044620680068858A05F00100F8B179
:10BAC0000020A061A07A20B1608A4FF6FF71884201
:10BAD00008D0227A5206110E226810680022F6F76A
:10BAE000C3FBD9E0216808680121F6F7C5FA227A7C
:10BAF0005206110E226810680122F6F7B5FBCBE062
:10BB000005F00200002857D0A07A20B1608A4FF6D5
:10BB1000FF71884224D020680068068B608A4FF647
:10BB2000FF71884215D0207C58B1628A110A2268C0
:10BB30001068F6F7A1FBA17C22681068F6F79CFB61
:10BB400004E0A17C22681068F6F796FB4FF6FF71BF
:10BB500061822168012208689102F6F704FB9BE0EC
:10BB60006068012805D1216808680021F6F784FA89
:10BB700004E0216808680121F6F79CFA2168002298
:10BB800008684FF4C061F6F7EEFA21680122086CEC
:10BB90001421F5F759FF216808680121F6F77EFAAC
:10BBA00000BF00BF00BFBFF35F8F00BF00BF00BF7B
:10BBB00020680068068B6FE005F0040088B32068F9
:10BBC0000068068B06F0040078B1A07A012805D140
:10BBD00040F2011021680968088019E02046FFF74B
:10BBE00003FE2046FFF716FE12E021680868F6F70C
:10BBF00037FBA269511CA161616988546168A06921
:10BC0000884205D12046FFF7EFFD2046FFF702FEF0
:10BC100000BF20680068008800F480700028F8D118
:10BC20003AE0FFE705F04000A0B121680868F6F7A8
:10BC300017FBA269511CA161616988546168A06900
:10BC4000884229D12168002208684FF48061F6F704
:10BC50008AFA21E005F08000F0B1A07A012807D12E
:10BC60002168002208684FF48061F6F77CFA13E03F
:10BC7000A3695A1CA2616269D15C22681068F6F758
:10BC8000FBFA6168A069884206D121680022086831
:10BC90004FF48061F6F767FA70BD10B50446204690
:10BCA00000F001F810BD30B587B004462168486A3D
:10BCB0000121F6F78FFB216848690121F6F78AFB1D
:10BCC000216848680121F6F7A5FB6846F6F72FF9C9
:10BCD00001208DF8040002208DF8050001208DF868
:10BCE00006002068C0690090216888696946F6F7F7
:10BCF000A6F82068C06A00902168886A6946F6F74D
:10BD00009EF82568AD8DABB22568AD8BAAB22568CB
:10BD1000A96AA86900F0D6F802208DF8040020680E
:10BD2000C0690090216888696946F6F788F820683C
:10BD3000C06A00902168886A6946F6F780F823682F
:10BD400093F834201B8C99B223689869F6F7BFF8F2
:10BD5000236893F834201B8E99B22368986AF6F70B
:10BD6000B6F821680868F6F7B1F90020ADF81000C0
:10BD70004BF6FF70ADF812003020ADF814004FF410
:10BD80008060ADF816000001ADF818002068006969
:10BD900003902168086803A9F6F7EEF921680122EB
:10BDA00008681102F6F7DFF92068007A8DF80800BC
:10BDB00007208DF8090000208DF80A0001208DF879
:10BDC0000B0002A8F6F7B8FA2068007B8DF808008F
:10BDD00002A8F6F7B1FA2046FFF7EBFD0322002197
:10BDE000012005F0DAFE2062012005F0C5FE606248
:10BDF00007B030BD70B504460D46002600235A1E1C
:10BE00001946606A05F0E6FE14222946201DF4F763
:10BE1000A1FA204600F028F8002314221946206ACF
:10BE200005F0D8FE012803D1E07A38B9012605E0F3
:10BE30002046FFF75EFD204600F03DF800231A463D
:10BE40001946606A05F0B4FF304670BD08B50021A0
:10BE50000091009102E00099491C009100EB001153
:10BE6000009A9142F7D808BD10B50446A07A01287F
:10BE70000ED16168A163616921632168086C04F1D6
:10BE80002801F5F7FFFD2168086C0121F5F7AEFCEC
:10BE90002168002208684FF48061F6F764F9216890
:10BEA000012208685102F6F75EF940F2011021689C
:10BEB0000968088010BD10B504462046FFF7F3FE60
:10BEC00010BD00002DE9F04780460C4615461E4681
:10BED00031462046F6F729F829464046F6F725F878
:10BEE00000271EE0DFF8849000BF29464046F6F7A1
:10BEF00011F820B9B9F10000A9F10109F5D1AA2082
:10BF0000FFF7A4FF29464046F6F70DF8AA20FFF7F1
:10BF10009DFF29464046F6F708F8AA20FFF796FF4E
:10BF20007F1C092FDEDB29464046F5F7FEFFAA20DD
:10BF3000FFF78CFF31462046F5F7F5FFAA20FFF703
:10BF400085FF31462046F5F7EEFFAA20FFF77EFF7A
:10BF500029464046F5F7E9FFAA20FFF777FF31466B
:10BF60002046F5F7E2FFBDE8F0870000E947010051
:10BF70005948D0ED004A64EEA44AB0EE640A57482E
:10BF8000D0ED004A64EEA44AF0EE640A5448D0EDC5
:10BF9000004A64EEA44AB0EE641A5248D0ED004A5A
:10BFA0004D4890ED005A64EE854AF0EE641A4D4813
:10BFB000D0ED004A494890ED005A64EE854AB0EE53
:10BFC000642A4848D0ED004A454890ED005A64EE96
:10BFD000854AF0EE642A4048D0ED004A3F4890ED93
:10BFE000005A64EE854AB0EE643A3B48D0ED004A10
:10BFF0003B4890ED005A64EE854AF0EE643A3748CB
:10C00000D0ED004A364890ED005A64EE854AB0EE15
:10C01000644AF7EE004AB0EE005A45EE604AB0EED0
:10C02000005A45EE414A3048C0ED004AF1EE624AFE
:10C0300073EE244AB0EE005A64EE854AC0ED014A20
:10C04000F1EE424A73EEE44AB0EE005A64EE854ADD
:10C05000C0ED024AF1EE624A73EE644AB0EE005A55
:10C0600064EE854AC0ED034AF7EE004AB0EE005A8E
:10C0700045EE404AB0EE005A45EE414AC0ED044A52
:10C08000F1EE614A74EE244AB0EE005A64EE854A3D
:10C09000C0ED054AF1EE424A73EEA44AB0EE005AF2
:10C0A00064EE854AC0ED064AF1EE614A74EE644AD8
:10C0B000B0EE005A64EE854AC0ED074AF7EE004A3A
:10C0C000B0EE005A45EE404AB0EE005A45EE604AE6
:10C0D000C0ED084A70470000DC040020E0040020A6
:10C0E000E4040020D8040020608D002010B52DED60
:10C0F000028B0F20FDF7BCFFB0EE408AFDF786FDF6
:10C10000034880ED000AFFF733FFBDEC028B10BD42
:10C11000E80400200848007800F0020048B9074809
:10C1200001680068401E054A106011B1B2EE040AB1
:10C130007047B7EE000AFBE700010020F004002082
:10C1400010B52DED108B8AB0B0EE409AB0EE608A3B
:10C15000F0EE418AB0EE61BAF0EE429AB0EE62AA19
:10C16000F0EE43CAF0EE63BAB0EE44CA0446F0EE15
:10C1700064AA29EE090A08EE080A08EEA80A8DED5D
:10C18000090A002C77D02CEEAC0A0BEEAB0A0CEEB1
:10C190000C0A8DED070AFFF7BDFFF7EE000A20EE4F
:10C1A000200A8DED060A9DED070ADFEDEB0AB4EEDD
:10C1B000E00AF1EE10FA5FDD9DED070A00F0C8FB22
:10C1C0008DED050A9DED050A2CEE800AF0EE40CAC1
:10C1D0009DED050A2BEE800AF0EE40BA9DED050AB2
:10C1E0002CEE000AB0EE40CADC4890ED000A20EECA
:10C1F0002C0AD0ED010A00EEAB0AD0ED020A00EEE7
:10C200008C0A8DED040A90ED030A20EE2C0AD0ED85
:10C21000040A00EEAB0AD0ED050A00EE8C0A8DEDA3
:10C22000030ADDED040A20EEA01ADDED030A00EE9C
:10C23000A01AB0EE410AFAF739F98DED020A9DED28
:10C24000030ADDED020A20EE600A8DED010AC34803
:10C25000D0ED060A9DED010A20EE80DAD0ED070A46
:10C260009DED010A60EE80DAD0ED080A9DED010A2D
:10C2700020EE80EA06E01EE09FEDB9DADFEDB8DAE5
:10C280009FEDB7EA9DED060AF0EE490A40EE0D0A71
:10C29000B0EE609A9DED060AF0EE480A40EE2D0AD7
:10C2A000B0EE608A9DED060AF0EE680A40EE0E0AD6
:10C2B000F0EE608A00BFB5EEC0BAF1EE10FA09D117
:10C2C000F5EEC09AF1EE10FA04D1B5EEC0AAF1EE87
:10C2D00010FA7CD06BEE0B0A49EEA90A4AEE0A0A64
:10C2E000B0EE600A00F034FB8DED070A9DED070A01
:10C2F0002BEE000AB0EE40BA9DED070A29EE800A47
:10C30000F0EE409A9DED070A2AEE000AB0EE40AA30
:10C31000924890ED080A20EE290AD0ED070A0AEEAD
:10C32000600AB0EE40DA90ED060A20EE0A0AD0ED7F
:10C33000080A0BEE600AF0EE40DA90ED070A20EEF4
:10C340000B0AD0ED060A09EEE00AB0EE40EA9DEDD8
:10C35000090ADFED840AB4EEE00AF1EE10FA35D2F4
:10C360009FED810A6DEE000A804890ED000A00EE14
:10C37000AA0A80ED000A9FED7C0A6DEE800A7C48D7
:10C3800090ED000A00EEAA0A80ED000A9FED760A01
:10C390006EEE000A774890ED000A00EEAA0A80EDE2
:10C3A000000A724890ED000A39EE000AB0EE409A99
:10C3B0006F4890ED000A38EE000AB0EE408A6D48F2
:10C3C00090ED000A38EE800AF0EE408A00E018E0B6
:10C3D000DFED690AB0EE490A00EE8D0AB0EE409A30
:10C3E000DFED650AB0EE480A00EEAD0AB0EE408A15
:10C3F000DFED610AB0EE680A00EE8E0AF0EE408AC8
:10C4000000BFB6EE000A2AEE800A20EE090AB0EE5E
:10C41000409AB6EE000A2AEE800A20EE080AB0EE34
:10C42000408AB6EE000A2AEE800A20EE280AF0EED4
:10C43000408A524890ED00FA5148D0ED00FA514838
:10C4400090ED000A8DED080AB1EE6F0A60EE090A60
:10C450009DED080A40EE480A4B4890ED000A40EE78
:10C46000680A464890ED000A30EE800A80ED000A26
:10C470006FEE090A9DED080A40EE280A424890ED49
:10C48000000A40EE480A3E4890ED000A30EE800A6D
:10C4900080ED000A2FEE080A0FEEE80A3A48D0EDC8
:10C4A000000A00EE890A3748D0ED000A30EE200A73
:10C4B00080ED000A2FEE280A0FEE880ADDED080A4B
:10C4C00000EEC90A3048D0ED000A30EE200A80EDB7
:10C4D000000A2A48D0ED000A60EEA00A284890ED34
:10C4E000001AD0ED001A41EE210A264890ED001AFC
:10C4F000D0ED001A41EE210A234890ED001AD0ED4C
:10C50000001A41EE210AB0EE600A00F021FAF0EEC6
:10C5100040EA1A4890ED000A20EE2E0A80ED000A4B
:10C52000174890ED000A20EE2E0A80ED000A15480B
:10C5300090ED000A20EE2E0A80ED000A124890EDE0
:10C54000000A20EE2E0A80ED000AFFF711FD0AB066
:10C55000BDEC108B10BD00000AD7233C608D00207D
:10C5600000000000E68AF93D0AD7A33BF40400204E
:10C57000F8040020FC0400209A99193FD8040020F8
:10C58000DC040020E0040020E40400202249D1ED76
:10C59000001A90ED002A61EE821A91ED012AD0ED89
:10C5A000012A42EE221A91ED022AD0ED022A42EE31
:10C5B000221AB0EE610AD1ED031A90ED002A61EE65
:10C5C000821A91ED042AD0ED012A42EE221A91ED51
:10C5D000052AD0ED022A42EE221AF0EE610AD1EDD0
:10C5E000061A90ED002A61EE821A91ED072AD0ED2D
:10C5F000012A42EE221A91ED082AD0ED022A42EEDB
:10C60000221AB0EE611A80ED000AF1EE601AC0ED58
:10C61000011A80ED021A7047608D0020D0ED011ADA
:10C62000F1EE611AC0ED011A2149D1ED001A90ED29
:10C63000002A61EE821A91ED032AD0ED012A42EE22
:10C64000221A91ED062AD0ED022A42EE221AB0EE0D
:10C65000610AD1ED011A90ED002A61EE821A91ED86
:10C66000042AD0ED012A42EE221A91ED072AD0EDDC
:10C67000022A42EE221AF0EE610AD1ED021A90ED82
:10C68000002A61EE821A91ED052AD0ED012A42EED0
:10C69000221A91ED082AD0ED022A42EE221AB0EEBB
:10C6A000611A80ED000AC0ED010A80ED021A7047A0
:10C6B000608D002070B52DED028B8AB004460D46CA
:10C6C000B0EE408AFCF7BEFF0646D4E90412E068EB
:10C6D00007AB07C3D4E901022168CDE90502049143
:10C6E000D4E90712A06901AB07C39DED070ADFED8E
:10C6F000230A20EE200A8DED070A9DED080ADFEDE2
:10C700001F0A20EE200A8DED080A9DED090ADFEDD3
:10C710001B0A20EE200A8DED090ADDED034AB0EE7A
:10C72000644ADDED024AF0EE643ADDED014AB0EE16
:10C73000643ADDED064AF0EE642ADDED054AB0EE1E
:10C74000642ADDED044AF0EE641ADDED094AB0EE2C
:10C75000641ADDED084AF0EE640ADDED074AB0EE3A
:10C76000640AF0EE484A3046FFF7EAFC284600F03B
:10C7700007F80AB0BDEC028B70BD000035FA8E3CA4
:10C7800010B50446304890ED081AF0EE410A90EDDD
:10C79000071AB0EE410AFBF737F8DFED2C0A80EEFE
:10C7A000201A84ED011A2848D0ED060AF1EE600A3D
:10C7B000B0EE600AFAF7D6FCDFED250A30EEC00ACB
:10C7C000DFED220A80EE201A84ED021A1E4890ED59
:10C7D000001AF0EE410A90ED031AB0EE410AFBF7A1
:10C7E00013F8DFED1A0A80EE201A84ED031A94ED97
:10C7F000030A184880ED000A94ED030AB5EEC00A5A
:10C80000F1EE10FA07D294ED030ADFED130A30EED1
:10C81000200A84ED030A0C4890ED080A0F48D0ED79
:10C82000000AB4EEE00AF1EE10FA06DD0C480068EA
:10C8300040F010000A49086005E00948006820F04F
:10C8400010000749086010BD608D002035FA8E3C4D
:10C85000DB0FC93FEC04002000003443E804002053
:10C86000040100200EB5234800F084F818B101201F
:10C87000214908703DE000201F4908701D488E388E
:10C88000B0F98E0000EE100AB8EEC00AF2EE040A0B
:10C8900080EE201A9FED190A21EE000A8DED000AA4
:10C8A00014488E38B0F9900000EE100AB8EEC00AB5
:10C8B000B2EE041AC0EE010A9FED100A20EE800AC3
:10C8C0008DED010A0B488E38B0F9920000EE100A87
:10C8D000B8EEC00AB2EE041AC0EE010A9FED070AD4
:10C8E00020EE800A8DED020A05496846FCF7EEF954
:10C8F00000BF0EBD26060020DC01002035FA8E3C6C
:10C90000340800200021104880F82010002018E092
:10C910009FED0E0A0C49143101EB800181ED000AF4
:10C920009FED0A0A0849243101EB800181ED000ADC
:10C930009FED060A0449303101EB800181ED000AC8
:10C94000401C0328E4DB7047848D002000000000B9
:10C9500010B52DED028BB0EE408AB0EE480AF9F723
:10C96000A5FDB7EE001AC1EE000AB0EE600ABDECFC
:10C97000028B10BD0146088828B9488818B98888F4
:10C9800008B9012070470020FCE710B5FBF7AAFDAD
:10C9900008B9012010BD00F04BFF08B90120F9E7EC
:10C9A000FAF726FB08B90120F4E7FEF7EFFD08B916
:10C9B0000120EFE70020EDE70348B0F8520001281E
:10C9C00000D170470020FCE7D00600200348B0F8F3
:10C9D0005000012800D170470020FCE77C010020B6
:10C9E0000448B0F85200B0F5C87F01D1012070476B
:10C9F0000020FCE7D00600200448B0F85000B0F555
:10CA00007A7F01D1012070470020FCE77C010020E3
:10CA100010B502468C7ECB7E44EA03201378032BAC
:10CA200005D10C7D4B7D44EA032340EA034010BD51
:10CA30001CB501210220F5F7CDFC4FF400700090E9
:10CA400001208DF8040000208DF8060002208DF8EA
:10CA5000050069460148F5F7F2F91CBD00040240E3
:10CA600010B5014600201AE001EB41020D4B9A5C23
:10CA700000EB40030C4CE25401EB4102094B1A4419
:10CA8000527800EB400323445A7001EB4102054BFE
:10CA90001A44927800EB400323449A70401C082803
:10CAA000E2DB10BD2C2501086C06002010B504F057
:10CAB00023FF00F001F810BD10B50420FFF7D0FFF0
:10CAC0000821024804F0CAFF10BD00006C060020D7
:10CAD00010B50020FFF7C4FF0821024804F0BEFF94
:10CAE00010BD00006C0600201CB503F09EFD074839
:10CAF000022100234FF49672CDE9001004A10748EB
:10CB000005F0F6FA04F016FE00BFFEE70000002074
:10CB100053544152545F5441534B000031000108BB
:10CB2000F0B503461C460D46002000BF161EA2F1BC
:10CB3000010207D014F8017B15F801CBA7EB0C0616
:10CB4000301EF3D0F0BD70B503460C4603E014F878
:10CB5000015B03F8015B151EA2F10102F7D170BD64
:10CB600030B5034601E003F8011B141EA2F10102D7
:10CB7000F9D130BD00B58BB001210420F5F72AFCB6
:10CB800001210220F5F746FC2D48F6F795FC02221C
:10CB900006212C48F5F79BF9022209212948F5F7CF
:10CBA00096F94FF41070099002208DF828008DF846
:10CBB000290000208DF82A0001208DF82B0009A9FA
:10CBC0002048F5F73CF94CF6145007900320ADF8D7
:10CBD00018000020ADF81A00ADF820008DF82200F2
:10CBE00006A91748F6F75CFE6020ADF804000120A6
:10CBF000ADF8060000200390ADF810004FF48070EF
:10CC0000ADF8140001A90E48F6F784FD01A90C48FF
:10CC1000F6F7C8FD08210A48F6F7BAFD08210848CA
:10CC2000F6F7FCFD01210648F6F722FC0121044835
:10CC3000F6F72DFC0120044908700BB000BD000080
:10CC400000040040000802408104002070B5044642
:10CC50000D461948007868B334B1012C0DD0022C70
:10CC600014D0032C24D11AE0284601F04CFF0646CC
:10CC700031461248F6F7DFFD1BE0284601F043FF7E
:10CC8000064631460D48F6F7D8FD12E0284601F079
:10CC90003AFF064631460948F6F7D1FD09E0284635
:10CCA00001F031FF064631460448F6F7CAFD00E0C0
:10CCB00000BF00BF70BD00008104002000040040E0
:10CCC00070B504460D46206BA84210D0204603F0F4
:10CCD00083FC08B1012070BD607801232A4604F16D
:10CCE0003401FDF709FD08B10120F4E725630020B8
:10CCF000F1E700001CB504461148007808B900208F
:10CD00001CBD6A4606213B2000F0CEF89DF80100CC
:10CD10009DF8001040EA012000B220809DF8030039
:10CD20009DF8021040EA012000B260809DF80500E5
:10CD30009DF8041040EA012000B2A0800120DFE746
:10CD4000820400201CB504461148007808B9002070
:10CD50001CBD6A460621432000F0A6F89DF801009C
:10CD60009DF8001040EA012000B220809DF80300E9
:10CD70009DF8021040EA012000B260809DF8050095
:10CD80009DF8041040EA012000B2A0800120DFE7F6
:10CD9000820400200EB54248007808B101200EBD83
:10CDA00002F0D6FF012003F035F8042001900120A5
:10CDB0008DF8080000208DF80A0002208DF8090087
:10CDC00001208DF80B0001A93648F5F738F88021CD
:10CDD0006B2000F083F83220FDF778F903216820FA
:10CDE00000F07CF83220FDF771F980216B2000F013
:10CDF00075F83220FDF76AF90321682000F06EF81B
:10CE00003220FDF763F9002000906A460121752069
:10CE100000F04AF89DF8000068283AD101216B2003
:10CE200000F05CF80F20FDF751F910216A2000F0A6
:10CE300055F80F20FDF74AF900216C2000F04EF85C
:10CE40000F20FDF743F90021192000F047F80F20CB
:10CE5000FDF73CF918211B2000F040F80F20FDF7EA
:10CE600035F910211C2000F039F80F20FDF72EF9BC
:10CE70001021372000F032F80F20FDF727F90221AA
:10CE80001A2000F02BF80120FDF720F901200449B9
:10CE90000870022002F0BEFF014800787FE7000022
:10CEA000820400200008024070B504460D46164674
:10CEB00004210948F5F737F844F0800003F00AF838
:10CEC0002A460021304602F0BFFF04210248F5F750
:10CED0002CF8012070BD00000008024070B5054626
:10CEE0000C4604210A48F5F71EF80120FDF7EEF87C
:10CEF000284602F0EFFF204602F0ECFF0421044830
:10CF0000F5F713F80120FDF7E1F8012070BD0000EE
:10CF10000008024010B503F0A3FB1348008800F49A
:10CF20007E70B0B91048007800F0020000B110BD6A
:10CF30000D48006840F002000B4908600846006890
:10CF400040F00400086003F0A3FA0620FBF732FB70
:10CF5000EDE70548007800F0020010B90120FBF76A
:10CF60005DFB00BFE3E700000001002010B50748AB
:10CF7000007800F0020040B10448006820F0020090
:10CF8000024908600520FBF715FB10BD00010020D9
:10CF900010B54FF44070F5F70BFA10BD73B59AB0A9
:10CFA000DDE91A01FEF74AF90446002C01DA1CB04B
:10CFB00070BD2CBBFFF714FD10B3002014E000225D
:10CFC0008F490A54002100EB40028D4B4C3B43F843
:10CFD000221000EB400203EB8202516000EB4002A2
:10CFE00003EB82029160401C0628E8DB00208449A4
:10CFF0004C3988648348006820F002008149086049
:10D000007F48005D002866D104EB44007C494C3920
:10D0100051F82000BDF96810084404EB4401784A37
:10D020004C3A42F8210004EB4400114601EB800029
:10D030004068BDF96A10084404EB440102EB810129
:10D04000486004EB4400114601EB80008068BDF9A4
:10D050006C10084404EB440102EB81018860FFF787
:10D06000ABFCC0B301216648015504EB44006449A0
:10D070004C3951F820004FF4C87190FBF1F004EBEB
:10D0800044015F4A4C3A42F8210004EB4400114647
:10D0900001EB800040684FF4C87190FBF1F004EBA5
:10D0A000440102EB8101486004EB4400114601EBAE
:10D0B000800080684FF4C87190FBF1F004EB4401EC
:10D0C00002EB810188601046806C401C1146886428
:10D0D0000220FBF7A3FA4A484C38806C06287CD122
:10D0E00006A802F027FB002509E005EB4500444AAD
:10D0F0004C3A02EB800106A802F0BEF96D1C062D29
:10D10000F3DB03A906A802F033FB00250DE003A81A
:10D1100000EB8500D0ED000AB0EE600AF8F7A8FD3C
:10D1200001B2394820F815106D1C032DEFDB06A85D
:10D1300002F000FB002530E005EB450030494C399A
:10D1400051F8200030497C39B1F97C10401A009028
:10D1500005EB45002A494C3901EB800041682A481B
:10D160007C38B0F97E00081A019005EB450024498F
:10D170004C3901EB8000816823487C38B0F980008D
:10D18000081A02902E4605EBD67041104FF48053DA
:10D190006A4606A802F073FA6D1C062DCCDB03A9C3
:10D1A00006A802F001FB002512E003A800EB8500B1
:10D1B000D0ED000A9FED151A60EE810AB0EE600A0C
:10D1C000F8F756FD01B21048801D20F815106D1CAF
:10D1D000032DEADB0B48006800E006E040F00200A7
:10D1E0000849086001F07EFD00BF05484C38B0F8E2
:10D1F0005200401E02494C39A1F8520000BFD6E649
:10D200001C070020040100201406002000008045B7
:10D2100010B52DED028BF0EE408A1F4890ED000A0C
:10D2200038EEC00AB0EE408A90ED000ADFED1B0A2E
:10D2300008EE200A80ED000AB5EEC08AF1EE10FA81
:10D2400002D2B1EE480A01E0B0EE480A1248D0ED31
:10D25000000A9FED131A60EE810AB4EEE00AF1EEC7
:10D2600010FA12D2FEF7EAF80E490968401AFA28B5
:10D270000FD9094890ED000A00F0BCFB0A4880ED88
:10D28000000A01200949087003E0FEF7D7F80549B4
:10D290000860BDEC028B10BD540100209A99193E24
:10D2A00017B75138440100205001002048010020E8
:10D2B00013B52DED028B00245DE0FFF79DFB50B10F
:10D2C0000020324941F8240004EB8402143101EBC0
:10D2D0008200FCF741FF2D4850F8240002A931F9E3
:10D2E00014100844294941F8240002A931F9141006
:10D2F00000EE901AF8EEE00AB0EE600A04EB840249
:10D300002249143101EB8200FCF72AFF00211F485B
:10D310000C3020F81410FFF759FB58B304EB8402CB
:10D320001A49143101EB8200FCF752FFB0EE408A3B
:10D33000B1EE000AB4EEC08AF1EE10FA04DCB5EEEC
:10D34000C08AF1EE10FA06D14FF47A70FEF728F990
:10D35000BDEC028B1CBD0D4850F8240000F5FA709E
:10D360004FF47A7190FBF1F001B208480C3020F8CC
:10D37000141000BF641C032C9FDB0448B0F850005D
:10D38000401E0249A1F8500000BFE1E77C010020E7
:10D3900070B52DED088B0446F0EE408AB0EE609A31
:10D3A000F0EE419AB0EE61AAF0EE42AAB0EE628AC7
:10D3B0000D46B0EE43BA9FED230A84ED000A9FEDBF
:10D3C000210A84ED010A9FED1F0A84ED020A9FEDF8
:10D3D0001D0A84ED030A9FED1B0A84ED040AC4EDC7
:10D3E000058A84ED069AC4ED079A9FED160A84ED2E
:10D3F000080A9FED140A84ED090A9FED120A84EDD4
:10D400000A0A84ED0BAAC4ED0CAA84ED0D8A84F8F7
:10D41000385094F8380090B1B7EE000AC0EE080A10
:10D42000BCEEE00A10EE100A86B2BCEECB0A10EE9B
:10D43000100A82B2314604F13C00FBF79DFABDECC4
:10D44000088B70BD000000009FED080A80ED010A06
:10D450009FED060A80ED020A9FED040A80ED030AA3
:10D460009FED020A80ED040A7047000000000000F2
:10D470009FED020A80ED030A7047000000000000E3
:10D4800080ED030A7047000010B52DED028B0446B5
:10D49000B0EE408A9FED420AF0EE408A84ED018AA8
:10D4A00094ED030AD4ED010A94ED0D1A00EE810A01
:10D4B00084ED030A94ED0B0AB5EEC00AF1EE10FA02
:10D4C00011D0D4ED0B1AB0EE611AD4ED0B1AF1EEB7
:10D4D000611AF0EE610AD4ED031AB0EE610AFCF7AE
:10D4E00080FB84ED030A94ED010AD4ED020A30EECC
:10D4F000600AD4ED0D0A80EE201A84ED041A94F827
:10D50000380048B1D4ED040AB0EE600A04F13C00E2
:10D51000FBF772F984ED040A94ED050AD4ED010AD3
:10D5200020EE200A84ED080A94ED060AD4ED030AE1
:10D5300020EE200A84ED090A94ED070AD4ED040ACE
:10D5400020EE200A84ED0A0A94ED080AD4ED090AB7
:10D5500030EE200AD4ED0A0A30EE200AF0EE408ABE
:10D5600094ED0C0AB5EEC00AF1EE10FA0FD094ED6E
:10D570000C0AB0EE401A94ED0C0AB1EE400AF0EE3F
:10D58000400AB0EE680AFCF72CFBF0EE408A94EDFE
:10D59000010A84ED020AB0EE680ABDEC028B10BDF0
:10D5A000000000000548008800EE100AF8EE400A6E
:10D5B0009FED031A80EE810A70470000D60000201C
:10D5C0000000C84210B5F9F709FE032006490870AB
:10D5D0000120064908700020054908800549088097
:10D5E0000549088010BD0000EC000020C8000020A4
:10D5F000CA000020CC000020CE000020B4E064204F
:10D6000003F050FF9FED590A03F0CAF8584800781C
:10D6100003284CD157480088642848DD002054492D
:10D6200008709FED520A03F0BBF853480088FAF7E0
:10D63000A7FF4FF4D47190FBF1F0441C082C00D9E3
:10D6400008244E490C7008460078352110FB01F083
:10D650004FF6FF7101EAC000494908804748007849
:10D66000AF2110FB01F04FF6FF7101EA4000454980
:10D6700008804248007800EB401000EB80004FF635
:10D68000FF7101EA4000404908803B480088FAF7F2
:10D6900077FFC4EBC4013A4A1288A2EB41018842E9
:10D6A00001D3012000E000203849087011E0304823
:10D6B000007803280DD02F480088642809DC032057
:10D6C0002B49087000202D4908702E4908802E49EA
:10D6D000088027480078032835D02548007820B1F5
:10D6E00001280DD002282CD120E0264800880A38D5
:10D6F00020490988884202DB01201D49087021E089
:10D70000214800880A381B490988884203DB022027
:10D710001749087009E0174801881A4800880A303C
:10D72000814202DD0020124908700BE01148018897
:10D73000154800880A30814202DD01200C4908703A
:10D7400000E000BF00BF0A480078012802D002288C
:10D7500008D103E00920FAF72DFF04E00820FAF7CA
:10D7600029FF00E000BF00BF49E70000CDCCCC3D61
:10D77000EC000020D6000020D8000020C8000020C7
:10D78000CA000020CC000020CE000020D5000020E0
:10D7900020EE812A22EE002AF0EE421A0D4901EB1A
:10D7A000800191ED002A32EE212A0A4901EB800125
:10D7B00081ED002A07490C3101EB800191ED002A2F
:10D7C00001EE212A03490C3101EB800181ED002A91
:10D7D00070470000A88D002020EE801A61EE001A2C
:10D7E000B0EE002A81EE821A104901EB8001D1EDE2
:10D7F000001A01EE801A0D490C3901EB8001D1EDC0
:10D80000001A31EE211A09490C3901EB800181ED32
:10D81000001A064901EB800191ED001A00EE801A12
:10D82000024901EB800181ED001A7047B48D0020A0
:10D83000014890F820007047848D0020002017E0F8
:10D840009FED100A104901EB800181ED000A9FED68
:10D850000D0A0D49103101EB800181ED000A9FEDA9
:10D86000090A09491C3101EB800181ED000A401CC5
:10D870000328E5DB0448143890ED000A80ED0B0A1C
:10D880007047000000000000988D002010B504468D
:10D890002B48007800F0020028B394ED030ABCEE98
:10D8A000C00A10EE100A2749088094ED030ABCEE66
:10D8B000C00A10EE100AC880088840F23A7240F29E
:10D8C0004C41FCF783F9A0F57A701E490880C8889E
:10D8D00040F23A7240F24C41FCF778F9A0F57A70C8
:10D8E0001849C88021E01648008800F40070C0B1D3
:10D8F0001549B1F904004FF4FA625110FCF766F9CA
:10D90000A0F57A700F4908800F49B1F904004FF46F
:10D91000FA625110FCF75AF9A0F57A700949C880EB
:10D9200003E0002007490880C880064801880020DD
:10D93000FFF78CF90348C1880320FFF787F910BD72
:10D94000000100201A050020B400002010B5FFF7E8
:10D9500011F910BD08B545E0FDF770FD04466846B5
:10D96000FCF762F9012834D1FCF7DEF9B0B1BDF85B
:10D97000000040F63401884210DA1B4800780C2879
:10D9800006DABDF800001949174A127821F812008A
:10D9900015480078401C144908701AE0002012490C
:10D9A00008700120124908711048808840F2B63191
:10D9B000884205DB0D48808840F63401884203DD4B
:10D9C00001200B49487102E00020094948710848CC
:10D9D000046007480068201AB0F57A7F02D9002059
:10D9E00003490871B8E70000100100204806002034
:10D9F0001401002010B52DED028BB0EE408A9FED92
:10DA00000B0AC8EE000AF0EE608ADFED090AB0EEFC
:10DA1000680AF8F751F9F7EE000A30EEC00ADFEDB8
:10DA2000050A20EE200ABDEC028B10BD80E6C5473A
:10DA3000B1DC423ED048874A08B50446002108467A
:10DA4000FFF704F900210120FFF700F9002102206F
:10DA5000FFF7FCF800210320FFF7F8F82E480068D4
:10DA600020F002002C4908604FF400712B48F4F7B5
:10DA70005CFA25686668A768D4F80C80D4F8109022
:10DA8000D4F814A0D4F818B0E069009024A0F8F7F6
:10DA90000FF8294628A0F8F70BF8314629A0F8F727
:10DAA00007F839462AA0F8F703F841462BA0F7F704
:10DAB000FFFF49462CA0F7F7FBFF51462DA0F7F7D3
:10DAC000F7FF59462EA0F7F7F3FF30A00099F7F7BC
:10DAD000EFFF3148016831A0F7F7EAFF2E48103810
:10DAE000016831A0F7F7E4FF2B480C38016831A03A
:10DAF000F7F7DEFF28480838016831A0F7F7D8FFAC
:10DB00002548001D016831A0F7F7D2FF972132A008
:10DB100002F0E2FC00BFFEE700010020000402402A
:10DB20005B48617264206661756C742068616E6424
:10DB30006C65725D0A0000005230203D2025780A95
:10DB4000000000005231203D2025780A000000002E
:10DB50005232203D2025780A000000005233203D3B
:10DB60002025780A00000000523132203D2025781F
:10DB70000A0000004C52203D2025780A00000000D9
:10DB80005043203D2025780A0000000050535220C9
:10DB90003D2025780A00000038ED00E04246415261
:10DBA000203D2025780A000043465352203D202581
:10DBB000780A000048465352203D2025780A00008C
:10DBC00044465352203D2025780A000041465352D6
:10DBD000203D2025780A00002E2E5C7372635C6461
:10DBE0007269766572735C7372635C6E7669632EBC
:10DBF0006300000010B5042019E04E4931F8101000
:10DC000040F21452914203DA00214B4A11540DE0C4
:10DC1000484931F8101040F2A462914203DD02211C
:10DC2000454A115402E00121434A1154401C0C287A
:10DC3000E3DB41488079C0B94048007800F001003A
:10DC400010B90120FCF7B0FD3C48007800F0080056
:10DC500010B10820FCF7ECFC3848007800F02000F8
:10DC600030B32020FCF7E4FC22E03348807901281F
:10DC700012D13248007800F0080020B90820FCF7E3
:10DC800093FDFBF7CFFC2D48007800F0200078B121
:10DC90002020FCF7CDFC0BE027488079022807D133
:10DCA0002648007800F0200010B92020FCF77CFD09
:10DCB0002148C07940B92148007800F0040078B1CB
:10DCC0000420FCF7B5FC0BE01B48C079022807D103
:10DCD0001A48007800F0040010B90420FCF764FD35
:10DCE0001548407948B91548008800F4007088B19B
:10DCF0004FF40070FCF79CFC0CE00F4840790228C0
:10DD000008D10E48008800F4007018B94FF4007074
:10DD1000FCF74AFD0848007950B10748007902280D
:10DD200006D10748007800F0020008B1FFF71EF99D
:10DD300010BD0000480600203C060020080100201D
:10DD40000001002070B5FDF779FB044602F06EFF7C
:10DD5000FDF76EFB054638480068854210D137480C
:10DD60000078FA280FDA36480068201A14280AD3F7
:10DD70003348046031480078401C3049087002E0A4
:10DD800000202E4908702C4805602C480078142883
:10DD900000D070BD284800685F2801D1FFF7E6F881
:10DDA000254800689F2804D12648007908B9FFF764
:10DDB000B1F821480068EB2808D14FF0FF3100206E
:10DDC000F9F7E6FB0A201D490870E2E71A480068E7
:10DDD000E72807D101210020F9F7DAFB0A201749CB
:10DDE0000870D6E714480068EE2807D10021481EC5
:10DDF000F9F7CEFB0A2011490870CAE70E480068FF
:10DE0000ED2807D100210120F9F7C2FB0A200B49B8
:10DE10000870BEE708480068D62803D1012001F049
:10DE2000E9FE06E004480068D52802D1002001F090
:10DE3000E1FE00BFADE70000FC000020F80000207C
:10DE4000F40000203C0600202DE9F04105460E4676
:10DE50001C4807681C480068001D03F019FA50B9F7
:10DE60001948006890F82C1001208840174909686B
:10DE7000814316480160681C38B936B11248016800
:10DE8000091D134803F076FA1AE07C190E48006861
:10DE90004460BC4207D20C480168091D0D48006867
:10DEA00003F04EFA0CE008480168091D0A480068B2
:10DEB00003F046FA09480068844201D2074804602A
:10DEC000BDE8F081A803002094030020AC030020EB
:10DED000B08B00209C03002098030020C403002086
:10DEE00010B5044603F052FA24480068401C234948
:10DEF00008602348006840B921480460084600686B
:10DF000001280DD100F0CEF90AE01E48006838B9AA
:10DF10001B480068C06AE16A884201D8184804605A
:10DF200019480068401C1849086008460068606489
:10DF300094F82C10012088401449096808431349BB
:10DF40000860E16A01EB8101114A02EB8100211DA9
:10DF500003F010FA03F02CFA0A48006868B1084888
:10DF60000068C06AE16A884207D24FF080500949D0
:10DF70000860BFF34F8FBFF36F8F10BDA403002065
:10DF800094030020B0030020C0030020AC03002055
:10DF9000E88A002004ED00E010B503F0F7F910481E
:10DFA0000068D0B90F4803F0BBF90F4803F0B8F987
:10DFB0000C480E4908600C480D49086000220C21ED
:10DFC000C82003F0EAFD064908600846006820B151
:10DFD00008A10348006803F029FA03F0E9F910BD2D
:10DFE000D8030020C48B0020D88B0020D003002051
:10DFF000D4030020546D72510000000070B523E07E
:10E0000003F0D0FB1348006808B9012000E00020AD
:10E01000054604F0C3F9BDB903F0B8F90D48C0686E
:10E02000C468201D03F034F90B480068401E0A49FB
:10E0300008600A480068401E0849086003F0B8F903
:10E04000204600F060F800BF044800680028D7D1DF
:10E0500070BD00009C8B0020A4030020A0030020C2
:10E0600070B504460D46206C70B1216CE068084420
:10E07000E0606168E068884201D32068E06028467B
:10E08000226CE168F2F766F970BD2DE9F0410446B3
:10E090000F4615464FF00008A66B206C40B920686B
:10E0A00060BB606804F0F8F880460020606025E0FE
:10E0B0007DB93946226CA068F2F74CF9216CA06852
:10E0C0000844A060D4E90110884217D32068A060FA
:10E0D00014E03946226CE068F2F73CF9216CE06804
:10E0E000401AE0602168E068884203D2216C6068D1
:10E0F000401AE060022D01D106B1761E701CA063AB
:10E100004046BDE8F08110B50446206B03F060F98D
:10E11000204603F05DF910BD0146084A12681268F6
:10E120000AB9012200E000220A600A6822B9034A03
:10E130001268D268106800E000207047D003002009
:10E1400030B54FF4F043174800F007042CB1C01D60
:10E1500020F00700134C041B1B1B0246124C2260CC
:10E160000024114D6C60D018083820F007000F4CC7
:10E17000206000240D4D2D686C600C4D2D682C60C6
:10E180001146441A4C60094C24680C60084D4C68D8
:10E190002C60084D4C682C604FF00044064D2C60FC
:10E1A00030BD00009612002078030020800300207C
:10E1B00088030020840300208C03002000BFFFF7A9
:10E1C0001DFF03F079F8FAE710B504464CB10020C2
:10E1D00060602060E06000231A461946204603F084
:10E1E000E7FD10BD2DE9F04106460D46174698465D
:10E1F000069C0DB9246000E02760E66325640121D8
:10E20000204603F095FD84F850800020A064BDE80E
:10E21000F0812DE9F05F81460F4690469A460A9EAE
:10E220000C9C4FEA8801A522206BF2F7B3F8A8F105
:10E230000100216B01EB800B2BF0070B002507E0A1
:10E24000795D04F134004155785D00B902E06D1C40
:10E25000102DF5D300BF002143200155062E00D319
:10E260000526E662E66400202065201D03F065F8BF
:10E2700004F1180003F061F82461C6F10600A06102
:10E28000646200206065A06584F85C0052464946DF
:10E29000584600F0FFFB20600B9808B10B98046013
:10E2A000BDE8F09F10B5002407E004EB84010F4A9D
:10E2B00002EB810003F034F8641C062CF5D30C4803
:10E2C00003F02EF80B4803F02BF80B4803F028F866
:10E2D0000A4803F025F80A4803F022F804480949DF
:10E2E000086004480849086010BD0000E88A002062
:10E2F000608B0020748B0020888B00209C8B00207A
:10E30000B08B0020980300209C03002010B501462C
:10E31000164800E0006803688B42FBD3024643685E
:10E3200013448B4204D143684C6823444360014644
:10E330000A464B6813440468A34211D10C4C03688D
:10E340002468A34208D04B680468646823444B6087
:10E3500003681B680B6005E0054B1B680B6001E060
:10E3600003680B60884200D0016010BD7803002074
:10E37000800300202DE9F04104460D4616461F4655
:10E380004FF0000865602461B5420CD8F01BA1690C
:10E39000884202D34FF0010811E0211D09480068AE
:10E3A00002F0CEFF0BE0BE4204D2BD4202D34FF0DA
:10E3B000010804E0211D0448006802F0C1FF404646
:10E3C000BDE8F081D4030020D003002070B50546DD
:10E3D00002F0DCFFA86B08B9012400E0002402F081
:10E3E000E7FF204670BD70B5054602F0CFFFA86B71
:10E3F000E96B884201D1012400E0002402F0D8FF3B
:10E40000204670BD2DE9F3410D460098846C00272D
:10E41000A06BE16B88421BD294F945602A4669469D
:10E420002046FFF732FE0746701C60B9606A08B9E3
:10E43000012000E0002050B904F1240003F06EFF39
:10E4400028B1012703E0701C40B284F8450000BFEA
:10E450003846BDE8FC810000F8B505460E46104878
:10E460000068C068C468201D02F012FFE06901283E
:10E4700011D1A06941192B4632462046FFF77AFF99
:10E4800048B1002003462A4601460090204604F089
:10E4900017F8074600BF2046616A8847F8BD0000AC
:10E4A000D003002070B586B04DE0039800284ADB09
:10E4B000059C606908B9012000E0002010B9201D0A
:10E4C00002F0E6FE02A800F09FF8054603980A282D
:10E4D00037D2DFE800F0090507252732060826288D
:10E4E00000BF00BF00BF00BF0498A26981180346A7
:10E4F0002A462046FFF73EFF88B12046616A8847DA
:10E50000E06901280BD1002000900498A16942180D
:10E5100000231946204603F0D3FF064600BF11E052
:10E5200000BF0FE000BF0498A061A06941192B460D
:10E530002A462046FFF71EFF04E0204602F048FF6F
:10E5400000E000BF00BF00231A4603A9034800688B
:10E5500003F040FB0028A8D106B070BDD80300200E
:10E56000F8B505460C4603F01DF9684600F04CF876
:10E570000646009820BB44B9B54206D803F00EFF0A
:10E5800031462846FFF768FF1CE03CB10E480068A2
:10E59000006808B9012000E000200446A91B2246BB
:10E5A0000A48006802F058FF03F0F8FE50B94FF037
:10E5B000805007490860BFF34F8FBFF36F8F01E0B2
:10E5C00003F0ECFEF8BD0000D4030020D8030020C7
:10E5D00004ED00E00A490968096809B9012100E071
:10E5E000002121B14FF0FF31064A116006E00449D5
:10E5F0000968C968C868034A41681160704700002B
:10E6000098030020C403002070B5044603F0B0FD59
:10E61000054607480068854204D200F00BF8012047
:10E62000206001E00020206001480560284670BDA0
:10E63000E00300202DE9F84326E01D480068C0688B
:10E6400005681B480068C068C468201D02F020FEF1
:10E650002046616A8847E069012815D1A0694619FA
:10E66000AE4207D966602461211D1148006802F09E
:10E6700067FE09E0002003462A4601460090204636
:10E6800003F01EFF804600BF09480068006808B913
:10E69000012000E000200028CFD005480768054889
:10E6A00000680349086003480760BDE8F88300007C
:10E6B000D0030020D403002000BF502080F3118835
:10E6C000BFF34F8FBFF36F8F00BF00BFFEE708B5EA
:10E6D00000BF6846FFF720FD044620460099FFF77B
:10E6E0003FFFFFF7DFFEF4E770B5044602F04EFE91
:10E6F00094F945501AE0A06C38B100212046FFF78C
:10E7000081FE88B102F088FF0EE0606A08B901203E
:10E7100000E0002038B904F1240003F0FFFD18B137
:10E7200002F07AFF00E003E0681E45B2002DE2DC53
:10E7300000BFFF2084F8450002F03AFE02F026FEFA
:10E7400094F9445010E0206908B9012000E000204D
:10E7500048B904F1100003F0E1FD08B102F05CFFDC
:10E76000681E45B200E001E0002DECDC00BFFF2098
:10E7700084F8440002F01CFE70BD0000B0EE401AA8
:10E7800090ED010AB5EEC00AF1EE10FA0DD100EEDF
:10E79000101AB8EE400ADFED0F1A20EE210AF7EE4C
:10E7A000001A81EE802A80ED012AC0ED020A90ED68
:10E7B000010A30EE200AC0EE801A90ED000A31EE18
:10E7C000402A90ED000A01EE820A80ED000A90EDE9
:10E7D000000A7047DB0FC94010B504461C4890ED95
:10E7E000020A84ED0D0A90ED030A84ED0E0A90ED05
:10E7F000040A84ED0F0AFCF721FE16490968401A45
:10E800000A2824D3124890ED090A84ED050A90EDF8
:10E810000A0A84ED060A90ED0B0A84ED070A90EDD2
:10E820000C0A84ED090A90ED0D0A84ED0A0AD0ED78
:10E830000E0AB0EE600A9FED081ADFED080AFBF73A
:10E84000D0F984ED0B0AFCF7F9FD0249086010BD10
:10E85000848D00201405002000001643000016C31C
:10E860002DE9F04705460E461746022E02D3A86949
:10E87000B04202D84FF002088AE02878012804D07C
:10E88000022841D003287DD154E0B14609EB590953
:10E89000686A00EB59212846FEF712FA8046B8F163
:10E8A000000F00D071E0C9F3080105F134000C1825
:10E8B00006F0010020B1F9B2207861F31F1000E0EA
:10E8C0003846207009F1010901202871686A00EBBF
:10E8D00059212846FEF7F4F98046B8F1000F00D020
:10E8E00053E0C9F3080105F134000C1806F00100EB
:10E8F00010B1C7F3071005E0207800F0F000C7F36F
:10E9000003210843207040E0686A00EB1621284686
:10E91000FEF7D6F98046B8F1000F00D035E040F29E
:10E92000FF1000EA460105F134000C182770380A80
:10E9300060702AE0686A00EBD6112846FEF7C0F93D
:10E940008046B8F1000F00D01FE040F2FF1000EA4F
:10E95000860105F134000C18E0780006A17840EA41
:10E960000140617840EA01202178084300F07040BE
:10E9700007432770380A6070380CA070380EE070BA
:10E9800003E0FFE74FF0020800BF00BF012028713D
:10E990004046BDE8F08700002DE9F04105464FF004
:10E9A000000802F0FFFE2E48006808B9FFF7C8FB18
:10E9B0002C4800682840002847D145B1083505F0AB
:10E9C000070020B105F00700C0F108000544002D44
:10E9D0003BD025480068854237D8244E304604682D
:10E9E00001E0264624686068A84202D22068002818
:10E9F000F7D11B480068844227D0306800F108082E
:10EA0000206830606068401B102807D9671960686B
:10EA1000401B786065603846FFF778FC12496068F3
:10EA20000968081A10490860084600681049096812
:10EA3000884203D20C4800680D49086009496068A3
:10EA40000968084360600020206003F0A7FCB8F16B
:10EA5000000F01D102F040FC4046BDE8F08100000B
:10EA6000800300208C030020840300207803002012
:10EA7000880300200648006830B10549096801F1A3
:10EA80005000096D491C0160014800687047000092
:10EA900094030020001F4FF080730360001F21F0DB
:10EAA00001030360001F054B036014380260001F60
:10EAB0006FF002030360203870470000B9E60008D9
:10EAC0000EB5014691E80D008DE80D00DDE900026C
:10EAD000904204DD0098019A0092019000BFDDE9A8
:10EAE0000102904204DD0198029A0192029000BF57
:10EAF000DDE90002904204DD0098019A0092019045
:10EB000000BF01980EBD014645F2082048434FF46E
:10EB10007A72B0FBF2F045F20822104480B27047DE
:10EB200010B52DED028B0446B0EE408A4FF4FA7218
:10EB300051422046FBF74AF804B2B0EE482AF1EE03
:10EB4000481A9FED061ADFED060A00EE104AB8EEED
:10EB5000C00A00F0EBF8BDEC028B10BD0000FA43D8
:10EB60000000FAC310B52DED028B0446B0EE408ACA
:10EB7000B0EE482AF1EE481A9FED061ADFED060ABC
:10EB800000EE104AB8EEC00A00F0D0F8BDEC028BDF
:10EB900010BD00000000FA430000FAC32DE9F04167
:10EBA00004460E46022E02D3A069B04201D80227C5
:10EBB00025E000271FE031462046FCF74DFC0546C6
:10EBC00005B91BE0012D01D1022717E0681C08B927
:10EBD000012713E0002231462046FFF741FE074699
:10EBE00007B10BE02069401C20B12069401C206166
:10EBF000012060712E46A069B042DCD800BF3846C3
:10EC0000BDE8F08110B5982203490448F1F7A2FB52
:10EC100000F068F810BD00000800002098050020F2
:10EC2000002243210A5444210A5445210A54002158
:10EC300080F8401041210A5442210A54704710B50F
:10EC4000FBF718F810BD000008B50025FCF7F6FB2F
:10EC5000009040E00121684602F03EFC1420B5FB24
:10EC6000F0F100FB1150002834D1FCF7E7FB04461B
:10EC700019480079012803D1FFF764F8FEF7BAFFBD
:10EC80001648007800F0020008B31348007918B164
:10EC90001148407901280FD111484078D0B9104867
:10ECA0008068A04202D2FEF761F913E001200C490E
:10ECB0004870FAF717FB0DE0FAF77AF80646012ECE
:10ECC00004D141F2883020440549886002E00020E8
:10ECD000034988606D1CBDE714010020000100207D
:10ECE0006006002010B50D48007800F0020098B9C9
:10ECF0000120F9F793FC00231A46194608480068DA
:10ED000003F056F8FCF79AFB0649086006480068CD
:10ED100040F020000449086010BD00000001002000
:10ED2000A8000020AC00002004010020F0EE402AE2
:10ED300032EE610A32EEE04A20EE040AB0EE403ACA
:10ED400031EE600AF0EE403A83EE230A30EE210AFB
:10ED5000704730B589B004460D46EF208DF80400A9
:10ED600002208DF805008DF806408DF8075001A8A7
:10ED7000F9F7AEFA09B030BD1FB588B000240620FF
:10ED80008DF800009DF821202146641C0DF1020041
:10ED900042549DF820202146641C42549DF82520B1
:10EDA0002146641C42549DF824202146641C425490
:10EDB0009DF829202146641C42549DF828202146B4
:10EDC000641C42549DF82D202146641C42549DF839
:10EDD0002C202046611CCCB20DF102010A549DF892
:10EDE00039202046611CCCB20DF102010A549DF875
:10EDF00038202046611CCCB20DF102010A549DF866
:10EE00003D202046611CCCB20DF102010A549DF850
:10EE10003C202046611CCCB20DF102010A549DF841
:10EE200041202046611CCCB20DF102010A549DF82C
:10EE300040202046611CCCB20DF102010A549DF81D
:10EE400045202046611CCCB20DF102010A549DF808
:10EE500044202046611CCCB20DF102010A548DF809
:10EE600001406846F9F734FA0CB010BD30B52DED0D
:10EE70000A8B89B00546B0EE408AF0EE608AB0EEAB
:10EE8000419AF0EE619AB0EE42AAF0EE62AAB0EEBC
:10EE900043BAF0EE63BAB0EE44CA002405F10F00A5
:10EEA000C0B28DF80400BDEEC80A10EE100A00B220
:10EEB00000909DF801202146641C0DF1060042548B
:10EEC0009DF800202146641C4254BDEEE80A10EE75
:10EED000100A00B200909DF801202146641C0DF13B
:10EEE000060042549DF800202146641C4254BDEEA9
:10EEF000C90A10EE100A00B200909DF801202146C8
:10EF0000641C0DF1060042549DF800202146641C4B
:10EF10004254BDEEE90A10EE100A00B200909DF8CE
:10EF200001202146641C0DF1060042549DF800208A
:10EF30002046611CCCB20DF106010A54BDEECA0A8E
:10EF400010EE100A00B200909DF801202046611CCE
:10EF5000CCB20DF106010A549DF800202046611C38
:10EF6000CCB20DF106010A54BDEEEA0A10EE100A09
:10EF700000B200909DF801202046611CCCB20DF13A
:10EF800006010A549DF800202046611CCCB20DF108
:10EF900006010A54BDEECB0A10EE100A00B2009032
:10EFA0009DF801202046611CCCB20DF106010A54E7
:10EFB0009DF800202046611CCCB20DF106010A54D8
:10EFC000BDEEEB0A10EE100A00B200909DF8012091
:10EFD0002046611CCCB20DF106010A549DF80020B8
:10EFE0002046611CCCB20DF106010A54BDEECC0ADC
:10EFF00010EE100A00B200909DF801202046611C1E
:10F00000CCB20DF106010A549DF800202046611C87
:10F01000CCB20DF106010A548DF8054001A8F9F7AC
:10F0200057F909B0BDEC0A8B30BD13B588B0002488
:10F0300005208DF800009DF821202146641C0DF16B
:10F04000020042549DF820202146641C42549DF841
:10F0500025202146641C42549DF824202146641C2E
:10F0600042548DF801406846F9F732F90AB010BDF4
:10F070001FB588B0002403208DF800009DF82120E2
:10F080002146641C0DF1020042549DF820202146C7
:10F09000641C42549DF825202146641C42549DF86E
:10F0A00024202146641C42549DF829202146641CDA
:10F0B00042549DF828202146641C42549DF82D207E
:10F0C0002146641C42549DF82C202046611CCCB281
:10F0D0000DF102010A549DF839202046611CCCB282
:10F0E0000DF102010A549DF838202046611CCCB273
:10F0F0000DF102010A549DF83D202046611CCCB25E
:10F100000DF102010A549DF83C202046611CCCB24E
:10F110000DF102010A549DF841202046611CCCB239
:10F120000DF102010A549DF840202046611CCCB22A
:10F130000DF102010A549DF845202046611CCCB215
:10F140000DF102010A549DF844202046611CCCB206
:10F150000DF102010A549DF849202046611CCCB2F1
:10F160000DF102010A549DF848202046611CCCB2E2
:10F170000DF102010A549DF84D202046611CCCB2CD
:10F180000DF102010A549DF84C202046611CCCB2BE
:10F190000DF102010A548DF801406846F9F798F81C
:10F1A0000CB010BD2DE9F04F89B005460E4617464C
:10F1B0009846DDE913ABDDF84890002402208DF875
:10F1C000040000959DF801202146641C0DF1060005
:10F1D00042549DF800202146641C425400969DF83C
:10F1E00001202146641C42549DF800202146641CE5
:10F1F000425400979DF801202146641C42549DF81A
:10F2000000202146641C4254CDF800809DF8012066
:10F210002146641C42549DF800202046611CCCB25B
:10F220000DF106010A54CDF800909DF8012020460A
:10F23000611CCCB20DF106010A549DF80020204655
:10F24000611CCCB20DF106010A54CDF800A09DF866
:10F2500001202046611CCCB20DF106010A549DF834
:10F2600000202046611CCCB20DF106010A54CDF8F5
:10F2700000B09DF801202046611CCCB20DF10601C2
:10F280000A549DF800202046611CCCB20DF1060105
:10F290000A54159800909DF801202046611CCCB2BC
:10F2A0000DF106010A549DF800202046611CCCB2E5
:10F2B0000DF106010A54169800909DF80120204691
:10F2C000611CCCB20DF106010A549DF800202046C5
:10F2D000611CCCB20DF106010A54002000909DF88B
:10F2E00001202046611CCCB20DF106010A549DF8A4
:10F2F00000202046611CCCB20DF106010A548DF8A5
:10F30000054001A8F8F7E4FF09B0BDE8F08F13B598
:10F3100088B0002407208DF800009DF823202146A6
:10F32000641C0DF1020042549DF822202146641C09
:10F3300042549DF821202146641C42549DF820200F
:10F340002146641C42549DF825202146641C4254E9
:10F350009DF824202146641C42548DF801406846E3
:10F36000F8F7B6FF0AB010BDF0B52DED048B8BB0E9
:10F37000B0EE408AF0EE608AB0EE419A05460E4645
:10F3800017460024019501208DF80C009FED390AE5
:10F3900028EE000ABDEEC00A10EE100A00B202907C
:10F3A0009DF809202146641C0DF10E0042549DF881
:10F3B00008202146641C42549FED2E0A28EE800A44
:10F3C000BDEEC00A10EE100A00B202909DF80920AE
:10F3D0002146641C0DF10E0042549DF80820214680
:10F3E000641C42549FED230A29EE000ABDEEC00AB8
:10F3F00010EE100A00B202909DF809202146641C0C
:10F400000DF10E0042549DF808202146641C425420
:10F410009DF807202146641C42549DF80620214691
:10F42000601CC4B20DF10E0042549DF80520204628
:10F43000611CCCB20DF10E010A549DF80420204647
:10F44000611CCCB20DF10E010A542046611CCCB2F5
:10F450000DF10E010E542046611CCCB20DF10E01CF
:10F460000F548DF80D4003A8F8F732FF0BB0BDEC38
:10F47000048BF0BD0000C842D0ED040A91ED001AE3
:10F48000F8EEC11A91ED001AB8EEC11A41EE810AE8
:10F49000C0ED040AD0ED050A91ED001AF8EEC11A8C
:10F4A00091ED011AB8EEC11A41EE810AC0ED050ACC
:10F4B000D0ED060A91ED001AF8EEC11A91ED021A8C
:10F4C000B8EEC11A41EE810AC0ED060A90ED071AA6
:10F4D000D1ED000AF8EEE00A71EE200AC0ED070A4D
:10F4E000D0ED080A91ED011AF8EEC11A91ED001A5B
:10F4F000B8EEC11A41EE810AC0ED080AD0ED090A42
:10F5000091ED011AF8EEC11A91ED011AB8EEC11A87
:10F5100041EE810AC0ED090AD0ED0A0A91ED011A07
:10F52000F8EEC11A91ED021AB8EEC11A41EE810A45
:10F53000C0ED0A0A90ED0B1AD1ED010AF8EEE00ACF
:10F5400071EE200AC0ED0B0AD0ED0C0A91ED021A03
:10F55000F8EEC11A91ED001AB8EEC11A41EE810A17
:10F56000C0ED0C0AD0ED0D0A91ED021AF8EEC11AA9
:10F5700091ED011AB8EEC11A41EE810AC0ED0D0AF3
:10F58000D0ED0E0A91ED021AF8EEC11A91ED021AB1
:10F59000B8EEC11A41EE810AC0ED0E0A90ED0F1AC5
:10F5A000D1ED020AF8EEE00A71EE200AC0ED0F0A72
:10F5B00090ED101AD1ED000AF8EEE00A71EE200A83
:10F5C000C0ED100A90ED111AD1ED010AF8EEE00A33
:10F5D00071EE200AC0ED110A90ED121AD1ED020A67
:10F5E000F8EEE00A71EE200AC0ED120AD0ED130A1F
:10F5F000B7EE001A70EE810AC0ED130AD1ED000AD1
:10F60000F8EEE00A60EEA00A91ED011AF8EEC11AD8
:10F6100091ED011AB8EEC11A41EE810A91ED021A7C
:10F62000F8EEC11A91ED021AB8EEC11A41EE810A44
:10F63000B0EE600AD0ED000A91ED001AB8EEC11AE2
:10F6400041EE000AC0ED000AD0ED010A91ED011A69
:10F65000B8EEC11A41EE000AC0ED010AD0ED020A6F
:10F6600091ED021AB8EEC11A41EE000AC0ED020A8D
:10F67000D0ED030A70EE800AC0ED030A704730B582
:10F68000144600222EE054F8225000EE905AB8EEB4
:10F69000E01A00EE903AF8EEE00AC1EE201AB0EE61
:10F6A000610A00F1100505EB011505EB8205D5EDAA
:10F6B000000A40EE000A00F1100505EB011505EB0C
:10F6C0008205C5ED000A00F1400505EB8205D5ED88
:10F6D000000A40EE000A00F1400505EB8205C5ED89
:10F6E000000A521C032ACEDB00F1100202EB0112C9
:10F6F00092ED030AF7EE000A30EE200A00F1100244
:10F7000002EB011282ED030A00EB810292ED000A86
:10F71000F7EE000A30EE200A00EB810282ED000ACB
:10F7200090ED030AF7EE000A30EE200A80ED030A9E
:10F7300030BD00000246002015E000210AE09FEDE8
:10F740000B0A02F1100303EB001303EB810383EDBB
:10F75000000A491C0429F2DB9FED040A02EB800138
:10F7600081ED000A401C0428E7DB70470000000020
:10F770007FB504460D462246694604F1100000F0AC
:10F7800093F800200DE0694601EB800191ED000A3D
:10F79000F0EE000A80EE201A05EB800181ED001AE0
:10F7A000401C0328EFDB7FBD7FB505460E462A4689
:10F7B000694605F1100000F077F800240DE0684676
:10F7C00000EB8400D0ED000AB0EE600AF6F76EFEA2
:10F7D00006EB840080ED000A641C032CEFDB7FBD88
:10F7E00030B503461446032031E004EB800595ED67
:10F7F000000A01EB800585ED000A421C14E003EBD2
:10F80000001505EB8205D5ED000A01EB820595EDAB
:10F81000001A01EB800595ED000A00EEC10A01EB2C
:10F82000800585ED000A521C042AE8DB03EB001575
:10F8300005EB800595ED000A01EB8005D5ED000A8A
:10F8400080EE801A01EB800585ED001A401E00282D
:10F85000CBDA30BD30B503461446002021E004EB7E
:10F86000800595ED000A01EB800585ED000A002278
:10F8700014E003EB001505EB8205D5ED000A01EB62
:10F88000820595ED001A01EB800595ED000A00EE6A
:10F89000C10A01EB800585ED000A521C8242E8DBBB
:10F8A000401C0428DBDB30BD2DE9FF4105460E4638
:10F8B0001746284600F01AF8002407E09FED0A0AD0
:10F8C000684600EB840080ED000A641C042CF5DB24
:10F8D0003A4669462846FFF7BDFF6A463146284644
:10F8E000FFF77EFFBDE8FF810000000030B5014654
:10F8F000042400205CE002461FE000231AE001EB34
:10F90000001505EB820595ED000A01EB001505EBEE
:10F910008305D5ED000A01EB031505EB820595ED96
:10F92000001A00EEC10A01EB001505EB820585ED1A
:10F93000000A5B1C8342E2DB521C042ADDDB421C12
:10F9400033E000231AE001EB021505EB800595ED8D
:10F95000000A01EB021505EB8305D5ED000A01EB6A
:10F96000031505EB800595ED001A00EEC10A01EBC9
:10F97000021505EB800585ED000A5B1C8342E2DB86
:10F9800001EB021505EB800595ED000A01EB001572
:10F9900005EB8005D5ED000A80EE201A01EB02157B
:10F9A00005EB800585ED001A521CA242C9DB401C04
:10F9B0000428A0DB30BD70B504460D4604F10C00F0
:10F9C00000F084F8204600F061F804F1180000F01F
:10F9D0008DF804F1240000F069F870BD10B51F48DF
:10F9E000007800B110BDFCF73DFF9FED1D0AFBF74D
:10F9F000A7FD1C4908709FED1A0AF7F7A7FA1949E5
:10FA00000978084017490870F8F767FD164908702B
:10FA1000F9F70EFE1549087000220C21012002F0B2
:10FA2000BCF81349086000220C21012002F0B5F84F
:10FA30001049086000220C21012002F0AEF80E49A6
:10FA4000086000221021012002F0A7F80B4908608D
:10FA500001200249087000BFC4E70000240500200F
:10FA60000000FA4325050020270500202605002078
:10FA7000280500202C05002030050020340500203A
:10FA800001480078704700002605002010B50446A4
:10FA900000231A4621460448006802F09BF801281A
:10FAA00000D110BD0020FCE72805002010B5044659
:10FAB00000231A4621460448006802F08BF801280A
:10FAC00000D110BD0020FCE73405002010B504462D
:10FAD00000231A4621460448006802F07BF80128FA
:10FAE00000D110BD0020FCE72C05002010B5044615
:10FAF00000231A4621460448006802F06BF80128EA
:10FB000000D110BD0020FCE73005002008B500241E
:10FB1000FBF794FC0090FFF761FF5AE00121684673
:10FB200001F0DAFC2B48007828B104F0010010B98C
:10FB30002948FBF73BFD2748007830B104F001006D
:10FB400018B925480C38F7F763FA2448007848B10B
:10FB50006420B4FBF0F100FB114018B91E480C30D2
:10FB6000F9F79CFD1E48007848B11420B4FBF0F171
:10FB700000FB114018B918481830F8F7B9FC01F02B
:10FB800011FE0223002214490C391648006802F0C5
:10FB90000FF90223002210491348006802F008F907
:10FBA0000E48007838B1022300220B490C310F486F
:10FBB000006802F0FDF80A48007838B102230022FC
:10FBC000054918310A48006802F0F2F802F0E6FB35
:10FBD000641CA3E725050020D48D00202605002005
:10FBE00027050020280500202C05002030050020D6
:10FBF0003405002010B5044604480470007810B1A4
:10FC0000FCF766FF01E0FCF757FF10BDF003002092
:10FC100070B504460D46F9F7CBF8064646B940F2F2
:10FC2000DC500B4908809FED0B0A00F03DFC07E01B
:10FC300009488088064908809FED080A00F034FCD6
:10FC4000FDF7FCFD94ED070A85ED0B0A70BD000081
:10FC5000B00000200000C8C3B40000200000000075
:10FC6000F0EE400ABDEEE00A10EE100A10F1200F8F
:10FC700001DB202802DD9FED2C0A704705E09FED97
:10FC80002B0A30EEC00AF0EE400A9FED290AF4EE8E
:10FC9000C00AF1EE10FAF2DC05E09FED240A30EE26
:10FCA000800AF0EE400A9FED230AF4EEC00AF1EE5E
:10FCB00010FAF2D39FED200AF4EEC00AF1EE10FA2A
:10FCC0000ADD9FED1D0A30EEC00ADFED1B1A31EE92
:10FCD000C00AF0EE400A10E09FED180AF4EEC00AE8
:10FCE000F1EE10FA09D29FED140A30EE800ADFED32
:10FCF000131A31EEC00AF0EE400A20EEA01A20EEF0
:10FD0000812A9FED0F0ADFED0F1A41EE001A9FEDD9
:10FD10000E0A01EE210ADFED0D1A41EE001AB0EED7
:10FD2000600A02EE210AA8E700000000DB0FC940CC
:10FD3000DB0F4940DB0F49C0DB0FC93FDB0FC9BFF9
:10FD40009A7C2E36FAAF4FB93587083CA4AA2ABE52
:10FD500000B587B02C48007808B107B000BD01217C
:10FD60000846F2F737FB01210803F2F773FBE020A6
:10FD7000059002208DF8180000208DF81A0002204E
:10FD80008DF8190001208DF81B0005A91F48F2F716
:10FD900056F8052211461D48F2F799F8052206216A
:10FDA0001A48F2F794F8052207211848F2F78FF85D
:10FDB0001748F2F775FF4FF48270ADF8020000208B
:10FDC000ADF80000ADF804000220ADF806000120F7
:10FDD000ADF808004002ADF80A000020ADF80E00B2
:10FDE0000720ADF810003020ADF80C006946084837
:10FDF000F2F7BCFF01210648F2F746FF0120024955
:10FE0000087000BFA9E7000088040020000002403D
:10FE10000030014070B5054600210948F2F734FF73
:10FE2000074804884FF6C7700440064830F81500AC
:10FE30000443034804800121F2F726FF70BD00004F
:10FE400000300140C42601082DE9F04104460D466A
:10FE500016464FF47A781E48808932E015B115F8BD
:10FE6000010B00E0FF20074608E0B8F10000A8F110
:10FE700001011FFA81F801D1BDE8F0810221144887
:10FE8000F2F766FF0028F0D039461148F2F76CFF10
:10FE90004FF47A7807E0B8F10000A8F101011FFAE9
:10FEA00081F800D1E8E701210948F2F751FF002865
:10FEB000F1D00748F2F755FFC7B20CB104F8017B47
:10FEC00000BF301EA6F10106C8D10120D4E7000012
:10FED0000030014070B504464FF47A7505E0281EE5
:10FEE000A5F101018DB200D170BD02210E48F2F7DB
:10FEF0002FFF0028F3D021460B48F2F735FF4FF4CF
:10FF00007A7505E0281EA5F101018DB200D1EBE75D
:10FF100001210548F2F71CFF0028F3D00248F2F750
:10FF200020FFC0B2E0E700000030014081760B0AFC
:10FF3000C3760A0C02750B0E4375704710B509485D
:10FF4000007800B110BD00F09FFAFDF7FFFCFCF750
:10FF5000CDF8F3F7F1FCF2F7D9FB01200149087065
:10FF600000BFEFE7380500201CB50024FBF766FA58
:10FF7000019003E0012101A801F0AEFAFBF706FBB6
:10FF80000028F7D0F2F7FAFA46E0012101A801F0C3
:10FF9000A3FA04F0010018B921462048FFF70BFD31
:10FFA00004F0010028B99FED1E0A1E491B48FCF70A
:10FFB00081FB04F0010028B99FED190A194917487F
:10FFC00000F00AFE04F0010028B917491548F9F7B6
:10FFD0009BF900F045FB154B134A12490F4800945A
:10FFE00000F002F904F0010010B91048FDF74EFCD2
:10FFF00004F0010018B90B490C48F2F7D7FF28208C
:020000040801F1
:10000000B4FBF0F100FB114028B92346074A06492A
:100010000448F5F7EBFC641CB7E700004C8E0020A9
:100020006F12033B808E0020FC8D0020C08E0020CC
:100030007CB5054601F0AAF90020052103464FF4DE
:10004000FA72CDE900103CA13E4802F051F80020C0
:10005000052103464FF4E172CDE900103AA13C4876
:1000600002F046F80020042103469622CDE9001054
:1000700038A1394802F03CF80020042103469622BA
:10008000CDE9001035A1374802F032F800200321F5
:100090000346C822CDE9001033A1364802F028F803
:1000A000002003210346C822CDE9001032A13548C3
:1000B00002F01EF80020032103469622CDE900102D
:1000C00031A1334802F014F80020032103464FF415
:1000D0009672CDE900102FA1314802F009F80020F6
:1000E00002210346C822CDE900102EA12F4801F0BD
:1000F000FFFF0020012103469622CDE900102CA12C
:100100002D4801F0F5FF0020012103469622CDE99C
:1001100000102AA12C4801F0EBFF01F0E9FC044695
:1001200021462AA0F5F7C4FC2E48006801F00EFA1B
:1001300001F03EF97CBD000053544142494C495AFC
:100140004552000069FF000853454E534F5253007B
:100150000DFB000850504D0055D9000852585F540F
:1001600041534B0049EC00085553424C494E4B5FFC
:1001700052580000451001085553424C494E4B5F00
:10018000545800000912010841544B505F54580064
:10019000CD84000841544B505F52585F414E4C0093
:1001A000B182000842454550455200004187000891
:1001B0005057524D474E5400FDD50008434F4E4610
:1001C00049475F5441534B001D9A000846726565CC
:1001D00020686561703A2025642062797465730A2D
:1001E00000000000000000202DE9F0412DED028B01
:1001F00007460D4614461E46DDF8208008F0010033
:1002000080B94220005D01280CD1D4ED0B0A95ED98
:10021000071A70EEC10AB0EE600A8F48FDF734F994
:1002200084ED0F0A08F00100F8B94220005DE0B14A
:10023000D4ED0F0A95ED0B1A70EEC10AB0EE600A0C
:1002400085485838FDF720F9844880ED000AF9F711
:1002500055F800EE100AB8EE400A8048D0ED000ACA
:1002600030EE200A7E4880ED000A08F001000028E8
:1002700075D194F8400010B14120005D40B994ED73
:10028000010A784880ED010A94ED020A80ED020A25
:100290007448D0ED010A95ED011A70EEC10AB0EE76
:1002A000600A7148FDF7F0F8704880ED010A6D486A
:1002B000D0ED020A95ED021A70EEC10AB0EE600AA6
:1002C00069485830FDF7E0F8684880ED020A94ED7F
:1002D000070AB5EEC00AF1EE10FA36D1614890ED8A
:1002E000030AB5EEC00AF1EE10FA03D195ED030A48
:1002F00080ED030A5B4890ED030AD5ED030A30EE6A
:10030000608A9FED5B0AB4EEC08AF1EE10FA05DB5D
:100310009FED580A38EE400AB0EE408A9FED560A2B
:10032000B4EEC08AF1EE10FA05D89FED520A38EE0D
:10033000000AB0EE408AB0EE480A4748B038FDF7F0
:10034000A3F84A4880ED030A09E09FED4C0A4548AE
:1003500080ED030A94ED070A444880ED030A08F093
:100360000100002857D14320005D022803D044201B
:10037000005D02280FD194ED050A3C4880ED010A8A
:1003800094ED060A80ED020A3748FDF75DF836481D
:100390005830FDF759F83A48B0F9040040F24C41A2
:1003A00088420CDC3748FDF763F836485830FDF7D3
:1003B0005FF82D485838FDF75BF800F069F82B48D6
:1003C000D0ED010A97ED031A70EEC10AB0EE600A93
:1003D0002C48FDF759F886ED000A2448D0ED020AB2
:1003E00097ED041A70EEC10AB0EE600A2548583045
:1003F000FDF74AF886ED010A1C48D0ED030A97ED97
:10040000051A70EEC10AB0EE600A17485838FDF7B9
:100410003BF886ED020A4220005D20B994ED120AF5
:1004200086ED030A04E00E4890ED000A86ED030A0B
:1004300094ED010AD5ED010A30EE600A86ED040A5A
:1004400094ED020AD5ED020A30EE600A86ED050A47
:10045000BDEC028BBDE8F081609100203C050020DE
:1004600040050020D88E002000900020E88E00205B
:10047000000034430000B443000034C30000000017
:10048000B4000020F88E002010B5F6F72DFF10BD47
:10049000034890ED030A034880ED030A704700000B
:1004A000808E0020D88E002010B52DED028BB0EE8E
:1004B000408A084890ED8A0AC8EE000AF0EE608A89
:1004C000B0EE680A00F50470FCF7DAFFBDEC028BB1
:1004D00010BD0000F88E0020034A044B1A601A4633
:1004E00050609160704700001F008A2F8C0500202B
:1004F00030B5014600200B2200BF431003EBC014AF
:1005000011F8015B6319D8B2531E1A1EF5D130BD24
:1005100070B50446204600F05FF80546002D59D11D
:10052000207803284FD1607900284CD00020206328
:100530004FF40072002104F13400FCF711FB552147
:1005400084F83212AA2184F83312522084F834003D
:100550005221352001556121362001554121372096
:100560000155722184F8181284F81912412184F877
:100570001A12612184F81B12217C84F81C12208A33
:10058000010A84F81D122069010C84F81E122069EA
:10059000010E84F81F12217B84F82012A089010A21
:1005A00084F82112E068010C84F82212E068010E40
:1005B00084F823126078012304F134016269FAF7A8
:1005C000CDF800206071607800221146FAF762F8D9
:1005D00000B10125284670BD70B50446207910B3DE
:1005E000256B607801232A4604F13401FAF7B6F846
:1005F00008B1012070BD00202071606AA84212D8A5
:10060000E169606A0844A8420DD9E67809E0E0692A
:100610000544607801232A4604F13401FAF79EF874
:10062000761E022EF3D20020E4E710B5FCF7B0FCF2
:10063000A820F9F729FDFCF7FBF9FCF737FAF8F7E2
:1006400009F8F9F751F9FCF7BDFFFEF7F8FA00F0E9
:10065000C3FCF7F773F9F9F729FAFFF76FFC10BD40
:1006600010B53F48007800F0020028B14FF4007147
:100670003C48F1F758FC71E0FCF787F948B138487D
:10068000006840F0100036490860002036490870C4
:100690000DE03348006820F010003149086032480E
:1006A000007820B9012030490870F7F783FF2F4800
:1006B000007800F0100030B92948006840F00800C8
:1006C0002749086005E02648006820F00800244912
:1006D00008602648007800F0020030B92048006821
:1006E00040F040001E49086005E01D48006820F009
:1006F00040001B490860FFF7C3F958B11B48007858
:1007000000F0040030B91648006840F02000144999
:10071000086005E01248006820F0200010490860D9
:100720001248007800F0200030B10D48006840F415
:1007300080700B49086005E00948006820F480706B
:10074000074908600648008800F47E7010B901F07F
:100750008DF801E001F096F801F0BCF810BD000042
:1007600000010020000402400C01002004010020D0
:1007700010B52DED028BB0EE408AF7F7B3FE18B13D
:10078000054880ED008A04E09FED040A024880EDF0
:10079000000ABDEC028B10BD848D0020000000001B
:1007A00010B52DED028BB0EE408A0E4800880E4940
:1007B00008800446F0EE480A012100EE104AB8EE27
:1007C000400A0A48FDF7DAFFBCEEC00A10EE100A34
:1007D00084B22046F7F7D4FE05490880BDEC028BB1
:1007E00010BD0000E4030020D800002030060020E7
:1007F000D600002070B52DED048B04460D46404810
:10080000B0F9920000EE100AB8EEC00AF2EE040A47
:1008100080EE201A9FED3B0A21EE000AB0EE409ACE
:10082000FFF71EFAB0EE408A3548B0F9920000EEAC
:10083000100AB8EEC00AB2EE041AC0EE010A9FED2B
:10084000310A20EE800AB0EE409AF9F7DFF9F0EEB7
:10085000408AF1EE480A00EE105AB8EEC00A60EE87
:10086000800A00EE104AB8EEC00A48EE800A24481A
:10087000B0F98E0000EE100AB8EEC00A30EE800A21
:10088000BDEEC00A10EE100A00B21D49A1F88E009C
:10089000B1F98E001E225142F9F798F900B21849B9
:1008A000A1F88E0000EE105AB8EEC00A68EE800A79
:1008B00000EE104AB8EEC00A48EE000A0846B0F949
:1008C000900000EE100AB8EEC00A30EE800ABDEECD
:1008D000C00A10EE100A01B20948A0F890100146B3
:1008E000B1F990001E225142F9F770F901B20448A3
:1008F000A0F89010FBF7B6FFBDEC048B70BD0000B4
:100900009805002035FA8E3C10B52DED048B84B08F
:10091000B0EE408A404890ED040AF0EE400AB0EE96
:10092000480A0220FCF758FF3B4890ED030AF0EE1E
:10093000400AB0EE480A0120FCF74EFF364890ED21
:10094000020AF0EE400AB0EE480A0020FCF744FF2D
:10095000012400200190029003902F4890ED000A9E
:10096000D0ED0B0A30EE600AF0EE408A9FED2B1AB4
:10097000F0EE680AB0EE480A0220FCF709FF9DED90
:10098000030ADFED270A08EEE00A8DED030A9DED6C
:10099000010A20EE000ADDED020A9DED021A00EECA
:1009A000810ADDED030A9DED031A00EE810AB0EE27
:1009B000409A9FED1C0AB4EEC09AF1EE10FA27D2CD
:1009C00001A8FBF72BFE144890ED050ADDED010AA6
:1009D0009FED151A60EE810A00EE880A80ED050A87
:1009E00090ED060ADDED020A9FED0F1A60EE810A16
:1009F00000EE880A80ED060A90ED070ADDED030A95
:100A00009FED091A60EE810A00EE880A80ED070A60
:100A100004B0BDEC048B10BD848D0020295C8F3E9A
:100A20002E90A03D7DCA6A470AD7233C10B52DED14
:100A3000040B2DED028B84B09DED060ADFED5E0AFE
:100A400020EE200A8DED010A9DED070ADFED5A0A1E
:100A500020EE200A8DED020A9DED080ADFED560A10
:100A600020EE200A8DED030A9DED010A5348D0EDDA
:100A7000050A30EE600A8DED010A9DED020AD0ED07
:100A8000060A30EE600A8DED020A9DED030AD0EDF4
:100A9000070A30EE600A8DED030A01A8FBF776FD28
:100AA000464890F8200090BB4548007800F01000C0
:100AB00068B39DED030A4348D0ED000A30EE600AAA
:100AC000B0EE408A90ED000ADFED3F0A08EE200A02
:100AD00080ED000AB5EEC08AF1EE10FA02D2B1EE56
:100AE000480A01E0B0EE480AF1EE040AB4EEE00A6A
:100AF000F1EE10FA0CD2FAF7A1FC34490968401A59
:100B0000FA2809D901212D4880F8201004E004E0DA
:100B1000FAF794FC2D49086000BF284890F820009F
:100B2000B8B39DED030A2748D0ED000A30EE600A05
:100B30008DED030A002429E001A901EB840191ED68
:100B4000000ABDEEC00A10EE100A0421F6F7DCFD23
:100B500001A800EB840090ED000A1848083000EB73
:100B60008400D0ED000A70EE600A1448083000EBF3
:100B7000840090ED000A9FED161A00EE810A0F48DE
:100B8000083000EB840080ED000A641C032CD3DBEA
:100B90000DE0FFE79FED0F0A084880ED020A9FED88
:100BA0000D0A80ED030A9FED0B0A80ED040A04B0E4
:100BB000BDEC028B1FBD00008F2A7544848D002080
:100BC000040100200C0500200AD7233B100500205B
:100BD0009A99993E0000000070B52DED028B0446F5
:100BE0000D46B0EE408A1048007820B9FBF78AFE27
:100BF00001200D490870D4ED0C0AB0EE600AFFF731
:100C0000B7FD94ED021AD4ED010A94ED000AFFF746
:100C10000DFFB0EE480AFFF777FE2846FDF7DCFD32
:100C2000BDEC028B70BD00001805002000202C498F
:100C3000098840F24C42914201DD022100E000218E
:100C400008432749098840F26C72914201DA012178
:100C500000E0002108432249498840F24C42914279
:100C600001DD022100E0002140EA81001C494988A1
:100C700040F26C72914201DA012100E0002140EA69
:100C800081001749898840F24C42914201DD0221DE
:100C900000E0002140EA01101149898840F26C729D
:100CA000914201DA012100E0002140EA01100C49E3
:100CB000C98840F24C42914201DD022100E000214E
:100CC00040EA81100649C98840F26C72914201DA0B
:100CD000012100E0002140EA8110024908707047BC
:100CE00048060020F000002010B5044600234FF411
:100CF0007A7221460548006800F06CFF012800D197
:100D000010BD0020207000BFFAE70000F0010020B5
:100D10002DE9F04106460F4625480078012838D1D4
:100D20002448006818B900202149087031E02148A2
:100D3000006840280ED92048008885B240241E480B
:100D4000006840301C4908601A480068403819495A
:100D5000086014E01848008885B21648008884B2FC
:100D600015480068134909680844134908600020C1
:100D700010490860402C02D102200D4908700F482C
:100D80004219234681213046F0F735F80020BDE8AE
:100D9000F08107480078022808D100231A468121F3
:100DA0003046F0F728F80020014908700020EEE7EF
:100DB000F8020020F4020020F0020020961000202B
:100DC00070B504460D4605EB850104F55D7000EB3A
:100DD000C100008B86B2064831460269054890473B
:100DE0004023044A01212046EFF7AAFF002070BDEE
:100DF000000200205610002070B504460D468121E7
:100E00002046EFF720FF01212046EFF71CFF82214B
:100E10002046EFF718FF024948688047002070BD60
:100E20000002002010B5044608480068FF280AD0D8
:100E300007488368074808490268044800689847DB
:100E4000FF2002490860002010BD0000FC020020C5
:100E50000002002000030020E402002070B50546D7
:100E60000E460223402281212846EFF735FF022358
:100E7000402201212846EFF72FFF03230822822179
:100E80002846EFF729FF084C0220207100206071EE
:100E90000649086880474023054A01212846EFF7A4
:100EA0004FFF002070BD0000300200200002002033
:100EB0005610002010B50446074801680068401C21
:100EC000054A1060012905D100201146086020461E
:100ED000F1F754F8002010BD7403002070B50546EA
:100EE0000C46207800F0600068B3202825D1E08807
:100EF000D8B1207800F0800058B1E28860782349AA
:100F00008B6823499847E28821492846F2F774FF05
:100F100011E060781F490860E0881F490860E28896
:100F20001B492846F2F73FFF05E060781749002289
:100F30008B6811469847002070BD21462846F2F77D
:100F400023FF0220F8E76078062804D00A2808D09A
:100F50000B2818D10BE021462846F2F715FF022096
:100F6000EAE701220D492846F2F746FF0BE0A07898
:100F7000012803DAA0780949086003E021462846E1
:100F8000F2F702FF00BF00BF0020D5E700020020FB
:100F9000E4020020FC02002000030020E002002008
:100FA00008B50848084B094A012100900848F3F7A2
:100FB0001EF900220121802000F0EFFD05490860A4
:100FC00008BD00007002002004030020140200206D
:100FD00058080020F001002010B50D48007800B13D
:100FE00010BDFFF7DDFF002220211E2000F0D5FDFF
:100FF000084908600846006820B9382206A10FA0F9
:10100000F6F7E0FB01200249087000BFE8E70000A6
:1010100031010020340100202E2E5C7372635C636A
:101020006F6D6D756E69636174655C7372635C7519
:1010300073626C696E6B2E630000000074785175EA
:101040006575650008B5002500240020404908703A
:101050007CE06846FFF748FE002874D03C480078E2
:10106000062867D2DFE800F0030F1D2944579DF8DA
:101070000000AA2801D1012000E0002034490870B6
:101080009DF800405EE09DF80000AF2801D10220ED
:1010900000E000202E4908709DF800002044C4B2F2
:1010A00050E09DF800002B49087003202849087083
:1010B0009DF800002044C4B244E09DF800001E28C2
:1010C00012DC9DF800002349487000259DF80000BF
:1010D000002801DD042000E005201D4908709DF86E
:1010E00000002044C4B202E000201949087029E041
:1010F0009DF800101748801C4155681CC5B29DF82A
:1011000000002044C4B213484078A84202D1052010
:101110000F49087016E09DF80000844203D10D4885
:10112000F7F782F802E0002009490870002008491A
:10113000087007E0A02200E005E007A10FA0F6F785
:1011400041FB00BF02E000200149087081E7000078
:1011500030010020A40600202E2E5C7372635C63B5
:101160006F6D6D756E69636174655C7372635C75D8
:1011700073626C696E6B2E6300000000300000002B
:1011800010B5044624B93F220BA114A0F6F71AFBB0
:1011900060781E2804DD402207A111A0F6F712FB9B
:1011A00000231A4621461748006800F001FE08B1E6
:1011B000012010BD0020FCE72E2E5C7372635C637F
:1011C0006F6D6D756E69636174655C7372635C7578
:1011D00073626C696E6B2E6300000000700000008B
:1011E000702D3E646174614C656E203C3D2041541D
:1011F0004B505F4D41585F444154415F53495A45FC
:10120000000000003401002098B032E000235A1E94
:1012100010A91848006800F0DDFCAA208DF8000035
:101220008DF801009DF840008DF802009DF8410006
:101230008DF803009DF841200DF1420101A8EFF760
:1012400089F80025002004E01DF800102944CDB2E3
:10125000401C9DF84110091D8142F5DC9DF84100BC
:10126000401DC4B2601E0DF800502146684600F0D3
:1012700003F8CBE73401002070B505460E46002484
:1012800003E0285DF4F786FB641CB442F9DB70BD13
:1012900001460A69D1E901309860D1E9010358603B
:1012A0005068884201D18868506000200861106849
:1012B000401E10601068704710B5FAF7BFF804467A
:1012C00004480068201A642803D902480460F0F733
:1012D000D5FF10BD0400002000BF502080F311880E
:1012E000BFF34F8FBFF36F8F00BF00BFFEE700005B
:1012F00000BF502080F31188BFF34F8FBFF36F8F73
:1013000000BF02A0F4F7D4FB00BFFEE70A537461EC
:10131000636B206F766572666C6F77210A00000040
:1013200000F1080141604FF0FF31816000F10801D8
:10133000C1600161002101607047002101617047B7
:1013400010B502460B685C1C0CB9106907E002F18D
:10135000080000E04068446824689C42FAD9446868
:101360004C604C68A160886041600A611468641C2C
:10137000146010BD42684A6093688B60936859603E
:101380009160086103685B1C0360704700BF5020D8
:1013900080F31188BFF34F8FBFF36F8F00BF0348F7
:1013A0000068401C0149086070470000900300205D
:1013B00006480068401E054908600846006820B9D4
:1013C000002080F3118800BF00BF70479003002009
:1013D00070B506463546D6B1083D2C460C496068C6
:1013E0000968084098B1206888B9094960680968A7
:1013F0008843606000F0D6F90649606809680844CF
:10140000044908602046FCF781FF00F0C7FF70BD6B
:101410008C0300208403002003484FF0E021486142
:1014200007200861704700003F900200024600203C
:101430000BE0084B53F8303033B9064B43F830100B
:1014400003EBC0035A6002E0401C0A28F1D300BF3E
:1014500070470000988A00202DE9F04105460E46AD
:1014600017462C46FFF792FF94F94400401C10B930
:10147000002084F8440094F94500401C10B9002075
:1014800084F84500FFF794FFA06B28B93A4631462F
:1014900004F1240000F0D6F82046FDF725F9BDE858
:1014A000F081000070B50446002544B100F07AF9DF
:1014B00000212046FCF7C8FC00F070FF05463DB94E
:1014C0004FF0805003490860BFF34F8FBFF36F8F19
:1014D00070BD000004ED00E02DE9F04704468846A9
:1014E0004FF0000900F05EF916480668206800EB2E
:1014F00008052068B04207D92068A8420BD9B54238
:1015000009D94FF0010906E02068A84201D8B54288
:1015100001D94FF001092560B9F1000F03D0A81BD4
:101520000021FCF791FC00F039FF07463FB94FF06E
:10153000805005490860BFF34F8FBFF36F8FBDE840
:10154000F0870000A803002004ED00E070B5054618
:10155000FFF71CFF15B92748006800E0284604463D
:10156000201DFFF795FE78B9E06A00EB8000224964
:1015700051F8200040B994F82C10012088401F49F0
:10158000096881431D480160A06A18B104F1180080
:10159000FFF77EFE1A480068401C1949086015488C
:1015A0000068844209D1211D1648FFF7E3FE164862
:1015B0000068401C1449086009E014480068401E97
:1015C000124908602046FCF79EFDFDF703F8FFF77F
:1015D000EFFE0F48006858B106480068844207D102
:1015E0004FF080500B490860BFF34F8FBFF36F8FF0
:1015F00070BD000094030020E88A0020AC030020A6
:10160000C00300209C8B0020A0030020A403002026
:10161000B003002004ED00E001200149086070479C
:10162000B803002070B505460C460548016818311E
:101630002846FFF785FE01212046FCF705FC70BD1A
:101640009403002070B506460D461446064801680E
:1016500018313046FFF78EFE0CB14FF0FF352146B2
:101660002846FCF7F1FB70BD9403002070B50546D9
:101670002C46002D4BD02649E06A0968C96A884289
:1016800045D2A06900F0004028B921480068C06A2E
:10169000C0F10600A061E16A01EB81011D4A02EB85
:1016A00081016069884201D1012000E0002050B32F
:1016B000201DFFF7EDFD78B9E06A00EB80001549C9
:1016C00051F8200040B994F82C10012088401249AC
:1016D00009688143104801600D480068C06AE062F3
:1016E00094F82C10012088400B49096808430A49E6
:1016F0000860E16A01EB8101064A02EB8100211DCD
:10170000FFF738FE03E002480068C06AE06270BD7F
:1017100094030020E88A0020AC03002003490968F4
:10172000016003490968416070470000BC03002064
:10173000A80300201CB5144800210B469622CDE9D1
:10174000001012A1134800F0D3FC0446012C02D172
:1017500000F098FE0446012C14D100BF502080F305
:101760001188BFF34F8FBFF36F8F00BF4FF0FF3073
:1017700009490860012009490860002008490860FB
:1017800000F0BCF91CBD0000C803002049444C45D2
:1017900000000000BDE10008C4030020B0030020E9
:1017A000A803002002480068401C014908607047F7
:1017B000CC03002010B51A48006818B1012019495F
:1017C00008602BE00020174908601748006800688F
:1017D00015490968096B884205D8134801683431F6
:1017E0000068FFF785FD11480068B0FA80F0C0F18D
:1017F0001F0101EB81020E4B03EB8200426852682D
:10180000426000F108024368934202D14268526884
:1018100042604268D268044B1A6000BF10BD0000ED
:10182000CC030020B803002094030020AC03002068
:10183000E88A002070B505462C464CB1206838B1C6
:101840002068007820B12068C088A188884201D033
:10185000092070BD21684878F8F77DFF00F001008D
:1018600008B10320F5E70020F3E70000022001495A
:1018700008707047800400200020014908707047FC
:101880008004002001200149087070478004002076
:1018900010B50E48007820B1012808D0022812D1D6
:1018A0000BE04FF400710A48F0F73FFB0BE04FF4F8
:1018B00000710748F0F737FB05E04FF4007104486A
:1018C000F0F73EFB00BF00BF10BD00008004002009
:1018D0000004024010B5F9F7B1FD06490968401A45
:1018E000B0F5FA7F05D9FFF7D3FFF9F7A7FD014956
:1018F000086010BD7C04002000B59BB001210846A3
:10190000F0F768FD01210846F0F784FD0121480544
:10191000F0F760FD4FF40040119002208DF8480070
:1019200000208DF84A008DF84B0002208DF8490008
:1019300011A94448F0F783FA01220F214148F0F73A
:10194000C6FA682019900020ADF86000ADF8680074
:10195000ADF862008DF86A0018A94FF08040F1F7E9
:101960009FFF6020ADF84C000120ADF84E00002034
:101970001590ADF8580013A94FF08040F1F7CAFE5A
:101980000821C806F1F704FF012251024805F1F7CA
:101990008AFD2D48EFF736FF2C4803902C48049021
:1019A0004FF48060089000200F904FF480500A9010
:1019B00018200690002007904FF4805009900020D6
:1019C00010904020059080000B9040020C90002069
:1019D0000D900E904FF0C060029001211A48EFF771
:1019E000BDFF00221B491848EFF7C3FF02A91648A4
:1019F000F0F748F8012210211348F0F725F81020DD
:101A00008DF8040009208DF8050000208DF80600EF
:101A100001208DF8070001A8F0F78EFC03220021B9
:101A2000012000F0BAF80C4908600846006830B19F
:101A300000231A4619460848006800F0B9F91BB09F
:101A400000BD0000000002408860024034000040F9
:101A5000208C0020808C0020BC04002070B505463E
:101A60000C46012C00DA70BD00235A1E1946194895
:101A7000006800F0AFF800201749086017480460BC
:101A8000174805600846006800EB4000144A1268D9
:101A900081181448F9F796FA0F480068401C0E495F
:101AA00008600846006800EB40000D4A1268811883
:101AB0000D48F9F787FA08480068401C0649086095
:101AC00001210A48EFF792FE01218807F1F7DFFCB8
:101AD00000BFC8E7BC040020C0040020C4040020EC
:101AE000C8040020208C0020808C002088600240E8
:101AF00001480068704700008403002010B50E48BC
:101B0000006840F470000C4908600846006840F026
:101B100070400860FFF780FC002008490860EEF77D
:101B20005FFB0748006840F0404005490860EEF759
:101B300047FB002010BD000020ED00E090030020D6
:101B400034EF00E010B500BF502080F31188BFF3E0
:101B50004F8FBFF36F8F00BF00F010FB18B14FF035
:101B600080500449086000BF002080F3118800BF46
:101B700010BD000004ED00E02DE9F041044601260F
:101B8000002722460021012000F007F805462846DC
:101B9000FCF71AFB2846BDE8F0812DE9F84307461B
:101BA0000D4690460DB9002601E007FB05F606F14B
:101BB0005400FCF7F1FE044644B104F154094346D5
:101BC0004A46294638460094FCF70CFB2046BDE8FF
:101BD000F88300002DE9FF4782B0054689461E467E
:101BE0004FF0000A2C4600BFFFF7D0FBD4F8388036
:101BF000B8F1000F3BD0E76849462046FCF730FAC1
:101C0000DEB9A8F10100A063206810B9FCF732FF2B
:101C10006060206908B9012000E0002008BB04F1E1
:101C2000100000F07BFBE0B14FF080503F490860AE
:101C3000BFF34F8FBFF36F8F13E0E760606A08B99F
:101C4000012000E0002060B904F1240000F066FBF0
:101C500038B14FF0805035490860BFF34F8FBFF364
:101C60006F8FFFF7A5FB012006B0BDE8F087049851
:101C700018B9FFF79DFB0020F6E7BAF1000F04D179
:101C80006846FFF74BFD4FF0010AFFF791FBFFF7A6
:101C900089FDFFF77BFB94F94400401C10B900203C
:101CA00084F8440094F94500401C10B9002084F8E1
:101CB0004500FFF77DFB04A9684600F0EBF940BB47
:101CC0002046FCF783FBF0B1206830B9FFF75EFBDC
:101CD0006068FFF7CBFCFFF76BFB04F1240004996D
:101CE000FFF7A0FC2046FCF7FFFC00F057FB0028A4
:101CF0007FF47AAF4FF080500C490860BFF34F8FEC
:101D0000BFF36F8F70E72046FCF7EEFC00F046FB58
:101D10006AE72046FCF7E8FC00F040FB2046FCF7B1
:101D200055FB0028EED000209EE7000004ED00E007
:101D300070B505460E462C46FFF728FBD4E90F1276
:101D4000206801FB020060600020A0632068A060A2
:101D5000E06B401E226C216800FB0210E060FF2057
:101D600084F8440084F845009EB9206908B9012030
:101D700000E00020A8B904F1100000F0CFFA80B113
:101D80004FF0805009490860BFF34F8FBFF36F8F4A
:101D900007E004F11000FFF7C3FA04F12400FFF795
:101DA000BFFAFFF705FB012070BD000004ED00E065
:101DB0002DE9FF4383B0074688461D464FF00009D2
:101DC0003C4600BFFFF7E2FAA06BE16B884201D30B
:101DD000022D38D12A4641462046FCF756F90646E0
:101DE000A06C68B129462046FCF70CFB28B34FF0E5
:101DF00080503C490860BFF34F8FBFF36F8F1CE0EA
:101E0000606A08B9012000E0002068B904F12400EC
:101E100000F084FA88B14FF0805032490860BFF377
:101E20004F8FBFF36F8F08E03EB14FF080502D49C8
:101E30000860BFF34F8FBFF36F8FFFF7B9FA012030
:101E400007B0BDE8F083059818B9FFF7B1FA002094
:101E5000F6E7B9F1000F04D101A8FFF75FFC4FF0DE
:101E60000109FFF7A5FAFFF79DFCFFF78FFA94F938
:101E70004400401C10B9002084F8440094F9450047
:101E8000401C10B9002084F84500FFF791FA05A91D
:101E900001A800F0FFF8F0B92046FCF7A4FAA0B1C1
:101EA00004F110000599FFF7BDFB2046FCF71CFC70
:101EB00000F074FA002885D14FF08050094908607D
:101EC000BFF34F8FBFF36F8F7CE72046FCF70CFC0E
:101ED00000F064FA76E72046FCF706FC00F05EFAB4
:101EE0000020ADE704ED00E02DE9F05F06468A46EC
:101EF00015461F46344600BF5021EFF3118081F391
:101F00001188BFF34F8FBFF36F8F00BF8146A06B67
:101F1000E16B884201D3022F2BD194F945B03A46A8
:101F200051462046FCF7B1F80BF10100C8B9A06C8E
:101F300040B139462046FCF765FAB8B1B5B1012089
:101F4000286013E0606A08B9012000E0002068B949
:101F500004F1240000F0E2F940B13DB10120286015
:101F600004E00BF1010040B284F845004FF0010895
:101F700001E04FF0000800BF89F3118800BF404620
:101F8000BDE8F09F2DE9F04706460D46344600BFF8
:101F90005021EFF3118081F31188BFF34F8FBFF30E
:101FA0006F8F00BF8046D4F83890E06B484528D941
:101FB00094F945A009F10100A0630AF10100C8B934
:101FC000A06C40B100212046FCF71CFAB8B1B5B1B5
:101FD0000120286013E0606A08B9012000E00020B9
:101FE00068B904F1240000F099F940B13DB1012035
:101FF000286004E00AF1010040B284F8450001279E
:1020000000E0002700BF88F3118800BF3846BDE814
:10201000F0872DE9F05F05468A4616462C4600BF3C
:102020005021EFF3118081F31188BFF34F8FBFF37D
:102030006F8F00BF8046D4F83890B9F1000F21D0DF
:1020400094F944B051462046FCF70AF8A9F1010082
:10205000A0630BF1010070B9206908B9012000E00C
:10206000002068B904F1100000F058F940B13EB109
:102070000120306004E00BF1010040B284F844001C
:10208000012700E0002700BF88F3118800BF384611
:10209000BDE8F09F70B504460D46FFF777F912488A
:1020A00002682868401C08B9002619E00F4920681A
:1020B0000968884204D06068904201D801260FE088
:1020C0006068101A2968884209D228686168511A24
:1020D000401A28602046FFF721FB002600E0012679
:1020E000FFF766F9304670BDA8030020BC0300204E
:1020F0002DE9FF4F85B0804689461746DDE912ABD2
:10210000B800FCF749FC064656B16020FCF744FCD9
:1021100004460CB1266304E03046FFF759F900E0AD
:1021200000247CB10020CDE900ABCDE902403A4665
:1021300049464046089BFCF76CF82046FBF7D0FE6A
:10214000012501E04FF0FF35284609B0BDE8F08FCA
:102150000549096809B9012005E00449096809B978
:10216000022000E000207047B0030020CC030020D4
:102170000149086870470000A80300202DE9F041DC
:1021800000273A480068002863D139480068451C98
:10219000374805608DB93748D0F800803648006868
:1021A000344908603448C0F8008034480068401C56
:1021B00032490860FCF70EFA00BF314800688542DA
:1021C0003BD300BF2B480068006808B9012000E03D
:1021D000002020B14FF0FF30294908602CE025484D
:1021E0000068C068C4686668B54202D224480660C8
:1021F00022E0201DFFF74CF8A06A18B104F1180086
:10220000FFF746F894F82C10012088401D49096812
:1022100008431C490860E16A01EB81011A4A02EB9C
:102220008100211DFFF7A6F81849E06A0968C96A0C
:102230008842C7D30127C5E700BF14480068C06AB9
:1022400000EB8000104951F82000012800D9012737
:1022500004E00F480068401C0D4908600D48006804
:1022600000B101273846BDE8F0810000CC03002012
:10227000A8030020980300209C030020BC0300203A
:10228000C4030020AC030020E88A0020940300204F
:10229000B4030020B803002070B505462C46002684
:1022A000ADB3206D401E2065E16CE06A88422ED0FF
:1022B000206D60BB201DFEF7EBFF78B9E06A00EBF4
:1022C0008000144951F8200040B994F82C100120E6
:1022D00088401149096881430F480160E06CE06261
:1022E000E06AC0F10600A06194F82C10012088403B
:1022F00009490968084308490860E16A01EB81015E
:10230000044A02EB8100211DFFF734F80126304614
:1023100070BD0000E88A0020AC03002070B50646BE
:10232000F068C46804F11800FEF7B2FF15480068B1
:10233000A8B9201DFEF7ACFF94F82C1001208840AE
:1023400011490968084310490860E16A01EB8101FD
:102350000E4A02EB8100211DFFF70CF804E004F1A6
:1023600018010B48FFF706F80A49E06A0968C96ACC
:10237000884204D9012501200749086000E00025B2
:10238000284670BDCC030020AC030020E88A002062
:10239000888B002094030020B803002070B500242F
:1023A0000026FEF7F3FF2E480068401E2C49086007
:1023B0000846006800284FD12A48006800284BD002
:1023C00024E02948C068C46804F11800FEF760FFE3
:1023D000201DFEF75DFF94F82C1001208840234952
:1023E0000968084321490860E16A01EB8101204A3C
:1023F00002EB8100211DFEF7BDFF1E49E06A09685E
:10240000C96A884202D301201B4908601648006847
:1024100008B9012000E000200028D2D00CB1FCF760
:10242000D9F81648056865B100BFFFF7A7FE10B1DF
:102430000120114908606D1E002DF6D100200F49C2
:1024400008600D48006838B1012630070C49086063
:10245000BFF34F8FBFF36F8FFEF7AAFF304670BDFB
:10246000CC030020A4030020888B0020AC030020B4
:10247000E88A002094030020B8030020B403002061
:1024800004ED00E01CB50024FBF786FD074800685A
:1024900050B10748012100239622CDE9001005A183
:1024A0000648FFF725FE044620461CBDD803002041
:1024B000DC030020546D722053766300CFE60008E1
:1024C0002DE9FE4305460C4616461F46DDF82880DA
:1024D0004FF000091448006810B30094019602956B
:1024E000062C15DAFFF734FE022808D100234246F5
:1024F00069460D480068FFF75BFC814610E0002349
:102500001A46694608480068FFF752FC814607E012
:1025100000233A46694604480068FFF7E5FC814617
:102520004846BDE8FE830000D8030020FF000000FD
:10253000FF000000FFFFFFFF000000FF00FFFFD7CC
:1025400000FFFF000A0AFF1E050505FF00F50A054A
:10255000FF0F050F05FF00640AFF1932FF3202FF6B
:102560003232FF0A0A0A0A0A28280A280A28280AF0
:102570000A0A0A0A46FF05050F0505050F1EFF0496
:1025800005040508050F05080504050405FF0505F4
:102590000505FF140F2305FF140A140A140AFF058A
:1025A000050564FF0A0AFF050F0A0F14FF0A080554
:1025B000FF00000001000000982501080201000052
:1025C000A42501080302000060250108040300009F
:1025D00063250108050400005125010806050000D7
:1025E00047250108070600007625010808070000B6
:1025F0005D250108090800005A2501080A090000A4
:10260000EC8B00200B0A0000442501080C0B000095
:102610008E2501080D0C0000932501080E0D000009
:102620007F2501080F0E0000EC8B0020100F00002A
:1026300056250108111000004C2501081211000058
:10264000000000001312000000000000141300003E
:102650009F25010815140000A72501081615000084
:10266000AD25010817160000000000001817000033
:102670000000000000540040000020001F00000087
:1026800020000000801A0600020000000004024042
:1026900040000000060000000200000000040240AC
:1026A000800000000700000004000000000020007F
:1026B00000000002106002400B000000200000102B
:1026C000080000103800300010000800000001036E
:1026D0000507090E10121416181C1E000004000233
:1026E00000018000400020001000080004000200EB
:1026F0000000008000400020001000080040002082
:102700000010000800040002A400E8A1A700ECA14A
:10271000A800A7A1B000E3A1B100C0A1B700A4A187
:10272000D700C1A1E000A4A8E100A2A8E800A8A8E1
:10273000E900A6A8EA00BAA8EC00ACA8ED00AAA897
:10274000F200B0A8F300AEA8F700C2A1F900B4A847
:10275000FA00B2A8FC00B9A80101A1A81301A5A81C
:102760001B01A7A82B01A9A84401BDA84801BEA828
:102770004D01ADA86B01B1A8CE01A3A8D001ABA8B3
:10278000D201AFA8D401B3A8D601B5A8D801B6A884
:10279000DA01B7A8DC01B8A85102BBA86102C0A841
:1027A000C702A6A1C902A5A1CA0240A8CB0241A89E
:1027B000D90242A89103A1A69203A2A69303A3A6BD
:1027C0009403A4A69503A5A69603A6A69703A7A679
:1027D0009803A8A69903A9A69A03AAA69B03ABA649
:1027E0009C03ACA69D03ADA69E03AEA69F03AFA619
:1027F000A003B0A6A103B1A6A303B2A6A403B3A6E7
:10280000A503B4A6A603B5A6A703B6A6A803B7A6B4
:10281000A903B8A6B103C1A6B203C2A6B303C3A657
:10282000B403C4A6B503C5A6B603C6A6B703C7A618
:10283000B803C8A6B903C9A6BA03CAA6BB03CBA6E8
:10284000BC03CCA6BD03CDA6BE03CEA6BF03CFA6B8
:10285000C003D0A6C103D1A6C303D2A6C403D3A686
:10286000C503D4A6C603D5A6C703D6A6C803D7A654
:10287000C903D8A60104A7A71004A1A71104A2A701
:102880001204A3A71304A4A71404A5A71504A6A7BC
:102890001604A8A71704A9A71804AAA71904ABA788
:1028A0001A04ACA71B04ADA71C04AEA71D04AFA758
:1028B0001E04B0A71F04B1A72004B2A72104B3A728
:1028C0002204B4A72304B5A72404B6A72504B7A7F8
:1028D0002604B8A72704B9A72804BAA72904BBA7C8
:1028E0002A04BCA72B04BDA72C04BEA72D04BFA798
:1028F0002E04C0A72F04C1A73004D1A73104D2A74A
:102900003204D3A73304D4A73404D5A73504D6A7FB
:102910003604D8A73704D9A73804DAA73904DBA7C7
:102920003A04DCA73B04DDA73C04DEA73D04DFA797
:102930003E04E0A73F04E1A74004E2A74104E3A767
:102940004204E4A74304E5A74404E6A74504E7A737
:102950004604E8A74704E9A74804EAA74904EBA707
:102960004A04ECA74B04EDA74C04EEA74D04EFA7D7
:102970004E04F0A74F04F1A75104D7A710205CA97B
:10298000132043A81420AAA1152044A81620ACA106
:102990001820AEA11920AFA11C20B0A11D20B1A10B
:1029A000252045A82620ADA13020EBA13220E4A1AE
:1029B0003320E5A1352046A83B20F9A1AC208000BA
:1029C0000321E6A1052147A8092148A81621EDA168
:1029D000212159A96021F1A26121F2A26221F3A271
:1029E0006321F4A26421F5A26521F6A26621F7A273
:1029F0006721F8A26821F9A26921FAA26A21FBA243
:102A00006B21FCA27021A1A27121A2A27221A3A21A
:102A10007321A4A27421A5A27521A6A27621A7A242
:102A20007721A8A27821A9A27921AAA29021FBA1AD
:102A30009121FCA19221FAA19321FDA1962149A8FF
:102A400097214AA898214BA899214CA80822CAA1ED
:102A50000F22C7A11122C6A115224DA81A22CCA16E
:102A60001D22D8A11E22DEA11F224EA82022CFA106
:102A700023224FA82522CEA12722C4A12822C5A106
:102A80002922C9A12A22C8A12B22D2A12E22D3A158
:102A90003422E0A13522DFA13622C3A13722CBA107
:102AA0003D22D7A14822D6A14C22D5A1522250A81E
:102AB0006022D9A16122D4A16422DCA16522DDA11A
:102AC000662251A8672252A86E22DAA16F22DBA1EA
:102AD000952292A89922D1A1A522CDA1BF2253A8C7
:102AE0001223D0A16024D9A26124DAA26224DBA23D
:102AF0006324DCA26424DDA26524DEA26624DFA2B6
:102B00006724E0A26824E1A26924E2A27424C5A299
:102B10007524C6A27624C7A27724C8A27824C9A2A5
:102B20007924CAA27A24CBA27B24CCA27C24CDA275
:102B30007D24CEA27E24CFA27F24D0A28024D1A245
:102B40008124D2A28224D3A28324D4A28424D5A215
:102B50008524D6A28624D7A28724D8A28824B1A20D
:102B60008924B2A28A24B3A28B24B4A28C24B5A255
:102B70008D24B6A28E24B7A28F24B8A29024B9A225
:102B80009124BAA29224BBA29324BCA29424BDA2F5
:102B90009524BEA29624BFA29724C0A29824C1A2C5
:102BA0009924C2A29A24C3A29B24C4A20025A4A94A
:102BB0000125A5A90225A6A90325A7A90425A8A939
:102BC0000525A9A90625AAA90725ABA90825ACA909
:102BD0000925ADA90A25AEA90B25AFA90C25B0A9D9
:102BE0000D25B1A90E25B2A90F25B3A91025B4A9A9
:102BF0001125B5A91225B6A91325B7A91425B8A979
:102C00001525B9A91625BAA91725BBA91825BCA948
:102C10001925BDA91A25BEA91B25BFA91C25C0A918
:102C20001D25C1A91E25C2A91F25C3A92025C4A9E8
:102C30002125C5A92225C6A92325C7A92425C8A9B8
:102C40002525C9A92625CAA92725CBA92825CCA988
:102C50002925CDA92A25CEA92B25CFA92C25D0A958
:102C60002D25D1A92E25D2A92F25D3A93025D4A928
:102C70003125D5A93225D6A93325D7A93425D8A9F8
:102C80003525D9A93625DAA93725DBA93825DCA9C8
:102C90003925DDA93A25DEA93B25DFA93C25E0A998
:102CA0003D25E1A93E25E2A93F25E3A94025E4A968
:102CB0004125E5A94225E6A94325E7A94425E8A938
:102CC0004525E9A94625EAA94725EBA94825ECA908
:102CD0004925EDA94A25EEA94B25EFA9502554A871
:102CE000512555A8522556A8532557A8542558A80C
:102CF000552559A856255AA857255BA858255CA8DC
:102D000059255DA85A255EA85B255FA85C2560A8AB
:102D10005D2561A85E2562A85F2563A8602564A87B
:102D2000612565A8622566A8632567A8642568A84B
:102D3000652569A866256AA867256BA868256CA81B
:102D400069256DA86A256EA86B256FA86C2570A8EB
:102D50006D2571A86E2572A86F2573A8702574A8BB
:102D6000712575A8722576A8732577A8812578A87E
:102D7000822579A883257AA884257BA885257CA827
:102D800086257DA887257EA8882580A8892581A8F5
:102D90008A2582A88B2583A88C2584A88D2585A8C3
:102DA0008E2586A88F2587A8932588A8942589A88D
:102DB00095258AA8A025F6A1A125F5A1B225F8A1FF
:102DC000B325F7A1BC258BA8BD258CA8C625F4A1E9
:102DD000C725F3A1CB25F0A1CE25F2A1CF25F1A1E6
:102DE000E2258DA8E3258EA8E4258FA8E52590A8E7
:102DF0000526EFA10626EEA1092691A84026E2A10C
:102E00004226E1A10030A1A10130A2A10230A3A17C
:102E10000330A8A10530A9A1063065A9073096A9FD
:102E20000830B4A10930B5A10A30B6A10B30B7A162
:102E30000C30B8A10D30B9A10E30BAA10F30BBA132
:102E40001030BEA11130BFA1123093A81330FEA1E3
:102E50001430B2A11530B3A11630BCA11730BDA1FA
:102E60001D3094A81E3095A8213040A9223041A9D8
:102E7000233042A9243043A9253044A9263045A94E
:102E8000273046A9283047A9293048A94130A1A4B4
:102E90004230A2A44330A3A44430A4A44530A5A446
:102EA0004630A6A44730A7A44830A8A44930A9A416
:102EB0004A30AAA44B30ABA44C30ACA44D30ADA4E6
:102EC0004E30AEA44F30AFA45030B0A45130B1A4B6
:102ED0005230B2A45330B3A45430B4A45530B5A486
:102EE0005630B6A45730B7A45830B8A45930B9A456
:102EF0005A30BAA45B30BBA45C30BCA45D30BDA426
:102F00005E30BEA45F30BFA46030C0A46130C1A4F5
:102F10006230C2A46330C3A46430C4A46530C5A4C5
:102F20006630C6A46730C7A46830C8A46930C9A495
:102F30006A30CAA46B30CBA46C30CCA46D30CDA465
:102F40006E30CEA46F30CFA47030D0A47130D1A435
:102F50007230D2A47330D3A47430D4A47530D5A405
:102F60007630D6A47730D7A47830D8A47930D9A4D5
:102F70007A30DAA47B30DBA47C30DCA47D30DDA4A5
:102F80007E30DEA47F30DFA48030E0A48130E1A475
:102F90008230E2A48330E3A48430E4A48530E5A445
:102FA0008630E6A48730E7A48830E8A48930E9A415
:102FB0008A30EAA48B30EBA48C30ECA48D30EDA4E5
:102FC0008E30EEA48F30EFA49030F0A49130F1A4B5
:102FD0009230F2A49330F3A49B3061A99C3062A993
:102FE0009D3066A99E3067A9A130A1A5A230A2A5F7
:102FF000A330A3A5A430A4A5A530A5A5A630A6A559
:10300000A730A7A5A830A8A5A930A9A5AA30AAA528
:10301000AB30ABA5AC30ACA5AD30ADA5AE30AEA5F8
:10302000AF30AFA5B030B0A5B130B1A5B230B2A5C8
:10303000B330B3A5B430B4A5B530B5A5B630B6A598
:10304000B730B7A5B830B8A5B930B9A5BA30BAA568
:10305000BB30BBA5BC30BCA5BD30BDA5BE30BEA538
:10306000BF30BFA5C030C0A5C130C1A5C230C2A508
:10307000C330C3A5C430C4A5C530C5A5C630C6A5D8
:10308000C730C7A5C830C8A5C930C9A5CA30CAA5A8
:10309000CB30CBA5CC30CCA5CD30CDA5CE30CEA578
:1030A000CF30CFA5D030D0A5D130D1A5D230D2A548
:1030B000D330D3A5D430D4A5D530D5A5D630D6A518
:1030C000D730D7A5D830D8A5D930D9A5DA30DAA5E8
:1030D000DB30DBA5DC30DCA5DD30DDA5DE30DEA5B8
:1030E000DF30DFA5E030E0A5E130E1A5E230E2A588
:1030F000E330E3A5E430E4A5E530E5A5E630E6A558
:10310000E730E7A5E830E8A5E930E9A5EA30EAA527
:10311000EB30EBA5EC30ECA5ED30EDA5EE30EEA5F7
:10312000EF30EFA5F030F0A5F130F1A5F230F2A5C7
:10313000F330F3A5F430F4A5F530F5A5F630F6A597
:10314000FC3060A9FD3063A9FE3064A90531C5A833
:103150000631C6A80731C7A80831C8A80931C9A8CF
:103160000A31CAA80B31CBA80C31CCA80D31CDA89F
:103170000E31CEA80F31CFA81031D0A81131D1A86F
:103180001231D2A81331D3A81431D4A81531D5A83F
:103190001631D6A81731D7A81831D8A81931D9A80F
:1031A0001A31DAA81B31DBA81C31DCA81D31DDA8DF
:1031B0001E31DEA81F31DFA82031E0A82131E1A8AF
:1031C0002231E2A82331E3A82431E4A82531E5A87F
:1031D0002631E6A82731E7A82831E8A82931E9A84F
:1031E0002032E5A22132E6A22232E7A22332E8A26F
:1031F0002432E9A22532EAA22632EBA22732ECA23F
:103200002832EDA22932EEA231325AA9A33249A9BD
:103210008E334AA98F334BA99C334CA99D334DA9BA
:103220009E334EA9A1334FA9C43350A9CE3351A91F
:10323000D13352A9D23353A9D53354A9004EBBD2AE
:10324000014EA1B6024E4081034EDFC6044E4181BD
:10325000054E4281064E4381074EF2CD084EC9D538
:10326000094EFDC80A4ECFC90B4EC2CF0C4EA2D894
:103270000D4EBBB20E4EEBD30F4E4481104EA4D870
:10328000114EF3B3124E4581134EA8D7144ED2C738
:10329000154EA7D8164EC0CA174E4681184EF0C715
:1032A000194EFBB11A4EB5D21B4ED4B41C4EABB660
:1032B0001D4EBFCB1E4EA9D81F4E4781204E4881C0
:1032C000214E4981224EAAB6234E4A81244EBDC1C9
:1032D000254ECFD1264E4B81274EA5C9284EADD8BD
:1032E000294E4C812A4EF6B82B4EBED12C4EDCE333
:1032F0002D4ED0D62E4E4D812F4E4E81304EE1B701
:10330000314E4F81324EAEB4334E5081344ED9C11E
:10331000354E5181364EBCD8374E5281384EE8CDAD
:10332000394EA4B53A4EAACE3B4EF7D63C4E538109
:103330003D4EF6C03E4ED9BE3F4EAFD8404E5481B2
:10334000414E5581424E5681434ECBC4444E578127
:10335000454EC3BE464E5881474EB1D8484EB4C3C1
:10336000494EE5D24A4E59814B4EAED64C4EDACE3E
:103370004D4EA7D54E4EF5BA4F4EA6B7504ED6C0BD
:10338000514E5A81524EB9C6534ED2C5544EC7C73C
:10339000554E5B81564ED4B9574E5C81584ECBB3D7
:1033A000594ED2D25A4E5D815B4E5E815C4EBFD883
:1033B0005D4EC5BE5E4EF2C65F4EB2D2604EB0CF1D
:1033C000614EE7CF624E5F81634E6081644E6181E2
:1033D000654E6281664EE9CA674E6381684E6481BC
:1033E000694EC0D86A4E65816B4E66816C4E6781AE
:1033F0006D4E68816E4E69816F4E6A81704EF2C269
:10340000714ED2C2724E6B81734EE9C8744E6C819C
:10341000754E6D81764E6E81774E6F81784E7081DC
:10342000794E71817A4E72817B4E73817C4E7481AC
:103430007D4E75817E4EACC77F4E7681804E778102
:10344000814E7881824E7981834E7A81844E7B8150
:10345000854E7C81864ECBC1874E7D81884EE8D3D8
:10346000894EF9D58A4E7E818B4EC2CA8C4EFEB6ED
:103470008D4EA1D88E4EDAD38F4EF7BF904E8081FD
:10348000914EC6D4924EA5BB934EC1D8944EE5CE74
:10349000954EAEBE964E8181974E8281984EA8D8A9
:1034A000994E83819A4EC7D19B4EA9D09C4E848160
:1034B0009D4E85819E4E86819F4EBDD8A04EEFD9F0
:1034C000A14EF6CDA24EBABFA34E8781A44EBBBD7E
:1034D000A54EA5BAA64EE0D2A74EFAB2A84EE0BAC3
:1034E000A94EB6C4AA4E8881AB4EEDCFAC4EA9BE54
:1034F000AD4EA4CDAE4EC1C1AF4E8981B04E8A81D2
:10350000B14E8B81B24ED7C7B34EF1D9B44E8C8138
:10351000B54EF4D9B64E8D81B74E8E81B84E8F819F
:10352000B94E9081BA4ECBC8BB4EE9D8BC4E918102
:10353000BD4E9281BE4E9381BF4EDAD2C04EB2CA0A
:10354000C14ECAC8C24EECD8C34EEAD8C44EC6D883
:10355000C54EF6BDC64ECDC6C74EF0B3C84E94811B
:10356000C94EEBD8CA4EF1BDCB4EE9BDCC4E9581CC
:10357000CD4ED4C8CE4ED3B4CF4E9681D04E978187
:10358000D14ED8C2D24E9881D34ED6B2D44ED0D7D7
:10359000D54ECBCAD64EFBCBD74ECCD5D84EB6B82F
:1035A000D94EC9CFDA4E9981DB4E9A81DC4E9B8190
:1035B000DD4EDAD9DE4EF0D8DF4EAAC7E04E9C8150
:1035C000E14EEED8E24E9D81E34EFAB4E44EEEC1F8
:1035D000E54ED4D2E64E9E81E74E9F81E84EEDD86F
:1035E000E94EA081EA4EC7D2EB4EEFD8EC4EC7C3EE
:1035F000ED4EA181EE4EA281EF4EA381F04EF6D1A9
:10360000F14EA481F24ED9D6F34EF2D8F44EA581F4
:10361000F54EF5D8F64EFEBCF74EDBBCF84EA68153
:10362000F94EA781FA4EA881FB4ECEC8FC4EA98167
:10363000FD4EDDB7FE4EAA81FF4EC2B7004FAB81F3
:10364000014FF3C6024FAC81034FAD81044FAE81F1
:10365000054FAF81064FB081074FB181084FB2814E
:10366000094FF8D80A4FC1D20B4FB3810C4FB48128
:103670000D4FE9CE0E4FBFBC0F4FFCB7104FA5B793
:10368000114FDDD0124FB581134FB681144FB78162
:10369000154FB881164FB981174FDAD6184FC5D3D9
:1036A000194FEFBB1A4FE1BB1B4FF1D81C4FBA812A
:1036B0001D4FBB811E4FA1C91F4FB0CE204FABB4D1
:1036C000214FBC81224FF3D8234FBD81244FCBC95A
:1036D000254FF6D8264FD7C2274FF7D8284FBE819F
:1036E000294FBF812A4FB1CE2B4FF9D82C4FC08123
:1036F0002D4FC1812E4FC2812F4FAEB2304FC0B976
:10370000314FC381324FA3D9334FC481344FE9B015
:10371000354FC581364FE6C1374FC681384FECC9AA
:10372000394FC7813A4FC5CB3B4FC8813C4FC6CBC1
:103730003D4FA4D93E4FC9813F4FCA81404FCB81F5
:10374000414FCC81424FCD81434FE8B5444FCE81AC
:10375000454FCF81464FABB5474FD081484FD181C0
:10376000494FD2814A4FD3814B4FD4814C4FD581A1
:103770004D4FBBCE4E4FCDB54F4FA1D7504FF4D785
:10378000514FD3D3524FD681534FE5CC544FD781AD
:10379000554FCEBA564FD881574FA2D9584FDCD982
:1037A000594FE0D35A4FFDD85B4FF0B75C4FF7D776
:1037B0005D4FFED85E4FFAD85F4FA1D9604FE3C48A
:1037C000614FD981624FDA81634FB6D3644FF4D829
:1037D000654FDDD9664FDB81674FFBD8684FDC81D1
:1037E000694FE5C56A4FDD816B4FDE816C4FD0C0FC
:1037F0006D4FDF816E4FE0816F4FF0D1704FDBB0C6
:10380000714FE181724FE281734FD1BC744FA6D9E1
:10381000754FE381764FA5D9774FE481784FE581E5
:10382000794FE6817A4FE7817B4FACD97C4FAED997
:103830007D4FE8817E4FABD97F4FB9CA804FE98178
:10384000814FEA81824FEB81834FA9D9844FB6D64D
:10385000854FEC81864FED81874FEE81884FDEB337
:10386000894FA8D98A4FEF818B4FFDC08C4FF081D3
:103870008D4FCCCA8E4FF1818F4FAAD9904FF281D4
:10388000914FA7D9924FF381934FF481944FB0D9C0
:10389000954FF581964FF681974FB1B6984FF781C6
:1038A000994FF8819A4FF9819B4FA9B99C4FFA81A2
:1038B0009D4FC0D29E4FFB819F4FFC81A04FC0CF38
:1038C000A14FFD81A24FFE81A34FC2C2A44F4082EF
:1038D000A54FC4BDA64FECD5A74FE0B2A84FC8C7AF
:1038E000A94FEBBFAA4FADD9AB4F4182AC4FAFD977
:1038F000AD4F4282AE4FEACEAF4FEEBAB04F4382E9
:10390000B14F4482B24F4582B34F4682B44F478293
:10391000B54FD6C7B64F4882B74F4982B84F4A8293
:10392000B94F4B82BA4F4C82BB4F4D82BC4F4E8237
:10393000BD4F4F82BE4F5082BF4FE3B1C04F518247
:10394000C14F5282C24F5382C34FD9B4C44FEDB658
:10395000C54FB4D9C64F5482C74F5582C84F5682FF
:10396000C94F5782CA4FA1BFCB4F5882CC4F598203
:10397000CD4F5A82CE4FDED9CF4FCEC7D04FFEC0EB
:10398000D14FB8D9D24F5B82D34F5C82D44F5D8286
:10399000D54F5E82D64F5F82D74FD7CBD84FFDB77A
:1039A000D94F6082DA4FB5D9DB4F6182DC4FB7D98E
:1039B000DD4FA3B1DE4FE1D3DF4FB9D9E04F6282D3
:1039C000E14FC5D0E24F6382E34FB6D9E44F648242
:1039D000E54F6582E64FB1D9E74F6682E84FB2D92D
:1039E000E94FA9C1EA4FB3D9EB4F6782EC4F688228
:1039F000ED4FF3BCEE4FDED0EF4FA9B8F04F698228
:103A0000F14FE3BEF24F6A82F34FBDD9F44F6B82A0
:103A1000F54F6C82F64F6D82F74F6E82F84FBAD930
:103A2000F94F6F82FA4FB3B0FB4F7082FC4F718237
:103A3000FD4F7282FE4FC2D9FF4F738200507482D5
:103A4000015075820250768203507782045078824A
:103A50000550798206507A8207507B8208507C821A
:103A600009507D820A507E820B5080820C50C4D94E
:103A70000D50B6B10E5081820F50BFD910508282C6
:103A8000115083821250B9B5135084821450F3BE82
:103A90001550858216508682175087821850C8CCE0
:103AA0001950F2BA1A50D0D21B5088821C50C3D978
:103AB0001D5089821E508A821F50E8BD20508B8283
:103AC0002150ABB322508C8223508D8224508E82A1
:103AD0002550C5D92650EBBE27508F822850C6D915
:103AE0002950BBD92A50DFC42B5090822C50BED90C
:103AF0002D50C1D92E50C0D92F5091823050928272
:103B00003150938232509482335095823450968251
:103B100035509782365098823750998238509A8221
:103B200039509B823A50AED53B509C823C50B5D622
:103B30003D509D823E50E3C73F509E8240509F8241
:103B40004150A0824250A1824350C8D94450A28221
:103B50004550A3824650A4824750D9BC4850CAD988
:103B60004950A5824A50A6824B50A7824C50BCD9DE
:103B70004D50A8824E50CBD94F50ABC65050A98261
:103B80005150AA825250AB825350AC825450AD82F5
:103B90005550C9D95650AE825750AF825850B08256
:103BA0005950B1825A50F6D75B50B2825C50A3CDC7
:103BB0005D50B3825E50B4825F50B5826050B68271
:103BC0006150B7826250B8826350B9826450BA8241
:103BD0006550A1BD6650BB826750BC826850BD82F3
:103BE0006950BE826A50BF826B50C0826C50CCD983
:103BF0006D50C1826E50C2826F50C3827050C482B9
:103C00007150C5827250C6827350C7827450C88288
:103C10007550C9827650BCC57750B5CD7850CA82F0
:103C20007950CB827A50CC827B50CDD97C50CD82DA
:103C30007D50CE827E50C7D97F50A5B38050FEBF45
:103C40008150CF828250D0828350D1828450D282E0
:103C50008550B5B88650D3828750D4828850FCC036
:103C60008950D5828A50D6828B50D7828C50D88288
:103C70008D50F8B08E50D9828F50DA829050DB820E
:103C80009150DC829250DD829350DE829450DF822C
:103C90009550E0829650E1829750E2829850E382FC
:103CA0009950E4829A50E5829B50E6829C50E782CC
:103CB0009D50E8829E50E9829F50EA82A050EB829C
:103CC000A150EC82A250ED82A350F6B4A450EE8233
:103CD000A550CED9A650EF82A750CFD9A850A2B4F4
:103CE000A950D0D9AA50F082AB50F182AC50DFB4C9
:103CF000AD50F282AE50F382AF50F482B050F582F4
:103D0000B150F682B250C1B0B350F782B450F882CD
:103D1000B550F982B650FA82B750FB82B850FC8297
:103D2000B950FD82BA50D1D9BB50B5C9BC50FE8242
:103D3000BD504083BE504183BF504283C050438337
:103D4000C1504483C2504583C3504683C450478307
:103D5000C5504883C6504983C7504A83C8504B83D7
:103D6000C9504C83CA504D83CB504E83CC504F83A7
:103D7000CD505083CE505183CF50F1CFD05052838D
:103D8000D1505383D2505483D3505583D45056834B
:103D9000D5505783D650D2D9D7505883D85059834D
:103DA000D9505A83DA50C5C1DB505B83DC505C8349
:103DB000DD505D83DE505E83DF505F83E0506083C3
:103DC000E1506183E2506283E3506383E450648393
:103DD000E5506583E650D6D9E750AEC9E850668312
:103DE000E9506783EA506883EB506983EC50D5D97A
:103DF000ED50D4D9EE50D7D9EF506A83F0506B8391
:103E0000F1506C83F2506D83F350DBCBF4506E8332
:103E1000F550A9BDF6506F83F7507083F850718349
:103E2000F9507283FA507383FB50A7C6FC50748319
:103E3000FD507583FE507683FF5077830051788361
:103E40000151798302517A8303517B8304517C832E
:103E500005517D830651D3D90751D8D908517E83A6
:103E6000095180830A5181830B51D9D90C51828326
:103E70000D5183830E5184830F51858310518683A6
:103E8000115187831251E5C81351888314518983D6
:103E900015518A8316518B8317518C8318518D834A
:103EA00019518E831A518F831B5190831C5191831A
:103EB0001D5192831E5193831F51948320519583EA
:103EC0002151DCC02251968323519783245198833A
:103ED0002551998326519A8327519B8328519C838E
:103EE00029519D832A519E832B519F832C51A0835E
:103EF0002D51A1832E51A2832F51A3833051A4832E
:103F00003151A5833251A6833351A7833451A883FD
:103F10003551A9833651AA833751AB833851AC83CD
:103F20003951AD833A51AE833B51AF833C51B0839D
:103F30003D51B1833E51B2833F51F9B64051A3D8B0
:103F40004151CAD44251B3834351AAD44451D6D02B
:103F50004551E4B34651D7D54751B4834851C8CFF2
:103F60004951E2B94A51B5834B51CBBF4C51B6834D
:103F70004D51E2C34E51B7834F51B8835051B9836D
:103F80005151D2B65251BA835351BB835451C3CD10
:103F90005551EED95651F0D95751BC835851BD8374
:103FA0005951BE835A51B3B55B51BF835C51B5B60D
:103FB0005D51C0835E51C1835F51C2836051C38331
:103FC0006151C4836251A4BE6351C5836451C683E9
:103FD0006551EBC86651C7836751C8836851ABC848
:103FE0006951C9836A51CA836B51CBB06C51ABB96B
:103FF0006D51F9C16E51E2D96F51CB837051BCC084
:104000007151B2B97251CC837351D8B97451CBD0BC
:104010007551F8B17651E4C67751DFBE7851E4B5F9
:104020007951C8D77A51CD837B51F8D17C51E6BC08
:104030007D51DECA7E51CE837F51CF838051BDBC7E
:104040008151E6D98251E7D88351D0838451D183FD
:104050008551DAC48651D2838751D3838851D4B82D
:104060008951BDC88A51D4838B51D5838C51E1B21B
:104070008D51D9D48E51D6838F51D7839051D88307
:104080009151D9839251B0C39351DA839451DB8318
:104090009551E1C39651A2DA9751DFC89851DC835C
:1040A0009951B4D09A51DD839B51FCBE9C51A9C556
:1040B0009D51DE839E51DF839F51E083A051DAB989
:1040C000A151E183A251A3DAA351E283A451A9D45F
:1040D000A551A4DAA651E383A751E483A851E5834F
:1040E000A951E683AA51E783AB51FBD9AC51ACB6D9
:1040F000AD51E883AE51E983AF51EBB7B051F9B19F
:10410000B151FCD9B251E5B3B351F6BEB451EA8313
:10411000B551F6BFB651B1D2B751E4C0B851EB8337
:10412000B951EC83BA51ED83BB51B3B6BC51FED942
:10413000BD51FDD9BE51EE83BF51EF83C051BBBE0F
:10414000C151F083C251F183C351F283C451E0C61F
:10415000C551F383C651BCD7C751A1DAC851F48306
:10416000C951B9C1CA51F583CB51F2B5CC51E8C19F
:10417000CD51F683CE51F783CF51F5BCD051F883A2
:10418000D151D5B4D251F983D351FA83D451FB83A1
:10419000D551FC83D651FD83D751FE83D85140843D
:1041A000D9514184DA514284DB51DDC1DC51438471
:1041B000DD51FDC4DE514484DF514584E051B8BC7B
:1041C000E151B2B7E2514684E3514784E451EFB77D
:1041D000E5514884E6514984E7514A84E8514B84CB
:1041E000E9514C84EA514D84EB51ECD9EC514E84A9
:1041F000ED51BEC6EE514F84EF51ADBFF051CBBB78
:10420000F1515084F2515184F351CAB5F4515284A2
:10421000F551C9DBF651D7D0F7515384F851B9CDD8
:10422000F951BCB0FA51F6B3FB51F7BBFC51CADBF4
:10423000FD51AFBAFE515484FF51E4D40052B6B5DB
:104240000152F3B50252D6D80352D0C80452558455
:10425000055256840652D6B70752D0C70852D7D84F
:10426000095257840A52AFBF0B5258840C525984DA
:104270000D52BBDB0E52D8D80F525A8410525B84B9
:104280001152CCD01252AEBB13525C8414525D84D6
:1042900015525E841652BEEB1752D0C11852F5C1AA
:1042A0001952F2D41A52D5B81B52B4B41C525F84BE
:1042B0001D52F5B31E5260841F5261842052BEC944
:1042C0002152628422526384235264842452D0C5D2
:1042D0002552658426526684275267842852D9C5A0
:1042E0002952FBC02A5268842B52F0B12C526984A7
:1042F0002D52D9D82E52CEB92F526A843052BDB524
:1043000031526B8432526C843352DAD834526D8419
:1043100035526E843652C6D63752A2CB3852AFC809
:104320003952B2C93A52CCB43B52CCBF3C526F84E2
:104330003D52F4B93E5270843F52DBD84052DCD833
:104340004152E7B64252C1BC4352EACC4452718456
:10435000455272844652738447527484485275841D
:10436000495276844A52F7CF4B5277844C52DDD86B
:104370004D52B0C74E5278844F5279845052D0B9C2
:104380005152A3BD52527A8453527B845452DECC94
:1043900055527C845652CAC657527D8458527E84E8
:1043A000595280845A5281845B5282845C52E0D894
:1043B0005D5283845E52DED85F528484605285846D
:1043C0006152DFD862528684635287846452888443
:1043D0006552FEB0665289846752E7BE68528A848D
:1043E0006952A3CA6A52F4BC6B528B846C528C849F
:1043F0006D528D846E528E846F52B1B870528F841C
:10440000715290847252EEB87352918474529284B5
:104410007552938476529484775295847852968418
:10442000795297847A5298847B5299847C529A84E8
:104430007D52E2D87E529B847F52CBBD80529C84B9
:104440008152E4D88252E3D883529D8484529E8460
:1044500085529F848652A0848752A1848852FCC5CD
:104460008952A2848A52A3848B52A4848C52A5843C
:104470008D52A6848E52A7848F52A8849052E5D87C
:104480009152A9849252AA849352E6D89452AB8452
:104490009552AC849652AD849752AE849852AF84B4
:1044A0009952B0849A52B1849B52A6C19C52B28454
:1044B0009D52B0C89E52ECB09F52A6B9A052D3BC38
:1044C000A152F1CEA252BDDBA352D3C1A452B384F8
:1044D000A552B484A652B584A752B684A852AFB6EA
:1044E000A952FAD6AA52ACC5AB52D9BDAC52BEDB6A
:1044F000AD52BFDBAE52B784AF52B884B052B9846C
:10450000B152F8C0B252A2BEB352CDC0B452BA84B6
:10451000B552BB84B652BC84B752BD84B852BE8477
:10452000B952BF84BA52C084BB52C184BC52C28447
:10453000BD52C384BE52C0DBBF52C6CAC052C4847F
:10454000C152C584C252C684C352AAB2C452C784DF
:10455000C552C884C652C984C752C2D3C852CA847D
:10456000C952E3C3CA52CB84CB52ABD1CC52CC8418
:10457000CD52CD84CE52CE84CF52CF84D052C2DB26
:10458000D152D084D252D5C0D352D184D452D28405
:10459000D552D384D652C3DBD752D484D852B1BFBC
:1045A000D952D584DA52D684DB52D784DC52D884EF
:1045B000DD52D984DE52DA84DF52BCC4E052DB849F
:1045C000E152DC84E252DD84E352DE84E452DAC755
:1045D000E552DF84E652E084E752E184E852E28467
:1045E000E952E384EA52E484EB52E584EC52E68437
:1045F000ED52E784EE52E884EF52E984F052C4DBD6
:10460000F152EA84F252EB84F352EC84F452ED84DA
:10461000F552EE84F652EF84F752F084F852F184AA
:10462000F952E8D9FA52D7C9FB52F284FC52F3840A
:10463000FD52F484FE52B4B9FF52F0CE0053C8D4F8
:104640000153F5840253F6840353F7840453F8842A
:104650000553FCB00653D2B40753F9840853D9D09C
:104660000953FA840A53FB840B53FC840C53FD84D6
:104670000D53E9D90E53FE840F53CBDE1053EBD903
:10468000115340851253418513534285145343857A
:104690001553B0D81653AFBB1753B1B11853448557
:1046A0001953D7B31A53CED81B5345851C5346858F
:1046B0001D53D1D41E5347851F5348852053B3BD86
:1046C0002153EFBF225349852353BBCF24534A853F
:1046D00025534B852653D0D827534C8528534D85D9
:1046E00029534E852A53CBB72B534F852C535085D6
:1046F0002D5351852E53D1D82F5352853053538586
:104700003153548532535585335356853453578529
:10471000355358853653598537535A8538535B85F9
:104720003953A5C63A53F8C73B53BDD23C535C85B9
:104730003D535D853E53D2D83F53E4C440535E851C
:104740004153AECA42535F854353A7C74453608564
:104750004553A6D8465361854753FDC94853E7CE14
:104760004953DCBB4A53EBB04B5362854C536385D2
:104770004D5364854E53AABB4F53ADD050536585FE
:104780005153B0B15253E4D75353BFD754536685F6
:104790005553A5B55653F4C25753CFC458536785E4
:1047A000595368855A53A9B25B5369855C53B7B2B4
:1047B0005D536A855E53E5B15F53B2DF6053BCD58C
:1047C0006153A8BF6253ACC26353D5D86453B1C21E
:1047D00065536B856653D4D86753D4CE68536C85C4
:1047E0006953E0DA6A536D856B53C0CE6C536E85A6
:1047F0006D536F856E53B4D86F53AEC37053A1D34E
:104800007153A3CE725370857353B4BC7453B4C840
:104810007553D1C2765371857753EDBE7853B6D0B8
:10482000795372857A53E1DA7B5373857C537485AF
:104830007D5375857E5376857F53E4C78053778596
:10484000815378858253A7B3835379858453F2B615
:104850008553FCCC8653FAC087537A8588537B8571
:104860008953F7C08A537C858B53B9D18C53E1D1DE
:104870008D53C7D88E537D858F537E859053808509
:104880009153818592538285935383859453848574
:104890009553DEB296538585975386859853E5C028
:1048A000995387859A53F1BA9B5388859C53898580
:1048B0009D53C8D89E538A859F53ADD4A0538B85F2
:1048C000A1538C85A253E1CFA353C9D8A4538D859E
:1048D000A553CAD8A653C3CFA7538E85A853F8B300
:1048E000A953C7BEAA538F85AB539085AC5391850E
:1048F000AD539285AE53CBD8AF539385B0539485C7
:10490000B1539585B2539685B3539785B453988523
:10491000B5539985B653CCDBB7539A85B8539B856D
:10492000B9539C85BA539D85BB53A5C8BC539E857E
:10493000BD539F85BE53A085BF53D8CFC053A1851B
:10494000C153FEC8C253CEB2C353A285C453A3857C
:10495000C553A485C653A585C753A685C853D6D3CA
:10496000C953E6B2CA53B0BCCB53D1D3CC53ABCBB3
:10497000CD53B4B7CE53A785CF53A885D053A985BF
:10498000D153A2B7D253AA85D353AB85D453E5CA2A
:10499000D553AC85D653A1C8D753DCCAD853E4B19C
:1049A000D953F0D0DA53AD85DB53D1C5DC53AE8596
:1049B000DD53AF85DE53B085DF53C5DBE053FEB575
:1049C000E153B185E253B285E353DABFE453C5B98D
:1049D000E553E4BEE653EDC1E753B385E853B6DFD4
:1049E000E953B5DFEA53BBD6EB53D0BDEC53D9D571
:1049F000ED53C8B0EE53A3B6EF53C9BFF053A8CCE4
:104A0000F153B3DFF253B7CAF353D2D3F453B4859F
:104A1000F553CFD8F653B6D2F753C5BAF853BECB39
:104A2000F953BECCFA53B585FB53B7DFFC53F0B551
:104A3000FD53B4DFFE53B685FF53B7850054B885E8
:104A40000154F5D30254B9850354D4B30454F7B8D0
:104A50000554BA850654BADF0754BB850854CFBA4B
:104A60000954AABC0A54F5B50B54BC850C54ACCD02
:104A70000D54FBC30E54F3BA0F54F4C01054C2CDFE
:104A80001154F2CF1254B8DF1354C5CF1454BD855E
:104A90001554C0C21654B9DF1754F0C21854BE855D
:104AA0001954BF851A54C0851B54FDBE1C54C185C2
:104AB0001D54DFC11E54CCCD1F54F7D22054CDB7A6
:104AC0002154C1DF2254C2852354C4DF2454C3853A
:104AD0002554C4852654F1B72754C9B02854D6B6F6
:104AE0002954D4B72A54C5852B54ACBA2C54FDCCC8
:104AF0002D54D4BF2E54B1CB2F54F4C63054C68598
:104B00003154A8D63254C5DF3354C7853454E2CE6D
:104B10003554B3B33654C8853754C9853854FCCEA0
:104B20003954B5B43A54CA853B54C7CE3C54F0BA54
:104B30003D54CB853E54E1CE3F54CC854054BDD14D
:104B40004154CD854254CE854354C0DF4454CF8573
:104B50004554D0854654F4B44754D1854854CAB31B
:104B60004954D2854A54E6B84B54BBDF4C54D385E4
:104B70004D54D4854E54D5854F54D6855054C5C414
:104B80005154D7855254BCDF5354BDDF5454BEDF5B
:104B90005554BBC55654BFDF5754C2DF5854B1D427
:104BA0005954C3DF5A54D8855B54BAC75C54D8CE25
:104BB0005D54D9855E54DA855F54DB856054DC85AD
:104BC0006154DD856254D8C46354DE856454CADF01
:104BD0006554DF856654CFDF6754E0856854DCD6C2
:104BE0006954E1856A54E2856B54E3856C54E4852D
:104BF0006D54E5856E54E6856F54E7857054E885FD
:104C00007154C9DF7254DADF7354B6CE7454E98537
:104C10007554C7BA7654CEDF7754C8DF7854DEC5F2
:104C20007954EA857A54EB857B54EBC97C54F4BA09
:104C30007D54FCC37E54EC857F54ED858054D7BEF3
:104C40008154EE858254C6DF8354EF858454CDDFD2
:104C50008554F0858654D8C58754F1858854F285EB
:104C60008954F3858A54F4858B54A6D58C54CDBAD7
:104C70008D54F5858E54CCBE8F54BDD39054C0B89E
:104C80009154F6859254E4D69354F7859454C7DF33
:104C90009554BEB99654A7BF9754F8859854F98592
:104CA0009954FCC19A54CBDF9B54CCDF9C54FA85B9
:104CB0009D54D0DF9E54FB859F54FC85A054FD85F8
:104CC000A154FE85A2544086A354DBDFA454E5DF43
:104CD000A5544186A654D7DFA754D6DFA854C9D718
:104CE000A954E3DFAA54E4DFAB54EBE5AC54A7D2FC
:104CF000AD54D2DFAE544286AF54A9BFB054438600
:104D0000B154DBD4B2544486B354C8BFB454D4DFD6
:104D1000B5544586B6544686B7544786B854CCCF6A
:104D2000B9544886BA544986BB54DDDFBC544A8620
:104D3000BD54CAD1BE544B86BF54DEDFC054A7B0A9
:104D4000C154B7C6C254D3DFC3544C86C454E5BA69
:104D5000C5544D86C654DFB6C754DBCDC854FEB922
:104D6000C954D5D4CA544E86CB544F86CC54DFDFB9
:104D7000CD54ECCFCE54A5B0CF54E7DFD054D1DF23
:104D8000D154C6D1D254D5DFD354D8DFD454D9DFCF
:104D9000D554DCDFD6545086D754A9BBD85451869D
:104DA000D954E0DFDA54E1DFDB545286DC54E2DF31
:104DB000DD54E6DFDE54E8DFDF54B4D3E05453863D
:104DC000E1545486E2545586E3545686E45457869B
:104DD000E554E7B8E654B6C5E754EADFE854DAC963
:104DE000E954A8C1EA54C4C4EB545886EC5459861B
:104DF000ED54DEBFEE54F8CFEF545A86F0545B8684
:104E0000F1545C86F254DCD5F354EEDFF4545D8645
:104E1000F5545E86F6545F86F7546086F8546186D2
:104E2000F9546286FA54B8B2FB546386FC54DFBA74
:104E3000FD54ECDFFE546486FF54C1DB00556586EB
:104E40000155E4D102556686035567860455688688
:104E5000055569860655F4CB0755BDB408556A86D5
:104E60000955A6B00A556B860B556C860C556D8698
:104E70000D556E860E556F860F55F1DF1055C6CC59
:104E80001155F2DF12557086135571861455EDDFFA
:104E9000155572861655738617557486185575867E
:104EA000195576861A5577861B55E9DF1C55788685
:104EB0001D5579861E557A861F557B862055EBDF5A
:104EC00021557C862255EFDF2355F0DF2455BDBBED
:104ED00025557D8626557E862755F3DF2855808605
:104EE000295581862A55F4DF2B5582862C55A3BB84
:104EF0002D5583862E55DBCA2F55A8CE3055A7E0F9
:104F00003155AAB3325584863355A6E0345585868B
:104F100035558686365587863755A1E038558886BB
:104F2000395589863A558A863B558B863C55FEDF36
:104F30003D558C863E55D9CD3F55FCDF40558D867D
:104F40004155FADF42558E864355D0BF4455C4D7EC
:104F500045558F864655CCC947559086485591860C
:104F60004955F8DF4A55A1B04B5592864C5593866A
:104F70004D5594864E5595864F5596865055FDDF76
:104F800051559786525598865355998654559A8609
:104F90005555FBDF5655A2E057559B8658559C86C4
:104FA00059559D865A559E865B559F865C55A8E04F
:104FB0005D55A0865E55A1865F55A2866055A38685
:104FC0006155C8B76255A4866355A5866455A1C6C8
:104FD0006555B6C96655B2C06755F5DF6855A686F2
:104FE0006955A7866A55BEC56B55A8866C55C4D849
:104FF0006D55F9DF6E55F6C46F55A9867055AA86B2
:105000007155AB867255AC867355AD867455AE86B8
:105010007555A3E07655A4E07755A5E07855A5D061
:105020007955AF867A55B0867B55B4E07C55E4CC93
:105030007D55B1867E55B1E07F55B2868055A6BFBD
:105040008155AFE08255B9CE8355ABE08455C6C9D2
:105050008555B3868655B4868755AEC08855AEE073
:105060008955EDBA8A55B0BA8B55A9E08C55B586ED
:105070008D55B6868E55B7868F55F6DF9055B88616
:105080009155B3E09255B9869355BA869455B8E0D8
:105090009555BB869655BC869755BD869855ADB43B
:1050A0009955B9E09A55BE869B55BF869C55B2CF9F
:1050B0009D55C8BA9E55C0869F55B0E0A055C18683
:1050C000A155C286A255C386A355C486A455C586DC
:1050D000A555C686A655C786A755FAD0A855C88631
:1050E000A955C986AA55CA86AB55CB86AC55CC8680
:1050F000AD55CD86AE55CE86AF55CF86B055D08650
:10510000B155ACE0B255D186B355FBD4B455D28677
:10511000B555F7DFB655D386B755E7C5B855D4862C
:10512000B955ADE0BA55D586BB55F7D3BC55D68633
:10513000BD55B6E0BE55B7E0BF55D786C055D88639
:10514000C155D986C255DA86C355DB86C455C4E03D
:10515000C555E1D0C655DC86C755DD86C855DE8607
:10516000C955BCE0CA55DF86CB55E086CC55C9E0B1
:10517000CD55CAE0CE55E186CF55E286D055E386BF
:10518000D155BEE0D255AAE0D355A4C9D455C1E04B
:10519000D555E486D655B2E0D755E586D855E6868E
:1051A000D955E786DA55E886DB55E986DC55C8CA65
:1051B000DD55C3E0DE55EA86DF55B5E0E055EB8608
:1051C000E155CBCEE255EC86E355C3CBE455CDE0BB
:1051D000E555C6E0E655C2E0E755ED86E855CBE07B
:1051E000E955EE86EA55BAE0EB55BFE0EC55C0E074
:1051F000ED55EF86EE55F086EF55C5E0F055F1869A
:10520000F155F286F255C7E0F355C8E0F455F38640
:10521000F555CCE0F655F486F755BBE0F855F58624
:10522000F955F686FA55F786FB55F886FC55F9864A
:10523000FD55D4CBFE55D5E0FF55FA860056D6E095
:105240000156D2E00256FB860356FC860456FD86C4
:105250000556FE8606564087075641870856D0E019
:105260000956CEBC0A5642870B5643870C56D1E0EE
:105270000D5644870E56C2B80F56C5D810564587EE
:105280001156468712564787135648871456498742
:1052900015564A8716564B8717564C871856EAD02C
:1052A00019564D871A564E871B56EFC21C564F870C
:1052B0001D5650871E56CFE01F56BDE02056518721
:1052C00021565287225653872356D4E02456D3E0E2
:1052D00025565487265655872756D7E02856568791
:1052E000295657872A5658872B5659872C56DCE063
:1052F0002D56D8E02E565A872F565B8730565C873E
:105300003156F6D63256B0B333565D873456ECD7A5
:1053100035565E873656BBCB37565F873856608723
:105320003956DAE03A5661873B56FBCE3C566287E7
:105330003D5663873E5664873F56D9BA40566587C7
:105340004156668742566787435668874456698741
:1053500045566A8746566B8747566C8748566D8711
:1053600049566E874A566F874B5670874C56E1E018
:105370004D56DDE04E56ADD24F567187505672876E
:105380005156738752567487535675875456E2E0C8
:1053900055567687565677875756DBE05856D9E0EC
:1053A0005956DFE05A5678875B5679875C56E0E0BD
:1053B0005D567A875E567B875F567C8760567D8711
:1053C00061567E876256DEE0635680876456E4E06D
:1053D0006556818766568287675683876856F7C603
:1053E0006956ACD86A56EBD46B56E6E06C56C9CA1F
:1053F0006D5684876E5685876F5686877056878769
:105400007156E5E0725688877356898774568A8785
:1054100075568B877656C1B877568C8778568D87A8
:1054200079568E877A568F877B56E7E07C56E8E080
:105430007D5690877E5691877F56928780569387B8
:105440008156948782569587835696878456978788
:105450008556E9E08656E3E087569887885699870F
:1054600089569A878A569B878B569C878C569D8730
:105470008D569E878E56BFBA8F56E7CC90569F8723
:105480009156A0879256A1879356EAE09456A28738
:105490009556A3879656A4879756A5879856A687AC
:1054A0009956A7879A56A8879B56A9879C56AA877C
:1054B0009D56AB879E56AC879F56AD87A056AE874C
:1054C000A156AF87A256B087A356F9CFA456B1878D
:1054D000A556B287A656B387A756B487A856B587F0
:1054E000A956B687AA56B787AB56B887AC56B987C0
:1054F000AD56BA87AE56BB87AF56EBE0B056BC8709
:10550000B156BD87B256BE87B356BF87B456C08763
:10551000B556C187B656C287B756C2C8B856C387F4
:10552000B956C487BA56C587BB56C687BC56C0BDD8
:10553000BD56C787BE56C887BF56C987C056CA87DB
:10554000C156CB87C256CC87C356CD87C456CE87AB
:10555000C556CF87C656D087C756D187C856D2877B
:10556000C956D387CA56D2C4CB56D487CC56D58712
:10557000CD56D687CE56D787CF56D887D056D9871F
:10558000D156DA87D256DB87D356DC87D456ECE087
:10559000D556DD87D656DE87D756EDE0D856DF875D
:1055A000D956E087DA56F4C7DB56C4CBDC56E18720
:1055B000DD56EEE0DE56D8BBDF56B6D8E056F2D266
:1055C000E156EFE0E256C5CDE356E287E456DAB69F
:1055D000E556E387E656E487E756E587E856E6872B
:1055E000E956E787EA56E887EB56F1E0EC56E9879B
:1055F000ED56B0D4EE56EA87EF56EB87F056A7C0CB
:10560000F156D1B4F256EC87F356ED87F456A7CE97
:10561000F556F0E0F656EE87F756EF87F856F08726
:10562000F956F2E0FA56CCB9FB56F187FC56F287F0
:10563000FD56FAB9FE56BCCDFF56F3E00057F3878E
:105640000157F4870257F5870357D4C60457F4E08F
:105650000557F6870657B2D40757F7870857A6C8E5
:105660000957F6E00A57F5E00B57F8870C57F9870A
:105670000D57FA870E57FB870F57FC871057FD878A
:105680001157FE8712574088135741881457428894
:105690001557438816574488175745881857468822
:1056A000195747881A5748881B5749881C57F7E0ED
:1056B0001D574A881E574B881F57C1CD20574C880D
:1056C00021574D8822574E882357A5CA24574F8803
:1056D0002557508826575188275752882857DAD49B
:1056E0002957D7DB2A57D9DB2B5753882C57D8DBC0
:1056F0002D57E7B92E57DCDB2F57DDDB3057D8B5F8
:1057000031575488325755883357DADB3457568827
:1057100035575788365758883757598838575A88D1
:105720003957DBDB3A57A1B33B57DFDB3C575B888C
:105730003D575C883E57F8BB3F575D884057B7D60A
:1057400041575E884257E0DB43575F884457608883
:1057500045576188465762884757F9BE485763885E
:10576000495764884A57BBB74B5765884C57D0DBBD
:105770004D57AECC4E57B2BF4F57B5BB5057F8D769
:105780005157D3BF52576688535767885457688814
:105790005557698856576A885757E9BF58576B88D5
:1057A00059576C885A57E1BC5B57B3CC5C57DEDB6A
:1057B0005D57D3B05E57EBCE5F57D8B76057B9D7B8
:1057C0006157C2C662576D8863576E886457A4C01C
:1057D00065576F886657B9CC675770886857E7DB9D
:1057E0006957E1DB6A57BAC66B57E3DB6C577188C0
:1057F0006D57E8DB6E5772886F57F7C5705773881F
:1058000071577488725775887357EADB74577688B6
:10581000755777887657E9DB7757C0BF7857788810
:10582000795779887A577A887B57E6DB7C57E5DBAE
:105830007D577B887E577C887F577D8880577E8800
:10584000815780888257B9B48357ACC08457A2C2AD
:105850008557E2DB8657E4DB875781888857828843
:10586000895783888A5784888B57CDD08C57EDDB36
:105870008D5785888E5786888F5787889057888858
:10588000915789889257DDC09357F2DB94578A88E5
:1058900095578B8896578C8897578D8898578E8800
:1058A00099578F889A5790889B57E2B69C57918852
:1058B0009D5792889E5793889F579488A057F3DBF3
:1058C000A157D2DBA257B8B9A357ABD4A457ECDB8E
:1058D000A5579588A657D1BFA757F0DBA85796883C
:1058E000A957D1DBAA579788AB57E6B5AC5798882C
:1058F000AD57EBDBAE57E5BFAF579988B0579A88E5
:10590000B1579B88B257EEDBB3579C88B457F1DB95
:10591000B5579D88B6579E88B7579F88B857F9DB0B
:10592000B957A088BA57A188BB57A288BC57A3888B
:10593000BD57A488BE57A588BF57A688C057A7885B
:10594000C157A888C257A1B9C357A3B0C457A988E3
:10595000C557AA88C657AB88C757AC88C857AD8803
:10596000C957AE88CA57AF88CB57F1C2CC57B08859
:10597000CD57B188CE57C7B3CF57EFDBD057B288DA
:10598000D157B388D257F8DBD357B488D457D2C68F
:10599000D557F4DBD657B588D757B688D857F5DB37
:1059A000D957F7DBDA57F6DBDB57B788DC57B8880F
:1059B000DD57FEDBDE57B988DF57F2D3E057BAB2C6
:1059C000E157BA88E257BB88E357BC88E457FDDB50
:1059D000E557BD88E657BE88E757BF88E857C088B7
:1059E000E957C188EA57C288EB57C388EC57C48887
:1059F000ED57A4DCEE57C588EF57FBDBF057C688A0
:105A0000F157C788F257C888F357C988F457FADBAB
:105A1000F557CA88F657CB88F757CC88F857FCDB80
:105A2000F957E0C5FA57F9BBFB57CD88FC57CE882C
:105A3000FD57A3DCFE57CF88FF57D0880058A5DC60
:105A40000158D1880258C3CC0358D2880458D3884F
:105A50000558D4880658D1B60758C0DD0858D588EF
:105A60000958D6880A58D7880B58A1DC0C58D88812
:105A70000D58A2DC0E58D9880F58DA881058DB88E8
:105A80001158B5C71258DC881358DD881458DE88C1
:105A90001558E9B61658DF881758E0881858E18875
:105AA0001958A7DC1A58E2881B58E3881C58E48868
:105AB0001D58E5881E58A6DC1F58E6882058A9DC2A
:105AC0002158A4B12258E7882358E8882458CCB537
:105AD0002558E9882658EA882758EB882858EC8802
:105AE0002958ED882A58B0BF2B58EE882C58EF88DB
:105AF0002D58F0882E58F1882F58F2883058DFD171
:105B00003158F3883258F4883358F5883458F68879
:105B10003558C2B63658F7883758F8883858F98853
:105B20003958FA883A58FB883B58FC883C58FD881D
:105B30003D58FE883E5840893F5841894058428927
:105B40004158438942584489435845894458A8DC00
:105B50004558468946584789475848894858498989
:105B600049584A894A584B894B584C894C58FACB6A
:105B70004D58F3EB4E584D894F584E8950584F8928
:105B80005158DCCB52585089535851895458FECB48
:105B90005558528956585389575854895858C1CC2A
:105BA000595855895A5856895B5857895C585889AD
:105BB0005D5859895E58FBC85F585A8960585B899F
:105BC00061585C8962585D8963585E8964585F8951
:105BD0006558AADC66586089675861896858628987
:105BE000695863896A5864896B58EECC6C58ABDC91
:105BF0006D5865896E5866896F58678970586889CD
:105C00007158698972586A8973586B8974586C899C
:105C100075586D8976586E8977586F89785870896C
:105C2000795871897A5872897B5873897C5874893C
:105C30007D5875897E58D3DB7F5876898058AFDCD4
:105C40008158ACDC825877898358B3BE84587889F0
:105C50008558FBCA8658798987587A8988587B89FC
:105C60008958ADDC8A587C898B587D898C587E890F
:105C70008D5880898E5881898F5882899058838960
:105C8000915884899258CAC99358B9C4945885893F
:105C90009558868996588789975888899858898908
:105CA0009958BDC79A58AEDC9B588A899C588B89F5
:105CB0009D588C899E58F6D49F58E6D0A0588D895F
:105CC000A1588E89A2588F89A3589089A458918988
:105CD000A5589289A6589389A7589489A858ABC407
:105CE000A958D5B6AA589589AB589689AC589789C2
:105CF000AD589889AE589989AF589A89B0589B8900
:105D0000B1589C89B2589D89B3589E89B4589F89CF
:105D1000B558A089B658A189B758A289B858A3899F
:105D2000B958A489BA58A589BB58A689BC58D4DBF0
:105D3000BD58A789BE58A889BF58A989C058AA8943
:105D4000C158DAB1C258AB89C358AC89C458AD89BF
:105D5000C558D5DBC658AE89C758AF89C858B08971
:105D6000C958B189CA58B289CB58B389CC58B489BB
:105D7000CD58B589CE58B689CF58B789D058B8898B
:105D8000D158D6DBD258B989D358BA89D458BB89EF
:105D9000D558BEBAD658BC89D758BD89D858BE89FF
:105DA000D958BF89DA58C089DB58C189DC58C28903
:105DB000DD58C389DE58C489DF58C589E058C689D3
:105DC000E158C789E258C889E358C989E458C0C86E
:105DD000E558CA89E658CB89E758CC89E858CD8977
:105DE000E958CE89EA58CF89EB58BFCAEC58C9C8E0
:105DF000ED58D089EE58B3D7EF58D189F058F9C98A
:105E0000F158D289F258D389F358C7BFF458D489CE
:105E1000F558D589F658F8BAF758D689F858D78979
:105E2000F958BCD2FA58D889FB58D989FC58DA8974
:105E3000FD58DB89FE58DC89FF58DD890059DE8971
:105E40000159DF890259BAE20359E0890459A6B41D
:105E50000559E1890659E2890759B8B10859E3891A
:105E60000959E4890A59E5890B59E6890C59E789EA
:105E70000D59B4B80E59E8890F59C4CF1059E989A2
:105E80001159EA891259EB891359EC891459E7D948
:105E90001559A6CF1659E2CD1759ED891859EE8933
:105EA0001959EDD91A59E0B61B59EF891C59B9D2C5
:105EB0001D59F0891E59F1891F59BBB92059F28922
:105EC0002159F3892259F4892359F5892459B9E2D2
:105ED0002559B7E22659F6892759F3B42859F78985
:105EE0002959ECCC2A59ABCC2B59F2B72C59F8894B
:105EF0002D59B2D82E59EBD12F59BBBA3059F98947
:105F00003159A7CA3259FA893359FB893459B7CD67
:105F10003559FC893659FD893759C4D23859E4BFFF
:105F20003959D0BC3A59E1B63B59FE893C59C5DED6
:105F30003D59408A3E59418A3F59428A4059438AD5
:105F40004159C6DE4259BCDB4359448A4459D9D130
:105F50004559458A4659468A4759E6C64859CEC4E6
:105F60004959EEB74A59478A4B59DCB74C59488AC8
:105F70004D59498A4E59FCBF4F59E0D750594A8A6A
:105F80005159F5C652594B8A53594C8A5459BCB190
:105F90005559C8DE5659B1BD5759D7CC5859CADEE4
:105FA00059594D8A5A59C9DE5B594E8A5C594F8AF4
:105FB0005D59508A5E59518A5F59528A6059ECB5D1
:105FC0006159538A6259DDC96359548A6459558AA3
:105FD0006559C2B06659568A6759578A6859588AAE
:105FE0006959598A6A595A8A6B595B8A6C595C8A11
:105FF0006D595D8A6E595E8A6F595F8A7059608AE1
:106000007159618A7259628A7359AEC57459ABC5A8
:106010007559638A7659CCC47759648A7859E9BC32
:106020007959FDCB7A59658A7B59668A7C59678A8A
:106030007D59C3BA7E59688A7F59698A80596A8AAC
:106040008159F9E58259E7C88359FAE58459FDCDAC
:1060500085596B8A8659B1D78759BEB88859E8C225
:1060600089596C8A8A59D1C88B596D8A8C596E8A24
:106070008D59FBE58E596F8A8F59708A9059718AB4
:106080009159728A9259CAB69359CBBC9459738A62
:106090009559748A9659FDD19759A1E69859758AF0
:1060A0009959EEC39A59768A9B59778A9C59788A6E
:1060B0009D59798A9E59A4E69F597A8AA0597B8A6C
:1060C000A1597C8AA2597D8AA359FEE5A459A5E667
:1060D000A559D7CDA6597E8AA759808AA859C1B794
:1060E000A959FCE5AA59FDE5AB59A3E6AC59818A4B
:1060F000AD59828AAE59DDC4AF59A8E6B059838A3A
:10610000B159848AB259A7E6B359858AB459868AA7
:10611000B559878AB659888AB759898AB8598A8AF7
:10612000B959C3C3BA598B8ABB59DEC6BC598C8ACC
:10613000BD598D8ABE59AAE6BF598E8AC0598F8A29
:10614000C159908AC259918AC359928AC459938A73
:10615000C559948AC659B7C4C759958AC859968AE9
:10616000C959978ACA59A2E6CB59BCCACC59988A50
:10617000CD59998ACE599A8ACF599B8AD059E3BD75
:10618000D159C3B9D259A6E6D359D5D0D459AFCE37
:10619000D5599C8AD6599D8AD759A9E6D859B0E6CF
:1061A000D9599E8ADA59A6D2DB599F8ADC59AABDF1
:1061B000DD59ADE6DE59A08ADF59A18AE059A28AED
:1061C000E159A38AE259A48AE359AFE6E459A58AC2
:1061D000E559D1C0E659A68AE759A78AE859CCD231
:1061E000E959A88AEA59A98AEB59AA8AEC59A7BCA5
:1061F000ED59AB8AEE59AC8AEF59AD8AF059AE8AA7
:10620000F159AF8AF259B08AF359B18AF459B28A76
:10621000F559B38AF659B48AF759B58AF859B68A46
:10622000F959B1E6FA59B78AFB59F6D2FC59B88A3E
:10623000FD59B98AFE59BA8AFF59CBD7005ABB8A91
:10624000015AFECD025ABC8A035ADECD045AA6C2B8
:10625000055AABE6065AACE6075ABFBD085AAEE689
:10626000095AB3E60A5ABD8A0B5ABE8A0C5AB2E6DC
:106270000D5ABF8A0E5AC08A0F5AC18A105AC28A52
:10628000115AB6E6125AC38A135AB8E6145AC48A87
:10629000155AC58A165AC68A175AC78A185AEFC499
:1062A000195AC88A1A5AC98A1B5ACA8A1C5AC8C497
:1062B0001D5ACB8A1E5ACC8A1F5AEABE205AEFC9F1
:1062C000215ACD8A225ACE8A235AB7E6245ACF8A37
:1062D000255AF0B6265AD08A275AD18A285AD28A05
:1062E000295AE4C32A5AD38A2B5AD48A2C5AD58ADB
:1062F0002D5AD68A2E5AD78A2F5AD88A305AD98AF6
:10630000315AE9D3325AB4E6335ADA8A345AB5E606
:10631000355ADB8A365AA2C8375ADC8A385ADD8A9F
:10632000395ADE8A3A5ADF8A3B5AE08A3C5ABDE63D
:106330003D5AE18A3E5AE28A3F5AE38A405AB9E618
:10634000415AE48A425AE58A435AE68A445AE78A1D
:10635000455AE88A465AC5C6475AE98A485AEA8AD7
:10636000495AF1CD4A5ABBE64B5AEB8A4C5AEC8A51
:106370004D5AED8A4E5AEE8A4F5AEF8A505AF08A99
:10638000515AF18A525AF28A535AF38A545AF48A69
:10639000555ABCE6565AF58A575AF68A585AF78A19
:1063A000595AF88A5A5AE9BB5B5AF98A5C5AFA8AEE
:1063B0005D5AFB8A5E5AFC8A5F5AFD8A605AFE8AE1
:1063C000615A408B625ABEE6635A418B645A428BD3
:1063D000655A438B665A448B675ABAE6685A458BAE
:1063E000695A468B6A5AB7C06B5A478B6C5A488BAE
:1063F0006D5A498B6E5A4A8B6F5A4B8B705A4C8B25
:10640000715A4D8B725A4E8B735A4F8B745AA4D358
:10641000755ABFE6765AF4C9775AC3E6785A508B54
:10642000795A518B7A5AC4E67B5A528B7C5A538BD9
:106430007D5A548B7E5A558B7F5AF6D0805A568B94
:10644000815A578B825A588B835A598B845A5A8B4C
:10645000855A5B8B865A5C8B875A5D8B885A5E8B1C
:10646000895A5F8B8A5A608B8B5A618B8C5A628BEC
:106470008D5A638B8E5A648B8F5A658B905A668BBC
:10648000915A678B925ABDC3935A688B945A698B01
:10649000955A6A8B965A6B8B975A6C8B985A6D8B60
:1064A000995A6E8B9A5AC4C39B5AC2E69C5A6F8BF8
:1064B0009D5A708B9E5A718B9F5A728BA05A738B08
:1064C000A15A748BA25A758BA35A768BA45A778BD8
:1064D000A55A788BA65A798BA75A7A8BA85A7B8BA8
:1064E000A95A7C8BAA5AC1E6AB5A7D8BAC5A7E8BDB
:1064F000AD5A808BAE5A818BAF5A828BB05A838B48
:10650000B15A848BB25AC7E6B35AB1CFB45A858B0D
:10651000B55AF4EBB65A868BB75A878BB85ACAE687
:10652000B95A888BBA5A898BBB5A8A8BBC5A8B8BC7
:10653000BD5A8C8BBE5AC5E6BF5A8D8BC05A8E8B06
:10654000C15ADEBCC25AA9C9C35A8F8BC45A908B98
:10655000C55A918BC65A928BC75A938BC85A948B43
:10656000C95AB5BCCA5A958BCB5A968BCC5AD3CF45
:10657000CD5A978BCE5A988BCF5A998BD05A9A8BEB
:10658000D15A9B8BD25AC8E6D35A9C8BD45AC9E6AF
:10659000D55A9D8BD65ACEE6D75A9E8BD85AD0E67E
:1065A000D95A9F8BDA5AA08BDB5AA18BDC5AD1E6E1
:1065B000DD5AA28BDE5AA38BDF5AA48BE05ACBE6BE
:1065C000E15AD5B5E25AA58BE35ACCE6E45AA68B3C
:1065D000E55AA78BE65ACFE6E75AA88BE85AA98B6B
:1065E000E95ADBC4EA5AAA8BEB5AC6E6EC5AAB8BE3
:1065F000ED5AAC8BEE5AAD8BEF5AAE8BF05AAF8B97
:10660000F15ACDE6F25AB08BF35AB18BF45AB28BF1
:10661000F55AB38BF65AB48BF75AB58BF85AB68B3A
:10662000F95AB78BFA5AB88BFB5AB98BFC5ABA8B0A
:10663000FD5ABB8BFE5ABC8BFF5ABD8B005BBE8BD9
:10664000015BBF8B025BC08B035BC18B045BC28BA6
:10665000055BC38B065BC48B075BC58B085BC68B76
:10666000095BD2E60A5BC78B0B5BC88B0C5BC98BE3
:106670000D5BCA8B0E5BCB8B0F5BCC8B105BCD8B1A
:10668000115BCE8B125BCF8B135BD08B145BD18BEA
:10669000155BD28B165BD4E6175BD3E6185BD38B06
:1066A000195BD48B1A5BD58B1B5BD68B1C5BD78B92
:1066B0001D5BD88B1E5BD98B1F5BDA8B205BDB8B62
:1066C000215BDC8B225BDD8B235BDE8B245BDF8B32
:1066D000255BE08B265BE18B275BE28B285BE38B02
:1066E000295BE48B2A5BE58B2B5BE68B2C5BE78BD2
:1066F0002D5BE88B2E5BE98B2F5BEA8B305BEB8BA2
:10670000315BEC8B325BD5E6335BED8B345BF8D9D8
:10671000355BEE8B365BEF8B375BD6E6385BF08B09
:10672000395BF18B3A5BF28B3B5BF38B3C5BF48B1D
:106730003D5BF58B3E5BF68B3F5BF78B405BD7E6B3
:10674000415BF88B425BF98B435BFA8B445BFB8BC1
:10675000455BFC8B465BFD8B475BFE8B485B408C4F
:10676000495B418C4A5B428C4B5B438C4C5B448C59
:106770004D5B458C4E5B468C4F5B478C505BD3D753
:10678000515BDDE6525B488C535BDEE6545BD7BF62
:10679000555BD0D4565B498C575BD6D7585BE6B473
:1067A000595BEFCB5A5BDAE65B5BC3D85C5BCED759
:1067B0005D5BA2D05E5B4A8C5F5BCFC3605B4B8C42
:1067C000615B4C8C625BDFE6635BBEBC645BC2B941
:1067D000655BDBE6665BA7D1675B4D8C685B4E8CC7
:1067E000695BA2BA6A5BCFC26B5B4F8C6C5BABD848
:1067F0006D5B508C6E5B518C6F5B528C705BEBCA27
:10680000715BEEE5725B538C735BDCE6745B548CFE
:10681000755BF5B7765B558C775B568C785B578CE0
:10682000795B588C7A5BE6C87B5B598C7C5B5A8CB5
:106830007D5BF5C47E5B5B8C7F5B5C8C805BB2E5D3
:10684000815BFEC4825B5D8C835BFCCB845BB3E5C8
:10685000855BACD5865B5E8C875BEED3885BD8CAE4
:10686000895BB2B08A5B5F8C8B5BCECB8C5BEACDF5
:106870008D5B608C8E5B618C8F5BEABA905B628C07
:10688000915B638C925B648C935BB5E5945B658CE8
:10689000955BB4E5965B668C975BDAD7985BD9B964
:1068A000995BE6D69A5BA8B69B5BF0CD9C5BCBD29E
:1068B0009D5BA6B19E5BB5CA9F5B678CA05BE8B38E
:1068C000A15BF3C9A25BCDBFA35BFBD0A45BD2CA23
:1068D000A55BB6E5A65BC2BBA75B688CA85B698CB1
:1068E000A95B6A8CAA5BDCCFAB5BACB9AC5B6B8C95
:1068F000AD5B6C8CAE5B6D8CAF5B6E8CB05BD7D4DC
:10690000B15B6F8CB25B708CB35BA6BAB45BE7D142
:10691000B55BFCCFB65BD2BCB75B718CB85BB7E53F
:10692000B95BDDC8BA5B728CBB5B738CBC5B748C6F
:10693000BD5BEDBFBE5BF6B1BF5BDECBC05B758CF4
:10694000C15B768CC25BC5BCC35B778CC45BC4BCCB
:10695000C55BFAD2C65BDCC3C75BDCBFC85B788CA7
:10696000C95B798CCA5B7A8CCB5B7B8CCC5BBBB80C
:10697000CD5B7C8CCE5B7D8CCF5B7E8CD05BC2C3D1
:10698000D15B808CD25BAEBAD35BA2D4D45B818C5A
:10699000D55B828CD65B838CD75B848CD85B858CF3
:1069A000D95B868CDA5B878CDB5B888CDC5B898CC3
:1069B000DD5BDEC7DE5BAFC4DF5BECB2E05B8A8C25
:1069C000E15BD1B9E25B8B8CE35B8C8CE45BBBE578
:1069D000E55BC8C1E65B8D8CE75B8E8CE85BAFD571
:1069E000E95B8F8CEA5B908CEB5B918CEC5B928C1F
:1069F000ED5B938CEE5BBCE5EF5B948CF05BBEE5EE
:106A0000F15B958CF25B968CF35B978CF45B988CC6
:106A1000F55B998CF65B9A8CF75B9B8CF85BE7B423
:106A2000F95BD4B6FA5BC2CBFB5BB0D1FC5BBCB507
:106A3000FD5B9C8CFE5B9D8CFF5BD9CA005C9E8CD1
:106A4000015CE2B7025C9F8C035CA08C045CE4C92F
:106A5000055CA18C065CABBD075CA28C085CA38CBA
:106A6000095CBECE0A5CF0D70B5CA48C0C5CA58CD8
:106A70000D5CA68C0E5CA78C0F5CA1D0105CA88C62
:106A8000115CD9C9125CA98C135CAA8C145CFBB68E
:106A9000155CD8E6165CE2BC175CAB8C185CBEB328
:106AA000195CAC8C1A5CD0C91B5CAD8C1C5CD9E643
:106AB0001D5CA2B31E5CAE8C1F5CAF8C205CB08CE6
:106AC000215CB18C225CCCDE235CB28C245CC8D30C
:106AD000255CCDDE265CB38C275CA2D2285CB48C0E
:106AE000295CB58C2A5CB68C2B5CB78C2C5CCEDE1A
:106AF0002D5CB88C2E5CB98C2F5CBA8C305CBB8C56
:106B0000315CCDBE325CBC8C335CBD8C345CCFDE82
:106B1000355CBE8C365CBF8C375CC08C385CACCAD4
:106B2000395CFCD23A5CDFB33B5CEAE53C5CE1C437
:106B30003D5CA1BE3E5CB2CE3F5CF2C4405CD6BEC2
:106B4000415CA8C6425CE3B2435CC18C445CC28C2D
:106B5000455CD3BE465CC38C475CC48C485CFCC7B8
:106B6000495CEBCC4A5CECBD4B5CDDCE4C5CC58C2F
:106B70004D5CC68C4E5CBACA4F5CC1C6505CECE53D
:106B8000515CBCD0525CC78C535CC88C545CC98CC3
:106B9000555CB9D5565CCA8C575CCB8C585CCC8C98
:106BA000595CEDE55A5CCD8C5B5CCE8C5C5CCF8C2B
:106BB0005D5CD08C5E5CF4CA5F5CD18C605CC0CDE7
:106BC000615CC5C2625CD28C635CEFE5645CD38CB3
:106BD000655CC4C2665CF0E5675CD48C685CD58C8F
:106BE000695CD68C6A5CD78C6B5CD88C6C5CD98CFD
:106BF0006D5CDA8C6E5CF8E56F5CCDCD705CDB8C27
:106C0000715CBDC9725CDC8C735CDD8C745CDE8C89
:106C1000755CDF8C765CE08C775CE18C785CE28C78
:106C2000795CD9D27A5CA8E17B5CE38C7C5CE48CF7
:106C30007D5CE58C7E5CE68C7F5CECD3805CE78CD5
:106C4000815CEACB825CF1C6835CE88C845CE98C75
:106C5000855CEA8C865CEB8C875CEC8C885CACE1B8
:106C6000895CED8C8A5CEE8C8B5CEF8C8C5CA7E194
:106C70008D5CA9E18E5CF08C8F5CF18C905CAAE15C
:106C8000915CAFE1925CF28C935CF38C945CEDB21E
:106C9000955CF48C965CABE1975CDAB8985CADE1FE
:106CA000995CAEE19A5CB0E19B5CBAB59C5CB1E1E9
:106CB0009D5CF58C9E5CF68C9F5CF78CA05CF88CE0
:106CC000A15CF98CA25CB3E1A35CB8E1A45CFA8C92
:106CD000A55CFB8CA65CFC8CA75CFD8CA85CFE8C88
:106CE000A95CD2D1AA5C408DAB5CB6E1AC5CB5E1ED
:106CF000AD5CEBC1AE5C418DAF5C428DB05C438D51
:106D0000B15CB7E1B25C448DB35CC0D4B45C458D7A
:106D1000B55CB2E1B65C468DB75CBAE1B85CB6B0C2
:106D2000B95C478DBA5C488DBB5C498DBC5C4A8DB3
:106D3000BD5CB4E1BE5C4B8DBF5CF9BFC05C4C8DEB
:106D4000C15CB9E1C25C4D8DC35C4E8DC45CBBE1DE
:106D5000C55C4F8DC65C508DC75C518DC85C528D33
:106D6000C95C538DCA5C548DCB5CBEE1CC5C558D47
:106D7000CD5C568DCE5C578DCF5C588DD05C598DD7
:106D8000D15C5A8DD25CBCE1D35C5B8DD45C5C8DF4
:106D9000D55C5D8DD65C5E8DD75C5F8DD85C608D7B
:106DA000D95CC5D6DA5C618DDB5C628DDC5C638DA1
:106DB000DD5C648DDE5C658DDF5C668DE05C678D1F
:106DC000E15CBFCFE25C688DE35C698DE45CBDE1B2
:106DD000E55CBFE1E65CCDC2E75C6A8DE85CEBB6E2
:106DE000E95C6B8DEA5CF8D3EB5C6C8DEC5C6D8DD3
:106DF000ED5CCDC7EE5C6E8DEF5C6F8DF05CE5B742
:106E0000F15C708DF25C718DF35C728DF45C738D4E
:106E1000F55C748DF65C758DF75C768DF85C778D1E
:106E2000F95C788DFA5C798DFB5CFEBEFC5C7A8D3A
:106E3000FD5C7B8DFE5C7C8DFF5C7D8D005D7E8DC1
:106E4000015D808D025DC0E1035DC1E1045D818D66
:106E5000055D828D065DC7E1075DE7B3085D838D43
:106E6000095D848D0A5D858D0B5D868D0C5D878D3A
:106E70000D5D888D0E5DE9C60F5D898D105D8A8D73
:106E8000115D8B8D125D8C8D135D8D8D145DDEB467
:106E9000155D8E8D165DC2D1175D8F8D185D908D3D
:106EA000195D918D1A5D928D1B5DC8E11C5D938DFE
:106EB0001D5D948D1E5DC6E11F5D958D205D968DD7
:106EC000215D978D225D988D235D998D245DC5E1AF
:106ED000255D9A8D265DC3E1275DC2E1285D9B8D0E
:106EE000295DC0B12A5D9C8D2B5D9D8D2C5D9E8D95
:106EF0002D5DB8D52E5DC4E12F5D9F8D305DA08DD9
:106F0000315DA18D325DA28D335DA38D345DCBE10A
:106F1000355DA48D365DA58D375DA68D385DA78D59
:106F2000395DA88D3A5DA98D3B5DAA8D3C5DAB8D29
:106F30003D5DCCE13E5DCAE13F5DAC8D405DAD8D18
:106F4000415DAE8D425DAF8D435DB08D445DB18DD1
:106F5000455DB28D465DB38D475DFAEF485DB48DFA
:106F6000495DB58D4A5DD3E14B5DD2E14C5DB6C75D
:106F70004D5DB68D4E5DB78D4F5DB88D505DB98D51
:106F8000515DBA8D525DBB8D535DBC8D545DBD8D21
:106F9000555DBE8D565DBF8D575DC08D585DC9E195
:106FA000595DC18D5A5DC28D5B5DCEE15C5DC38D67
:106FB0005D5DD0E15E5DC48D5F5DC58D605DC68D3C
:106FC000615DC78D625DC88D635DC98D645DCA8D6D
:106FD000655DCB8D665DCC8D675DCD8D685DCE8D3D
:106FE000695DD4E16A5DCF8D6B5DD1E16C5DCDE112
:106FF0006D5DD08D6E5DD18D6F5DCFE1705DD28D99
:10700000715DD38D725DD48D735DD58D745DD5E169
:10701000755DD68D765DD78D775DD88D785DD98D90
:10702000795DDA8D7A5DDB8D7B5DDC8D7C5DDD8D60
:107030007D5DDE8D7E5DDF8D7F5DE08D805DE18D30
:10704000815DE28D825DD6E1835DE38D845DE48DBB
:10705000855DE58D865DE68D875DE78D885DE88DD4
:10706000895DE98D8A5DEA8D8B5DEB8D8C5DEC8DA4
:107070008D5DED8D8E5DEE8D8F5DEF8D905DF08D74
:10708000915DF18D925DF28D935DF38D945DF48D44
:10709000955DF58D965DF68D975DF78D985DF88D14
:1070A000995DD7E19A5DF98D9B5DFA8D9C5DFB8DB5
:1070B0009D5DD8E19E5DFC8D9F5DFD8DA05DFE8D8B
:1070C000A15D408EA25D418EA35D428EA45D438E84
:1070D000A55D448EA65D458EA75D468EA85D478E54
:1070E000A95D488EAA5D498EAB5D4A8EAC5D4B8E24
:1070F000AD5D4C8EAE5D4D8EAF5D4E8EB05D4F8EF4
:10710000B15D508EB25D518EB35D528EB45D538EC3
:10711000B55D548EB65D558EB75DDAE1B85D568EBD
:10712000B95D578EBA5D588EBB5D598EBC5D5A8E67
:10713000BD5D5B8EBE5D5C8EBF5D5D8EC05D5E8E37
:10714000C15D5F8EC25D608EC35D618EC45D628E07
:10715000C55DDBE1C65D638EC75D648EC85D658E0F
:10716000C95D668ECA5D678ECB5D688ECC5D698EAB
:10717000CD5DA1CECE5D6A8ECF5D6B8ED05D6C8E07
:10718000D15D6D8ED25D6E8ED35D6F8ED45D708E4F
:10719000D55D718ED65D728ED75D738ED85D748E1F
:1071A000D95D758EDA5D768EDB5DDDE7DC5D778E31
:1071B000DD5DA8B4DE5DDDD6DF5D788EE05D798EC5
:1071C000E15DB2D1E25DB2B3E35D7A8EE45D7B8EC8
:1071D000E55DA4B9E65DF3D7E75DC9C7E85DDEBE4E
:1071E000E95DAEB9EA5D7C8EEB5DD7CEEC5D7D8E60
:1071F000ED5D7E8EEE5DEEB2EF5DCFDBF05D808EFD
:10720000F15DBABCF25DD1D2F35DC8CBF45DCDB017
:10721000F55D818EF65D828EF75DEFCFF85D838E32
:10722000F95D848EFA5D858EFB5D868EFC5D878EB2
:10723000FD5DE3D9FE5DEDBDFF5D888E005E898E4C
:10724000015ED2B1025ED0CA035EBCB2045E8A8E19
:10725000055EA7CB065EABB7075E8B8E085EA6CA3F
:10726000095E8C8E0A5E8D8E0B5E8E8E0C5EA3CFB9
:107270000D5E8F8E0E5E908E0F5EF8E0105ECAD5AA
:10728000115EFBE0125E918E135E928E145EFAE048
:10729000155EC1C5165EFBCC175E938E185EB1C13C
:1072A000195EF9E01A5EE3D61B5EAFB21C5EC4D66F
:1072B0001D5EDBB51E5E948E1F5E958E205E968EE3
:1072C000215E978E225E988E235E998E245E9A8E22
:1072D000255E9B8E265EF8B4275EA1D6285E9C8E26
:1072E000295E9D8E2A5E9E8E2B5E9F8E2C5EA08ECA
:1072F0002D5EAFCF2E5EEFB02F5EA18E305EA28EE0
:10730000315EFCE0325EA38E335EA48E345EA58EC9
:10731000355EA68E365EA78E375EA1E1385EA3B3DA
:10732000395EA88E3A5EA98E3B5EFDE03C5EFEE0D3
:107330003D5EB1C33E5EAA8E3F5EAB8E405EAC8EBC
:10734000415EAD8E425EDDC3435EAE8E445EA2E121
:10735000455EF9B7465EAF8E475EB08E485EB18E31
:10736000495EB28E4A5EB38E4B5EB48E4C5ECFBB2E
:107370004D5EB58E4E5EB68E4F5EB78E505EB88E49
:10738000515EB98E525EBA8E535EBB8E545EA3E1DF
:10739000555EBBC4565EBC8E575EBD8E585EBE8EBB
:1073A000595EBF8E5A5EC08E5B5EA4E15C5EC18E8C
:1073B0005D5EC28E5E5EA5E15F5EC38E605EC48E62
:1073C000615EA6E1625EB1B4635EC58E645EC68E28
:1073D000655EC78E665EC88E675EC98E685ECA8E41
:1073E000695ECB8E6A5ECC8E6B5ECD8E6C5ECE8E11
:1073F0006D5ECF8E6E5ED08E6F5ED18E705ED28EE1
:10740000715ED38E725EC9B8735EBDC6745EEAC427
:10741000755ED48E765EA2B2775ED58E785ED2D05F
:10742000795ED68E7A5EDBE77B5EC3BB7C5ED7D3AC
:107430007D5EC4D37E5ED78E7F5EE3B9805ECFE291
:10744000815ED88E825ED98E835EDA8E845EAFD7FF
:10745000855EDB8E865EECC7875ED3B1885EDC8E90
:10746000895EDD8E8A5EB2B48B5ED1E28C5EDE8E8A
:107470008D5EDF8E8E5EE08E8F5EF2D0905EAEC24D
:10748000915ED0E2925EE18E935EE2BF945EA6D3FF
:10749000955ED7B5965ED2E2975EEAB5985EE28ECB
:1074A000995EEDC39A5EFDB89B5EE38E9C5EAEB8BE
:1074B0009D5EE48E9E5ED3C59F5ECFB7A05ED4E294
:1074C000A15EE58EA25EE68EA35EE78EA45EE88EE8
:1074D000A55ED3E2A65EC8B6A75EF9D7A85EE98E20
:1074E000A95EEA8EAA5EEB8EAB5EEC8EAC5EED8E94
:1074F000AD5EA5CDAE5EEE8EAF5EEF8EB05EF08E71
:10750000B15EF18EB25EF28EB35ED8E2B45EF38EFF
:10751000B55ED6E2B65EFCCAB75EB5BFB85EB9D39B
:10752000B95ED5E2BA5EF48EBB5EF58EBC5EF68EB9
:10753000BD5EF78EBE5ED7E2BF5EF88EC05EF98E8E
:10754000C15EFA8EC25EFB8EC35EFC8EC45EFD8E93
:10755000C55EFE8EC65E408FC75E418FC85E428F9D
:10756000C95EAEC1CA5EC8C0CB5E438FCC5E448FDD
:10757000CD5E458FCE5E468FCF5E478FD05E488F03
:10758000D15EDBE2D25EDAE2D35EAAC0D45E498F7E
:10759000D55E4A8FD65ECEC1D75E4B8FD85E4C8FFC
:1075A000D95E4D8FDA5E4E8FDB5EDCE2DC5E4F8FA4
:1075B000DD5E508FDE5E518FDF5E528FE05E538F57
:1075C000E15E548FE25E558FE35E568FE45E578F27
:1075D000E55E588FE65E598FE75E5A8FE85EDDE222
:1075E000E95E5B8FEA5EDEE2EB5E5C8FEC5E5D8FF8
:1075F000ED5E5E8FEE5E5F8FEF5E608FF05E618F9F
:10760000F15E628FF25E638FF35E648FF45EC8DBBF
:10761000F55E658FF65ED3D1F75EA2CDF85E668F1C
:10762000F95E678FFA5EA8BDFB5E688FFC5E698FAE
:10763000FD5E6A8FFE5EC3DEFF5EA5D8005FAABF57
:10764000015FCDDB025FECD2035FFAC6045FAAC51F
:10765000055F6B8F065F6C8F075F6D8F085FC4DE01
:10766000095F6E8F0A5FD7B10B5FAEDF0C5F6F8F64
:107670000D5F708F0E5F718F0F5FBDCA105F728FCD
:10768000115FB1DF125F738F135FADB9145F748F39
:10769000155FFDD2165F758F175FA5B8185FEBBA3F
:1076A000195F768F1A5F778F1B5FDAB31C5F788F55
:1076B0001D5F798F1E5F7A8F1F5FDCB5205FC5D598
:1076C000215F7B8F225F7C8F235F7D8F245F7E8F86
:1076D000255FD6C3265FD2CF275FA1BB285F808FEF
:1076E000295FF3E52A5FF2E52B5F818F2C5F828FA4
:1076F0002D5FF4E52E5F838F2F5FE4CD305F848FA5
:10770000315FF5C8325F858F335F868F345F878F37
:10771000355F888F365F898F375F8A8F385F8B8FB1
:10772000395FAFB53A5FBFC73B5F8C8F3C5FF6E513
:107730003D5F8D8F3E5F8E8F3F5F8F8F405FB0ECE0
:10774000415F908F425F918F435F928F445F938F31
:10775000455F948F465F958F475F968F485F978F01
:10776000495F988F4A5F998F4B5F9A8F4C5F9B8FD1
:107770004D5F9C8F4E5F9D8F4F5F9E8F505FE6E504
:10778000515F9F8F525FE9B9535FB1B5545FA08FCE
:10779000555FBCC2565FE8E5575FE7E5585FE9E52E
:1077A000595FA18F5A5FA28F5B5FA38F5C5FA48F2D
:1077B0005D5FCDD25E5FA58F5F5FA68F605FA78F95
:1077C000615FEAE1625FCED0635FA88F645FAECD98
:1077D000655FA98F665FE5D1675FAA8F685FAB8F32
:1077E000695FCAB26A5FEBB16B5FAC8F6C5FF2B17D
:1077F0006D5FEDC56E5FAD8F6F5FAE8F705FC3D590
:10780000715FB0D3725FAF8F735FDCE1745FB08F75
:10781000755FB18F765FB28F775FDDE1785FB38F91
:10782000795FDBD27A5FB48F7B5FB9B37C5FCBB11A
:107830007D5FB58F7E5FB68F7F5FB78F805FF9CD3D
:10784000815FF7D5825FDEE1835FB88F845FB6BE6C
:10785000855FFDB4865FB98F875FDFE1885FDCBA43
:10786000895FE0E18A5FB2BB8B5FC9C28C5FE1E1F7
:107870008D5FBA8F8E5FBB8F8F5FBC8F905FECD0B8
:10788000915FBD8F925FBDCD935FBE8F945FBF8FC1
:10789000955FE2E1965FC08F975FC3B5985FC7C5FC
:1078A000995FE3E19A5FC18F9B5FC28F9C5FE4E1C8
:1078B0009D5FC38F9E5FC48F9F5FC58FA05FC68F84
:1078C000A15FF9D3A25FC78FA35FC88FA45FC98FE1
:1078D000A55FCA8FA65FCB8FA75FCC8FA85FE5E1BE
:1078E000A95FCD8FAA5FADD1AB5FCE8FAC5FCF8FDD
:1078F000AD5FE6E1AE5FA2CEAF5FD08FB05FD18F5C
:10790000B15FD28FB25FD38FB35FD48FB45FD58FA7
:10791000B55FE7E1B65FD68FB75FC2B5B85FD78F07
:10792000B95FD88FBA5FD98FBB5FDA8FBC5FE8E1F0
:10793000BD5FD5BBBE5FDB8FBF5FDC8FC05FDD8F00
:10794000C15FDE8FC25FDF8FC35FC4D0C45FE0E280
:10795000C55FD8B1C65FE4D2C75FE08FC85FE18F73
:10796000C95FE1E2CA5FE28FCB5FE38FCC5FC9BC46
:10797000CD5FCCC8CE5FE48FCF5FE3E2D05FFEEC9B
:10798000D15FFDECD25FAFDFD35FE58FD45FE68FD1
:10799000D55FE78FD65FE2E2D75FBED6D85FFCCD7A
:1079A000D95FA6C3DA5FE88FDB5FE98FDC5FEA8F20
:1079B000DD5FC3E3DE5FEB8FDF5FEC8FE05FD2D68E
:1079C000E15FE7E2E25FED8FE35FEE8FE45FE8E225
:1079D000E55FEF8FE65FF08FE75FC7D3E85FF18F7A
:1079E000E95FF28FEA5FECE2EB5FECBFEC5FF38FF5
:1079F000ED5FEDE2EE5FE5E2EF5FF48FF05FF58FB4
:107A0000F15FC0B3F25FF68FF35FF78FF45FF88F2B
:107A1000F55FEEC4F65FF98FF75FFA8FF85FEEE27D
:107A2000F95FFB8FFA5FFC8FFB5FC3D0FC5FFD8FBC
:107A3000FD5FF6BAFE5FE9E2FF5FDEB70060B3BB51
:107A40000160ACCC0260CBCB0360E4E20460E6E210
:107A50000560EAE20660EBE20760FE8F0860409096
:107A6000096041900A60F7E20B6042900C6043901D
:107A70000D60F4E20E60F5D40F60F3E21060449004
:107A8000116045901260ADC5136046901460FAD540
:107A90001560C2C51660C0B2176047901860489064
:107AA0001960EFE21A6049901B60F2E21C60AFC1FE
:107AB0001D60BCCB1E604A901F604B902060A1B53A
:107AC0002160F9E222604C9023604D9024604E903A
:107AD0002560B1BC2660F1E22760D4D02860B9D41B
:107AE0002960F5E22A60D6B92B60F6E22C604F904F
:107AF0002D6050902E6051902F60D3C7306052900F
:107B00003160539032605490336055903460569099
:107B10003560F0E236605790376058903860599081
:107B200039605A903A605B903B60DCD73C60A1EDD5
:107B30003D605C903E605D903F60F8E240605E902A
:107B40004160A5ED4260FEE24360D1CA44605F90AF
:107B500045606090466061904760629048606390C5
:107B6000496064904A6065904B60B5C14C60669016
:107B70004D60D0BB4E6067904F6068905060D6BF3C
:107B8000516069905260E3BA53606A9054606B90A0
:107B90005560A1CB56606C9057606D9058606E90A8
:107BA0005960A6ED5A60A3ED5B606F905C607090C9
:107BB0005D60A2ED5E6071905F6072906060739036
:107BC000616074906260D6BB6360A7ED6460F4D0BE
:107BD00065607590666076906760A4ED6860DEBA57
:107BE0006960F7B66A60A1E36B60B2B66C60F1CC15
:107BF0006D60A7B96E6077906F60A2CF7060A1C70B
:107C000071607890726079907360D2BF74607A907E
:107C100075607B907660F1B677607C907860FAE270
:107C20007960FBE27A60FDE27B60FCE27C60D5C4B7
:107C30007D60A2E37E607D907F60C1D380607E9096
:107C400081608090826081908360A7E38460C4C774
:107C5000856082908660839087608490886085903C
:107C60008960A4CF8A6086908B6087908C60A9E33E
:107C70008D60B7BA8E6088908F60899090608A908E
:107C800091608B909260A8E393608C909460DABBD3
:107C900095608D909660A3E397608E9098608F902A
:107CA000996090909A60A4E39B60AAE39C60919095
:107CB0009D60A6E39E6092909F60F2CEA060C6D3C6
:107CC000A1609390A2609490A360BCBBA4609590C7
:107CD000A5609690A660C3D4A7609790A860FAC4E8
:107CE000A9609890AA609990AB60A8EDAC60FCD0B8
:107CF000AD60A5E3AE609A90AF60F5C3B0609B90B5
:107D0000B160ADE3B260AFB1B3609C90B460B2E378
:107D1000B5609D90B6609E90B7609F90B860C2BC01
:107D2000B960A090BA60A190BB60ACE3BC60BFB585
:107D3000BD60A290BE60A390BF60A490C060A590FB
:107D4000C160A690C260A790C360A890C460A990CB
:107D5000C560E9C7C660B0E3C760AA90C860AB90D1
:107D6000C960AC90CA60AABECB60EFCDCC60AD90CC
:107D7000CD60AE90CE60AF90CF60B090D060B1904B
:107D8000D160F3BBD260B290D360B390D460B490B2
:107D9000D560E8CCD660B590D760B690D860AFE338
:107DA000D960B790DA60B1E3DB60B890DC60A7CF50
:107DB000DD60AEE3DE60B990DF60A9CEE060DDBBE0
:107DC000E160BA90E260BB90E360BC90E460BD907B
:107DD000E560BE90E660EBB5E760E5BEE860D2B274
:107DE000E960CDB3EA60BF90EB60B9B1EC60ABE3A2
:107DF000ED60D1B2EE60ACB5EF60DFB9F060E8B62F
:107E0000F160C090F260C190F360EBCFF460B7E333
:107E1000F560C290F660CCBBF760C390F860C49088
:107E2000F960C7C8FA60CAD0FB60C590FC60C69014
:107E3000FD60C790FE60C890FF60C9900061B8E324
:107E40000161EEB30261CA900361CB900461CC90F2
:107E50000561CD900661A9ED0761CE900861FAD366
:107E60000961E4D30A61CF900B61D0900C61D1908D
:107E70000D61AAED0E61B9E30F61E2D21061D290FB
:107E80001161D3901261D4901361D5901461D69092
:107E90001561B5E31661D7901761D8901861D99034
:107EA0001961DA901A61DED31B61DB901C61DC90F2
:107EB0001D61DD901E61DE901F61D0B82061B3E3CB
:107EC0002161DF902261E0902361B6E32461DFB796
:107ED0002561E1902661B4E32761A2C02861E290A8
:107EE0002961E3902A61E4902B61BAE32C61E5906B
:107EF0002D61E6902E61E7902F61E8903061E99066
:107F00003161EA903261EB903361EC903461ED9035
:107F10003561EE903661EF903761F0903861F19005
:107F20003961F2903A61F3903B61F4903C61F590D5
:107F30003D61F6903E61F7903F61B8D44061F890A2
:107F40004161F9904261FA904361FB904461FC9079
:107F50004561FD904661FE90476140914861C8B41B
:107F6000496141914A61BBE34B6142914C61C5BBA0
:107F70004D6143914E61F7C94F6144915061459104
:107F80005161E5C9526146915361479154614891ED
:107F90005561BDC45661499157614A9158614B91F1
:107FA00059614C915A614D915B614E915C614F9169
:107FB0005D61ABED5E6150915F6151916061529185
:107FC000616153916261FDC2636154916461559135
:107FD00065615691666157916761DBBB6861AEBFB1
:107FE000696158916A6159916B615A916C615B91B9
:107FF0006D615C916E615D916F615E917061BFCEEC
:1080000071615F917261609173616191746162915C
:108010007561BCE3766163917761B6BF7861649105
:10802000796165917A6166917B6167917C61689104
:108030007D6169917E616A917F616B9180616C91D4
:1080400081616D9182616E9183616F9184617091A4
:108050008561719186617291876173918861749174
:10806000896175918A6176918B61EFB18C617791AD
:108070008D6178918E61F7D48F61799190617A9159
:1080800091617B9192617C9193617D919461BEE35A
:1080900095617E91966180919761819198618291BD
:1080A000996183919A6184919B6185919C6186918C
:1080B0009D61ADED9E6187919F618891A0618991DD
:1080C000A1618A91A2618B91A3618C91A4618D9130
:1080D000A5618E91A6618F91A761BFE3A861A9BA3E
:1080E000A961ACEDAA619091AB619191AC61BDE3E6
:1080F000AD619291AE619391AF619491B0619591B0
:10810000B1619691B2619791B3619891B46199917F
:10811000B5619A91B6619B91B761C0E3B8619C91DA
:10812000B9619D91BA619E91BB619F91BC61A09123
:10813000BD61A191BE61B6BABF61A291C061A391B8
:10814000C161A491C261AEB6C361A591C461A6919B
:10815000C561A791C661A891C761A991C861B8D04E
:10816000C961AA91CA61C3B0CB61AEEDCC61AB91DC
:10817000CD61AC91CE61AD91CF61AE91D061AF9147
:10818000D161AFEDD261C1C0D361B091D461C1E31F
:10819000D561B191D661B291D761B391D861B491F3
:1081A000D961B591DA61B691DB61B791DC61B891C3
:1081B000DD61B991DE61BA91DF61BB91E061BC9193
:1081C000E161BD91E261BE91E361BF91E461C09163
:1081D000E561C191E661B3C5E761C291E861C39110
:1081E000E961C491EA61C591EB61C691EC61C79107
:1081F000ED61C891EE61C991EF61CA91F061CB91D7
:10820000F161CC91F261CD91F361CE91F461CF91A6
:10821000F561C2E3F661D091F761D191F861D29135
:10822000F961D391FA61D491FB61D591FC61D6914A
:10823000FD61D791FE61D891FF61B2DC0062D991F6
:108240000162DA910262DB910362DC910462DD91EA
:108250000562DE910662B0ED0762DF910862EAB85E
:108260000962E0910A62ECCE0B62A7EA0C62E7D0E9
:108270000D62F9CA0E62D6C80F62B7CF1062C9B3D9
:108280001162D2CE1262E4BD1362E1911462E291F6
:108290001562DEE31662F2BB1762A8EA1862BDD56A
:1082A0001962E3911A62DDC61B62A9EA1C62E491BD
:1082B0001D62E5911E62E6911F62AAEA2062E791C3
:1082C0002162ACEA2262ABEA2362E8912462AEEA60
:1082D0002562ADEA2662E9912762EA912862EB9174
:1082E0002962EC912A62D8BD2B62ED912C62AFEA33
:1082F0002D62EE912E62BEC22F62EF913062F0913C
:108300003162F1913262F2913362C1B43462F7B4F6
:108310003562F3913662F4913762A7BB3862F5910A
:108320003962F6913A62F7913B62F8913C62F991B9
:108330003D62E6EC3E62E5EC3F62BFB74062F9CBDE
:108340004162E2B14262FA914362E7EC4462FB911E
:108350004562FC914662FD914762C8C94862E8ECFB
:108360004962E9EC4A62FE914B62D6CA4C62D0DEA9
:108370004D62C5B24E62FAD44F6240925062419251
:108380005162CBC65262C7B05362F2B45462D3C8D2
:108390005562429256624392576244925862D0CDDF
:1083A000596245925A6246925B62B8BF5C624792DC
:1083B0005D6248925E6249925F624A9260624B924D
:1083C00061624C9262624D926362DBBF64624E9264
:1083D00065624F926662A4C76762B4D668625092C3
:1083E0006962A9C06A62D1DE6B62A8C96C62EFD112
:1083F0006D62A4C56E62E7B06F62B6B37062C5C845
:1084000071625192726252927362E2B074625392DC
:10841000756254927662F6B7776255927862569298
:108420007962FAC57A6257927B6258927C62F3B69F
:108430007D6259927E62D2D57F62D0B38062BCBC2D
:1084400081625A9282625B9283625C928462ADB373
:1084500085625D9286625E9287625F9288626092B8
:108460008962F1BE8A62D1B08B6261928C62629243
:108470008D6263928E6264928F6265929062669260
:108480009162D6D29262E3CA9362A5D79462679250
:108490009562B6CD9662B6B69762B9BF9862DBD5E3
:1084A000996268929A62A7B89B62D7C59C626992EA
:1084B0009D626A929E626B929F62D2DEA062D9BF79
:1084C000A162D5C2A262C0C7A3626C92A462A4BB1F
:1084D000A562A8B1A6626D92A7626E92A862EAC573
:1084E000A9626F92AA627092AB62FBC5AC62A7CC24
:1084F000AD627192AE627292AF627392B062749228
:10850000B162A7B1B2627592B3627692B4627792A9
:10851000B562D6B5B6627892B7627992B8627A924D
:10852000B962A8C4BA627B92BB62D3DEBC62BAD124
:10853000BD62E9B3BE627C92BF62F2C3C0627D924B
:10854000C1627E92C262F7B7C3628092C462F4D6FF
:10855000C562A3B5C662F0B2C762B4C4C862E9C45A
:10856000C962ADC0CA62D4DECB628192CC62E8B08F
:10857000CD62C4C5CE62E0C1CF628292D062D5B96D
:10858000D1628392D262DCBED362D8CDD462CEB047
:10859000D5628492D662CFCDD762D6DED862D0BE05
:1085A000D962BED7DA62D5DEDB62D0D5DC62DDB05F
:1085B000DD628592DE628692DF62E2C4E0628792CB
:1085C000E1628892E262A3C2E362F0BCE462899253
:1085D000E562B5D3E662B9C0E762A1C5E862A6B2BA
:1085E000E962F1D4EA628A92EB628B92EC62A8C0F3
:1085F000ED62C3CAEE62D7DEEF62FCD5F0628C9208
:10860000F162B0B9F2628D92F362ADC8F462A9CBA7
:10861000F5628E92F662D9DEF762BDBFF8628F9284
:10862000F9629092FA629192FB629292FC62B4C6F5
:10863000FD62A7D7FE62B0CAFF62C3C40063939213
:108640000163D6B30263D2B9036394920463959233
:1086500005639692066397920763B8D60863FCEAAF
:108660000963B4B00A6398920B6399920C639A926F
:108670000D639B920E63E6BF0F639C9210639D9205
:108680001163F4CC12639E9213639F921463A092C1
:108690001563A1921663DACD1763A2921863A392B1
:1086A0001963A4921A63BFD61B63CEC21C63A59242
:1086B0001D63CECE1E63A2CC1F63AED02063D3C495
:1086C0002163B2B52263D8DE2363F5D52463B7BC3A
:1086D0002563D3BB2663A6922763A7922863A4B021
:1086E0002963A8922A63B2C52B63ECB42C63A992C8
:1086F0002D63AA922E63AB922F63F1D53063AC92B7
:108700003163AD923263FDEA3363AE923463AF926C
:108710003563B0923663B1923763B2923863B392E5
:108720003963DADE3A63A6CD3B63B4923C63B5921B
:108730003D63ECCD3E63B6923F63B7924063B8921F
:108740004163B9924263E6CE4363DCDE4463BA928E
:108750004563B1CD4663A6C04763BB924863BC92F4
:108760004963BDD74A63BD924B63DBDE4C63C6B041
:108770004D63B4BA4E63D3C94F63F3C45063E8BECC
:108780005163BE925263BF925363C0925463C192CD
:108790005563B6B25663C2925763C3925863C4928C
:1087A0005963C5925A63C6925B63C7925C63C89271
:1087B0005D63C9925E63CCC05F63F0CB6063CA92B5
:1087C0006163F1BC6263BBBB6363B7B56463CB92A7
:1087D0006563CC926663CD926763F5C56863CE929C
:1087E0006963E6DE6A63CF926B63D0926C63D19269
:1087F0006D63E3DE6E63DDBE6F63D2927063D3920E
:108800007163DFDE7263D4927363D5927463D69220
:108810007563D7927663B7B47763DDBD7863D8921A
:108820007963D9927A63E0DE7B63EDC47C63DA928C
:108830007D63DB927E63DC927F63DD928063C6CFD3
:108840008163DE928263E0B58363DF928463E092AA
:108850008563E1928663E2928763DEB68863DACA53
:108860008963F4B58A63E5DE8B63E3928C63C6D5D6
:108870008D63E4928E63E1DE8F63CDCC9063FEC6A0
:108880009163E5929263C5C59363E6929463E79220
:108890009563E8929663B4D29763E9929863F2BEC7
:1088A0009963EA929A63EB929B63EC929C63ED92DC
:1088B0009D63EE929E63EF929F63F092A063D3C29A
:1088C000A163F192A263BDCCA363B8B3A463F29297
:1088D000A563D3BDA663F392A763D8BFA863C6CD33
:1088E000A963DAD1AA63EBB4AB63F492AC63E4DEC0
:1088F000AD63DDDEAE63E7DEAF63F592B063FEEA43
:10890000B163F692B263F792B363B0C2B463E2DECE
:10891000B563F892B663F992B763C0D6B863A7B5EA
:10892000B963FA92BA63F4B2BB63FB92BC63E8DE4C
:10893000BD63FC92BE63F2DEBF63FD92C063FE9234
:10894000C1634093C2634193C3634293C463EDDE4A
:10895000C5634393C663F1DEC7634493C86345931D
:10896000C963E0C8CA634693CB634793CC6348931B
:10897000CD63E1D7CE63EFDECF63E8C3D063E1CC54
:10898000D1634993D263E5B2D3634A93D4634B93E3
:10899000D5634C93D663BED2D7634D93D8634E93C1
:1089A000D9634F93DA635093DB635193DC63529343
:1089B000DD635393DE63EEDEDF635493E063EBDE4F
:1089C000E163D5CEE2635593E363A7B4E4635693C2
:1089D000E5635793E6635893E7635993E8635A93C3
:1089E000E963ABBFEA63BEBEEB635B93EC635C938E
:1089F000ED63D2BDEE635D93EF635E93F0635F93CF
:108A0000F1636093F263E9DEF3636193F463AED4E0
:108A1000F5636293F663DEDEF7636393F863EADE81
:108A2000F9636493FA636593FB636693FC636793EE
:108A3000FD63BFC0FE636893FF63ECDE0064F3B2C6
:108A40000164E9B80264A7C20364699304646A9389
:108A50000564C1BD06646B9307646C9308646D93F1
:108A600009646E930A646F930B64F5DE0C64F8DEA0
:108A70000D6470930E6471930F64ABB21064A4B470
:108A800011647293126473931364EAB41464A6C9F4
:108A900015647493166475931764769318647793CA
:108AA000196478931A6479931B64F6DE1C64D1CB45
:108AB0001D647A931E64E3B81F647B932064F7DE21
:108AC0002164FADE22647C9323647D9324647E9384
:108AD000256480932664F9DE276481932864829359
:108AE000296483932A64C2CC2B6484932C64E1B000
:108AF0002D64EEB42E6485932F648693306487933F
:108B0000316488933264899333648A933464BAE518
:108B100035648B9336648C9337648D9338648E936D
:108B200039648F933A64AFD03B6490933C649193E3
:108B30003D64EBB23E6492933F64A1EB4064939337
:108B40004164F4DE42649493436495934464E3C9BE
:108B50004564F3DE4664DAB04764A1D24864F7B1F5
:108B6000496496934A64AFCC4B6497934C64989352
:108B70004D6499934E649A934F649B9350649C9375
:108B800051649D935264F0DE53649E935464A4CB6D
:108B900055649F935664A0935764A1935864AAD5D3
:108BA0005964A2935A64A3935B64A4935C64A593F1
:108BB0005D64A6935E64FBDE5F64A7936064A89324
:108BC0006164A9936264AA936364AB936464AC9395
:108BD0006564AD936664AE936764DDB46864AF9317
:108BE0006964A6C46A64B0936B64B1936C64B29315
:108BF0006D64FDDE6E64B3936F64B4937064B5937B
:108C00007164B6937264B7937364B8937464B993E0
:108C10007564BA937664BB937764BC937864FEC33F
:108C20007964A1C47A64A1DF7B64BD937C64BE9344
:108C30007D64BF937E64C0937F64C1938064C2935C
:108C40008164C3938264CCC18364C4938464FCDE76
:108C50008564EFBE8664C5938764B2C68864C69394
:108C60008964C7938A64C8938B64C9938C64CA93DC
:108C70008D64CB938E64CC938F64CD939064CE93AC
:108C80009164C5B39264F6C89364CF939464D0930F
:108C90009564BACB9664FEDE9764D1939864D293C0
:108CA0009964A4DF9A64D3939B64D4939C64D59312
:108CB0009D64D6939E64B2D79F64D793A064D893E3
:108CC000A164D993A264DA93A364DB93A464B7B3D9
:108CD000A564DC93A664DD93A764DE93A864DF93A8
:108CE000A964C3C1AA64E093AB64E193AC64CBC74D
:108CF000AD64A5B2AE64E9B4AF64E293B064ABD73F
:108D0000B164E393B264E493B364E593B464E6932B
:108D1000B564ECC4B664E793B764A2DFB864A3DFBC
:108D2000B964E893BA64A5DFBB64E993BC64B3BAE1
:108D3000BD64EA93BE64EB93BF64EC93C064A6DFAA
:108D4000C164ED93C264DEC0C364EE93C464EF9368
:108D5000C564C3C9C664F093C764F193C864F29351
:108D6000C964F393CA64F493CB64F593CC64F6932B
:108D7000CD64D9B2CE64E6C7CF64F793D064A7DFE1
:108D8000D164F893D264DCC7D364F993D464FA93C2
:108D9000D564FB93D664FC93D764A8DFD864A2EBB8
:108DA000D964FD93DA64FE93DB644094DC644194FF
:108DB000DD644294DE64D3CBDF644394E064449486
:108DC000E1644594E264AADFE3644694E464A9DFC5
:108DD000E5644794E664C1B2E7644894E864499462
:108DE000E9644A94EA644B94EB644C94EC644D94CB
:108DF000ED644E94EE644F94EF645094F06451949B
:108E0000F1645294F2645394F3645494F46455946A
:108E1000F5645694F6645794F7645894F86459943A
:108E2000F9645A94FA645B94FB645C94FC645D940A
:108E3000FD645E94FE645F94FF6460940065CAC53F
:108E400001656194026562940365639404656494AA
:108E5000056565940665669407656794086568947A
:108E60000965ABDF0A6569940B656A940C656B94C0
:108E70000D656C940E656D940F656E9410656F941E
:108E8000116570941265DCD4136571941465729445
:108E90001565739416657494176575941865C1C843
:108EA000196576941A6577941B6578941C65799496
:108EB0001D657A941E657B941F657C9420657D9466
:108EC00021657E9422658094236581942465829433
:108ED0002565ACDF26658394276584942865859491
:108EE000296586942A6587942B65F0BE2C65889445
:108EF0002D6589942E65ADDF2F65A7D630658A94E0
:108F000031658B9432658C9433658D943465B7EA02
:108F10003565B6EB3665D5CA37658E943865FCD8AD
:108F20003965C4B83A658F943B65A5B93C659094A2
:108F30003D6591943E65C5B73F65FED54065929409
:108F400041659394426594944365959444659694E1
:108F50004565CAB946659794476598944865A7D012
:108F60004965CDF44A6599944B659A944C65D0B5A2
:108F70004D659B944E659C944F65F4C350659D94DC
:108F80005165C8BE52659E9453659F945465A094E4
:108F90005565B7EB5665BDB05765A1945865A29469
:108FA0005965CCBD5A65A3945B65B2C15C65A49458
:108FB0005D65D6B15E65A8B35F65A5946065A6944E
:108FC0006165A7946265D2B86365A2C96465A89417
:108FD0006565A9946665D8B66765AA946865AB941B
:108FE0006965AC946A65AD946B65B8EB6C65B4BEAD
:108FF0006D65AE946E65AF946F65B0947065FDCA93
:109000007165B1947265C3C77365B2947465FBD51D
:109010007565B3947665B4947765F3B77865B59460
:109020007965B6947A65B7947B65B8947C65B99494
:109030007D65BA947E65BB947F65BC948065BD9464
:109040008165BE948265BF948365C0948465C19434
:109050008565C2948665C3948765C4CE8865C494CB
:109060008965C5948A65C6948B65ABD58C65F3B16B
:109070008D65C7948E65C8948F65C9949065B3EC6F
:109080009165DFB09265CA949365B5EC9465CB9415
:109090009565CC949665CD949765B7B69865CE9452
:1090A0009965CFC19A65CF949B65FAF59C65B1D05F
:1090B0009D65D0949E65D1949F65E5D5A065D294B9
:1090C000A165D3CEA265D394A365D494A465EFBD66
:1090D000A565E2B3A665D594A765ABB8A865D69497
:1090E000A965B6D5AA65D794AB65BDEDAC65D89436
:1090F000AD65CFB6AE65D994AF65B9CBB065C2D01A
:10910000B165DA94B265DB94B365DC94B465DD9443
:10911000B565DE94B665DF94B765E094B865E19413
:10912000B965BDB7BA65E294BB65E394BC65B6ECBE
:10913000BD65A9CABE65E494BF65E594C065E694C3
:10914000C165D4C5C265E794C365B9ECC465B8EC24
:10915000C565C3C2C665B7ECC765E894C865E99440
:10916000C965EA94CA65EB94CB65FDD0CC65BAECD1
:10917000CD65EC94CE65BBECCF65E5D7D065ED94BD
:10918000D165EE94D265BCECD365EF94D465F094D0
:10919000D565F194D665BDECD765ECC6D865F2947B
:1091A000D965F394DA65F494DB65F594DC65F6949F
:1091B000DD65F794DE65F894DF65F994E065DECE51
:1091C000E165FA94E265C8BCE365FB94E465FC9450
:1091D000E565D5C8E665A9B5E765C9BEE865BCD64D
:1091E000E965E7D4EA65FD94EB65FE94EC65AED1E4
:1091F000ED65F1D0EE65B8EAEF65B9EAF065BAEA77
:10920000F165B5BAF2654095F3654195F46542950F
:10921000F5654395F665B1CAF765F5BFF865449500
:10922000F9654595FA65FACDFB654695FC65479568
:10923000FD654895FE654995FF654A950066C0EA5B
:1092400001664B950266BAB00366BEEA04664C95A9
:1092500005664D950666A5C007664E9508664F954E
:10926000096650950A66BBEA0B6651950C66FDB21D
:109270000D6652950E66F7C30F66E8BB10665395F0
:1092800011665495126655951366D7D21466F4CEBE
:109290001566BFEA1666569517665795186658956F
:1092A0001966BCEA1A6659951B665A951C665B9549
:1092B0001D66C3EA1E665C951F66C7D02066B3D3E1
:1092C00021665D9522665E9523665F9524666095AE
:1092D0002566BAB4266661952766C1C32866F2D7AB
:1092E000296662952A6663952B6664952C6665955A
:1092F0002D66D1D52E6666952F66C7CA30666795EE
:109300003166C5EA32666895336669953466C4EAA3
:109310003566C7EA3666C6EA37666A9538666B957B
:1093200039666C953A666D953B666E953C66E7D6F8
:109330003D666F953E66D4CF3F66709540667195E9
:109340004166CBEA426672954366CEBB446673952E
:109350004566749546667595476676954866779531
:10936000496678954A6679954B66FABD4C66CEC9D2
:109370004D667A954E667B954F66CCEA50667C9535
:1093800051667D955266B9C95366FECF5466CAEAE6
:109390005566CED45666CDEA5766CFEA58667E95B6
:1093A000596680955A66EDCD5B6681955C668295BF
:1093B0005D6683955E6684955F66C9EA606685959D
:1093C0006166CEEA62668695636687956466EECED0
:1093D000656688956666DEBB676689956866BFB315
:1093E00069668A956A668B956B668C956C668D95B9
:1093F0006D668E956E66D5C66F66B0BE7066FACE27
:1094000071668F9572669095736691957466E7C7DD
:10941000756692957666A7BE7766D0EA786693956C
:10942000796694957A66C7D67B6695957C6696959F
:109430007D6697957E66C0C17F6698958066999592
:1094400081669A958266DDD483669B958466D1EAAF
:1094500085669C9586669D958766BECF88669E9537
:1094600089669F958A66A0958B66A1958C66D2EADF
:109470008D66A2958E66A3958F66A4959066A59538
:109480009166EECA9266A6959366A7959466A8958E
:109490009566A9959666AFC59766B5B09866AA9584
:1094A0009966AB959A66AC959B66AD959C66AE95B4
:1094B0009D66D4EA9E66AF959F66B095A066B1950D
:1094C000A166B295A266B395A366B495A466B59558
:1094D000A566B695A666B795A766D3EAA866DFF433
:1094E000A966B895AA66B995AB66BA95AC66BB9500
:1094F000AD66BC95AE66BAC4AF66BD95B066BE95A6
:10950000B166BF95B266C095B366C195B466A9B1A0
:10951000B566C295B666C395B766C495B866C59577
:10952000B966DFE5BA66C695BB66C795BC66C895E1
:10953000BD66C995BE66D5EABF66CA95C066CB95BD
:10954000C166CC95C266CD95C366CE95C466CF95EF
:10955000C566D095C666D195C766D295C866D395BF
:10956000C966D495CA66D595CB66D695CC66D7958F
:10957000CD66D895CE66D995CF66DA95D066DB955F
:10958000D166DC95D266DD95D366DE95D466DF952F
:10959000D566E095D666E195D766E295D866E395FF
:1095A000D966EFCADA66E495DB66D6EADC66D7EA06
:1095B000DD66D8C6DE66E595DF66E695E066E7958A
:1095C000E166E895E266E995E366EA95E466EB957F
:1095D000E566EC95E666D8EAE766ED95E866EE9511
:1095E000E966D9EAEA66EF95EB66F095EC66F195E7
:1095F000ED66F295EE66F395EF66F495F066BBD4F2
:10960000F166F595F266FAC7F366B7D2F466FCB870
:10961000F566F695F666F795F766C2EAF866F89588
:10962000F966DCB2FA66F995FB66FA95FC66FCC24F
:10963000FD66FB95FE66F8D4FF66E6CC0067EED7C4
:109640000167FC950267FD950367FE9504674096E8
:109650000567419606674296076743960867C2D436
:109660000967D0D30A67C3EB0B67F3C50C67449651
:109670000D67FEB70E6745960F6746961067D4EBE9
:109680001167479612674896136749961467B7CBD8
:109690001567DEEB16674A961767CAC018674B96C0
:1096A00019674C961A674D961B67FBCD1C674E9643
:1096B0001D67AFB31E674F961F67DAC620675096C7
:1096C00021675196226752962367539624675496D2
:1096D000256755962667FCEB276756962867BEC414
:1096E000296757962A67B4CE2B67A9C42C67BEB1E9
:1096F0002D67FDD42E6758962F67F5CA30675996A7
:109700003167ECD632675A9633675B963467D3C6B7
:109710003567E4B636675C9637675D9638675E9660
:1097200039675F963A67FABB3B6760963C6761961C
:109730003D67E0D03E6762963F6763964067B1C978
:10974000416764964267D3D44367A8C84467659667
:10975000456766964667CBB8476767964867BEE831
:109760004967BCC94A6768964B6769964C67BBE80E
:109770004D676A964E67EEC04F67D3D05067C4B24C
:109780005167E5B452676B965367BCE854676C96B3
:1097900055676D965667C8D557676E9658676F962A
:1097A000596770965A6771965B6772965C67C5B623
:1097B0005D6773965E67BDE85F67F8CA6067DCB88F
:1097C0006167F5CC62677496636775966467769691
:1097D0006567B4C066677796676778966867EED105
:1097E0006967BFE86A67C2E86B6779966C677A96C3
:1097F0006D67BCBA6E677B966F67ADB17067DCBD95
:1098000071677C967267BDEA7367C3E874677D967B
:109810007567C6E876677E967767CBE87867809647
:10982000796781967A6782967B6783967C67CCE8B6
:109830007D6784967E67C9CB7F67E5B08067859634
:109840008167ABBC82678696836787968467B9B960
:1098500085678896866789968767C1E888678A964C
:109860008967F7CD8A678B968B67CAE88C678C9679
:109870008D678D968E678E968F678F969067F6CEE2
:109880009167909692679196936792969467939654
:109890009567EDD5966794969767D6C19867C4E8A3
:1098A000996795969A67B6C39B6796969C67FBB92E
:1098B0009D67A6D69E67C8E89F679796A06798960B
:1098C000A1679996A267E0CAA367E6D4A4679A96AF
:1098D000A567C0E8A6679B96A767C5E8A867C7E81D
:1098E000A9679C96AA67B9C7AB67E3B7AC679D96B3
:1098F000AD67C9E8AE679E96AF67DDBFB067D2E8D7
:10990000B1679F96B267A096B367D7E8B467A19690
:10991000B567D5E8B667DCBCB767CFBCB867DBE82E
:10992000B967A296BA67A396BB67A496BC67A596CB
:10993000BD67A696BE67A796BF67A896C067A9969B
:10994000C167DEE8C267AA96C367DAE8C467FAB1FE
:10995000C567AB96C667AC96C767AD96C867AE9647
:10996000C967AF96CA67B096CB67B196CC67B29617
:10997000CD67B396CE67B496CF67D8B0D067B3C47F
:10998000D167CCB8D267E2C6D367BEC8D467E1C896
:10999000D567B596D667B696D767B796D867CFE836
:1099A000D967D4E8DA67D6E8DB67B896DC67F1B93F
:1099B000DD67D8E8DE67F5D7DF67B996E067FBC4F7
:1099C000E167BA96E267DCE8E367BB96E467BC96BA
:1099D000E567E9B2E667BD96E767BE96E867BF96BA
:1099E000E967D1E8EA67C096EB67C196EC67EDBC22
:1099F000ED67C296EE67C396EF67C2BFF067CDE82A
:109A0000F167F9D6F267C496F367F8C1F467F1B26B
:109A1000F567C596F667C696F767C796F867C8965E
:109A2000F967C996FA67CA96FB67CB96FC67CC962E
:109A3000FD67DFE8FE67CD96FF67C1CA0068D9E819
:109A40000168CE960268CF960368D0960468D196D6
:109A50000568A4D50668D2960768EAB10868BBD540
:109A60000968CEE80A68D0E80B68B0B60C68D3E89D
:109A70000D68D3960E68DDE80F68B8C01068D496FC
:109A80001168F7CA1268D5961368A8CB1468D696E1
:109A90001568D7961668DCC61768F5C01868D8969A
:109AA0001968D9961A68DA961B68DB961C68DC96EA
:109AB0001D68E9E81E68DD961F68DE962068DF965F
:109AC0002168A3D02268E0962368E1962468E29694
:109AD0002568E3962668E4962768E5962868E69662
:109AE0002968F2E82A68EAD62B68E7962C68E89697
:109AF0002D68E9962E68EA962F68EB963068EC960A
:109B00003168ED963268E0E83368E1E83468EE9653
:109B10003568EF963668F0963768F9D13868CBBA71
:109B20003968F9B83A68F1963B68F2963C68F1B842
:109B30003D68D4D43E68EFE83F68F3964068EEE8AD
:109B40004168ECE84268F0B94368D2CC4468E6E882
:109B50004568A6CE4668F2BF4768F4964868B8B034
:109B60004968F1E84A68F0E84B68F5964C68C0D758
:109B70004D68F6964E68E4E84F68F7965068A9CDB0
:109B80005168A3C95268F8965368B8BB5468DBBDE6
:109B90005568EAE85668F9965768FA965868FB9649
:109BA0005968FC965A68FD965B68FE965C6840971B
:109BB0005D6841975E6842975F6843976068E2E836
:109BC0006168E3E86268E5E86368B5B56468E7E89A
:109BD0006568C5C76668EBE86768EDE86868B0BDAA
:109BE0006968AED76A6844976B68F8E86C6845970F
:109BF0006D6846976E6847976F6848977068499791
:109C000071684A9772684B9773684C977468F5E867
:109C100075684D977668B0CD7768F6E878684E97A6
:109C200079684F977A6850977B6851977C6852970C
:109C30007D6853977E6854977F68559780685697DC
:109C40008168BAC1826857978368E8E88468589742
:109C50008568B7C38668F0B08768599788685A974F
:109C600089685B978A685C978B685D978C685E975C
:109C70008D685F978E6860978F68F4E89068619749
:109C800091686297926863979368F7E8946864971D
:109C900095686597966866979768A3B99868679777
:109CA000996868979A6869979B686A979C686B97A8
:109CB0009D686C979E686D979F686E97A0686F9778
:109CC000A1687097A268D2C9A3687197A4687297B7
:109CD000A5687397A668CEC3A768E0CEA868E6C05B
:109CE000A9687497AA687597AB687697AC687797F8
:109CF000AD68F3CBAE687897AF68DDCCB068B5D00F
:109D0000B1687997B2687A97B368E1CAB4687B970B
:109D1000B568F3E8B6687C97B7687D97B8687E97B2
:109D2000B9688097BA688197BB688297BC68839747
:109D3000BD688497BE688597BF688697C068ECBC8D
:109D4000C1688797C268F9E8C3688897C46889972B
:109D5000C5688A97C6688B97C7688C97C8688D97BF
:109D6000C968DEC3CA688E97CB68E5C6CC688F9792
:109D7000CD68F7B9CE689097CF689197D0689297E1
:109D8000D1689397D268F4B0D3689497D4689597C4
:109D9000D568D8D7D6689697D7689797D868ACBC57
:109DA000D9689897DA68EFC5DB689997DC689A9765
:109DB000DD689B97DE689C97DF689D97E068C4CC60
:109DC000E1689E97E2689F97E368A6E9E468A09738
:109DD000E568A197E668A297E768A397E868A49763
:109DE000E968A597EA68A697EB68A797EC68A89733
:109DF000ED68A997EE68ADC9EF68AA97F068A2E987
:109E0000F168E2C0F268AB97F368AC97F468AD977D
:109E1000F568C3BFF668AE97F768AF97F868B09774
:109E2000F968FEE8FA68D7B9FB68B197FC68FBE807
:109E3000FD68B297FE68B397FF68B4970069B5975D
:109E40000169A4E90269B6970369B7970469B897ED
:109E50000569CED20669B9970769BA970869BB97B1
:109E60000969BC970A69BD970B69A3E90C69BE979C
:109E70000D69B2D60E69B5D70F69BF971069A7E90A
:109E80001169C0971269B7BD1369C1971469C29768
:109E90001569C3971669C4971769C5971869C69756
:109EA0001969C7971A69C8971B69C9971C69CA9726
:109EB0001D69CB971E69CC971F69FCE82069FDE8F6
:109EC0002169CD972269CE972369CF972469A1E9AB
:109ED0002569D0972669D1972769D2972869D397A2
:109EE0002969D4972A69D5972B69D6972C69D79772
:109EF0002D69D6CD2E69D8972F69D9973069ACD204
:109F00003169DA973269DB973369DC973469B2E9F2
:109F10003569DD973669DE973769DF973869E097ED
:109F20003969A9E93A69E1973B69E2973C69E397A6
:109F30003D69AAB43E69E4973F69BBB44069E597BF
:109F40004169E6974269ABE94369E7974469E89755
:109F50004569E9974669EA974769EB974869EC973D
:109F60004969ED974A69EE974B69EF974C69F0970D
:109F70004D69F1974E69F2974F69F3975069F497DD
:109F80005169F5975269F6975369F7975469A8D0C4
:109F90005569F8975669F9975769A5E95869FA9785
:109FA0005969FB975A69FEB35B69FC975C69FD9739
:109FB0005D69ACE95E69E3C05F69FE976069AAE923
:109FC00061694098626941986369B9E96469429836
:109FD000656943986669B8E967694498686945980E
:109FE000696946986A6947986B69AEE96C694898EF
:109FF0006D6949986E69FAE86F694A9870694B987B
:10A000007169A8E972694C9873694D9874694E98A2
:10A0100075694F98766950987769ACBF7869B1E9EE
:10A020007969BAE97A6951987B6952987C69A5C2C5
:10A030007D6953987E6954987F6955988069AFE926
:10A04000816956988269C5B8836957988469ADE972
:10A05000856958988669DCD38769B4E98869B5E968
:10A060008969B7E98A6959988B695A988C695B98AC
:10A070008D69C7E98E695C988F695D9890695E9873
:10A0800091695F9892696098936961989469C6C074
:10A090009569C5E996696298976963989869B0E986
:10A0A000996964989A6965989B69BBE99C69F1B064
:10A0B0009D6966989E6967989F696898A069699884
:10A0C000A1696A98A2696B98A3696C98A4696D9854
:10A0D000A5696E98A6696F98A769BCE9A869A5D516
:10A0E000A9697098AA697198AB69BEE9AC69729860
:10A0F000AD69BFE9AE697398AF697498B069759836
:10A10000B169C1E9B2697698B3697798B469F1C168
:10A11000B5697898B6697998B769B6C8B8697A9810
:10A12000B9697B98BA697C98BB69BDE9BC697D98BF
:10A13000BD697E98BE698098BF698198C069829820
:10A14000C169C2E9C2698398C3698498C469859862
:10A15000C5698698C6698798C7698898C8698998C3
:10A16000C9698A98CA69C3E9CB698B98CC69B3E994
:10A17000CD698C98CE69B6E9CF698D98D069B1BBAD
:10A18000D1698E98D2698F98D3699098D469C0E9C3
:10A19000D5699198D6699298D7699398D869949817
:10A1A000D9699598DA699698DB69F7BCDC69979864
:10A1B000DD699898DE699998DF69C4E9E069C6E9C4
:10A1C000E1699A98E2699B98E3699C98E4699D9893
:10A1D000E5699E98E6699F98E769A098E869A19863
:10A1E000E969A298EA69A398EB69A498EC69A59833
:10A1F000ED69CAE9EE69A698EF69A798F069A89891
:10A20000F169A998F269CEE9F369AA98F469AB9863
:10A21000F569AC98F669AD98F769AE98F869AF98AA
:10A22000F969B098FA69B198FB69B298FC69B3987A
:10A23000FD69DBB2FE69B498FF69C8E9006AB598A8
:10A24000016AB698026AB798036AB898046AB9981E
:10A25000056ABA98066ABB98076ABC98086ABD98EE
:10A26000096ABE980A6AAEB70B6ABF980C6AC098B2
:10A270000D6AC1980E6AC2980F6AC398106AC49892
:10A28000116AC598126AC698136AC798146AC89862
:10A29000156AC998166ACA98176ACBE9186ACCE990
:10A2A000196ACB981A6ACC981B6ACD981C6ACE980A
:10A2B0001D6ACF981E6AD0981F6AC1D5206AD198AE
:10A2C000216AA3C4226AD298236AD398246AD498B4
:10A2D000256AD598266AD698276AD798286AD8E931
:10A2E000296AD8982A6AE1BA2B6AD9982C6ADA982E
:10A2F0002D6ADB982E6ADC982F6AC9E9306ADD98EE
:10A30000316AA3D3326ADE98336ADF98346AE09800
:10A31000356AD4E9366AE198376AE298386AE39890
:10A32000396AE4983A6AE5983B6AE6983C6AE798A5
:10A330003D6AD7E93E6AD0E93F6AE898406AE99801
:10A34000416AEA98426AEB98436AEC98446ACFE91A
:10A35000456AED98466AEE98476AC1C7486AEF9821
:10A36000496AF0984A6AF1984B6AF2984C6AF398F5
:10A370004D6AF4984E6AF5984F6AF698506AD2E999
:10A38000516AF798526AF898536AF998546AFA9899
:10A39000556AFB98566AFC98576AFD98586AD9E93D
:10A3A000596AC8B35A6AFE985B6AD3E95C6A4099F5
:10A3B0005D6A41995E6A42995F6A4399606A44990D
:10A3C000616AF0CF626A4599636A4699646A4799FF
:10A3D000656ACDE9666A4899676A4999686A4A99DF
:10A3E000696A4B996A6A4C996B6A4D996C6A4E9985
:10A3F0006D6A4F996E6A50996F6A5199706A529955
:10A40000716AF7B3726A5399736A5499746A559969
:10A41000756A5699766A5799776A5899786A5999F8
:10A42000796AD6E97A6A5A997B6A5B997C6ADAE931
:10A430007D6A5C997E6A5D997F6A5E99806AB4CC18
:10A44000816A5F99826A6099836A6199846AADCFF3
:10A45000856A6299866A6399876A6499886A659948
:10A46000896A66998A6A67998B6A68998C6A699918
:10A470008D6A6A998E6AD5E98F6A6B99906ADCE970
:10A48000916ADBE9926A6C99936A6D99946A6E9904
:10A49000956A6F99966A7099976ADEE9986A7199D8
:10A4A000996A72999A6A73999B6A74999C6A759968
:10A4B0009D6A76999E6A77999F6A7899A06AD1E990
:10A4C000A16A7999A26A7A99A36A7B99A46A7C990C
:10A4D000A56A7D99A66A7E99A76A8099A86A8199DA
:10A4E000A96ADDE9AA6A8299AB6ADFE9AC6ACAC3E4
:10A4F000AD6A8399AE6A8499AF6A8599B06A869984
:10A50000B16A8799B26A8899B36A8999B46A8A9953
:10A51000B56A8B99B66A8C99B76A8D99B86A8E9923
:10A52000B96A8F99BA6A9099BB6A9199BC6A9299F3
:10A53000BD6A9399BE6A9499BF6A9599C06A9699C3
:10A54000C16A9799C26A9899C36A9999C46A9A9993
:10A55000C56A9B99C66A9C99C76A9D99C86A9E9963
:10A56000C96A9F99CA6AA099CB6AA199CC6AA29933
:10A57000CD6AA399CE6AA499CF6AA599D06AA69903
:10A58000D16AA799D26AA899D36AA999D46AAA99D3
:10A59000D56AAB99D66AAC99D76AAD99D86AAE99A3
:10A5A000D96AAF99DA6AB099DB6AB199DC6AB29973
:10A5B000DD6AB399DE6AB499DF6AB599E06AB69943
:10A5C000E16AB799E26AB899E36AB999E46ABA9913
:10A5D000E56ABB99E66ABC99E76ABD99E86ABE99E3
:10A5E000E96ABF99EA6AC099EB6AC199EC6AC299B3
:10A5F000ED6AC399EE6AC499EF6AC599F06AC69983
:10A60000F16AC799F26AC899F36AC999F46ACA9952
:10A61000F56ACB99F66ACC99F76ACD99F86ACE9922
:10A62000F96ACF99FA6AD099FB6AD199FC6AD299F2
:10A63000FD6AD399FE6AD499FF6AD599006BD699C1
:10A64000016BD799026BD899036BD999046BDA998E
:10A65000056BDB99066BDC99076BDD99086BDE995E
:10A66000096BDF990A6BE0990B6BE1990C6BE2992E
:10A670000D6BE3990E6BE4990F6BE599106BE699FE
:10A68000116BE799126BE899136BE999146BEA99CE
:10A69000156BEB99166BEC99176BED99186BEE999E
:10A6A000196BEF991A6BF0991B6BF1991C6BF2996E
:10A6B0001D6BF3991E6BF4991F6BF599206BB7C74F
:10A6C000216BCEB4226BB6BB236BC0D0246BA3EC42
:10A6D000256BF699266BF799276BB7C5286BF89908
:10A6E000296BF9992A6BFA992B6BFB992C6BFC99C6
:10A6F0002D6BFD992E6BFE992F6B409A306B419A12
:10A70000316B429A326BFBD3336B439A346B449A6E
:10A71000356B459A366B469A376BA4EC386B479A83
:10A72000396BA5EC3A6BDBC63B6B489A3C6B499A9C
:10A730003D6B4A9A3E6BEEBF3F6B4B9A406B4C9A17
:10A74000416B4D9A426B4E9A436BA6EC446B4F9A09
:10A75000456B509A466BA7EC476BAAD0486B519A51
:10A76000496BB8C74A6B529A4B6B539A4C6BE8B81B
:10A770004D6B549A4E6B559A4F6B569A506B579A35
:10A78000516B589A526B599A536B5A9A546B5B9A05
:10A79000556B5C9A566B5D9A576B5E9A586B5F9AD5
:10A7A000596BA8EC5A6B609A5B6B619A5C6B629A0E
:10A7B0005D6B639A5E6B649A5F6B659A606B669A79
:10A7C000616B679A626BB9D6636BFDD5646BCBB472
:10A7D000656BBDB2666BE4CE676BE7C6686B689A63
:10A7E000696B699A6A6BE1CD6B6B6A9A6C6B6B9A59
:10A7F0006D6B6C9A6E6B6D9A6F6B6E9A706B6F9AD5
:10A80000716B709A726B719A736B729A746B739AA4
:10A81000756B749A766B759A776B769A786B779A74
:10A82000796BF5B47A6B789A7B6BC0CB7C6BDFBCB1
:10A830007D6B799A7E6B7A9A7F6B7B9A806B7C9A20
:10A84000816BE2E9826BE3E9836BEAD1846BE5E932
:10A85000856B7D9A866BF9B4876BE4E9886B7E9A89
:10A86000896BB3D18A6BE2CA8B6BD0B28C6B809A46
:10A870008D6BE8E98E6B819A8F6B829A906B839ACD
:10A88000916B849A926BE6E9936BE7E9946B859AF6
:10A89000956B869A966BB3D6976B879A986B889AC6
:10A8A000996B899A9A6BE9E99B6BEAE99C6B8A9AA6
:10A8B0009D6B8B9A9E6B8C9A9F6B8D9AA06B8E9AD8
:10A8C000A16BEBE9A26B8F9AA36B909AA46B919A00
:10A8D000A56B929AA66B939AA76B949AA86B959A7C
:10A8E000A96B969AAA6BECE9AB6B979AAC6B989AAA
:10A8F000AD6B999AAE6B9A9AAF6B9B9AB06B9C9A20
:10A90000B16B9D9AB26B9E9AB36BAFECB46BB9C549
:10A91000B56BCEB6B66B9F9AB76BF3D2B86BA09AF5
:10A92000B96BA19ABA6BA29ABB6BA39ABC6BA49A9F
:10A93000BD6BA59ABE6BA69ABF6BEEB5C06BA79A0E
:10A94000C16BD9BBC26BB1ECC36BA89AC46BA99A9B
:10A95000C56BE3D2C66BAA9AC76BAB9AC86BAC9AAD
:10A96000C96BAD9ACA6BAE9ACB6BE3CECC6BAF9A88
:10A97000CD6BB8C4CE6BB09ACF6BBFC3D06BB19A5E
:10A98000D16BB29AD26BBEB6D36BB9D8D46BC8B107
:10A99000D56BCFB1D66BD1B1D76BFEC5D86BB39A9F
:10A9A000D96BD0B1DA6BB49ADB6BABC3DC6BB59A05
:10A9B000DD6BB69ADE6BB79ADF6BB89AE06BB99A2B
:10A9C000E16BB1D5E26BBA9AE36BBB9AE46BBC9ACC
:10A9D000E56BBD9AE66BBE9AE76BBF9AE86BC09ACF
:10A9E000E96BC19AEA6BA4EBEB6BC1BAEC6BC29A50
:10A9F000ED6BC39AEE6BC49AEF6BBACCF06BC59A51
:10AA0000F16BC69AF26BC79AF36BA5EBF46BC89A1D
:10AA1000F56BA7EBF66BC99AF76BCA9AF86BCB9AF2
:10AA2000F96BA8EBFA6BCC9AFB6BCD9AFC6BCE9AC8
:10AA3000FD6BA6EBFE6BCF9AFF6BD09A006CD19AA0
:10AA4000016CD29A026CD39A036CD49A046CD59A96
:10AA5000056CA9EB066CABEB076CAAEB086CD69AFD
:10AA6000096CD79A0A6CD89A0B6CD99A0C6CDA9A42
:10AA70000D6CACEB0E6CDB9A0F6CCFCA106CB5D8BA
:10AA8000116CF1C3126CDC9A136CA5C3146CF8C67C
:10AA9000156CADEB166CCAC4176CDD9A186CAEEB76
:10AAA000196CAFEB1A6CB0EB1B6CD5B71C6CDE9A53
:10AAB0001D6CDF9A1E6CE09A1F6CFAB7206CE19A4D
:10AAC000216CB1EB226CE2C7236CE29A246CB3EBED
:10AAD000256CE39A266CA4BA276CF5D1286CB1B02A
:10AAE000296CB2EB2A6CB4EB2B6CE49A2C6CE59AD3
:10AAF0002D6CE69A2E6CAAB52F6CC8C2306CE8C7D4
:10AB0000316CE79A326CB5EB336CE89A346CAECBAF
:10AB1000356CDFE3366CE99A376CEA9A386CC0D34F
:10AB2000396CEB9A3A6CEC9A3B6CED9A3C6CEE9A71
:10AB30003D6CDBD93E6CEF9A3F6CF09A406CA1CD36
:10AB4000416CADD6426CF3C7436CF19A446CF29AF7
:10AB5000456CF39A466CE0D9476CE3BB486CF49AB9
:10AB6000496CBABA4A6CE2E34B6CF59A4C6CF69AB3
:10AB70004D6CF79A4E6CF89A4F6CF99A506CABCFBB
:10AB8000516CFA9A526CFB9A536CFC9A546CE0E349
:10AB9000556CC7C9566CFD9A576CB9BA586CFE9A79
:10ABA000596C409B5A6C419B5B6CB4D15C6CE1E38B
:10ABB0005D6CEAC85E6CAFB95F6CADBD606CD8B35C
:10ABC000616CDBCE626C429B636C439B646CC0CC5B
:10ABD000656C449B666C459B676C469B686CE8E3C0
:10ABE000696CE9E36A6CF4CD6B6C479B6C6C489BB9
:10ABF0006D6C499B6E6C4A9B6F6C4B9B706CADCCC3
:10AC0000716C4C9B726CB3BC736C4D9B746CEAE3BF
:10AC1000756C4E9B766CEBE3776C4F9B786C509B1E
:10AC2000796CDAD07A6C519B7B6C529B7C6C539B19
:10AC30007D6CFBC67E6CDAB77F6C549B806C559B39
:10AC4000816CDFC7826CCAD2836CD6CE846C569B73
:10AC5000856CE4E3866CECE3876C579B886CF2C9E7
:10AC6000896CC1B38A6C589B8B6C599B8C6CE7E3E5
:10AC70008D6C5A9B8E6C5B9B8F6CE3C6906CE5E38E
:10AC8000916C5C9B926C5D9B936CB3ED946CE6E372
:10AC9000956C5E9B966C5F9B976C609B986C619BC0
:10ACA000996CB3C99A6C629B9B6CE6C59C6C639B68
:10ACB0009D6C649B9E6C659B9F6CB5B9A06C669BFC
:10ACC000A16CBBC3A26C679BA36CE3E3A46CBDC582
:10ACD000A56CA4C1A66CD9C2A76CD7B2A86C689B9E
:10ACE000A96CEDE3AA6CA6BBAB6CADC4AC6C699B64
:10ACF000AD6CF0E3AE6CDABEAF6C6A9BB06C6B9B74
:10AD0000B16CFBE3B26CF5E3B36CD3BAB46C6C9B7F
:10AD1000B56C6D9BB66C6E9BB76C6F9BB86CD0B707
:10AD2000B96CCDD3BA6C709BBB6CCED6BC6CD3D592
:10AD3000BD6CC1B9BE6CB4D5BF6CD8D1C06C719BB1
:10AD4000C16C729BC26C739BC36C749BC46CB9D096
:10AD5000C56CF6C7C66C759BC76C769BC86C779B39
:10AD6000C96CAAC8CA6CB4B2CB6C789BCC6CDAC381
:10AD7000CD6C799BCE6C7A9BCF6C7B9BD06CEEE3D9
:10AD8000D16C7C9BD26C7D9BD36CFCE3D46CEFE3E9
:10AD9000D56CA8B7D66CF7E3D76CF4E3D86C7E9B80
:10ADA000D96C809BDA6C819BDB6CBAB7DC6C829BC4
:10ADB000DD6C839BDE6CA2C5DF6C849BE06CF6E3EC
:10ADC000E16CDDC5E26CA8B2E36CFCC6E46C859B6B
:10ADD000E56CE0C4E66C869BE76C879BE86CA2D7C9
:10ADE000E96C889BEA6CE1C0EB6CF9E3EC6C899B45
:10ADF000ED6C8A9BEE6CFAE3EF6CFDE3F06CA9CC92
:10AE0000F16CF3E3F26C8B9BF36CBED3F46C8C9B14
:10AE1000F56CC3B1F66CB4EDF76CF1E3F86CF2E3EA
:10AE2000F96C8D9BFA6CF8E3FB6CBAD0FC6CC3C672
:10AE3000FD6CF3D4FE6CFEE3FF6C8E9B006D8F9B6C
:10AE4000016DE0BD026D909B036D919B046DA7E4C5
:10AE5000056D929B066D939B076DA6E4086D949B10
:10AE6000096D959B0A6D969B0B6DF3D10C6DA3E458
:10AE70000D6D979B0E6DA9E40F6D989B106D999BBE
:10AE8000116D9A9B126DF7C8136D9B9B146D9C9B63
:10AE9000156D9D9B166D9E9B176DB4CF186D9F9B76
:10AEA000196DA8E41A6DAEE41B6DE5C21C6DA09B84
:10AEB0001D6DA19B1E6DB4B61F6DA29B206DA39B43
:10AEC000216DA49B226DA59B236DA69B246DA79B42
:10AED000256DF2BD266DA89B276DA2E4286DA99B68
:10AEE000296DAA9B2A6DE9BA2B6DAAE42C6DAB9B48
:10AEF0002D6DAC9B2E6DACE42F6DAD9B306DAE9B7C
:10AF0000316DFDB6326DDED6336DB2E4346DAF9B7C
:10AF1000356DADE4366DB09B376DB19B386DB29B2E
:10AF2000396DA1E43A6DB39B3B6DEEBB3C6DDDCD5D
:10AF30003D6DA2C73E6DC9C53F6DB49B406DB59BCD
:10AF4000416DF7C1426DB69B436DA4E4446DB79B60
:10AF5000456DB3C7466DACBD476DBDBD486DA5E43D
:10AF6000496DB89B4A6DC7D74B6DE2B24C6DB99B2A
:10AF70004D6DABE44E6DC3BC4F6DAFE4506DBA9BED
:10AF8000516DEBBB526DB0E4536DA8C5546DB1E487
:10AF9000556DBB9B566DBC9B576DBD9B586DBE9B45
:10AFA000596DE3D55A6DA3BF5B6DBF9B5C6DBAE471
:10AFB0005D6DC09B5E6DB7E45F6DC19B606DBBE472
:10AFC000616DC29B626DC39B636DBDE4646DC49B88
:10AFD000656DC59B666DD6C6676DC69B686DC79B64
:10AFE000696DC6BA6A6DCBC06B6DC89B6C6DC99B31
:10AFF0006D6DCA9B6E6DA1B86F6DB4E4706DCB9B27
:10B00000716DCC9B726DCD9B736DCE9B746DA1D415
:10B01000756DCF9B766DD09B776DA3BA786DFEBDB5
:10B02000796DD19B7A6DD29B7B6DD39B7C6DBCE49B
:10B030007D6DD49B7E6DD59B7F6DD69B806DD79BA0
:10B04000816DD89B826DBFCD836DD99B846DDA9B5A
:10B05000856DF9C4866DDB9B876DDC9B886DFBCFAE
:10B06000896DE6C98A6DDD9B8B6DDE9B8C6DBFD3D0
:10B070008D6DDF9B8E6DD1CF8F6DE09B906DE19BD1
:10B08000916DB3E4926DE29B936DB8E4946DB9E475
:10B09000956DE9CC966DE39B976DE49B986DE59B70
:10B0A000996DE69B9A6DE79B9B6DCECC9C6DE89B62
:10B0B0009D6DD4C09E6DB5E49F6DB0C1A06DB6E42A
:10B0C000A16DD0CEA26DE99BA36DC1BBA46DD3B51C
:10B0D000A56DEA9BA66DF3C8A76DA7BDA86DC7D5E2
:10B0E000A96DACC9AA6DA2B8AB6DCAE4AC6DEB9BFF
:10B0F000AD6DEC9BAE6DCCE4AF6DC4D1B06DED9B8E
:10B10000B16DEE9BB26DBAD2B36DEF9BB46DF09B97
:10B11000B56DADBAB66DF19BB76DF29BB86DD4BA93
:10B12000B96DF39BBA6DF49BBB6DF59BBC6DF69B43
:10B13000BD6DF79BBE6DF89BBF6DC3E4C06DEDB5F3
:10B14000C16DF99BC26DFA9BC36DFB9BC46DCDD7DE
:10B15000C56DC0E4C66DFDCFC76DBFE4C86DFC9B77
:10B16000C96DFD9BCA6DFE9BCB6DDCC1CC6DCACC9D
:10B17000CD6D409CCE6D419CCF6D429CD06D439C6B
:10B18000D16DE7CAD26D449CD36D459CD46D469C6D
:10B19000D56D479CD66DD7C4D76D489CD86DD4CC9F
:10B1A000D96DC8E4DA6D499CDB6D4A9CDC6D4B9C23
:10B1B000DD6DC7E4DE6DC1E4DF6D4C9CE06DC4E481
:10B1C000E16DADB5E26D4D9CE36D4E9CE46DD9D360
:10B1D000E56D4F9CE66DC6E4E76D509CE86D519CB3
:10B1E000E96D529CEA6D539CEB6DF9D2EC6DE3B4C2
:10B1F000ED6D549CEE6DB4BBEF6D559CF06D569C9F
:10B20000F16DEEC9F26D579CF36DBEB4F46D589CB0
:10B21000F56D599CF66D5A9CF76DECBBF86D5B9C17
:10B22000F96DCDD1FA6D5C9CFB6DEDCCFC6DB5ED8F
:10B23000FD6D5D9CFE6D5E9CFF6D5F9C006E609C75
:10B24000016E619C026E629C036E639C046E649C42
:10B25000056EE5C7066E659C076E669C086E679C6A
:10B26000096E689C0A6EA8D40B6E699C0C6ECBE4C8
:10B270000D6ED5D70E6EC2E40F6E6A9C106EA5BD22
:10B28000116EC5E4126E6B9C136E6C9C146EE6D34B
:10B29000156E6D9C166EC9E4176EF8C9186E6E9C1B
:10B2A000196E6F9C1A6EBEE41B6E709C1C6E719CB6
:10B2B0001D6EE5D31E6E729C1F6E739C206EFEC7C2
:10B2C000216EC9B6226E749C236EFCD4246EB3B278
:10B2D000256ED7E4266E759C276E769C286E779C2B
:10B2E000296EC2CE2A6E789C2B6ECDE42C6E799C92
:10B2F0002D6EBCCE2E6E7A9C2F6EDBB8306E7B9C92
:10B30000316E7C9C326ED6E4336E7D9C346ECABF47
:10B31000356E7E9C366E809C376E819C386ECED3A7
:10B32000396E829C3A6EECC33B6E839C3C6E849C6F
:10B330003D6E859C3E6E869C3F6E879C406E889CD1
:10B34000416E899C426E8A9C436EC8C5446ED8E4A7
:10B35000456E8B9C466E8C9C476E8D9C486E8E9C79
:10B36000496E8F9C4A6E909C4B6E919C4C6E929C49
:10B370004D6EC4CD4E6ECFE44F6E939C506E949C38
:10B38000516E959C526E969C536ED4E4546ED5E4E7
:10B39000556E979C566EFEBA576E989C586EE6CFC7
:10B3A000596E999C5A6E9A9C5B6EBFD55C6E9B9C45
:10B3B0005D6E9C9C5E6E9D9C5F6ED2E4606E9E9CFA
:10B3C000616E9F9C626EA09C636EA19C646EA29C49
:10B3D000656EA39C666EA49C676EA59C686EA69C19
:10B3E000696EA79C6A6EA89C6B6ED0E46C6EA99C7B
:10B3F0006D6EAA9C6E6ECEE46F6EAB9C706EAC9C54
:10B40000716EAD9C726EAE9C736EAF9C746EB09C90
:10B41000756EB19C766EB29C776EB39C786EB49C60
:10B42000796EB59C7A6EB69C7B6EB79C7C6EB89C30
:10B430007D6EB99C7E6EE5CD7F6EAACA806EBA9C89
:10B44000816EBB9C826EBC9C836EA3C0846EBD9CCF
:10B45000856EA6BD866ED3E4876EBE9C886EBF9C4B
:10B46000896EC8B88A6EC09C8B6EC19C8C6EC29C63
:10B470008D6EC39C8E6EC49C8F6EE7E4906EB4D4C8
:10B48000916EC59C926EC69C936EC79C946EC89C30
:10B49000956EC99C966ECA9C976ECB9C986EDBE4A9
:10B4A000996ECC9C9A6ECD9C9B6ECE9C9C6EEFC18F
:10B4B0009D6ECF9C9E6ED09C9F6EE9E4A06ED19C49
:10B4C000A16ED29CA26EE7D2A36ED39CA46ED49C34
:10B4D000A56EDFE4A66ED59CA76EE0E4A86ED69CB0
:10B4E000A96ED79CAA6EAACFAB6ED89CAC6ED99C25
:10B4F000AD6EDA9CAE6EDB9CAF6EDDCBB06EDC9CCD
:10B50000B16EDAE4B26ED1E4B36EDD9CB46EE5E404
:10B51000B56EDE9CB66EDCC8B76EE3E4B86EDF9C39
:10B52000B96EE09CBA6EE7C4BB6EE2E4BC6EE19C0F
:10B53000BD6EE1E4BE6EE29CBF6EE39CC06EE49C17
:10B54000C16EFCB3C26EE8E4C36EE59CC46EE69CBB
:10B55000C56EE79CC66EE89CC76EE1B5C86EE99CF7
:10B56000C96EEA9CCA6EEB9CCB6ECCD7CC6EEC9CC1
:10B57000CD6EED9CCE6EEE9CCF6EE6E4D06EEF9C71
:10B58000D16EACBBD26EF09CD36ED2D7D46ECFCC82
:10B59000D56EF8EBD66EF19CD76EE4E4D86EF29CD3
:10B5A000D96EF39CDA6EF6B9DB6EF49CDC6EF59C1A
:10B5B000DD6EF69CDE6ECDD6DF6ED9E4E06EDCE4A7
:10B5C000E16EFAC2E26EDEE4E36EF79CE46ECBC29B
:10B5D000E56EC4C0E66ED0C2E76EF89CE86EF5B1C9
:10B5E000E96EB2CCEA6EF99CEB6EFA9CEC6EFB9CB9
:10B5F000ED6EFC9CEE6EFD9CEF6EFE9CF06E409D31
:10B60000F16E419DF26E429DF36E439DF46ECEB598
:10B61000F56E449DF66E459DF76E469DF86E479D0E
:10B62000F96EEFE4FA6E489DFB6E499DFC6E4A9DF3
:10B63000FD6E4B9DFE6E4C9DFF6E4D9D006F4E9DB1
:10B64000016F4F9D026FAFC6036F509D046F519DF8
:10B65000056F529D066FE1C6076F539D086F549D9D
:10B66000096FF5E40A6F559D0B6F569D0C6F579D42
:10B670000D6F589D0E6F599D0F6FA9C2106F5A9D87
:10B68000116F5B9D126F5C9D136FECC0146FDDD169
:10B69000156FEEE4166F5D9D176F5E9D186F5F9DD1
:10B6A000196F609D1A6F619D1B6F629D1C6F639D7A
:10B6B0001D6F649D1E6F659D1F6F669D206FAEC4DC
:10B6C000216F679D226F689D236F699D246FEDE454
:10B6D000256F6A9D266F6B9D276F6C9D286F6D9DF2
:10B6E000296FF6E42A6FF4E42B6FFEC22C6F6E9D77
:10B6F0002D6FDDE42E6F6F9D2F6FF0E4306F709D26
:10B70000316FFECA326F719D336FC4D5346F729D35
:10B71000356F739D366FF1E4376F749D386F759D8B
:10B72000396F769D3A6F779D3B6F789D3C6F799D21
:10B730003D6F7A9D3E6FFAD13F6F7B9D406F7C9D40
:10B74000416F7D9D426F7E9D436F809D446F819DC3
:10B75000456F829D466FEBE4476FECE4486F839D35
:10B76000496F849D4A6F859D4B6FF2E44C6F869DB7
:10B770004D6FABCE4E6F879D4F6F889D506F899DEB
:10B78000516F8A9D526F8B9D536F8C9D546F8D9D11
:10B79000556F8E9D566F8F9D576F909D586FCBC57F
:10B7A000596F919D5A6F929D5B6F939D5C6FB1C76E
:10B7B0005D6F949D5E6FBAC25F6F959D606F969D41
:10B7C000616F979D626FEAE4636F989D646F999DC6
:10B7D000656F9A9D666FCAC1676F9B9D686F9C9DE0
:10B7E000696F9D9D6A6F9E9D6B6F9F9D6C6FA09D05
:10B7F0006D6FB6CC6E6FB1B36F6FA19D706FA29D70
:10B80000716FA39D726FFBE4736FA49D746FF3E47B
:10B81000756FA59D766FA69D776FA79D786FFAE4EB
:10B82000796FA89D7A6FFDE47B6FA99D7C6FFCE426
:10B830007D6FAA9D7E6FAB9D7F6FAC9D806FAD9D30
:10B84000816FAE9D826FAF9D836FB09D846FCEB3CD
:10B85000856FB19D866FB29D876FB39D886FBAB3B8
:10B86000896FF7E48A6FB49D8B6FB59D8C6FF9E497
:10B870008D6FF8E48E6FECC58F6FB69D906FB79D9E
:10B88000916FB89D926FB99D936FBA9D946FBB9D58
:10B89000956FBC9D966FBD9D976FBE9D986FBF9D28
:10B8A000996FC09D9A6FC19D9B6FC29D9C6FBDC0DB
:10B8B0009D6FC39D9E6FC49D9F6FC59DA06FC69DCC
:10B8C000A16FE8D4A26FC79DA36FC89DA46FC99D47
:10B8D000A56FCA9DA66FCB9DA76FA2E5A86FCC9D53
:10B8E000A96FCD9DAA6FCE9DAB6FCF9DAC6FD09D44
:10B8F000AD6FD19DAE6FD29DAF6FD39DB06FD49D14
:10B90000B16FD59DB26FD69DB36FC4B0B46FD79DE4
:10B91000B56FD89DB66FA4E5B76FD99DB86FDA9DA6
:10B92000B96FA3E5BA6FDB9DBB6FDC9DBC6FDD9D7E
:10B93000BD6FDE9DBE6FDF9DBF6FE09DC06FA4BC7D
:10B94000C16FE19DC26FA5E5C36FE29DC46FE39D2A
:10B95000C56FE49DC66FE59DC76FE69DC86FE79D07
:10B96000C96FA1E5CA6FE89DCB6FE99DCC6FEA9DD9
:10B97000CD6FEB9DCE6FEC9DCF6FED9DD06FEE9DAB
:10B98000D16FFEE4D26FF4B1D36FEF9DD46FF09D11
:10B99000D56FF19DD66FF29DD76FF39DD86FF49D53
:10B9A000D96FF59DDA6FF69DDB6FF79DDC6FF89D23
:10B9B000DD6FF99DDE6FA8E5DF6FFA9DE06FA9E509
:10B9C000E16FA6E5E26FFB9DE36FFC9DE46FFD9DDB
:10B9D000E56FFE9DE66F409EE76F419EE86F429ED9
:10B9E000E96F439EEA6F449EEB6F459EEC6F469E67
:10B9F000ED6F479EEE6FA7E5EF6FAAE5F06F489EEB
:10BA0000F16F499EF26F4A9EF36F4B9EF46F4C9E0E
:10BA1000F56F4D9EF66F4E9EF76F4F9EF86F509EDE
:10BA2000F96F519EFA6F529EFB6F539EFC6F549EAE
:10BA3000FD6F559EFE6F569EFF6F579E0070589E7D
:10BA40000170599E02705A9E03705B9E04705C9E4A
:10BA500005705D9E06705E9E07705F9E0870609E1A
:10BA60000970619E0A70629E0B70639E0C70649EEA
:10BA70000D70659E0E70669E0F70679E1070689EBA
:10BA80001170D9C61270699E13706A9E14706B9EF5
:10BA900015706C9E16706D9E17706E9E18706F9E5E
:10BAA0001970709E1A70ABE51B70ADE51C70719E2D
:10BAB0001D70729E1E70739E1F70749E2070759E06
:10BAC0002170769E2270779E2370ACE52470789E5C
:10BAD0002570799E26707A9E27707B9E28707C9EAA
:10BAE00029707D9E2A707E9E2B70809E2C70819E78
:10BAF0002D70829E2E70839E2F70849E3070859E46
:10BB00003170869E3270879E3370889E3470899E15
:10BB10003570AFE536708A9E37708B9E38708C9E7C
:10BB20003970AEE53A708D9E3B708E9E3C708F9E54
:10BB30003D70909E3E70919E3F70929E4070939E8D
:10BB40004170949E4270959E4370969E4470979E5D
:10BB50004570989E4670999E47709A9E48709B9E2D
:10BB600049709C9E4A709D9E4B709E9E4C70E0B9A1
:10BB70004D709F9E4E70A09E4F70B0E55070A19E7C
:10BB80005170A29E5270A39E5370A49E5470A59EA5
:10BB90005570A69E5670A79E5770A89E5870A99E75
:10BBA0005970AA9E5A70AB9E5B70AC9E5C70AD9E45
:10BBB0005D70AE9E5E70B1E55F70AF9E6070B09ECE
:10BBC0006170B19E6270B29E6370B39E6470B49EE9
:10BBD0006570B59E6670B69E6770B79E6870B89EB9
:10BBE0006970B99E6A70BA9E6B70F0BB6C70E1ECC4
:10BBF0006D70F0C36E70BB9E6F70C6B57070D2BBB7
:10BC00007170BC9E7270BD9E7370BE9E7470BF9E3C
:10BC10007570E9C17670EED47770C09E7870C4BE3E
:10BC20007970C19E7A70C29E7B70C39E7C70C6D7AD
:10BC30007D70C49E7E70D6D47F70D3B28070BEEC0F
:10BC40008170C59E8270C69E8370C79E8470C89E98
:10BC50008570C1EA8670C99E8770CA9E8870CB9E27
:10BC60008970AFC28A70B6B48B70CC9E8C70CD9E3A
:10BC70008D70CE9E8E70D7D18F70CF9E9070D09EDB
:10BC80009170D19E9270B4B39370D29E9470B2C8EA
:10BC90009570BBBF9670C0EC9770D39E9870D49E81
:10BCA0009970CBD69A70D59E9B70D69E9C70BFEC37
:10BCB0009D70C1EC9E70D79E9F70D89EA070D99E3B
:10BCC000A170DA9EA270DB9EA370DC9EA470DD9E44
:10BCD000A570DE9EA670DF9EA770E09EA870E19E14
:10BCE000A970E29EAA70E39EAB70C5ECAC70E6BE94
:10BCF000AD70BFCCAE70DAC5AF70BCBEB070E49EA4
:10BD0000B170C6ECB270E59EB370FEB1B470E69E41
:10BD1000B570E79EB670E89EB770C4ECB870A8D551
:10BD2000B970E3B5BA70E99EBB70C2ECBC70B6C125
:10BD3000BD70E3B3BE70EA9EBF70EB9EC070C3ECF3
:10BD4000C170B8CBC270C3C0C370FECCC470EC9ECF
:10BD5000C570ED9EC670EE9EC770EF9EC870D2C1D2
:10BD6000C970F09ECA70C8ECCB70F19ECC70F29E88
:10BD7000CD70F39ECE70F49ECF70F59ED070F69E7F
:10BD8000D170F79ED270F89ED370F99ED470FA9E4F
:10BD9000D570FB9ED670FC9ED770FD9ED870E6BA1B
:10BDA000D970D3C0DA70FE9EDB70F2D6DC70409F93
:10BDB000DD70419FDE70429FDF70CCD1E070439F09
:10BDC000E170449FE270459FE370469FE470BEBF00
:10BDD000E570479FE670B3B7E770D5C9E870C7EC68
:10BDE000E970E2BBEA70489FEB70CCCCEC70FDBD13
:10BDF000ED70C8C8EE70499FEF70A9CFF0704A9FF0
:10BE0000F1704B9FF2704C9FF3704D9FF4704E9FFA
:10BE1000F5704F9FF670509FF770E9CDF870519F05
:10BE2000F970EBC5FA70529FFB70539FFC70549FE2
:10BE3000FD70E9B7FE70559FFF70569F0071579FC8
:10BE40000171589F0271599F03715A9F04715B9F42
:10BE500005715C9F06715D9F07715E9F08715F9F12
:10BE60000971C9D10A71B8BA0B71609F0C71619FD9
:10BE70000D71629F0E71639F0F71649F1071C9EC09
:10BE80001171659F1271669F1371CAEC1471679FDF
:10BE90001571C0BB1671CBEC1771689F1871E2EC7D
:10BEA0001971BAB11A71D9B71B71699F1C716A9F58
:10BEB0001D716B9F1E716C9F1F716D9F20716E9F16
:10BEC00021716F9F2271709F2371719F2471729FE6
:10BED0002571739F2671B9BD2771749F2871759F55
:10BEE0002971769F2A71779F2B71789F2C71799F8A
:10BEF0002D717A9F2E717B9F2F71CCEC3071E6D122
:10BF00003171CDEC32717C9F33717D9F34717E9F96
:10BF10003571809F3671BBC83771819F3871829FA0
:10BF20003971839F3A71849F3B71859F3C71869FD5
:10BF30003D71879F3E71889F3F71899F40718A9FA5
:10BF400041718B9F42718C9F43718D9F44718E9F75
:10BF50004571D1EC46718F9F4771909F4871919FB9
:10BF60004971929F4A71D3EC4B71939F4C71CDBB39
:10BF70004D71949F4E71E5BC4F71959F5071969F86
:10BF80005171979F5271989F5371999F54719A9FC5
:10BF900055719B9F56719C9F57719D9F58719E9F95
:10BFA00059719F9F5A71A09F5B71A19F5C71CFECEB
:10BFB0005D71A29F5E71B7C95F71A39F6071A49FFD
:10BFC0006171A59F6271A69F6371A79F6471BAC3D7
:10BFD0006571A89F6671E3EC6771D5D56871D0EC87
:10BFE0006971A99F6A71AA9F6B71AB9F6C71AC9FBD
:10BFF0006D71AD9F6E71F3D66F71AE9F7071AF9F13
:10C000007171B09F7271D2EC7371CEEC7471B19F8B
:10C010007571B29F7671B39F7771B49F7871D4ECCC
:10C020007971B59F7A71D5EC7B71B69F7C71B79FA2
:10C030007D71BFC97E71B89F7F71B99F8071BA9FB2
:10C040008171BB9F8271BC9F8371BD9F8471A8CF9A
:10C050008571BE9F8671BF9F8771C09F8871C19F88
:10C060008971C29F8A71DCD08B71C39F8C71C49F10
:10C070008D71C59F8E71C69F8F71ACD19071C79F16
:10C080009171C89F9271C99F9371CA9F9471DBC8C7
:10C090009571CB9F9671CC9F9771CD9F9871D6EC7F
:10C0A0009971F5CE9A71CE9F9B71CF9F9C71D09F55
:10C0B0009D71D19F9E71D29F9F71ECCAA071DAECE5
:10C0C000A171D39FA271D49FA371D59FA471D69F54
:10C0D000A571D79FA671D89FA771D99FA871D9ECD8
:10C0E000A971DA9FAA71DB9FAB71DC9FAC71BEB006
:10C0F000AD71DD9FAE71DE9FAF71DF9FB071E09FCC
:10C10000B171E19FB271E29FB371D7ECB471E39F5B
:10C11000B571D8ECB671E49FB771E59FB871E69F31
:10C12000B971E4ECBA71E79FBB71E89FBC71E99FFC
:10C13000BD71EA9FBE71EB9FBF71EC9FC071ED9F17
:10C14000C171EE9FC271EF9FC371BCC8C471F09FF3
:10C15000C571F19FC671F29FC771F39FC871F49FBB
:10C16000C971F59FCA71F69FCB71F79FCC71F89F8B
:10C17000CD71F99FCE71C7C1CF71FA9FD071FB9F6E
:10C18000D171FC9FD271FD9FD371FE9FD471DCEC05
:10C19000D571E0D1D67140A0D77141A0D87142A02D
:10C1A000D97143A0DA7144A0DB7145A0DC7146A0CF
:10C1B000DD7147A0DE7148A0DF7149A0E071DBECC2
:10C1C000E1714AA0E2714BA0E3714CA0E4714DA073
:10C1D000E571EFD4E6714EA0E771DDECE8714FA098
:10C1E000E97150A0EA7151A0EB7152A0EC7153A01B
:10C1F000ED7154A0EE71C6DBEF7155A0F07156A041
:10C20000F17157A0F27158A0F37159A0F4715AA0BE
:10C21000F5715BA0F6715CA0F7715DA0F8715EA08E
:10C22000F971DEECFA715FA0FB7160A0FC7161A096
:10C23000FD7162A0FE7163A0FF7164A0007265A031
:10C24000017266A0027267A0037268A0047269A0FE
:10C2500005726AA00672ACB107726BA008726CA07E
:10C2600009726DA00A726EA00B726FA00C7270A0A2
:10C270000D7271A00E7272A00F7273A0107274A072
:10C28000117275A0127276A0137277A0147278A042
:10C29000157279A016727AA017727BA018727CA012
:10C2A00019727DA01A727EA01B7280A01C7281A0E0
:10C2B0001D72DFEC1E7282A01F7283A0207284A008
:10C2C000217285A0227286A0237287A0247288A082
:10C2D000257289A026728AA027728BA02872E0ECB2
:10C2E00029728CA02A72A6D72B728DA02C72C0C581
:10C2F0002D728EA02E728FA02F7290A03072BCEB88
:10C300003172AEB0327291A0337292A0347293A0A7
:10C310003572F4BE3672B8B83772AFD23872D6B052
:10C320003972F9B53A7294A03B72B3D83C7295A0B9
:10C330003D72ACCB3E7296A03F72DDE3407297A097
:10C34000417298A0427299A043729AA044729BA035
:10C3500045729CA046729DA04772ACC64872E6B07A
:10C3600049729EA04A729FA04B72A0A04C72C6C593
:10C370004D72B9EB4E72A1A04F72A2A05072A3A051
:10C380005172A4A05272BAEB5372A5A05472A6A027
:10C390005572A7A05672BBEB5772A8A05872A9A0FD
:10C3A0005972C0D15A72AAA05B72A3C55C72ABA0CD
:10C3B0005D72F2EA5E72ACA05F72B2C46072ADA050
:10C3C0006172B5C46272CEC06372AEA06472AFA077
:10C3D0006572B0A06672F3EA6772C1C46872B1A0F8
:10C3E0006972EFCE6A72B2A06B72B3A06C72B4A025
:10C3F0006D72B5A06E72F0EA6F72F4EA7072B6A058
:10C400007172B7A07272FCC97372B8A07472B9A0CD
:10C410007572A3C77672BAA07772BBA07872BCA0FF
:10C420007972D8CC7A72FECE7B72BDA07C72BEA02F
:10C430007D72BFA07E72F5EA7F72F6EA8072ACCFA1
:10C440008172E7C08272C0A08372C1A08472F7EAD1
:10C450008572C2A08672C3A08772C4A08872C5A06C
:10C460008972C6A08A72BFB68B72F8EA8C72C7A0B6
:10C470008D72F9EA8E72C8A08F72FAEA9072C9A022
:10C480009172CAA09272FBEA9372CBA09472CCA074
:10C490009572CDA09672CEA09772CFA09872D0A0C0
:10C4A0009972D1A09A72D2A09B72D3A09C72D4A090
:10C4B0009D72D5A09E72D6A09F72F1EAA072D7A0FD
:10C4C000A172D8A0A272D9A0A372DAA0A472DBA034
:10C4D000A572DCA0A672DDA0A772DEA0A872DFA004
:10C4E000A972E0A0AA72E1A0AB72E2A0AC72AEC8E1
:10C4F000AD72EBE1AE72E3A0AF72B8B7B072ECE12F
:10C50000B172E4A0B272E5A0B372E6A0B472EDE13C
:10C51000B572E7A0B672B4D7B772EEE1B872EFE1C8
:10C52000B972CCD3BA72E8A0BB72E9A0BC72EAA01F
:10C53000BD72EBA0BE72ECA0BF72EDA0C072EEA007
:10C54000C172F1E1C272F1BFC372F0E1C472D2B53F
:10C55000C572EFA0C672F0A0C772F1A0C872B7B1E1
:10C56000C972F2A0CA72F3A0CB72F4A0CC72F5A08B
:10C57000CD72F3E1CE72F2E1CF72F6A0D072FCBAC6
:10C58000D172F7A0D272F4E1D372F8A0D472F9A0FC
:10C59000D572FAA0D672FBA0D772B7B9D872FCA038
:10C5A000D972D1BEDA72FDA0DB72FEA0DC7240AAA5
:10C5B000DD7241AADE72FCC4DF7242AAE072DDBA0B
:10C5C000E172C6BDE27243AAE37244AAE47245AACC
:10C5D000E57246AAE67247AAE77248AAE872F5E150
:10C5E000E972F7E1EA7249AAEB724AAAEC72C0B6A4
:10C5F000ED72C1CFEE72A8CAEF72F6E1F072F8D513
:10C60000F172FCD3F272F8E1F372FCE1F472F9E139
:10C61000F5724BAAF6724CAAF772FAE1F872EAC008
:10C62000F9724DAAFA72FEE1FB72A1E2FC72C7C078
:10C63000FD724EAAFE724FAAFF7250AA007351AA51
:10C640000173FBE1027352AA0373FDE1047353AA61
:10C65000057354AA067355AA077356AA087357AAF6
:10C66000097358AA0A73A5E20B7359AA0C735AAA44
:10C670000D735BAA0E73D4C10F735CAA10735DAA0D
:10C6800011735EAA12735FAA1373A3E2147360AAF4
:10C690001573A8E21673FEB21773A2E2187361AAAB
:10C6A000197362AA1A7363AA1B73CDC31C73C2B237
:10C6B0001D73A7E21E73A6E21F7364AA207365AA06
:10C6C0002173A4E22273A9E2237366AA247367AAE2
:10C6D0002573ABE2267368AA277369AA28736AAA2E
:10C6E0002973C9D02A73EDD62B73A8C32C73ACE27F
:10C6F0002D736BAA2E73D7CF2F736CAA30736DAACC
:10C700003173AEE232736EAA33736FAA3473EFBA29
:10C71000357370AA367371AA3773E0E93873ADE2E6
:10C720003973AAE23A7372AA3B7373AA3C7374AA70
:10C730003D7375AA3E73ABBB3F73B3D4407376AA07
:10C74000417377AA427378AA437379AA44737AAA89
:10C7500045737BAA46737CAA47737DAA48737EAA59
:10C76000497380AA4A7381AA4B7382AA4C7383AA25
:10C770004D73B0E24E7384AA4F7385AA5073AFE233
:10C78000517386AA5273E1E9537387AA547388AA36
:10C79000557389AA56738AAA5773B1E258738BAA44
:10C7A00059738CAA5A738DAA5B738EAA5C738FAA75
:10C7B0005D7390AA5E7391AA5F7392AA6073B2E2EE
:10C7C000617393AA627394AA637395AA647396AA19
:10C7D000657397AA667398AA677399AA68739AAAE9
:10C7E00069739BAA6A739CAA6B739DAA6C73B3E26C
:10C7F0006D73A1CC6E739EAA6F73B4E270739FAA1F
:10C800007173A0AA727340AB737341AB747342AB84
:10C81000757343AB767344AB777345AB787346ABB4
:10C82000797347AB7A7348AB7B7349AB7C734AAB84
:10C830007D734BAB7E73B5E27F734CAB80734DABB6
:10C8400081734EAB82734FAB837350AB8473FED056
:10C85000857351AB867352AB8773CAC2887353AB6F
:10C860008973F1D38A7354AB8B73F5CD8C7355AB4D
:10C870008D7356AB8E73E0E78F7357AB907358ABE5
:10C880009173E1E7927359AB93735AAB94735BABBB
:10C8900095735CAB9673C1BE97735DAB98735EABDB
:10C8A00099735FAB9A7360AB9B73EAC29C7361AB85
:10C8B0009D7362AB9E7363AB9F73E4E7A07364AB3D
:10C8C000A17365ABA273E3E7A37366ABA47367AB15
:10C8D000A57368ABA67369ABA7736AABA8736BABA0
:10C8E000A973E6CDAA736CABAB73B5C3AC736DAB78
:10C8F000AD736EABAE73E2E7AF73B7BBB073D6CFB9
:10C90000B1736FABB273E1C1B373E9E7B47370ABEA
:10C91000B57371ABB67372ABB773E8E7B87373AB4B
:10C92000B97374ABBA73F4E7BB73A3B2BC7375ABE2
:10C93000BD7376ABBE7377ABBF7378ABC073EAE7FA
:10C94000C17379ABC273E6E7C3737AABC4737BABD5
:10C95000C5737CABC6737DABC7737EABC873ECE7A6
:10C96000C973EBE7CA73BAC9CB7380ABCC7381AB25
:10C97000CD73E4D5CE7382ABCF73E5E7D073A9B79F
:10C98000D173E7E7D27383ABD37384ABD47385AB36
:10C99000D57386ABD67387ABD77388ABD87389ABA7
:10C9A000D973EEE7DA738AABDB738BABDC738CABDA
:10C9B000DD738DABDE73F3E7DF738EABE073E9D627
:10C9C000E1738FABE27390ABE37391ABE47392AB23
:10C9D000E573EDE7E67393ABE773F2E7E87394ABC7
:10C9E000E973F1E7EA7395ABEB7396ABEC7397AB36
:10C9F000ED73E0B0EE7398ABEF7399ABF0739AAB55
:10CA0000F1739BABF273F5E7F3739CABF4739DABDF
:10CA1000F5739EABF6739FABF773A0ABF87340ACA6
:10CA2000F97341ACFA7342ACFB7343ACFC7344AC96
:10CA3000FD7345ACFE7346ACFF7347AC007448AC65
:10CA4000017449AC02744AAC0374F2C704744BAC71
:10CA50000574C5C00674EDC007744CAC08744DACC9
:10CA60000974F0C10A74F0E70B744EAC0C744FAC4F
:10CA70000D7450AC0E7451AC0F74F6E71074F6CB15
:10CA8000117452AC127453AC137454AC147455AC8E
:10CA9000157456AC167457AC177458AC187459AC5E
:10CAA00019745AAC1A74A2E81B74A1E81C745BAC2C
:10CAB0001D745CAC1E745DAC1F745EAC20745FAC06
:10CAC000217460AC2274C1D7237461AC247462AC4D
:10CAD0002574FAE72674F9E7277463AC2874FBE73A
:10CAE000297464AC2A74F7E72B7465AC2C74FEE7E8
:10CAF0002D7466AC2E74FDE72F7467AC3074FCE7C0
:10CB0000317468AC327469AC3374D5C13474D9C72C
:10CB10003574FDC53674C3C537746AAC38746BACF4
:10CB200039746CAC3A746DAC3B746EAC3C74EDC74C
:10CB30003D746FAC3E7470AC3F7471AC407472ACB9
:10CB40004174A3E8427473AC437474AC447475AC20
:10CB5000457476AC467477AC477478AC487479AC5D
:10CB600049747AAC4A747BAC4B747CAC4C747DAC2D
:10CB70004D747EAC4E7480AC4F7481AC507482ACFA
:10CB8000517483AC527484AC537485AC547486ACC9
:10CB90005574A6E8567487AC5774A5E8587488ACE9
:10CBA0005974A7E85A74F7BA5B74F8E75C74A4E8A0
:10CBB0005D7489AC5E74F0C85F74AAC960748AAC95
:10CBC00061748BAC62748CAC63748DAC64748EAC29
:10CBD00065748FAC667490AC677491AC687492ACF9
:10CBE000697493AC6A7494AC6B7495AC6C7496ACC9
:10CBF0006D74A9E86E7497AC6F7498AC7074E5B9F5
:10CC0000717499AC72749AAC73749BAC74749CAC70
:10CC100075749DAC7674FED17774A8E878749EAC78
:10CC200079749FAC7A74A0AC7B7440AD7C7441ADD8
:10CC30007D7442AD7E74AAE87F7443AD8074ADE824
:10CC40008174AEE8827444AD8374A7C1847445AD29
:10CC5000857446AD867447AD8774AFE8887448AD77
:10CC6000897449AD8A744AAD8B74B0E88C744BAD4D
:10CC70008D744CAD8E74ACE88F744DAD9074B4E887
:10CC800091744EAD92744FAD937450AD947451AD98
:10CC9000957452AD967453AD977454AD987455AD68
:10CCA000997456AD9A7457AD9B7458AD9C74ABE8AB
:10CCB0009D7459AD9E74B1E89F745AADA0745BAD7C
:10CCC000A1745CADA2745DADA3745EADA4745FADE0
:10CCD000A57460ADA67461ADA774B5E8A874B2E898
:10CCE000A974B3E8AA7462ADAB7463ADAC7464ADFF
:10CCF000AD7465ADAE7466ADAF7467ADB07468AD5C
:10CD0000B17469ADB2746AADB3746BADB4746CAD2B
:10CD1000B5746DADB6746EADB7746FADB87470ADFB
:10CD2000B97471ADBA74B7E8BB7472ADBC7473AD4D
:10CD3000BD7474ADBE7475ADBF7476ADC07477AD9F
:10CD4000C17478ADC27479ADC3747AADC4747BAD6F
:10CD5000C5747CADC6747DADC7747EADC87480AD3E
:10CD6000C97481ADCA7482ADCB7483ADCC7484AD0B
:10CD7000CD7485ADCE7486ADCF7487ADD07488ADDB
:10CD8000D17489ADD274B6E8D3748AADD4748BAD46
:10CD9000D5748CADD6748DADD7748EADD8748FAD7F
:10CDA000D97490ADDA7491ADDB7492ADDC74CFB907
:10CDB000DD7493ADDE74ACF0DF7494ADE074ADF06F
:10CDC000E17495ADE274B0C6E374EAB0E474BFC830
:10CDD000E57496ADE674DFCDE77497ADE87498AD71
:10CDE000E97499ADEA749AADEB749BADEC749CADAB
:10CDF000ED749DADEE74CDCEEF74B1EAF0749EADDE
:10CE0000F1749FADF274A0ADF37440AEF474B2EA65
:10CE1000F57441AEF674BFC6F774C9B4F87442AE87
:10CE2000F97443AEFA7444AEFB7445AEFC7446AE7E
:10CE3000FD7447AEFE7448AEFF74B3EA007549AEA8
:10CE400001754AAE02754BAE03754CAE0475E7D55D
:10CE500005754DAE06754EAE07754FAE087550AEF2
:10CE6000097551AE0A7552AE0B7553AE0C7554AEC2
:10CE70000D75F9DD0E7555AE0F75B4EA107556AE29
:10CE80001175B5EA127557AE1375B6EA147558AE3A
:10CE9000157559AE16755AAE17755BAE1875CAB8CA
:10CEA0001975B0DF1A75F5C91B755CAE1C75F0CC31
:10CEB0001D755DAE1E755EAE1F75FAC920755FAE3D
:10CEC000217560AE227561AE237562AE247563AEC6
:10CED0002575FBC9267564AE277565AE2875C3D365
:10CEE0002975A6CB2A7566AE2B75A6B82C75AEF043
:10CEF0002D75C2B12E7567AE2F75B8E53075EFCCC4
:10CF00003175C9D33275D7BC3375EAC9347568AE8B
:10CF10003575E7B5367569AE3775D0C43875E9B57E
:10CF200039756AAE3A75AEEE3B75ADBB3C756BAE0E
:10CF30003D756CAE3E75DEE73F756DAE4075AFEE8C
:10CF400041756EAE42756FAE437570AE447571AE8D
:10CF50004575A9B3467572AE477573AE4875B2EEA6
:10CF6000497574AE4A7575AE4B75B1EE4C75E7BD3B
:10CF70004D7576AE4E75B0EE4F75B7CE507577AE37
:10CF8000517578AE527579AE53757AAE5475CFC57A
:10CF900055757BAE56757CAE57757DAE58757EAEB9
:10CFA0005975F4C15A75CEDB5B75B3EE5C75F3D081
:10CFB0005D7580AE5E7581AE5F7582AE607583AE65
:10CFC000617584AE627585AE637586AE647587AE35
:10CFD0006575D4C26675E8C6677588AE687589AE32
:10CFE00069758AAE6A75ACB76B758BAE6C758CAEB5
:10CFF0006D758DAE6E758EAE6F758FAE707590AEB1
:10D00000717591AE7275B4EE737592AE7475EBB3C3
:10D01000757593AE767594AE777595AE7875FBBBE6
:10D020007975B5EE7A7596AE7B7597AE7C7598AED0
:10D030007D7599AE7E759AAE7F75DCE780759BAE87
:10D0400081759CAE82759DAE8375B6EE84759EAE7D
:10D0500085759FAE8675AEBD8775A0AE887540AFED
:10D06000897541AF8A7542AF8B75E2F18C7543AF1C
:10D070008D7544AF8E7545AF8F75E8CA907546AF14
:10D080009175C9D29275DAF0937547AF9475DBF05C
:10D09000957548AF9675DCF09775C6C1987549AF20
:10D0A0009975EDB89A75CEBE9B754AAF9C754BAF1E
:10D0B0009D75DEF09E754CAF9F75B1C5A075DDF016
:10D0C000A175F1D1A2754DAFA375E0F0A475CCB0F8
:10D0D000A575EABDA6754EAFA7754FAFA87550AF41
:10D0E000A97551AFAA7552AFAB75DFD2AC75DFF041
:10D0F000AD7553AFAE75AFB4AF75E8B7B075E6F0C8
:10D10000B175E5F0B275A3C6B375E1F0B475E2F0A0
:10D11000B575C3B4B67554AFB77555AFB875E3F010
:10D12000B975EED5BA7556AFBB7557AFBC75DBCCCC
:10D13000BD75D2BEBE75B2BCBF7558AFC07559AF14
:10D14000C1755AAFC275E8F0C375E7F0C475E4F075
:10D15000C575A1B2C6755BAFC775A2D6C875B8D381
:10D16000C975B7BECA75ACC8CB755CAFCC755DAFC1
:10D17000CD75EAF0CE755EAFCF755FAFD07560AF9D
:10D18000D17561AFD275F7D1D37562AFD475CCD6F6
:10D19000D575DBBAD675E9F0D77563AFD875BBB670
:10D1A000D97564AFDA7565AFDB75B4CDDC7566AF84
:10D1B000DD7567AFDE75A6C6DF7568AFE07569AF70
:10D1C000E1756AAFE275A1C1E375EBF0E475EEF0CD
:10D1D000E5756BAFE675EDF0E775F0F0E875ECF02E
:10D1E000E9756CAFEA75BEBBEB75EFF0EC756DAF32
:10D1F000ED756EAFEE756FAFEF7570AFF075B5CCC6
:10D20000F175F2F0F27571AFF37572AFF475D5B3D5
:10D21000F57573AFF67574AFF77575AFF87576AFD2
:10D22000F975D4B1FA7577AFFB7578AFFC75F3F08B
:10D23000FD7579AFFE757AAFFF75F4F00076F6F004
:10D240000176E1B402767BAF0376F1F004767CAF31
:10D250000576F7F006767DAF07767EAF087680AF6D
:10D26000097681AF0A76FAF00B7682AF0C76F8F089
:10D270000D7683AF0E7684AF0F7685AF1076F5F01E
:10D28000117686AF127687AF137688AF147689AFA2
:10D290001576FDF016768AAF1776F9F01876FCF061
:10D2A0001976FEF01A768BAF1B76A1F11C768CAF47
:10D2B0001D768DAF1E768EAF1F76C1CE2076A4F17F
:10D2C00021768FAF2276A3F1237690AF2476F6C134
:10D2D0002576FBF02676DDCA277691AF287692AFC9
:10D2E0002976F1B42A76F1B12B76B1CC2C7693AFB6
:10D2F0002D76A6F12E7694AF2F7695AF3076A7F1E6
:10D30000317696AF327697AF3376ACF13476CED5B0
:10D310003576A9F1367698AF377699AF3876B3C8B7
:10D3200039769AAF3A769BAF3B769CAF3C76A2F1CA
:10D330003D769DAF3E76ABF13F76A8F14076A5F104
:10D3400041769EAF42769FAF4376AAF14476A0AF76
:10D35000457640B0467641B0477642B0487643B015
:10D36000497644B04A7645B04B7646B04C76A9B083
:10D370004D76ADF14E7647B04F7648B0507649B015
:10D3800051764AB052764BB053764CB05476AFF1EA
:10D3900055764DB05676B1F157764EB058764FB0BF
:10D3A000597650B05A7651B05B7652B05C76B0F197
:10D3B0005D7653B05E76AEF15F7654B0607655B070
:10D3C000617656B0627657B06376A2D1647658B073
:10D3D000657659B066765AB067765BB068765CB0B1
:10D3E00069765DB06A765EB06B76B2F16C765FB0EE
:10D3F0006D7660B06E7661B06F76B3F1707662B0C4
:10D40000717663B0727664B0737665B0747666B028
:10D41000757667B0767668B0777669B07876EFB96A
:10D4200079766AB07A766BB07B76C7B57C766CB06D
:10D430007D76D7B07E76D9B07F766DB080766EB0CF
:10D4400081766FB08276EDD4837670B08476C4B581
:10D45000857671B08676D4BD8776CABB8876A7F00C
:10D46000897672B08A7673B08B76DEB88C7674B0BB
:10D470008D7675B08E76A8F08F7676B0907677B090
:10D480009176A8B0927678B09376A9F0947679B038
:10D4900095767AB09676EECD97767BB098767CB01E
:10D4A0009976AAF09A767DB09B767EB09C7680B015
:10D4B0009D7681B09E7682B09F7683B0A07684B050
:10D4C000A17685B0A27686B0A37687B0A476ABF0BD
:10D4D000A57688B0A67689B0A7768AB0A8768BB0F4
:10D4E000A9768CB0AA768DB0AB768EB0AC768FB0C4
:10D4F000AD7690B0AE76A4C6AF7691B0B07692B06D
:10D50000B176E5D6B276E4F1B37693B0B476E5F1D0
:10D51000B57694B0B67695B0B77696B0B87697B043
:10D52000B97698B0BA7699B0BB769AB0BC769BB013
:10D53000BD769CB0BE769DB0BF76F3C3C0769EB07C
:10D54000C1769FB0C276DBD3C376A0B0C47640B1BB
:10D55000C576D1D6C676E8C5C77641B1C876AFD311
:10D56000C97642B1CA76E6D2CB7643B1CC7644B125
:10D57000CD76C1EECE76BBB0CF76B5D5D076CED156
:10D58000D176E0BCD276D0BAD37645B1D476F8BFA6
:10D59000D57646B1D676C7B8D776C1B5D876CCC5DC
:10D5A000D97647B1DA7648B1DB76A2CADC7649B1E2
:10D5B000DD764AB1DE764BB1DF76CBC3E0764CB197
:10D5C000E1764DB1E2764EB1E3764FB1E47650B1FB
:10D5D000E576C2EEE67651B1E77652B1E87653B120
:10D5E000E97654B1EA7655B1EB7656B1EC7657B19F
:10D5F000ED7658B1EE76BFC4EF76A2B6F07659B1AB
:10D60000F176ECEDF276A4C3F3765AB1F476B1D6A6
:10D61000F5765BB1F6765CB1F7765DB1F876E0CF82
:10D62000F976EFEDFA765EB1FB765FB1FC76CEC5AA
:10D63000FD7660B1FE76DCB6FF7661B1007762B14F
:10D640000177A1CA027763B1037764B10477EDED86
:10D65000057765B1067766B10777F0ED0877F1EDEC
:10D660000977BCC30A7767B10B77B4BF0C7768B191
:10D670000D77EEED0E7769B10F776AB110776BB168
:10D6800011776CB112776DB113776EB114776FB1FA
:10D69000157770B1167771B1177772B1187773B1CA
:10D6A0001977F4ED1A77F2ED1B7774B11C7775B129
:10D6B0001D7776B11E7777B11F77E6D52077DFC368
:10D6C000217778B12277F3ED237779B124777AB196
:10D6D00025777BB12677F6ED27777CB12877A3D520
:10D6E0002977A3D12A777DB12B777EB12C7780B1B2
:10D6F0002D77F5ED2E7781B12F77D0C3307782B1BA
:10D70000317783B1327784B1337785B1347786B19D
:10D710003577F7ED3677F4BF3777ECBE3877F8ED2D
:10D72000397787B13A77F7CC3B7788B13C77DBD153
:10D730003D7789B13E778AB13F778BB14077C5D7C6
:10D740004177F6D542778CB14377FCED44778DB1C4
:10D7500045778EB146778FB14777FBED487790B12B
:10D76000497791B14A7792B14B7793B14C7794B1A5
:10D770004D7795B14E7796B14F7797B15077F9EDD8
:10D780005177FAED527798B1537799B154779AB1AE
:10D7900055779BB156779CB157779DB158779EB11D
:10D7A00059779FB15A77FDED5B77A6BE5C77A0B144
:10D7B0005D7740B25E7741B25F7742B2607743B245
:10D7C0006177AFCB6277A1EE6377BDB6647744B281
:10D7D0006577A2EE6677C0C4677745B26877FEEDDD
:10D7E000697746B26A7747B26B77DEBD6C77C7B2AE
:10D7F0006D7748B26E7749B26F774AB270774BB2A5
:10D8000071774CB272774DB273774EB274774FB274
:10D81000757750B2767751B2777752B2787753B244
:10D820007977C3B67A7754B27B7755B27C7756B2A4
:10D830007D77A5EE7E77BAD87F77A3EE8077A6EEC8
:10D84000817757B2827758B2837759B28477E9C328
:10D850008577F2B386775AB287775BB288775CB206
:10D8600089775DB28A775EB28B775FB28C77A7EEED
:10D870008D77A4EE8E77B9CF8F7760B2907761B253
:10D880009177A8EE9277F7C2937762B2947763B2FA
:10D89000957764B2967765B2977766B2987767B2F4
:10D8A000997768B29A7769B29B776AB29C776BB2C4
:10D8B0009D776CB29E776DB29F77A9EEA077AAEEA6
:10D8C000A1776EB2A277ABDEA3776FB2A47770B206
:10D8D000A577B3C6A67771B2A777C6C7A87772B285
:10D8E000A977F5D6AA77C9B5AB7773B2AC77B2CBC7
:10D8F000AD7774B2AE7775B2AF7776B2B077ABEE84
:10D90000B17777B2B27778B2B377ABCDB47779B27B
:10D91000B577ACEEB6777AB2B7777BB2B8777CB230
:10D92000B9777DB2BA777EB2BB77B0D5BC7780B21B
:10D93000BD77ADEEBE7781B2BF77C4F6C07782B255
:10D94000C17783B2C27784B2C37785B2C47786B217
:10D95000C57787B2C67788B2C77789B2C8778AB2E7
:10D96000C9778BB2CA778CB2CB778DB2CC778EB2B7
:10D97000CD77C7DBCE778FB2CF7790B2D07791B229
:10D98000D17792B2D27793B2D37794B2D47795B25B
:10D99000D57796B2D67797B2D777A3B4D87798B21F
:10D9A000D97799B2DA779AB2DB77ACC3DC77E6F154
:10D9B000DD779BB2DE779CB2DF779DB2E0779EB2D7
:10D9C000E1779FB2E277B8CAE377D3D2E477A0B227
:10D9D000E577AAD6E67740B3E777F2EFE87741B389
:10D9E000E977D8BEEA7742B3EB77C3BDEC77F3EFC4
:10D9F000ED77CCB6EE77ABB0EF7743B3F07744B3C7
:10DA0000F17745B3F27746B3F377AFCAF47747B30C
:10DA1000F57748B3F677B6EDF77749B3F877B7ED12
:10DA2000F9774AB3FA774BB3FB774CB3FC774DB336
:10DA3000FD77F9CEFE77AFB7FF77F3BF0078B8ED8B
:10DA40000178EBC20278B0C903784EB304784FB3C3
:10DA5000057850B3067851B3077852B3087853B3BA
:10DA60000978B9ED0A7854B30B7855B30C78F6C63B
:10DA70000D78B3BF0E7856B30F7857B3107858B3FC
:10DA80001178BCED1278F8C5137859B31478D0D159
:10DA900015785AB31678A9D71778BAED1878BBED70
:10DAA00019785BB31A78E2D11B785CB31C78BFEDB0
:10DAB0001D78C0ED1E785DB31F78C4ED20785EB38D
:10DAC00021785FB3227860B32378C8ED247861B3FE
:10DAD0002578C6ED2678CEED2778E8D5287862B38C
:10DAE0002978C9ED2A7863B32B7864B32C78C7ED15
:10DAF0002D78BEED2E7865B32F7866B33078E9C502
:10DB0000317867B3327868B3337869B33478C6C68E
:10DB100035786AB336786BB33778E9C93878D2D4B8
:10DB20003978C1ED3A78C2ED3B78C3ED3C78C5ED6C
:10DB30003D786CB33E78F9C03F786DB34078A1B4BE
:10DB400041786EB342786FB3437870B3447871B361
:10DB50004578E8B9467872B34778D0ED487873B322
:10DB6000497874B34A7875B34B7876B34C78D1ED75
:10DB70004D7877B34E78CAED4F7878B35078CFEDC3
:10DB8000517879B35278F8CE53787AB354787BB31E
:10DB90005578B6CB5678CCED5778CDED58787CB328
:10DBA00059787DB35A787EB35B7880B35C7881B363
:10DBB0005D78F5CF5E7882B35F7883B3607884B3A5
:10DBC000617885B3627886B3637887B3647888B305
:10DBD000657889B366788AB367788BB368788CB3D5
:10DBE00069788DB36A78D2ED6B78F2C16C78B2D374
:10DBF0006D78CBED6E78B7C86F788EB370788FB3D1
:10DC0000717890B3727891B3737892B3747893B358
:10DC1000757894B3767895B37778EFBC787896B3C7
:10DC2000797897B37A7898B37B7899B37C78F0C594
:10DC30007D789AB37E789BB37F789CB380789DB3D0
:10DC400081789EB382789FB38378A0B3847840B400
:10DC5000857841B4867842B48778D6ED887843B425
:10DC60008978EFB58A7844B48B7845B48C78B5C29E
:10DC70008D78ADB08E78E9CB8F7846B4907847B484
:10DC80009178AEB1927848B49378D4ED947849B451
:10DC900095784AB496784BB49778EBCD9878E2B5FE
:10DCA00099784CB49A78D5ED9B78D3ED9C78D7EDE4
:10DCB0009D784DB49E784EB49F78FAB5A0784FB455
:10DCC000A178D8EDA27850B4A378D9EDA47851B456
:10DCD000A578DCEDA67852B4A778CCB1A87853B477
:10DCE000A97854B4AA7855B4AB7856B4AC7857B484
:10DCF000AD7858B4AE7859B4AF785AB4B078F6C5A8
:10DD0000B178EEBCB278DAEDB378BCCCB478EAB2D4
:10DD1000B5785BB4B6785CB4B7785DB4B8785EB407
:10DD2000B978DBEDBA785FB4BB7860B4BC7861B425
:10DD3000BD7862B4BE78EBC4BF7863B4C07864B415
:10DD4000C178C5B4C27865B4C37866B4C47867B422
:10DD5000C578F5B0C67868B4C77869B4C8786AB4CD
:10DD6000C978DFEDCA78DAC0CB78E8B4CC786BB488
:10DD7000CD786CB4CE786DB4CF786EB4D078CDC594
:10DD8000D1786FB4D27870B4D37871B4D478DDED33
:10DD9000D578C4BFD67872B4D77873B4D87874B451
:10DDA000D978DEEDDA7875B4DB7876B4DC7877B4E0
:10DDB000DD7878B4DE7879B4DF787AB4E0787BB453
:10DDC000E1787CB4E2787DB4E3787EB4E47880B422
:10DDD000E57881B4E67882B4E77883B4E878A5C4BE
:10DDE000E97884B4EA7885B4EB7886B4EC78E0ED31
:10DDF000ED7887B4EE7888B4EF7889B4F0788AB497
:10DE0000F1788BB4F278E1EDF3788CB4F478E3ED4B
:10DE1000F5788DB4F6788EB4F778D7C1F8788FB4EA
:10DE2000F97890B4FA78C7BBFB7891B4FC7892B4D7
:10DE3000FD7893B4FE7894B4FF7895B4007996B4E5
:10DE40000179B8BD027997B4037998B4047999B48B
:10DE50000579E2ED06799AB407799BB408799CB408
:10DE600009799DB40A799EB40B799FB40C79A0B45A
:10DE70000D7940B50E7941B50F7942B5107943B5AA
:10DE8000117944B5127945B51379E4ED147946B5A5
:10DE9000157947B5167948B5177949B518794AB54E
:10DEA00019794BB51A794CB51B794DB51C794EB51E
:10DEB0001D794FB51E79E6ED1F7950B5207951B522
:10DEC000217952B5227953B5237954B52479E5EDFA
:10DED000257955B5267956B5277957B5287958B596
:10DEE000297959B52A795AB52B795BB52C795CB566
:10DEF0002D795DB52E795EB52F795FB5307960B536
:10DF0000317961B5327962B5337963B53479E7ED4A
:10DF1000357964B5367965B5377966B5387967B5D9
:10DF2000397968B53A79BECA3B79EAEC3C79F1C0F7
:10DF30003D7969B53E79E7C93F796AB54079EBEC3F
:10DF40004179EEC642796BB543796CB544796DB5CC
:10DF500045796EB54679ECEC47796FB54879EDC6F1
:10DF60004979EDEC4A7970B54B7971B54C7972B558
:10DF70004D7973B54E7974B54F7975B5507976B5DD
:10DF8000517977B5527978B55379F0EC547979B500
:10DF900055797AB55679E6D75779F3EC58797BB548
:10DFA00059797CB55A79F1EC5B79EEEC5C79EFEC60
:10DFB0005D79A3D75E79F1C95F79EECB6079F4EC36
:10DFC00061797DB56279F2EC63797EB5647980B56B
:10DFD0006579E9CF667981B56779F6EC6879B1C67C
:10DFE000697982B56A7983B56B7984B56C7985B5C1
:10DFF0006D79C0BC6E7986B56F79F5EC707987B5AF
:10E00000717988B5727989B573798AB574798BB568
:10E0100075798CB576798DB57779BBB57879F6BB9E
:10E0200079798EB57A79F7EC7B798FB57C7990B573
:10E030007D7991B57E7992B57F7993B58079F7D95D
:10E040008179FBBD827994B5837995B58479BBC21A
:10E050008579F8EC867996B5877997B5887998B5FA
:10E06000897999B58A79F9EC8B799AB58C799BB5D0
:10E070008D799CB58E799DB58F79A3B890799EB531
:10E0800091799FB59279A0B5937940B6947941B6CC
:10E09000957942B6967943B6977944B6987945B65C
:10E0A000997946B69A79FAEC9B7947B69C7948B645
:10E0B0009D7949B69E794AB69F794BB6A0794CB600
:10E0C000A1794DB6A2794EB6A3794FB6A47950B6D0
:10E0D000A57951B6A67952B6A779FBECA87953B6C3
:10E0E000A97954B6AA7955B6AB7956B6AC7957B674
:10E0F000AD7958B6AE7959B6AF795AB6B0795BB644
:10E10000B1795CB6B2795DB6B379FCECB4795EB640
:10E11000B5795FB6B67960B6B77961B6B87962B6E7
:10E12000B979EDD3BA79AED8BB79EBC0BC7963B617
:10E13000BD79DDC7BE79CCBABF7964B6C079E3D00A
:10E14000C179BDCBC27965B6C379BACDC47966B69B
:10E15000C57967B6C679D1B8C77968B6C87969B6DE
:10E16000C979FCB1CA796AB6CB79EFC7CC796BB6FD
:10E17000CD79D6D6CE796CB6CF796DB6D0796EB66C
:10E18000D179C6BFD279EBC3D3796FB6D47970B6E3
:10E19000D579F5EFD67971B6D77972B6D879D8C373
:10E1A000D97973B6DA7974B6DB7975B6DC7976B677
:10E1B000DD7977B6DE7978B6DF79E2D7E07979B6BE
:10E1C000E1797AB6E2797BB6E379F7EFE479D3B314
:10E1D000E5797CB6E679D8C7E779EDD1E8797DB6FF
:10E1E000E979C8D6EA797EB6EB79F8EFEC7980B6B2
:10E1F000ED79F6EFEE7981B6EF79FDBBF079C6B334
:10E20000F17982B6F27983B6F37984B6F47985B67A
:10E21000F57986B6F67987B6F77988B6F879D5BDF7
:10E22000F97989B6FA798AB6FB79C6D2FC798BB6C8
:10E23000FD79E0BBFE798CB6FF798DB6007AA1CF6F
:10E24000017A8EB6027AFCEF037AFBEF047A8FB67E
:10E25000057A90B6067AF9EF077A91B6087A92B6FF
:10E26000097A93B60A7A94B60B7ACCB30C7A95B63F
:10E270000D7AD4C90E7AB0CB0F7A96B6107A97B6CB
:10E28000117A98B6127A99B6137A9AB6147AFEEF82
:10E29000157A9BB6167A9CB6177ADEB0187A9DB6B8
:10E2A000197A9EB61A7AC9D61B7A9FB61C7AA0B67E
:10E2B0001D7A40B71E7AFDEF1F7A41B7207AEDB381
:10E2C000217A42B7227A43B7237AD5F6247A44B723
:10E2D000257A45B7267A46B7277A47B7287A48B7C6
:10E2E000297A49B72A7A4AB72B7A4BB72C7A4CB796
:10E2F0002D7A4DB72E7A4EB72F7A4FB7307A50B766
:10E30000317A51B7327A52B7337AC8CE347A53B7AA
:10E31000357A54B7367A55B7377AA2F0387A56B785
:10E32000397AA1F03A7A57B73B7ABEB53C7ADABC73
:10E330003D7AFCBB3E7A58B73F7AE5B8407A59B788
:10E34000417A5AB7427A5BB7437A5CB7447A5DB791
:10E35000457A5EB7467AC2C4477A5FB7487A60B7F3
:10E36000497A61B74A7A62B74B7A63B74C7A64B735
:10E370004D7A65B74E7A66B74F7A67B7507A68B705
:10E38000517AA3F0527A69B7537A6AB7547A6BB765
:10E39000557A6CB7567A6DB7577AEBCB587A6EB719
:10E3A000597A6FB75A7A70B75B7A71B75C7A72B77D
:10E3B0005D7A73B75E7A74B75F7A75B7607A76B74D
:10E3C000617A77B7627A78B7637A79B7647A7AB71D
:10E3D000657A7BB7667A7CB7677A7DB7687A7EB7ED
:10E3E000697A80B76A7A81B76B7A82B76C7A83B7B9
:10E3F0006D7A84B76E7A85B76F7A86B7707AA6F031
:10E40000717A87B7727A88B7737A89B7747AA8D124
:10E41000757A8AB7767ABFBE777AEEC7787AB6F120
:10E42000797AB7F17A7AD5BF7B7A8BB77C7A8CB759
:10E430007D7A8DB77E7A8EB77F7AA9B4807AB8F16B
:10E44000817ABBCD827A8FB7837AD4C7847AADD5EF
:10E45000857A90B7867AB9F1877A91B7887ABAF1D6
:10E46000897A92B78A7A93B78B7A94B78C7A95B770
:10E470008D7ACFC78E7A96B78F7A97B7907A98B7FA
:10E48000917AA4D2927ACFD6937A99B7947A9AB79E
:10E49000957ABBF1967AD1BD977AB0B4987ABDBE21
:10E4A000997A9BB79A7A9CB79B7A9DB79C7ADCB491
:10E4B0009D7AD1CE9E7A9EB79F7ADFBFA07ABDF1BA
:10E4C000A17A9FB7A27AA0B7A37A40B8A47A41B83C
:10E4D000A57AFABFA67ABCF1A77A42B8A87ABFF1AA
:10E4E000A97A43B8AA7A44B8AB7A45B8AC7ABEF1F7
:10E4F000AD7AC0F1AE7A46B8AF7A47B8B07A48B8CC
:10E50000B17A49B8B27A4AB8B37AC1F1B47A4BB8A1
:10E51000B57A4CB8B67A4DB8B77A4EB8B87A4FB823
:10E52000B97A50B8BA7A51B8BB7A52B8BC7A53B8F3
:10E53000BD7A54B8BE7A55B8BF7AFEC1C07A56B813
:10E54000C17A57B8C27A58B8C37A59B8C47A5AB897
:10E55000C57A5BB8C67A5CB8C77A5DB8C87A5EB867
:10E56000C97A5FB8CA7A60B8CB7AA2C1CC7A61B8EE
:10E57000CD7A62B8CE7A63B8CF7A64B8D07A65B80B
:10E58000D17A66B8D27A67B8D37A68B8D47A69B8DB
:10E59000D57A6AB8D67AFACAD77A6BB8D87A6CB80C
:10E5A000D97ABED5DA7A6DB8DB7A6EB8DC7A6FB814
:10E5B000DD7A70B8DE7ABABEDF7AB9BEE07AC2D54B
:10E5C000E17A71B8E27A72B8E37AA2BFE47A73B8FA
:10E5D000E57AAFCDE67AB5F1E77A74B8E87A75B83E
:10E5E000E97A76B8EA7A77B8EB7A78B8EC7A79B8DB
:10E5F000ED7ADFBDEE7A7AB8EF7ACBB6F07A7BB8F7
:10E60000F17A7CB8F27A7DB8F37A7EB8F47A80B881
:10E61000F57A81B8F67A82B8F77A83B8F87A84B84E
:10E62000F97AF1D6FA7AC3F3FB7A85B8FC7A86B820
:10E63000FD7AC4F3FE7A87B8FF7ACDB8007B88B83C
:10E64000017B89B8027B8AB8037BC6F3047BC7F3DE
:10E65000057B8BB8067BCAB0077B8CB8087BC5F3FB
:10E66000097B8DB80A7BC9F30B7BF1CB0C7B8EB891
:10E670000D7B8FB80E7B90B80F7BCBF3107B91B8DE
:10E68000117BA6D0127B92B8137B93B8147BCAB1CE
:10E69000157BC8F3167B94B8177B95B8187B96B892
:10E6A000197BCFF31A7B97B81B7BD1B51C7B98B82D
:10E6B0001D7B99B81E7BD7F31F7B9AB8207BD2F3C2
:10E6C000217B9BB8227B9CB8237B9DB8247BD4F311
:10E6D000257BD3F3267BFBB7277B9EB8287BBFB176
:10E6E000297B9FB82A7BCEF32B7BCAF32C7BDAB530
:10E6F0002D7BA0B82E7BD0F32F7B40B9307B41B966
:10E70000317BD1F3327B42B9337BD5F3347B43B9D0
:10E71000357B44B9367B45B9377B46B9387BCDF379
:10E72000397B47B93A7BE3BC3B7B48B93C7BFDC1B5
:10E730003D7B49B93E7BD6F33F7B4AB9407B4BB921
:10E74000417B4CB9427B4DB9437B4EB9447B4FB9B9
:10E75000457BDAF3467B50B9477BCCF3487B51B914
:10E76000497BC8B54A7B52B94B7BEEBD4C7BDCF391
:10E770004D7B53B94E7B54B94F7BA4B7507BF0BF50
:10E78000517BFED6527BB2CD537B55B9547BF0B44E
:10E79000557B56B9567BDFB2577B57B9587BD8F3B8
:10E7A000597B58B95A7BD9F35B7BB8C95C7B59B9A3
:10E7B0005D7BDDF35E7B5AB95F7B5BB9607BDEF32B
:10E7C000617B5CB9627BE1F3637B5DB9647B5EB9BD
:10E7D000657B5FB9667B60B9677B61B9687B62B94D
:10E7E000697B63B96A7B64B96B7B65B96C7B66B91D
:10E7F0006D7B67B96E7BDFF36F7B68B9707B69B93E
:10E80000717BE3F3727BE2F3737B6AB9747B6BB960
:10E81000757BDBF3767B6CB9777BEABF787B6DB970
:10E82000797BEFB37A7B6EB97B7BE0F37C7B6FB94E
:10E830007D7B70B97E7BA9C77F7B71B9807BF2BC81
:10E84000817B72B9827B73B9837B74B9847B75B920
:10E85000857BEBF3867B76B9877B77B9887B78B944
:10E86000897B79B98A7B7AB98B7B7BB98C7B7CB9C4
:10E870008D7BBFB98E7B7DB98F7B7EB9907BE4F3B6
:10E88000917B80B9927B81B9937B82B9947BADB245
:10E89000957BFEBB967B83B9977BE3CB987B84B952
:10E8A000997B85B99A7B86B99B7B87B99C7BEDF375
:10E8B0009D7BE9F39E7B88B99F7B89B9A07B8AB950
:10E8C000A17BDCB9A27BEEF3A37B8BB9A47B8CB9D3
:10E8D000A57B8DB9A67BE5F3A77BE6F3A87BEAF3DE
:10E8E000A97BE1C2AA7BECF3AB7BEFF3AC7BE8F353
:10E8F000AD7BFDBCAE7B8EB9AF7B8FB9B07B90B9E1
:10E90000B17BE4CFB27B91B9B37B92B9B47BF0F326
:10E91000B57B93B9B67B94B9B77B95B9B87BE7F370
:10E92000B97B96B9BA7B97B9BB7B98B9BC7B99B9CF
:10E93000BD7B9AB9BE7B9BB9BF7B9CB9C07B9DB99F
:10E94000C17BF2F3C27B9EB9C37B9FB9C47BA0B9E4
:10E95000C57B40BAC67BADD7C77BAAC6C87B41BAC8
:10E96000C97B42BACA7B43BACB7B44BACC7BF3F3B4
:10E97000CD7B45BACE7B46BACF7B47BAD07B48BA6F
:10E98000D17BF1F3D27B49BAD37BA8C2D47B4ABAFC
:10E99000D57B4BBAD67B4CBAD77B4DBAD87B4EBA17
:10E9A000D97BDDB8DA7BF5F3DB7B4FBADC7B50BA81
:10E9B000DD7BF4F3DE7B51BADF7B52BAE07B53BAE6
:10E9C000E17BDBB4E27B54BAE37B55BAE47B56BA15
:10E9D000E57BF6F3E67BF7F3E77B57BAE87B58BABB
:10E9E000E97B59BAEA7BF8F3EB7B5ABAEC7B5BBA6A
:10E9F000ED7B5CBAEE7BBAC0EF7B5DBAF07B5EBAB2
:10EA0000F17BE9C0F27B5FBAF37B60BAF47B61BA59
:10EA1000F57B62BAF67B63BAF77BF1C5F87B64BA23
:10EA2000F97B65BAFA7B66BAFB7B67BAFC7BFBF3C2
:10EA3000FD7B68BAFE7BFAF3FF7B69BA007C6ABA99
:10EA4000017C6BBA027C6CBA037C6DBA047C6EBA32
:10EA5000057C6FBA067C70BA077CD8B4087C71BAA2
:10EA6000097C72BA0A7C73BA0B7CFEF30C7CF9F356
:10EA70000D7C74BA0E7C75BA0F7CFCF3107C76BAF0
:10EA8000117C77BA127C78BA137C79BA147C7ABA82
:10EA9000157C7BBA167CFDF3177C7CBA187C7DBA9A
:10EAA000197C7EBA1A7C80BA1B7C81BA1C7C82BA23
:10EAB0001D7C83BA1E7C84BA1F7CA1F4207C85BA9D
:10EAC000217C86BA227C87BA237C88BA247C89BAC6
:10EAD000257C8ABA267CA3F4277CC9BB287C8BBA08
:10EAE000297C8CBA2A7CA2F42B7C8DBA2C7C8EBA21
:10EAF0002D7C8FBA2E7C90BA2F7C91BA307C92BA42
:10EB0000317C93BA327C94BA337C95BA347C96BA11
:10EB1000357C97BA367C98BA377C99BA387CA4F49D
:10EB2000397C9ABA3A7C9BBA3B7C9CBA3C7C9DBAB5
:10EB30003D7C9EBA3E7C9FBA3F7CBEB2407CA6F430
:10EB4000417CA5F4427CA0BA437C40BB447C41BBE1
:10EB5000457C42BB467C43BB477C44BB487C45BBB1
:10EB6000497C46BB4A7C47BB4B7C48BB4C7C49BB81
:10EB70004D7CAEBC4E7C4ABB4F7C4BBB507C4CBBEF
:10EB8000517C4DBB527C4EBB537C4FBB547C50BB25
:10EB9000557C51BB567C52BB577C53BB587C54BBF5
:10EBA000597C55BB5A7C56BB5B7C57BB5C7C58BBC5
:10EBB0005D7C59BB5E7C5ABB5F7C5BBB607C5CBB95
:10EBC000617C5DBB627C5EBB637C5FBB647C60BB65
:10EBD000657C61BB667C62BB677C63BB687C64BB35
:10EBE000697C65BB6A7C66BB6B7C67BB6C7C68BB05
:10EBF0006D7C69BB6E7C6ABB6F7C6BBB707C6CBBD5
:10EC0000717C6DBB727C6EBB737CD7C3747CE1D9A5
:10EC1000757C6FBB767C70BB777C71BB787C72BB7C
:10EC2000797C73BB7A7C74BB7B7CE0C07C7CCCF44D
:10EC30007D7CD1D77E7C75BB7F7C76BB807C77BBAF
:10EC4000817C78BB827C79BB837C7ABB847C7BBBF8
:10EC5000857C7CBB867C7DBB877C7EBB887C80BBC7
:10EC6000897CDBB78A7C81BB8B7C82BB8C7C83BB41
:10EC70008D7C84BB8E7C85BB8F7C86BB907C87BB68
:10EC8000917CCEF4927CA3C1937C88BB947C89BB9D
:10EC9000957CC9C6967C8ABB977CD6B4987CB3D544
:10ECA000997C8BBB9A7C8CBB9B7C8DBB9C7CD0F471
:10ECB0009D7CCFF49E7CD1F49F7CDACBA07C8EBB74
:10ECC000A17C8FBBA27CD2F4A37C90BBA47CC1D4DA
:10ECD000A57CE0D6A67C91BBA77C92BBA87C93BB0D
:10ECE000A97C94BBAA7CE0B7AB7C95BBAC7C96BB03
:10ECF000AD7C97BBAE7CB8C1AF7C98BBB07C99BBF8
:10ED0000B17CBBC1B27CD3F4B37CACBEB47C9ABB47
:10ED1000B57C9BBBB67C9CBBB77C9DBBB87C9EBBCB
:10ED2000B97CE2B4BA7C9FBBBB7CA0BBBC7CD4F4F6
:10ED3000BD7CD5F4BE7CABBEBF7C40BCC07C41BCBE
:10ED4000C17CD6F4C27C42BCC37C43BCC47C44BC02
:10ED5000C57CDBF4C67C45BCC77CD7F4C87CDAF440
:10ED6000C97C46BCCA7CFDBACB7C47BCCC7CD8F401
:10ED7000CD7CD9F4CE7C48BCCF7C49BCD07C4ABC8D
:10ED8000D17C4BBCD27C4CBCD37C4DBCD47C4EBC27
:10ED9000D57CE2B8D67CC7CCD77CDCF4D87C4FBC21
:10EDA000D97CDAB2DA7C50BCDB7C51BCDC7CD3C3CE
:10EDB000DD7C52BCDE7C53BCDF7CE3D4E07CB7BF9F
:10EDC000E17C54BCE27C55BCE37C56BCE47C57BC83
:10EDD000E57C58BCE67C59BCE77C5ABCE87CDDF499
:10EDE000E97C5BBCEA7C5CBCEB7C5DBCEC7C5EBC27
:10EDF000ED7C5FBCEE7C60BCEF7CB4C5F07C61BC9C
:10EE0000F17C62BCF27C63BCF37C64BCF47C65BCCA
:10EE1000F57C66BCF67C67BCF77C68BCF87CE9F4E2
:10EE2000F97C69BCFA7C6ABCFB7CB5CFFC7C6BBC12
:10EE3000FD7C6CBCFE7C6DBCFF7C6EBC007D6FBC41
:10EE4000017D70BC027D71BC037D72BC047D73BC0E
:10EE5000057D74BC067D75BC077D76BC087D77BCDE
:10EE6000097D78BC0A7DC9CE0B7D79BC0C7D7ABC4E
:10EE70000D7D7BBC0E7D7CBC0F7D7DBC107D7EBC82
:10EE8000117D80BC127D81BC137D82BC147D83BC4E
:10EE9000157D84BC167D85BC177D86BC187D87BC1E
:10EEA000197D88BC1A7D89BC1B7D8ABC1C7D8BBCEE
:10EEB0001D7D8CBC1E7D8DBC1F7D8EBC207DD8CB66
:10EEC000217D8FBC227DF7CB237D90BC247D91BC1E
:10EED000257D92BC267D93BC277DF4BD287D94BC06
:10EEE000297D95BC2A7D96BC2B7DCFD72C7D97BCE8
:10EEF0002D7D98BC2E7D99BC2F7DDBC0307D9ABCCA
:10EF0000317D9BBC327D9CBC337D9DBC347D9EBCE1
:10EF1000357D9FBC367DA0BC377D40BD387D41BD71
:10EF2000397D42BD3A7D43BD3B7D44BD3C7D45BD01
:10EF30003D7D46BD3E7D47BD3F7D48BD407D49BDD1
:10EF4000417D4ABD427D4BBD437D4CBD447D4DBDA1
:10EF5000457D4EBD467D4FBD477D50BD487D51BD71
:10EF6000497D52BD4A7D53BD4B7D54BD4C7D55BD41
:10EF70004D7D56BD4E7D57BD4F7D58BD507D59BD11
:10EF8000517D5ABD527D5BBD537D5CBD547D5DBDE1
:10EF9000557D5EBD567D5FBD577D60BD587D61BDB1
:10EFA000597D62BD5A7D63BD5B7D64BD5C7D65BD81
:10EFB0005D7D66BD5E7D67BD5F7D68BD607D69BD51
:10EFC000617D6ABD627D6BBD637D6CBD647D6DBD21
:10EFD000657D6EBD667D6FBD677D70BD687D71BDF1
:10EFE000697D72BD6A7D73BD6B7D74BD6C7D75BDC1
:10EFF0006D7D76BD6E7DF5D06F7D77BD707D78BD02
:10F00000717D79BD727D7ABD737D7BBD747D7CBD64
:10F01000757D7DBD767D7EBD777DEAF4787D80BD92
:10F02000797D81BD7A7D82BD7B7D83BD7C7D84BD04
:10F030007D7D85BD7E7D86BD7F7D87BD807D88BDD4
:10F04000817D89BD827D8ABD837D8BBD847D8CBDA4
:10F05000857D8DBD867D8EBD877D8FBD887D90BD74
:10F06000897D91BD8A7D92BD8B7D93BD8C7D94BD44
:10F070008D7D95BD8E7D96BD8F7D97BD907D98BD14
:10F08000917D99BD927D9ABD937D9BBD947D9CBDE4
:10F09000957D9DBD967D9EBD977D9FBD987DA0BDB4
:10F0A000997D40BE9A7D41BE9B7D42BE9C7D43BE04
:10F0B0009D7D44BE9E7D45BE9F7D46BEA07D47BED4
:10F0C000A17D48BEA27D49BEA37D4ABEA47D4BBEA4
:10F0D000A57D4CBEA67DEBF4A77D4DBEA87D4EBEA2
:10F0E000A97D4FBEAA7D50BEAB7D51BEAC7D52BE48
:10F0F000AD7D53BEAE7DECF4AF7D54BEB07D55BE4C
:10F10000B17D56BEB27D57BEB37D58BEB47D59BEEB
:10F11000B57D5ABEB67D5BBEB77D5CBEB87D5DBEBB
:10F12000B97D5EBEBA7D5FBEBB7D60BEBC7D61BE8B
:10F13000BD7D62BEBE7D63BEBF7D64BEC07D65BE5B
:10F14000C17D66BEC27D67BEC37D68BEC47D69BE2B
:10F15000C57D6ABEC67D6BBEC77D6CBEC87D6DBEFB
:10F16000C97D6EBECA7D6FBECB7D70BECC7D71BECB
:10F17000CD7D72BECE7D73BECF7D74BED07D75BE9B
:10F18000D17D76BED27D77BED37D78BED47D79BE6B
:10F19000D57D7ABED67D7BBED77D7CBED87D7DBE3B
:10F1A000D97D7EBEDA7D80BEDB7D81BEDC7D82BE08
:10F1B000DD7D83BEDE7D84BEDF7D85BEE07D86BED7
:10F1C000E17D87BEE27D88BEE37D89BEE47D8ABEA7
:10F1D000E57D8BBEE67D8CBEE77D8DBEE87D8EBE77
:10F1E000E97D8FBEEA7D90BEEB7D91BEEC7D92BE47
:10F1F000ED7D93BEEE7D94BEEF7D95BEF07D96BE17
:10F20000F17D97BEF27D98BEF37D99BEF47D9ABEE6
:10F21000F57D9BBEF67D9CBEF77D9DBEF87D9EBEB6
:10F22000F97D9FBEFA7DA0BEFB7D40BFFC7D41BF46
:10F23000FD7D42BFFE7D43BFFF7D44BF007E45BFD5
:10F24000017E46BF027E47BF037E48BF047E49BFA2
:10F25000057E4ABF067E4BBF077E4CBF087E4DBF72
:10F26000097E4EBF0A7E4FBF0B7E50BF0C7E51BF42
:10F270000D7E52BF0E7E53BF0F7E54BF107E55BF12
:10F28000117E56BF127E57BF137E58BF147E59BFE2
:10F29000157E5ABF167E5BBF177E5CBF187E5DBFB2
:10F2A000197E5EBF1A7E5FBF1B7E60BF1C7E61BF82
:10F2B0001D7E62BF1E7E63BF1F7E64BF207E65BF52
:10F2C000217E66BF227E67BF237E68BF247E69BF22
:10F2D000257E6ABF267E6BBF277E6CBF287E6DBFF2
:10F2E000297E6EBF2A7E6FBF2B7E70BF2C7E71BFC2
:10F2F0002D7E72BF2E7E73BF2F7E74BF307E75BF92
:10F30000317E76BF327E77BF337E78BF347E79BF61
:10F31000357E7ABF367E7BBF377E7CBF387E7DBF31
:10F32000397E7EBF3A7E80BF3B7EE3F73C7E81BF65
:10F330003D7E82BF3E7E83BF3F7E84BF407E85BFD1
:10F34000417EB1B7427E86BF437E87BF447E88BF81
:10F35000457E89BF467E8ABF477EEDF4487E8BBFDF
:10F36000497E8CBF4A7E8DBF4B7E8EBF4C7E8FBF49
:10F370004D7E90BF4E7E91BF4F7E92BF507E93BF19
:10F38000517E94BF527E95BF537E96BF547E97BFE9
:10F39000557E98BF567E99BF577E9ABF587E9BBFB9
:10F3A000597E9CBF5A7E9DBF5B7E9EBF5C7E9FBF89
:10F3B0005D7EA0BF5E7E40C05F7E41C0607E42C079
:10F3C000617E43C0627E44C0637E45C0647E46C0A9
:10F3D000657E47C0667E48C0677E49C0687E4AC079
:10F3E000697E4BC06A7E4CC06B7E4DC06C7E4EC049
:10F3F0006D7E4FC06E7E50C06F7E51C0707E52C019
:10F40000717E53C0727E54C0737E55C0747E56C0E8
:10F41000757E57C0767E58C0777E59C0787E5AC0B8
:10F42000797E5BC07A7E5CC07B7E5DC07C7E5EC088
:10F430007D7E5FC07E7E60C07F7E61C0807E62C058
:10F44000817E63C0827EEBD7837E64C0847E65C08C
:10F45000857E66C0867E67C0877E68C0887E69C0FC
:10F46000897E6AC08A7E6BC08B7E6CC08C7E6DC0CC
:10F470008D7E6EC08E7E6FC08F7E70C0907E71C09C
:10F48000917E72C0927E73C0937E74C0947E75C06C
:10F49000957E76C0967E77C0977E78C0987E79C03C
:10F4A000997E7AC09A7E7BC09B7EEEF49C7E7CC067
:10F4B0009D7E7DC09E7E7EC09F7EF9E6A07EC0BE02
:10F4C000A17EFAE6A27EECBAA37EFBE6A47ECBCFB9
:10F4D000A57EFCE6A67EBCD4A77EB6BCA87EFDE6D3
:10F4E000A97EFEE6AA7ECDBCAB7ED2C8AC7EB3CEF2
:10F4F000AD7EA1E7AE7E80C0AF7EBFB4B07EA2E796
:10F50000B17EB4C9B27ED9B8B37EC9C4B47E81C05D
:10F51000B57EDDD7B67EDAC2B77ED7B7B87EBDD6A8
:10F52000B97EC6CEBA7EC4B7BB7E82C0BC7E83C065
:10F53000BD7EA6C5BE7EA3E7BF7EDFCFC07EA4E7AB
:10F54000C17EA5E7C27EA6E7C37EB7C1C47EE9D768
:10F55000C57EF0C9C67EB8CFC77EAFD6C87ED5D629
:10F56000C97EA7E7CA7EEDB0CB7EA8E7CC7EA9E72F
:10F57000CD7EDCC9CE7EEFD2CF7EADBED07EAAE7F7
:10F58000D17EF3B0D27EDEC8D37EE1BDD47EABE7C0
:10F59000D57EC6C8D67E84C0D77EACE7D87EE6BB13
:10F5A000D97EF8B8DA7EA4D1DB7EADE7DC7EE7C297
:10F5B000DD7EF8BEDE7ECABDDF7EB3CDE07EAEE787
:10F5C000E17EAFE7E27EEEBEE37EE5D0E47E85C07D
:10F5D000E57EE7CBE67ED0CCE77ECCBCE87EB0E72C
:10F5E000E97EA8BCEA7EF7D0EB7EB1E7EC7E86C070
:10F5F000ED7EF8D0EE7EB2E7EF7EB3E7F07EC2B4E8
:10F60000F17EB4E7F27EB5E7F37EFEC9F47EACCEC0
:10F61000F57EE0C3F67EB7E7F77EC1B1F87EF1B3C1
:10F62000F97E87C0FA7EB8E7FB7EB9E7FC7EDBD7C0
:10F63000FD7EC0D5FE7EBAE7FF7ECCC2007FBAD782
:10F64000017FBBE7027FBCE7037FBDE7047FEABC25
:10F65000057FE5C3067FC2C0077FBEE7087FBFE71F
:10F66000097FA9BC0A7F88C00B7FC0E70C7FC1E778
:10F670000D7FB6E70E7FD0B60F7FC2E7107F89C03F
:10F68000117FC3E7127FC4E7137FBABB147FDEB5D7
:10F69000157FC6C2167FE0B1177FC5E7187FB5D4C6
:10F6A000197FC6E71A7FBFB81B7FC8E71C7FC7E773
:10F6B0001D7FECB71E7F8AC01F7FC9E7207FF8B28D
:10F6C000217FCAE7227FCBE7237FCCE7247FCDE7EA
:10F6D000257FCEE7267FCFE7277FD0E7287FA7D3F8
:10F6E000297FF5CB2A7FD1E72B7FD2E72C7FD3E789
:10F6F0002D7FD4E72E7FC9C92F7FD5E7307FD6E78E
:10F70000317FD7E7327FD8E7337FD9E7347FC9BD70
:10F71000357FDAE7367FBEF3377F8BC0387FD7B8C7
:10F72000397F8CC03A7FB1C83B7F8DC03C7F8EC093
:10F730003D7F8FC03E7F90C03F7F91C0407F92C091
:10F74000417F93C0427FBFF3437F94C0447FC0F3A7
:10F75000457FC1F3467F95C0477F96C0487F97C0DD
:10F76000497F98C04A7F99C04B7F9AC04C7F9BC00D
:10F770004D7F9CC04E7F9DC04F7F9EC0507FDEB9A5
:10F78000517FF8CD527F9FC0537FA0C0547FE8D8EF
:10F79000557FB1BA567F40C1577FDEC2587FB7EE62
:10F7A000597F41C15A7FA3B75B7F42C15C7F43C190
:10F7B0005D7F44C15E7F45C15F7FB9EE607F46C11A
:10F7C000617FB8EE627FD5B0637F47C1647F48C177
:10F7D000657F49C1667F4AC1677F4BC1687FBBEEC9
:10F7E000697FD6D56A7FEFD76B7F4CC16C7F4DC1E7
:10F7F0006D7F4EC16E7FC3D66F7F4FC1707F50C18A
:10F80000717FBDEE727FF0CA737F51C1747FBCEE11
:10F81000757F52C1767F53C1777F54C1787F55C1C0
:10F82000797FBEEE7A7F56C17B7F57C17C7F58C1FE
:10F830007D7F59C17E7FC0EE7F7F5AC1807F5BC1D3
:10F84000817FBFEE827F5CC1837F5DC1847F5EC1AB
:10F85000857F5FC1867F60C1877F61C1887F62C10C
:10F86000897F63C18A7FF2D18B7F64C18C7FBCC7E3
:10F870008D7F65C18E7FC0C38F7F66C1907F67C15A
:10F88000917F68C1927F69C1937F6AC1947FE1B81B
:10F89000957F6BC1967F6CC1977F6DC1987F6EC15C
:10F8A000997F6FC19A7FE7C19B7F70C19C7F71C1B7
:10F8B0009D7FC6F49E7FDFD09F7FC7F4A07F72C17B
:10F8C000A17FDBCFA27F73C1A37F74C1A47FBAC81D
:10F8D000A57F75C1A67F76C1A77FC8F4A87F77C131
:10F8E000A97F78C1AA7F79C1AB7F7AC1AC7F7BC188
:10F8F000AD7F7CC1AE7F7DC1AF7FC9F4B07FCAF45C
:10F90000B17F7EC1B27FCBF4B37F80C1B47F81C1B0
:10F91000B57F82C1B67F83C1B77F84C1B87FFAD972
:10F92000B97FFEB8BA7F85C1BB7F86C1BC7FF1E5D8
:10F93000BD7FF0D3BE7F87C1BF7FE0F4C07F88C1A9
:10F94000C17FCCCEC27F89C1C37F8AC1C47F8BC136
:10F95000C57FE1B3C67F8CC1C77F8DC1C87F8EC113
:10F96000C97F8FC1CA7FB4F1CB7F90C1CC7FEED26B
:10F97000CD7F91C1CE7FE1F4CF7F92C1D07F93C183
:10F98000D17F94C1D27F95C1D37F96C1D47FE8CF78
:10F99000D57FE2F4D67F97C1D77F98C1D87FCCC7F7
:10F9A000D97F99C1DA7F9AC1DB7F9BC1DC7F9CC183
:10F9B000DD7F9DC1DE7F9EC1DF7FD4B5E07FE4B4F3
:10F9C000E17FE4F4E27F9FC1E37FA0C1E47F40C216
:10F9D000E57FE3F4E67FE5F4E77F41C2E87F42C2DA
:10F9E000E97FE6F4EA7F43C2EB7F44C2EC7F45C285
:10F9F000ED7F46C2EE7FE7F4EF7F47C2F07FB2BAF9
:10FA0000F17FBFB0F27F48C2F37FE8F4F47F49C2D0
:10FA1000F57F4AC2F67F4BC2F77F4CC2F87F4DC2DA
:10FA2000F97F4EC2FA7F4FC2FB7FADB7FC7FEDD2AC
:10FA3000FD7F50C2FE7F51C2FF7F52C20080ABD219
:10FA40000180CFC0028053C20380BCBF0480A3EBFF
:10FA50000580DFD50680C8EA078054C2088055C2F9
:10FA6000098056C20A8057C20B80F3F10C80F8B6A9
:10FA70000D80A3CB0E8058C20F8059C21080CDC418
:10FA800011805AC21280E7F113805BC21480E8F142
:10FA90001580FBB81680E9F11780C4BA1880C5D468
:10FAA0001980D2B01A805CC21B805DC21C80EAF152
:10FAB0001D805EC21E805FC21F8060C22080EBF18D
:10FAC000218061C22280ECF1238062C2248063C263
:10FAD0002580EDF12680EEF12780EFF12880F1F10D
:10FAE0002980F0F12A80D5C52B8064C22C8065C2A4
:10FAF0002D8066C22E8067C22F8068C2308069C2A6
:10FB00003180F2F132806AC23380FAB634806BC23F
:10FB10003580F4F13680AED23780C7DE3880CACB6C
:10FB200039806CC23A806DC23B80DCB33C806EC2CF
:10FB30003D80A2B53E806FC23F80A2B9408070C2B6
:10FB4000418071C24280F4C44380F5F1448072C2A6
:10FB5000458073C24680F6F1478074C2488075C202
:10FB6000498076C24A80C4C14B80FBC14C80B0D66C
:10FB70004D80F7F14E8077C24F8078C2508079C2B5
:10FB800051807AC25280F8F153807BC25480AAC15E
:10FB900055807CC256807DC257807EC25880B8C6D0
:10FBA000598080C25A80DBBE5B8081C25C8082C289
:10FBB0005D8083C25E8084C25F8085C2608086C2B1
:10FBC000618087C2628088C2638089C264808AC281
:10FBD00065808BC266808CC267808DC268808EC251
:10FBE0006980F9F16A80CFB46B808FC26C8090C25B
:10FBF0006D8091C26E8092C26F8093C2708094C2F9
:10FC00007180FAF1728095C2738096C2748097C237
:10FC1000758098C2768099C277809AC278809BC29C
:10FC200079809CC27A809DC27B809EC27C809FC26C
:10FC30007D80A0C27E8040C37F80B2ED8080B1ED28
:10FC4000818041C3828042C38380E0CB8480DED246
:10FC5000858043C38680C1CB8780D8D5888044C344
:10FC60008980E2C88A8045C38B80DFC08C80A1BCBC
:10FC70008D8046C38E8047C38F8048C3908049C320
:10FC800091804AC392804BC39380C1EB94804CC354
:10FC900095804DC39680A4D097804EC39880E2D6BD
:10FCA00099804FC39A80C7B69B80D8B89C80C0EB20
:10FCB0009D80CEB89E8050C39F80BFEBA080A6B32E
:10FCC000A180C9B9A280ABD6A38051C3A480F4B7E8
:10FCD000A580CAB7A68052C3A78053C3A88054C3C7
:10FCE000A980E7BCAA80BEB7AB80C6EBAC8055C389
:10FCF000AD80C7EBAE80B9B0AF80CFBFB08056C388
:10FD0000B180C5EBB280FDD3B38057C3B480C8EBDC
:10FD1000B58058C3B68059C3B780C9EBB8805AC301
:10FD2000B9805BC3BA80CEB7BB805CC3BC80C2EB7A
:10FD3000BD80C4EBBE80F6C9BF80D7D6C080CDD50C
:10FD4000C180B2D0C280CFEBC380B8CEC480D0EB2C
:10FD5000C5805DC3C680A8B5C7805EC3C8805FC3C9
:10FD6000C98060C3CA8061C3CB8062C3CC80B3B199
:10FD7000CD80D2EBCE80A5CCCF8063C3D08064C3CE
:10FD8000D18065C3D28066C3D38067C3D48068C383
:10FD9000D58069C3D680D6C5D780D3EBD8806AC357
:10FDA000D980D1EBDA80DFC5DB80CEEBDC80A4CA62
:10FDB000DD80D5EBDE80FBB0DF806BC3E0806CC301
:10FDC000E180FABAE2806DC3E3806EC3E480B7D805
:10FDD000E580E3F1E6806FC3E780CAEBE880CBEB18
:10FDE000E980CCEBEA80CDEBEB80D6EBEC80C0E693
:10FDF000ED80D9EBEE8070C3EF80E8BFF080C8D211
:10FE0000F180D7EBF280DCEBF380ECB8F480D8EB38
:10FE1000F58071C3F680BABDF78072C3F880D8D080
:10FE2000F98073C3FA80B7B0FB8074C3FC80DDEB4C
:10FE3000FD80DCC4FE8075C3FF8076C3008177C37C
:10FE4000018178C30281ACD6038179C304817AC36E
:10FE500005817BC30681E0B407817CC308817DC333
:10FE60000981F6C20A81B9BC0B817EC30C8180C3B3
:10FE70000D81DAEB0E81DBEB0F81E0D41081EAC655
:10FE80001181D4C41281DFEB1381A7C51481F5D988
:10FE9000158181C31681B1B2178182C31881E4EB49
:10FEA000198183C31A81C5BD1B8184C31C8185C38D
:10FEB0001D8186C31E81E2EB1F8187C3208188C319
:10FEC000218189C322818AC323818BC324818CC36E
:10FED00025818DC326818EC327818FC3288190C33E
:10FEE000298191C32A8192C32B8193C32C81E3EB97
:10FEF0002D8194C32E8195C32F81ACB8308196C3D8
:10FF00003181D1CD3281E5EB338197C3348198C300
:10FF1000358199C33681E1EB37819AC33881B3C10A
:10FF200039819BC33A819CC33B819DC33C819EC365
:10FF30003D819FC33E81A2C63F81A0C3408140C492
:10FF4000418141C4428142C4438143C4448144C489
:10FF5000458145C44681F3CC478146C44881E6EBE0
:10FF6000498147C44A81B0C04B81B8D24C81E7EB8C
:10FF70004D8148C44E8149C44F814AC45081AFB8B5
:10FF80005181ADB852814BC45381E8EB5481BBC75A
:10FF90005581F3CD56814CC457814DC458814EC410
:10FFA0005981EAEB5A81EBEB5B814FC45C8150C411
:10FFB0005D8151C45E8152C45F8153C46081EDEBA9
:10FFC000618154C4628155C4638156C4648157C43D
:10FFD0006581C8D0668158C46781F2EB688159C4D5
:10FFE0006981EEEB6A815AC46B815BC46C815CC42D
:10FFF0006D81F1EB6E81F9C86F815DC47081FCD1B8
:020000040802F0
:100000007181ECEB72815EC473815FC47481E9EB32
:10001000758160C4768161C4778162C4788163C46C
:100020007981B9B87A81D9CF7B81E5C47C81EFEB46
:100030007D81F0EB7E81DACC7F81C8CD8081F2B00A
:10004000818164C48281F6EB838165C4848166C446
:10005000858167C4868168C4878169C48881F5EB1E
:1000600089816AC48A81B2B28B816BC48C816CC471
:100070008D816DC48E816EC48F81E0B890816FC414
:100080009181F7EB928170C4938171C4948172C4A1
:10009000958173C4968174C4978175C49881ECB1BD
:1000A000998176C49A8177C49B81C5CC9C81A4C474
:1000B0009D81A5CF9E8178C49F8179C4A0817AC497
:1000C000A1817BC4A2817CC4A381F9EBA4817DC4FE
:1000D000A5817EC4A681A2ECA78180C4A881F2C5B7
:1000E000A98181C4AA81FAEBAB8182C4AC8183C4AB
:1000F000AD8184C4AE8185C4AF8186C4B08187C41C
:10010000B18188C4B28189C4B381C5C9B4818AC4AC
:10011000B5818BC4B6818CC4B7818DC4B8818EC4BF
:10012000B9818FC4BA81DFE2BB81FEEBBC8190C490
:10013000BD8191C4BE8192C4BF8193C4C081CECD24
:10014000C181A1ECC281DBB1C381B7D3C48194C4A6
:10015000C58195C4C681DCD2C78196C4C88197C4C5
:10016000C98198C4CA81FDEBCB8199C4CC81FBEBDA
:10017000CD819AC4CE819BC4CF819CC4D0819DC4C3
:10018000D1819EC4D2819FC4D381A0C4D48140C5F3
:10019000D58141C5D68142C5D78143C5D88144C5E3
:1001A000D98145C5DA8146C5DB8147C5DC8148C5B3
:1001B000DD8149C5DE814AC5DF814BC5E0814CC583
:1001C000E1814DC5E2814EC5E381BCB3E4814FC5F9
:1001D000E58150C5E68151C5E781B0EAE88152C5A5
:1001E000E98153C5EA81D4D7EB8154C5EC81ABF4E6
:1001F000ED81F4B3EE8155C5EF8156C5F08157C549
:10020000F18158C5F28159C5F381C1D6F481C2D6B6
:10021000F5815AC5F6815BC5F7815CC5F8815DC57E
:10022000F9815EC5FA815FC5FB81E9D5FC81CABE53
:10023000FD8160C5FE81A7F4FF8161C50082A8D25F
:100240000182A8F40282A9F4038262C50482AAF49E
:100250000582CBBE0682DFD3078263C5088264C5F0
:10026000098265C50A8266C50B8267C50C82E0C932
:100270000D82E1C90E8268C50F8269C51082C2F382
:1002800011826AC51282E6CA13826BC51482F2CC4F
:1002900015826CC516826DC517826EC518826FC532
:1002A000198270C51A8271C51B82B6E21C82B4CB5A
:1002B0001D8272C51E82E8CE1F82DBD6208273C5E6
:1002C0002182ADF42282AEF42382AFF4248274C57D
:1002D000258275C5268276C5278277C52882B2F425
:1002E000298278C52A82BDBA2B82B3F42C82E3B06E
:1002F0002D82B0F42E8279C52F82B1F43082A2BD56
:100300003182D5B232827AC53382B6F43482B7F400
:100310003582E6B63682B0B23782CFCF3882B4F4B7
:100320003982ACB43A827BC53B82B5F43C827CC551
:100330003D827DC53E82B8F43F827EC5408280C545
:10034000418281C5428282C5438283C54482B9F419
:10035000458284C5468285C54782A7CD488286C529
:100360004982BAF44A8287C54B82BBF44C8288C565
:100370004D8289C54E828AC54F82BCF450828BC59E
:1003800051828CC552828DC553828EC554828FC5D1
:10039000558290C5568291C5578292C55882D2CB5C
:1003A000598293C55A82BDF45B8294C55C8295C51F
:1003B0005D8296C55E8297C55F82BEF4608298C5F5
:1003C000618299C562829AC563829BC564829CC51D
:1003D00065829DC566829EC567829FC56882BFF49F
:1003E0006982A0C56A8240C66B8241C66C8242C6E1
:1003F0006D8243C66E82DEF46F82BCC17082E8BC3F
:10040000718244C67282ABC97382DED17482F5E513
:10041000758245C6768246C6778247C6788248C6C8
:100420007982B3DC7A82D5D27B8249C67C824AC685
:100430007D82B4DC7E82ACB07F82B5DC80824BC62C
:1004400081824CC68282DABD83824DC68482B9DC49
:1004500085824EC686824FC6878250C68882C2D8A1
:10046000898251C68A82B7DC8B82F3D38C8252C6D2
:100470008D82D6C98E82BADC8F82B6DC908253C65A
:100480009182BBDC9282A2C3938254C6948255C6E9
:10049000958256C6968257C69782BCDC9882C5DC88
:1004A0009982BDDC9A8258C69B8259C69C82DFCE57
:1004B0009D82A5D69E825AC69F82CFDCA0825BC653
:1004C000A182CDDCA2825CC6A3825DC6A482D2DCFE
:1004D000A582E6BDA682ABC2A7825EC6A882B8DCB2
:1004E000A982CBDCAA82CEDCAB82BEDCAC82D2B7E6
:1004F000AD82C5B0AE82C7DCAF82BED0B082C1DCF7
:10050000B182A8BBB2825FC6B382BCB7B482CCDC76
:10051000B58260C6B68261C6B782C6DCB882BFDC6F
:10052000B982DBC7BA8262C6BB8263C6BC8264C6BC
:10053000BD82BFD1BE82C0DCBF8265C6C08266C636
:10054000C182CADCC28267C6C38268C6C482D0DCEC
:10055000C58269C6C6826AC6C782ADCEC882C2DC01
:10056000C9826BC6CA82C3DCCB82C8DCCC82C9DC40
:10057000CD82D4B2CE82D1DCCF82D5CBD0826CC634
:10058000D182B7D4D282DBDCD382DFDCD482A6CCAA
:10059000D582E6DCD6826DC6D782E7C3D882DCDCA2
:1005A000D9826EC6DA826FC6DB82C1BFDC82D9DC3B
:1005B000DD8270C6DE82FAB0DF82B6B9E082E5DCA9
:1005C000E182D3DCE28271C6E382C4DCE482D6DC61
:1005D000E582F4C8E682E0BFE78272C6E88273C6AD
:1005E000E98274C6EA8275C6EB82BBC9EC8276C624
:1005F000ED8277C6EE8278C6EF82BDB1F08279C611
:10060000F182A2D3F2827AC6F3827BC6F482DADC6C
:10061000F5827CC6F6827DC6F782D5DCF8827EC67E
:10062000F982BBC6FA8280C6FB82DEDCFC8281C610
:10063000FD8282C6FE8283C6FF8284C6008385C691
:100640000183C2D70283AFC30383B6B70483D1C784
:100650000583A9C30683E2DC0783D8DC0883EBDCCF
:100660000983D4DC0A8386C60B8387C60C83DDDC52
:100670000D8388C60E83A5BE0F83D7DC108389C681
:100680001183E0DC12838AC613838BC61483E3DCF8
:100690001583E4DC16838CC61783F8DC18838DC6BB
:1006A00019838EC61A83E1DC1B83A2DD1C83E7DC81
:1006B0001D838FC61E8390C61F8391C6208392C65A
:1006C000218393C6228394C6238395C6248396C62A
:1006D000258397C6268398C62783EBBC2883C4B49A
:1006E000298399C62A839AC62B83A3C32C83E7B296
:1006F0002D83FADC2E839BC62F83F2DC30839CC6CD
:100700003183EFDC32839DC63383FCDC3483EEDC43
:100710003583F0D23683E8B237839EC63883D7C894
:100720003983E3C83A83FBDC3B839FC63C83EDDC23
:100730003D83A0C63E8340C73F8341C74083F7DC6B
:10074000418342C7428343C74383F5DC448344C7A4
:10075000458345C74683A3BE4783F4DC488346C729
:100760004983DDB24A8347C74B8348C74C8349C797
:100770004D834AC74E834BC74F83F3DC5083F6BC8F
:100780005183E8DC5283C4BB53834CC75483F3C00A
:1007900055834DC756834EC757834FC7588350C79D
:1007A000598351C75A83D4BC5B83E9DC5C83EADCA0
:1007B0005D8352C75E83F1DC5F83F6DC6083F9DC26
:1007C0006183B4B5628353C76383D9C86483E7BBCD
:1007D0006583FEDC6683FDDC6783ABD36883A1DDC4
:1007E0006983A3DD6A83A5DD6B83F1D26C83A4DD0D
:1007F0006D83A6DD6E83A7DD6F83A9D2708354C796
:10080000718355C7728356C7738357C7748358C79C
:10081000758359C776835AC77783C9BA7883A9DDA8
:1008200079835BC77A835CC77B83B6DD7C83B1DD6C
:100830007D83B4DD7E835DC77F835EC780835FC7B2
:10084000818360C7828361C7838362C7848363C7F0
:100850008583B0DD8683CEC6878364C7888365C7FA
:100860008983F2C08A8366C78B8367C78C8368C716
:100870008D8369C78E83AFC98F836AC790836BC727
:1008800091836CC79283ECDC9383AEDD94836DC758
:1008900095836EC796836FC7978370C79883B7DDBC
:1008A000998371C79A8372C79B83F0DC9C83AFDD09
:1008B0009D8373C79E83B8DD9F8374C7A083ACDD1F
:1008C000A18375C7A28376C7A38377C7A48378C79C
:1008D000A58379C7A6837AC7A7837BC7A883B9DD19
:1008E000A983B3DDAA83ADDDAB83AAC4AC837CC787
:1008F000AD837DC7AE837EC7AF8380C7B083A8DDDD
:10090000B183B3C0B283ABC1B383AADDB483ABDD23
:10091000B58381C7B683B2DDB783F1BBB883B5DDDC
:10092000B983A8D3BA83BADDBB8382C7BC83BBDDDE
:10093000BD83A7C3BE8383C7BF8384C7C083D2DD03
:10094000C183BCDDC28385C7C38386C7C48387C711
:10095000C583D1DDC68388C7C783BDB9C88389C7AE
:10096000C9838AC7CA83D5BECB838BC7CC83FABE63
:10097000CD838CC7CE838DC7CF83CABAD0838EC7B1
:10098000D1838FC7D28390C7D38391C7D483CADD65
:10099000D58392C7D683C5DDD78393C7D883BFDD00
:1009A000D98394C7DA8395C7DB8396C7DC83CBB240
:1009B000DD83C3DDDE8397C7DF83CBDDE083A4B2B5
:1009C000E183D5DDE28398C7E38399C7E4839AC7BF
:1009D000E583BEDDE6839BC7E7839CC7E8839DC7AD
:1009E000E983D0C6EA83D0DDEB839EC7EC839FC743
:1009F000ED83A0C7EE8340C8EF8341C8F083D4DD08
:100A0000F183E2C1F283C6B7F38342C8F48343C8DB
:100A1000F58344C8F68345C8F78346C8F883CEDD1E
:100A2000F983CFDDFA8347C8FB8348C8FC8349C8F4
:100A3000FD83C4DDFE834AC8FF834BC800844CC8D5
:100A40000184BDDD02844DC80384CDDD0484D1CC96
:100A500005844EC80684C9DD07844FC8088450C881
:100A6000098451C80A8452C80B84C2DD0C84C8C3EF
:100A70000D84BCC60E84AECE0F84CCDD108453C86A
:100A80001184C8DD128454C8138455C8148456C810
:100A9000158457C8168458C8178459C81884C1DDEE
:100AA00019845AC81A845BC81B845CC81C84C6DDC0
:100AB0001D84DCC21E845DC81F845EC820845FC89C
:100AC000218460C8228461C8238462C82484A9D395
:100AD0002584AAD32684D3DD2784F4CF2884F8C8BC
:100AE000298463C82A8464C82B8465C82C8466C89A
:100AF0002D8467C82E8468C82F8469C830846AC86A
:100B00003184E6DD32846BC833846CC834846DC8AC
:100B100035846EC836846FC8378470C83884C7DDA2
:100B2000398471C83A8472C83B8473C83C84E0DD60
:100B30003D84E4C23E8474C83F8475C8408476C84E
:100B4000418477C8428478C8438479C844847AC889
:100B500045847BC84684E1DD47847CC848847DC8E1
:100B600049847EC84A8480C84B8481C84C8482C82A
:100B70004D8483C84E8484C84F8485C8508486C8F9
:100B80005184D7DD528487C8538488C8548489C867
:100B900055848AC856848BC85784F8D658848CC824
:100BA0005984D9DD5A84D8DD5B84F0B85C84D6DD05
:100BB0005D848DC85E848EC85F848FC8608490C851
:100BC0006184CFC6628491C86384ADB6648492C8E0
:100BD000658493C8668494C8678495C8688496C8F9
:100BE0006984E2DD6A8497C86B84F9BA6C84E1D4C5
:100BF0006D84E7DD6E8498C86F8499C870849AC844
:100C00007184D0B472849BC87384DADD74849CC808
:100C10007584FBBF7684E3DD77849DC87884DFDD4F
:100C200079849EC87A84DDDD7B849FC87C84A0C8DB
:100C30007D8440C97E8441C97F8442C9808443C980
:100C4000818444C98284D9B5838445C9848446C9D2
:100C5000858447C9868448C98784DBDD8884DCDDD8
:100C60008984DEDD8A8449C98B84AFBD8C84E4DD50
:100C70008D844AC98E84E5DD8F844BC990844CC92C
:100C800091844DC992844EC993844FC9948450C9AC
:100C9000958451C9968452C99784F5DD988453C9C7
:100CA0009984C9C39A8454C99B8455C99C84E2CB56
:100CB0009D8456C99E8457C99F8458C9A08459C928
:100CC000A184F2DDA2845AC9A3845BC9A4845CC94F
:100CD000A5845DC9A6845EC9A7845FC9A88460C9CC
:100CE000A98461C9AA8462C9AB8463C9AC8464C99C
:100CF000AD8465C9AE8466C9AF84E1D8B08467C9E4
:100D0000B18468C9B284D1C6B38469C9B484F4DD3E
:100D1000B5846AC9B6846BC9B7846CC9B884F4D584
:100D2000B984F3DDBA84F0DDBB846DC9BC846EC9BF
:100D3000BD84ECDDBE846FC9BF84EFDDC08470C9A3
:100D4000C184E8DDC28471C9C38472C9C484EED091
:100D5000C58473C9C68474C9C78475C9C88476C973
:100D6000C984D8C8CA84EEDDCB8477C9CC8478C95D
:100D7000CD84E9DDCE8479C9CF847AC9D084EADD17
:100D8000D184F2CBD2847BC9D384EDDDD4847CC9F9
:100D9000D5847DC9D684CDB1D7847EC9D88480C995
:100DA000D98481C9DA8482C9DB8483C9DC8484C99B
:100DB000DD84B6C0DE8485C9DF84BBBCE084F1DDA0
:100DC000E18486C9E28487C9E384F7DDE48488C9C5
:100DD000E584F6DDE684EBDDE78489C9E8848AC929
:100DE000E9848BC9EA848CC9EB848DC9EC84EEC597
:100DF000ED848EC9EE848FC9EF8490C9F084FBDD49
:100E0000F18491C9F28492C9F38493C9F48494C99A
:100E1000F58495C9F68496C9F78497C9F88498C96A
:100E2000F98499C9FA849AC9FB849BC9FC84A4DE1D
:100E3000FD849CC9FE849DC9FF84A3DE00859EC9F4
:100E400001859FC90285A0C9038540CA048541CA9E
:100E5000058542CA068543CA078544CA088545CA2E
:100E6000098546CA0A8547CA0B8548CA0C85F8DD3C
:100E70000D8549CA0E854ACA0F854BCA10854CCAD2
:100E80001185EFC312854DCA1385FBC214854ECA66
:100E900015854FCA168550CA1785E1D5188551CAE0
:100EA000198552CA1A85B5CE1B8553CA1C8554CAEA
:100EB0001D8555CA1E8556CA1F85FDDD208557CA6A
:100EC0002185CCB2228558CA238559CA24855ACA9D
:100ED00025855BCA26855CCA27855DCA28855ECACA
:100EE00029855FCA2A8560CA2B85E8C42C85DFCA9C
:100EF0002D8561CA2E8562CA2F8563CA308564CA72
:100F0000318565CA328566CA338567CA348568CA41
:100F1000358569CA36856ACA3785BEC73885FADD20
:100F20003985FCDD3A85FEDD3B85A2DE3C85AAB035
:100F30003D85CEB13E856BCA3F856CCA40856DCA82
:100F400041856ECA42856FCA4385ACDE448570CA4E
:100F5000458571CA468572CA478573CA4885A6DE2B
:100F60004985B6BD4A85EFC84B8574CA4C8575CA9C
:100F70004D8576CA4E8577CA4F8578CA508579CA1D
:100F800051857ACA52857BCA53857CCA54857DCAED
:100F900055857ECA5685A1DE578580CA588581CA87
:100FA0005985A5DE5A8582CA5B8583CA5C8584CA59
:100FB0005D8585CA5E85A9DE5F8586CA608587CA2C
:100FC000618588CA628589CA63858ACA6485A8DE04
:100FD00065858BCA66858CCA67858DCA6885A7DEDC
:100FE00069858ECA6A858FCA6B8590CA6C8591CADD
:100FF0006D8592CA6E8593CA6F8594CA708595CAAD
:10100000718596CA7285ADDE738597CA7485CCD416
:10101000758598CA768599CA77859ACA78859BCA54
:101020007985B3DE7A85AADE7B85AEDE7C859CCAB7
:101030007D859DCA7E85D9C07F859ECA80859FCAD1
:101040008185A0CA828540CB838541CB8485A1B1AF
:101050008585B6DE868542CB8785B1DE888543CB24
:10106000898544CB8A8545CB8B8546CB8C8547CB00
:101070008D8548CB8E8549CB8F85B2DE90854ACB56
:1010800091854BCB92854CCB93854DCB94854ECBA4
:1010900095854FCB968550CB978551CB988552CB74
:1010A000998553CB9A8554CB9B85A6D19C85B5DE7B
:1010B0009D8555CB9E8556CB9F8557CBA08558CB1C
:1010C000A18559CBA2855ACBA3855BCBA485AFDE86
:1010D000A5855CCBA6855DCBA7855ECBA885B0DE5C
:1010E000A9855FCBAA85BDD0AB8560CBAC8561CB34
:1010F000AD8562CBAE85B4DEAF85EDCAB085B9DE15
:10110000B18563CBB28564CBB38565CBB48566CB43
:10111000B58567CBB68568CBB785B8DEB88569CBB2
:10112000B985B7DEBA856ACBBB856BCBBC856CCB8A
:10113000BD856DCBBE856ECBBF856FCBC08570CBBB
:10114000C185BBDEC28571CBC38572CBC48573CB31
:10115000C58574CBC68575CBC78576CBC88577CB5F
:10116000C985E5BDCA8578CBCB8579CBCC857ACBD3
:10117000CD857BCBCE857CCBCF85D8B2D085EAC35D
:10118000D1857DCBD2857ECBD385BADED48580CB8D
:10119000D585BAC5D68581CBD78582CBD88583CB7B
:1011A000D98584CBDA8585CBDB8586CBDC85BCDE37
:1011B000DD8587CBDE8588CBDF8589CBE0858ACB53
:1011C000E1858BCBE2858CCBE3858DCBE485D9CCD7
:1011D000E5858ECBE6858FCBE78590CBE88591CBF7
:1011E000E985AAB7EA8592CBEB8593CBEC8594CBC6
:1011F000ED8595CBEE8596CBEF8597CBF08598CB9B
:10120000F18599CBF2859ACBF3859BCBF4859CCB6A
:10121000F5859DCBF6859ECBF7859FCBF885A0CB3A
:10122000F98540CCFA8541CCFB85E5D4FC8542CCE0
:10123000FD8543CCFE8544CCFF85BDDE008645CCD4
:10124000018646CC028647CC038648CC048649CC2E
:101250000586BFDE06864ACC07864BCC08864CCC7A
:1012600009864DCC0A864ECC0B864FCC0C8650CCD2
:101270000D8651CC0E8652CC0F8653CC108654CCA2
:101280001186A2C4128655CC138656CC148657CC30
:10129000158658CC1686C1DE178659CC18865ACCCE
:1012A00019865BCC1A865CCC1B865DCC1C865ECC1A
:1012B0001D865FCC1E8660CC1F8661CC208662CCEA
:1012C000218663CC228664CC238665CC248666CCBA
:1012D000258667CC268668CC2786BEDE288669CC24
:1012E0002986C0DE2A866ACC2B866BCC2C866CCCF9
:1012F0002D866DCC2E866ECC2F866FCC308670CC32
:10130000318671CC328672CC338673CC348674CC01
:10131000358675CC368676CC378677CC3886BAD586
:10132000398678CC3A8679CC3B867ACC3C86C2DE4C
:101330003D867BCC3E867CCC3F867DCC40867ECC79
:10134000418680CC428681CC438682CC448683CC45
:10135000458684CC468685CC478686CC488687CC15
:10136000498688CC4A8689CC4B868ACC4C868BCCE5
:101370004D86AEF24E86A2BB4F86B2C25086B0C535
:101380005186C7C252868CCC53868DCC5486AFF220
:1013900055868ECC56868FCC578690CC588691CC6D
:1013A000598692CC5A86E9D05B8693CC5C8694CCE5
:1013B0005D8695CC5E86DDD35F8696CC608697CCC5
:1013C000618698CC6286BDEB638699CC64869ACCA4
:1013D00065869BCC66869CCC67869DCC68869ECCB9
:1013E00069869FCC6A86A0CC6B86E6B36C86B0F229
:1013F0006D8640CD6E86B1F26F8641CD708642CD4E
:101400007186ADCA728643CD738644CD748645CD50
:10141000758646CD768647CD778648CD788649CD88
:101420007986E7BA7A86B3F27B86B5F27C86B4F227
:101430007D86E4CB7E86BACF7F86B2F28086B4CA40
:101440008186CFD28286ECC283864ACD84864BCDFC
:1014500085864CCD86864DCD87864ECD88864FCDF0
:10146000898650CD8A86C3CE8B86B8F28C86F6B03C
:101470008D86B7F28E8651CD8F8652CD908653CD14
:10148000918654CD928655CD9386BEF2948656CDE4
:101490009586CFB2968657CD978658CD988659CDEA
:1014A00099865ACD9A865BCD9B865CCD9C86C1D1B0
:1014B0009D86BAF29E865DCD9F865ECDA0865FCD6D
:1014C000A18660CDA28661CDA386BCF2A486E9D4B4
:1014D000A58662CDA68663CDA786BBF2A886B6F2A6
:1014E000A986BFF2AA86BDF2AB8664CDAC86B9F2FE
:1014F000AD8665CDAE8666CDAF86C7F2B086C4F246
:10150000B186C6F2B28667CDB38668CDB486CAF21C
:10151000B586C2F2B686C0F2B78669CDB8866ACD06
:10152000B9866BCDBA86C5F2BB866CCDBC866DCD57
:10153000BD866ECDBE866FCDBF8670CDC086FBD614
:10154000C18671CDC28672CDC38673CDC486C1F209
:10155000C58674CDC686F9C7C786DFC9C88675CD6E
:10156000C986C8F2CA86C6B9CB86B0B5CC8676CD58
:10157000CD8677CDCE86C3F2CF86C9F2D086D0F2A3
:10158000D186D6F2D28678CDD38679CDD486D7BB14
:10159000D5867ACDD6867BCDD7867CCDD886D5F23A
:1015A000D986DCCDDA867DCDDB86EBD6DC867ECDBA
:1015B000DD8680CDDE86D2F2DF86D4F2E08681CD74
:1015C000E18682CDE28683CDE38684CDE486F2B8DF
:1015D000E58685CDE68686CDE78687CDE88688CD0B
:1015E000E986CBF2EA8689CDEB868ACDEC868BCD77
:1015F000ED86CEF2EE86F9C2EF868CCDF086DDD593
:10160000F186CCF2F286CDF2F386CFF2F486D3F2F5
:10161000F5868DCDF6868ECDF7868FCDF886D9F2FC
:10162000F986BCD3FA8690CDFB8691CDFC8692CD0F
:10163000FD8693CDFE86EAB6FF8694CD0087F1CA7B
:10164000018795CD0287E4B70387D7F2048796CD4B
:10165000058797CD068798CD0787D8F20887DAF2F5
:101660000987DDF20A87DBF20B8799CD0C879ACDCB
:101670000D87DCF20E879BCD0F879CCD10879DCD0B
:1016800011879ECD1287D1D11387D1F214879FCDB8
:101690001587C9CD1687A0CD1787CFCE1887A9D6B5
:1016A000198740CE1A87E3F21B8741CE1C87DBC324
:1016B0001D8742CE1E87E0F21F8743CE208744CE8F
:1016C0002187AFC02287ECF22387DEF2248745CE44
:1016D0002587E1F2268746CE278747CE288748CE42
:1016E0002987E8F22A8749CE2B874ACE2C874BCE12
:1016F0002D874CCE2E87E2F22F874DCE30874ECEEF
:101700003187E7F232874FCE338750CE3487E6F207
:10171000358751CE368752CE3787E9F2388753CE98
:10172000398754CE3A8755CE3B87DFF23C8756CE79
:101730003D8757CE3E87E4F23F87EAF2408758CE96
:10174000418759CE42875ACE43875BCE44875CCED1
:1017500045875DCE46875ECE4787ACD34887E5F2A6
:101760004987F5B24A875FCE4B8760CE4C87F2F24D
:101770004D8761CE4E87ABD04F8762CE508763CE08
:10178000518764CE528765CE5387F5F2548766CE73
:10179000558767CE568768CE5787C8BB588769CEAE
:1017A0005987F9F25A876ACE5B876BCE5C876CCE1D
:1017B0005D876DCE5E876ECE5F876FCE6087F0F2FD
:1017C000618770CE628771CE6387F6F26487F8F224
:1017D0006587FAF2668772CE678773CE688774CEA4
:1017E000698775CE6A8776CE6B8777CE6C8778CE21
:1017F0006D8779CE6E87F3F26F877ACE7087F1F2BC
:1018000071877BCE72877CCE73877DCE7487FBBA5F
:1018100075877ECE7687FBB5778780CE788781CE39
:10182000798782CE7A8783CE7B87EFF27C87F7F247
:101830007D87EDF27E87EEF27F8784CE808785CE2E
:10184000818786CE8287EBF28387A6F3848787CE53
:101850008587A3F3868788CE878789CE8887A2F37A
:1018600089878ACE8A878BCE8B87F4F28C878CCE41
:101870008D87DAC88E878DCE8F878ECE90878FCE5C
:10188000918790CE928791CE9387FBF2948792CEE8
:10189000958793CE968794CE9787A5F3988795CE14
:1018A000998796CE9A8797CE9B8798CE9C8799CE1C
:1018B0009D879ACE9E879BCE9F87F8C3A0879CCE9C
:1018C000A1879DCEA2879ECEA3879FCEA487A0CEC0
:1018D000A58740CFA68741CFA78742CFA887FDF233
:1018E000A98743CFAA8744CFAB87A7F3AC87A9F3D7
:1018F000AD87A4F3AE8745CFAF87FCF2B08746CF64
:10190000B18747CFB28748CFB387ABF3B48749CF0E
:10191000B587AAF3B6874ACFB7874BCFB8874CCFE6
:10192000B9874DCFBA87DDC2BB874ECFBC874FCFBB
:10193000BD87AEF3BE8750CFBF8751CFC087B0F30E
:10194000C18752CFC28753CFC38754CFC48755CFE7
:10195000C58756CFC687A1F3C78757CFC88758CF4B
:10196000C98759CFCA87B1F3CB87ACF3CC875ACF9D
:10197000CD875BCFCE875CCFCF875DCFD0875ECF63
:10198000D187AFF3D287FEF2D387ADF3D4875FCF91
:10199000D58760CFD68761CFD78762CFD88763CF0F
:1019A000D98764CFDA8765CFDB87B2F3DC8766CF70
:1019B000DD8767CFDE8768CFDF8769CFE087B4F345
:1019C000E1876ACFE2876BCFE3876CCFE4876DCF87
:1019D000E587A8F3E6876ECFE7876FCFE88770CFFC
:1019E000E98771CFEA87B3F3EB8772CFEC8773CFC8
:1019F000ED8774CFEE87B5F3EF8775CFF08776CF9D
:101A0000F18777CFF28778CFF38779CFF4877ACFD2
:101A1000F5877BCFF6877CCFF7877DCFF8877ECFA2
:101A2000F987B7D0FA8780CFFB8781CFFC8782CF39
:101A3000FD8783CFFE87B8F3FF8784CF008885CFEB
:101A4000018886CF028887CF0388F9D9048888CF98
:101A5000058889CF06888ACF07888BCF08888CCFE6
:101A600009888DCF0A88B9F30B888ECF0C888FCF69
:101A70000D8890CF0E8891CF0F8892CF108893CF8A
:101A8000118894CF128895CF1388B7F3148896CF16
:101A90001588E4C81688B6F3178897CF188898CFAA
:101AA000198899CF1A889ACF1B88BAF31C889BCFC4
:101AB0001D889CCF1E889DCF1F889ECF20889FCFDA
:101AC0002188BBF32288C0B42388A0CF248840D0CB
:101AD000258841D0268842D0278843D0288844D002
:101AE000298845D02A8846D02B8847D02C8848D0D2
:101AF0002D8849D02E884AD02F884BD030884CD0A2
:101B000031884DD03288C3EE33884ED034884FD0E0
:101B1000358850D0368851D0378852D0388853D045
:101B20003988BCF33A8854D03B8855D03C88BDF303
:101B30003D8856D03E8857D03F8858D04088AAD19B
:101B4000418859D042885AD043885BD04488ACF44D
:101B50004588C6D046885CD047885DD048885ED02E
:101B600049885FD04A8860D04B8861D04C88D0D0FB
:101B70004D88DCD14E8862D04F8863D0508864D0C5
:101B8000518865D0528866D0538867D05488CECFAC
:101B9000558868D0568869D05788D6BD58886AD08D
:101BA0005988C3D15A886BD05B886CD05C886DD063
:101BB0005D886ED05E886FD05F8870D0608871D08D
:101BC0006188E2BA6288E9E16388C2D26488C2F1BE
:101BD0006588B9B2668872D0678873D06888EDB1BD
:101BE0006988C3F16A8874D06B88C0C96C88C4B333
:101BF0006D8875D06E88F2D96F8876D07088A5CB45
:101C0000718877D07288C4F1738878D0748879D05D
:101C100075887AD076887BD07788D4D678887CD03F
:101C200079887DD07A887ED07B8880D07C8881D06E
:101C30007D88C5F17E88C0F47F88C6F1808882D017
:101C40008188ACD48288C7F1838883D08488C0B06F
:101C50008588C1F4868884D0878885D08888C2F436
:101C6000898886D08A8887D08B88FCB48C8888D075
:101C70008D88DBC58E8889D08F888AD090888BD05C
:101C800091888CD09288BBCC93888DD094888ED04C
:101C900095888FD09688E4D0978890D0988891D0F6
:101CA000998892D09A8893D09B8894D09C88E0CDD4
:101CB0009D8895D09E8896D09F8897D0A08898D0F0
:101CC000A18899D0A288C8F1A3889AD0A488F3D912
:101CD000A5889BD0A6889CD0A7889DD0A8889ED098
:101CE000A9889FD0AA88A0D0AB88BBB1AC8840D1CE
:101CF000AD88AECFAE8841D1AF8842D1B08843D154
:101D0000B188A4B8B28844D1B38845D1B48846D14B
:101D1000B58847D1B68848D1B788CAF1B88849D1C3
:101D2000B9884AD1BA884BD1BB884CD1BC88CBF199
:101D3000BD884DD1BE884ED1BF884FD1C08850D10B
:101D4000C188C3B2C288D1C1C38851D1C48852D11D
:101D5000C588B0D7C688C9F1C78853D1C88854D1BF
:101D6000C988CCF1CA8855D1CB8856D1CC8857D1F7
:101D7000CD8858D1CE88CEF1CF8859D1D0885AD1CC
:101D8000D1885BD1D288F6D9D3885CD1D488E1D20E
:101D9000D588A3D4D6885DD1D7885ED1D888C3F43E
:101DA000D988B9C8DA885FD1DB8860D1DC8861D195
:101DB000DD8862D1DE8863D1DF88C4F4E08864D135
:101DC000E18865D1E288CDF1E388CFF1E488E3BF13
:101DD000E588D0F1E68866D1E78867D1E888D4F154
:101DE000E98868D1EA8869D1EB886AD1EC886BD13F
:101DF000ED886CD1EE886DD1EF886ED1F088D6F188
:101E0000F188D1F1F2886FD1F388D1C9F488E1C5A6
:101E1000F58870D1F68871D1F78872D1F888E3C25D
:101E2000F988FCB9FA8873D1FB8874D1FC88D3F1A6
:101E3000FD8875D1FE88D5F1FF8876D1008977D1EC
:101E4000018978D10289D3B9038979D104897AD1FA
:101E500005897BD106897CD107897DD108897ED10E
:101E6000098980D10A89DBF10B8981D10C8982D162
:101E70000D8983D10E8984D10F8985D11089D6BA75
:101E8000118986D11289FDB01389D9F1148987D1BE
:101E9000158988D1168989D117898AD118898BD15A
:101EA0001989D8F11A89D2F11B89DAF11C898CD1F0
:101EB0001D898DD11E898ED11F898FD1208990D106
:101EC0002189D7F1228991D1238992D1248993D173
:101ED0002589ECC8268994D1278995D1288996D15E
:101EE000298997D12A89CACD2B89DDF12C8998D1EE
:101EF0002D8999D12E899AD12F899BD13089BDE521
:101F000031899CD132899DD133899ED13489DCF1CC
:101F100035899FD13689DEF13789A0D1388940D201
:101F2000398941D23A8942D23B8943D23C8944D251
:101F30003D8945D23E8946D23F8947D2408948D221
:101F40004189DFF1428949D243894AD24489E5CFA8
:101F500045894BD246894CD247894DD248894ED2C9
:101F600049894FD24A8950D24B8951D24C8952D299
:101F70004D8953D24E8954D24F8955D2508956D269
:101F8000518957D2528958D2538959D254895AD239
:101F900055895BD256895CD257895DD258895ED209
:101FA00059895FD25A8960D25B8961D25C8962D2D9
:101FB0005D8963D25E89C5F45F89F3BD608964D2AF
:101FC000618965D2628966D2638967D2648968D281
:101FD000658969D26689E0F167896AD268896BD2BE
:101FE00069896CD26A896DD26B896ED26C896FD225
:101FF0006D8970D26E8971D26F8972D2708973D2F5
:10200000718974D2728975D2738976D2748977D2C4
:10201000758978D2768979D277897AD278897BD294
:1020200079897CD27A897DD27B89E1F17C897ED2E3
:102030007D8980D27E8981D27F89F7CE808982D2C4
:102040008189AAD2828983D28389FBF1848984D24F
:10205000858985D28689B2B8878986D2888987D2D0
:10206000898988D28A8989D28B898AD28C898BD2B4
:102070008D898CD28E898DD28F898ED290898FD284
:10208000918990D2928991D2938992D2948993D254
:10209000958994D2968995D2978996D2988997D224
:1020A000998998D29A8999D29B899AD29C899BD2F4
:1020B0009D899CD29E899DD29F899ED2A0899FD2C4
:1020C000A189A0D2A28940D3A38941D3A48942D3B4
:1020D000A58943D3A68944D3A78945D3A88946D3E4
:1020E000A98947D3AA8948D3AB8949D3AC894AD3B4
:1020F000AD894BD3AE894CD3AF894DD3B0894ED384
:10210000B1894FD3B28950D3B38951D3B48952D353
:10211000B58953D3B68954D3B78955D3B88956D323
:10212000B98957D3BA8958D3BB8959D3BC895AD3F3
:10213000BD895BD3BE895CD3BF895DD3C0895ED3C3
:10214000C189FBBCC289DBB9C3895FD3C489E6B945
:10215000C589D9C3C689D3CAC789E8EAC889C0C0B6
:10216000C989F5BECA89E9EACB89EAEACC89EBEAF2
:10217000CD8960D3CE89ECEACF89EDEAD089EEEA49
:10218000D189EFEAD289C7BDD38961D3D48962D31B
:10219000D58963D3D689FBF5D78964D3D88965D32C
:1021A000D98966D3DA89FDF5DB8967D3DC89FEF549
:1021B000DD8968D3DE89FCF5DF8969D3E0896AD3DC
:1021C000E1896BD3E2896CD3E389E2BDE4896DD305
:1021D000E589A1F6E689A5B4E7896ED3E8896FD3CE
:1021E000E98970D3EA8971D3EB89A2F6EC8972D3BD
:1021F000ED8973D3EE8974D3EF89A3F6F08975D393
:10220000F18976D3F28977D3F389B2ECF48978D364
:10221000F58979D3F6897AD3F7897BD3F8897CD38A
:10222000F9897DD3FA897ED3FB8980D3FC8981D358
:10223000FD8982D3FE8983D3FF8984D3008AD4D1D8
:10224000018A85D3028A86D3038A87D3048A88D3F6
:10225000058A89D3068A8AD3078AEAD9088A8BD362
:10226000098A8CD30A8A8DD30B8A8ED30C8A8FD39A
:102270000D8A90D30E8A91D30F8A92D3108A93D36A
:10228000118A94D3128A95D3138A96D3148A97D33A
:10229000158A98D3168A99D3178A9AD3188A9BD30A
:1022A000198A9CD31A8A9DD31B8A9ED31C8A9FD3DA
:1022B0001D8AA0D31E8A40D41F8A41D4208A42D4CA
:1022C000218A43D4228A44D4238A45D4248A46D4FA
:1022D000258A47D4268A48D4278A49D4288A4AD4CA
:1022E000298A4BD42A8A4CD42B8A4DD42C8A4ED49A
:1022F0002D8A4FD42E8A50D42F8A51D4308A52D46A
:10230000318A53D4328A54D4338A55D4348A56D439
:10231000358A57D4368A58D4378A59D4388A5AD409
:10232000398A5BD43A8A5CD43B8A5DD43C8A5ED4D9
:102330003D8A5FD43E8AA4F63F8A60D4408A61D445
:10234000418A62D4428A63D4438A64D4448A65D47D
:10235000458A66D4468A67D4478A68D4488ABAEEE2
:10236000498A69D44A8A6AD44B8A6BD44C8A6CD421
:102370004D8A6DD44E8A6ED44F8A6FD4508A70D4F1
:10238000518A71D4528A72D4538A73D4548A74D4C1
:10239000558A75D4568A76D4578A77D4588A78D491
:1023A000598A79D45A8A7AD45B8A7BD45C8A7CD461
:1023B0005D8A7DD45E8A7ED45F8A80D4608A81D42F
:1023C000618A82D4628A83D4638A84D4648A85D4FD
:1023D000658A86D4668A87D4678A88D4688A89D4CD
:1023E000698A8AD46A8A8BD46B8A8CD46C8A8DD49D
:1023F0006D8A8ED46E8A8FD46F8A90D4708A91D46D
:10240000718A92D4728A93D4738A94D4748A95D43C
:10241000758A96D4768A97D4778A98D4788A99D40C
:10242000798AB2D57A8A9AD47B8A9BD47C8A9CD4C6
:102430007D8A9DD47E8A9ED47F8A9FD4808AA0D4B0
:10244000818A40D5828A41D5838A42D5848A43D500
:10245000858A44D5868A45D5878A46D5888A47D5D0
:10246000898AFED38A8ADCCC8B8A48D58C8A49D566
:102470008D8A4AD58E8A4BD58F8A4CD5908A4DD578
:10248000918A4ED5928A4FD5938AC4CA948A50D5E0
:10249000958A51D5968A52D5978A53D5988A54D51C
:1024A000998A55D59A8A56D59B8A57D59C8A58D5EC
:1024B0009D8A59D59E8A5AD59F8A5BD5A08A5CD5BC
:1024C000A18A5DD5A28A5ED5A38A5FD5A48A60D58C
:1024D000A58A61D5A68A62D5A78A63D5A88A64D55C
:1024E000A98A65D5AA8A66D5AB8A67D5AC8A68D52C
:1024F000AD8A69D5AE8A6AD5AF8A6BD5B08A6CD5FC
:10250000B18A6DD5B28A6ED5B38A6FD5B48A70D5CB
:10251000B58A71D5B68A72D5B78A73D5B88A74D59B
:10252000B98A75D5BA8A76D5BB8A77D5BC8A78D56B
:10253000BD8A79D5BE8A7AD5BF8A7BD5C08A7CD53B
:10254000C18A7DD5C28A7ED5C38A80D5C48A81D509
:10255000C58A82D5C68A83D5C78A84D5C88A85D5D7
:10256000C98A86D5CA8A87D5CB8A88D5CC8A89D5A7
:10257000CD8A8AD5CE8A8BD5CF8A8CD5D08A8DD577
:10258000D18A8ED5D28A8FD5D38A90D5D48A91D547
:10259000D58A92D5D68A93D5D78A94D5D88A95D517
:1025A000D98A96D5DA8A97D5DB8A98D5DC8A99D5E7
:1025B000DD8A9AD5DE8A9BD5DF8A9CD5E08A9DD5B7
:1025C000E18A9ED5E28A9FD5E38AA0D5E48A40D6E7
:1025D000E58A41D6E68A42D6E78A43D6E88A44D6D7
:1025E000E98A45D6EA8A46D6EB8A47D6EC8A48D6A7
:1025F000ED8A49D6EE8A4AD6EF8A4BD6F08A4CD677
:10260000F18A4DD6F28A4ED6F38A4FD6F48A50D646
:10261000F58A51D6F68A52D6F78A53D6F88A54D616
:10262000F98A55D6FA8A56D6FB8A57D6FC8A58D6E6
:10263000FD8A59D6FE8A5AD6FF8A5BD6008B5CD6B5
:10264000018B5DD6028B5ED6038B5FD6048B60D682
:10265000058B61D6068B62D6078BC0E5088B63D6E7
:10266000098B64D60A8B65D60B8B66D60C8B67D626
:102670000D8B68D60E8B69D60F8B6AD6108B6BD6F6
:10268000118B6CD6128B6DD6138B6ED6148B6FD6C6
:10269000158B70D6168B71D6178B72D6188B73D696
:1026A000198B74D61A8B75D61B8B76D61C8B77D666
:1026B0001D8B78D61E8B79D61F8B7AD6208B7BD636
:1026C000218B7CD6228B7DD6238B7ED6248B80D605
:1026D000258B81D6268BA5F6278B82D6288B83D691
:1026E000298B84D62A8B85D62B8B86D62C8B87D6A6
:1026F0002D8B88D62E8B89D62F8B8AD6308B8BD676
:10270000318B8CD6328B8DD6338B8ED6348B8FD645
:10271000358B90D6368B91D6378B92D6388B93D615
:10272000398B94D63A8B95D63B8B96D63C8B97D6E5
:102730003D8B98D63E8B99D63F8B9AD6408B9BD6B5
:10274000418B9CD6428B9DD6438B9ED6448B9FD685
:10275000458BA0D6468B40D7478B41D7488B42D775
:10276000498B43D74A8B44D74B8B45D74C8B46D7A5
:102770004D8B47D74E8B48D74F8B49D7508B4AD775
:10278000518B4BD7528B4CD7538B4DD7548B4ED745
:10279000558B4FD7568B50D7578B51D7588B52D715
:1027A000598B53D75A8B54D75B8B55D75C8B56D7E5
:1027B0005D8B57D75E8B58D75F8B59D7608B5AD7B5
:1027C000618B5BD7628B5CD7638B5DD7648B5ED785
:1027D000658B5FD7668BAFBE678B60D7688B61D721
:1027E000698B62D76A8B63D76B8B64D76C8BA9C6F6
:1027F0006D8B65D76E8B66D76F8B67D7708B68D7FD
:10280000718B69D7728B6AD7738B6BD7748B6CD7CC
:10281000758B6DD7768B6ED7778B6FD7788B70D79C
:10282000798B71D77A8B72D77B8B73D77C8B74D76C
:102830007D8B75D77E8B76D77F8B77D7808B78D73C
:10284000818B79D7828B7AD7838B7BD7848B7CD70C
:10285000858B7DD7868B7ED7878B80D7888B81D7DA
:10286000898B82D78A8B83D78B8B84D78C8B85D7A8
:102870008D8B86D78E8B87D78F8B88D7908B89D778
:10288000918B8AD7928B8BD7938B8CD7948B8DD748
:10289000958B8ED7968B8FD7978B90D7988B91D718
:1028A000998B92D79A8B93D79B8B94D79C8B95D7E8
:1028B0009D8B96D79E8B97D79F8B98D7A08BA5DAA9
:1028C000A18BC6BCA28BA9B6A38BBCB8A48BCFC866
:1028D000A58BA5BCA68BA6DAA78BA7DAA88BD6CC2E
:1028E000A98BC3C8AA8BA8DAAB8BFDC6AC8B99D7D2
:1028F000AD8BB5D1AE8BE9D2AF8BB6D1B08BC7BCA7
:10290000B18B9AD7B28BB2BDB38BE4BBB48BA9DACF
:10291000B58BAADAB68BC8D1B78BABDAB88BEDD052
:10292000B98BEFB6BA8BDBC2BB8B9BD7BC8BCFCB43
:10293000BD8BEDB7BE8BE8C9BF8BC3B7C08BF7BEED
:10294000C18BA4D6C28BACDAC38BADDAC48BC0C644
:10295000C58BE7D7C68BB6CAC78B9CD7C88BA9D502
:10296000C98BDFCBCA8BEFD5CB8BAEDACC8BDFD666
:10297000CD8BCAB4CE8BB0DACF8BAFDAD08B9DD7EC
:10298000D18BEBD2D28BB1DAD38BB2DAD48BB3DA70
:10299000D58BD4CAD68BB4DAD78BABCAD88BB5DA81
:1029A000D98BB6DADA8BCFB3DB8BEFD6DC8BB7DA29
:1029B000DD8BB0BBDE8BAEB5DF8BB8DAE08BB9DA7E
:1029C000E18BEEB9E28BAFD1E38BE8D2E48BBADADC
:1029D000E58BC3B8E68BEACFE78BEFB2E88BBBDAC7
:1029E000E98BBCDAEA8B9ED7EB8BEBBDEC8BDCCEB4
:1029F000ED8BEFD3EE8BBDDAEF8BF3CEF08BBEDA3F
:102A0000F18BD5D3F28BE5BBF38BBFDAF48BB5CB6F
:102A1000F58BD0CBF68BC0DAF78BEBC7F88BEED605
:102A2000F98BC1DAFA8BB5C5FB8BC1B6FC8BC2DA68
:102A3000FD8BCCB7FE8BCEBFFF8BC3DA008CC4DA24
:102A4000018CADCB028CC5DA038CF7B5048CC6DAE9
:102A5000058CC2C1068CBBD7078CC7DA088CB8CCF2
:102A6000098C9FD70A8CEAD20B8CB1C40C8CC8DAC3
:102A70000D8CFDB50E8CD1BB0F8CC9DA108CB3D088
:102A8000118CCADA128CCBDA138CBDCE148CCCDA52
:102A9000158CCDDA168CCEDA178CF7B2188CD1DA09
:102AA000198CCFDA1A8CE8D11B8CD0DA1C8CD5C3E8
:102AB0001D8CD2DA1E8CA0D71F8CD3DA208CD4DAEE
:102AC000218CD5DA228CBBD0238CA5D2248CF9B0F2
:102AD000258CD6DA268CABC7278CD7DA288CF7BDA5
:102AE000298CA1C32A8CD8DA2B8CD9DA2C8CFDC383
:102AF0002D8CB7CC2E8CDADA2F8CDBDA308CBEC082
:102B0000318CD7C6328CDCDA338CDDDA348CB4C746
:102B1000358CDEDA368CDFDA378CC8B9388C40D8A1
:102B2000398C41D83A8C42D83B8C43D83C8C44D821
:102B30003D8C45D83E8C46D83F8C47D8408C48D8F1
:102B4000418CEDBB428C49D8438C4AD8448C4BD83D
:102B5000458C4CD8468CB9B6478CF8F4488C4DD887
:102B6000498CF9F44A8C4ED84B8C4FD84C8CE3CD21
:102B70004D8C50D84E8C51D84F8C52D8508C53D845
:102B8000518C54D8528C55D8538C56D8548C57D815
:102B9000558CB9F5568C58D8578C59D8588C5AD86A
:102BA000598C5BD85A8CE0EB5B8C5CD85C8C5DD824
:102BB0005D8C5ED85E8C5FD85F8C60D8608C61D88D
:102BC000618CF3CF628CBFBB638C62D8648C63D89A
:102BD000658C64D8668C65D8678C66D8688C67D835
:102BE000698C68D86A8CC0BA6B8CA5D46C8C69D897
:102BF0006D8C6AD86E8C6BD86F8C6CD8708C6DD8DD
:102C0000718C6ED8728C6FD8738CD9E1748C70D83B
:102C1000758C71D8768C72D8778C73D8788CF4F5E3
:102C2000798CAAB17A8CF2B27B8C74D87C8C75D8F2
:102C30007D8C76D87E8C77D87F8C78D8808C79D82C
:102C4000818C7AD8828CF5F5838C7BD8848C7CD867
:102C5000858CF7F5868C7DD8878C7ED8888C80D83B
:102C6000898CD1BA8A8CF6F58B8C81D88C8CB2C3C6
:102C70008D8C82D88E8C83D88F8C84D8908C85D87C
:102C8000918C86D8928C87D8938C88D8948CF9F5BF
:102C9000958C89D8968C8AD8978C8BD8988CF8F597
:102CA000998C8CD89A8C8DD89B8C8ED89C8C8FD8F4
:102CB0009D8C90D89E8C91D89F8C92D8A08C93D8C4
:102CC000A18C94D8A28C95D8A38C96D8A48C97D894
:102CD000A58C98D8A68C99D8A78C9AD8A88C9BD864
:102CE000A98C9CD8AA8C9DD8AB8C9ED8AC8C9FD834
:102CF000AD8CA0D8AE8C40D9AF8C41D9B08C42D924
:102D0000B18C43D9B28C44D9B38C45D9B48C46D953
:102D1000B58C47D9B68C48D9B78C49D9B88C4AD923
:102D2000B98C4BD9BA8C4CD9BB8C4DD9BC8C4ED9F3
:102D3000BD8C4FD9BE8C50D9BF8C51D9C08C52D9C3
:102D4000C18C53D9C28C54D9C38C55D9C48C56D993
:102D5000C58C57D9C68C58D9C78C59D9C88C5AD963
:102D6000C98C5BD9CA8C5CD9CB8C5DD9CC8C5ED933
:102D7000CD8C5FD9CE8C60D9CF8C61D9D08C62D903
:102D8000D18C63D9D28C64D9D38C65D9D48C66D9D3
:102D9000D58C67D9D68C68D9D78C69D9D88C6AD9A3
:102DA000D98C6BD9DA8C6CD9DB8C6DD9DC8C6ED973
:102DB000DD8C6FD9DE8C70D9DF8C71D9E08C72D943
:102DC000E18C73D9E28C74D9E38C75D9E48C76D913
:102DD000E58C77D9E68C78D9E78C79D9E88C7AD9E3
:102DE000E98C7BD9EA8C7CD9EB8C7DD9EC8C7ED9B3
:102DF000ED8C80D9EE8C81D9EF8C82D9F08C83D97F
:102E0000F18C84D9F28C85D9F38C86D9F48C87D94E
:102E1000F58C88D9F68C89D9F78C8AD9F88C8BD91E
:102E2000F98C8CD9FA8C8DD9FB8C8ED9FC8C8FD9EE
:102E3000FD8C90D9FE8C91D9FF8C92D9008D93D9BD
:102E4000018D94D9028D95D9038D96D9048D97D98A
:102E5000058D98D9068D99D9078D9AD9088D9BD95A
:102E6000098D9CD90A8D9DD90B8D9ED90C8D9FD92A
:102E70000D8DA0D90E8D40DA0F8D41DA108D42DA1A
:102E8000118D43DA128D44DA138D45DA148D46DA4A
:102E9000158D47DA168D48DA178D49DA188D4ADA1A
:102EA000198D4BDA1A8D4CDA1B8D4DDA1C8D4EDAEA
:102EB0001D8DB4B11E8DEAD51F8DBAB8208D4FDAA5
:102EC000218DB1B9228DC6B2238DF0D4248DCDCF02
:102ED000258DDCB0268DCBD5278DF5BB288DCAD6A8
:102EE000298DB7B72A8DB0CC2B8DB6C62C8DE1B10C
:102EF0002D8DBAB92E8DFCD62F8DE1B9308DA1B7AD
:102F0000318DFABC328DDAEA338DDBEA348DF9CCBF
:102F1000358DF3B9368DDCEA378DFBB4388DB3C30C
:102F2000398DD1B73A8DD8BA3B8DDDEA3C8DF4D4DA
:102F30003D8DDEEA3E8DD6BC3F8DDFBB408DDFEAA6
:102F4000418DDEC1428DB8C2438DDFD4448DCAD7D6
:102F5000458DE0EA468DE1EA478DE4EA488DE2EAF4
:102F6000498DE3EA4A8DDEC94B8DB3B84C8DC4B6AA
:102F70004D8DE5EA4E8DEACA4F8DCDC9508DCDB449
:102F8000518D50DA528D51DA538DD9E2548DE2C50C
:102F9000558DE6EA568DB5C0578D52DA588DB8D7A3
:102FA000598DE7EA5A8DACD75B8DFCC85C8DD3D8C0
:102FB0005D8DCDD85E8DDED45F8D53DA608DF9D412
:102FC000618DC4C9628DAED3638DD3B8648DE0B317
:102FD000658D54DA668DE2C9678DF6F4688D55DA31
:102FE000698D56DA6A8D57DA6B8DD5BA6C8D58DAE1
:102FF0006D8DF7F46E8D59DA6F8D5ADA708DDFD7DB
:10300000718D5BDA728D5CDA738DF1F4748DB0B80A
:10301000758DD4D5768DCFB8778DF0C6788D5DDA85
:10302000798D5EDA7A8D5FDA7B8D60DA7C8D61DA9C
:103030007D8D62DA7E8D63DA7F8D64DA808D65DA6C
:10304000818DC3B3828D66DA838D67DA848DF2F465
:10305000858DACB3868D68DA878D69DA888D6ADAFA
:10306000898D6BDA8A8DBDD48B8DF7C78C8D6CDA28
:103070008D8D6DDA8E8D6EDA8F8D6FDA908D70DAC0
:10308000918DF4F4928D71DA938D72DA948DF3F45C
:10309000958D73DA968D74DA978D75DA988D76DA68
:1030A000998D77DA9A8D78DA9B8D79DA9C8D7ADA38
:1030B0009D8D7BDA9E8D7CDA9F8DCBCCA08D7DDAC9
:1030C000A18D7EDAA28D80DAA38DA4C8A48D81DAC9
:1030D000A58D82DAA68D83DAA78D84DAA88D85DAAC
:1030E000A98D86DAAA8D87DAAB8D88DAAC8D89DA7C
:1030F000AD8D8ADAAE8D8BDAAF8D8CDAB08D8DDA4C
:10310000B18DF5F4B28D8EDAB38DE3D7B48DBFC532
:10311000B58DC0F5B68D8FDAB78D90DAB88DBBF569
:10312000B98D91DABA8DC3F5BB8D92DABC8DC2F53B
:10313000BD8D93DABE8DBAD6BF8DC1F5C08D94DA40
:10314000C18D95DAC28D96DAC38DBED4C48DC4F517
:10315000C58D97DAC68DCCF5C78D98DAC88D99DA0A
:10316000C98D9ADACA8D9BDACB8DCFB0CC8DF8B5EC
:10317000CD8D9CDACE8DC9F5CF8DCAF5D08D9DDA77
:10318000D18DDCC5D28D9EDAD38D9FDAD48DA0DAB5
:10319000D58D40DBD68DC5F5D78DC6F5D88D41DBF5
:1031A000D98D42DBDA8DC7F5DB8DCBF5DC8D43DBCA
:1031B000DD8DE0BEDE8DC8F5DF8DFAB8E08D44DB35
:1031C000E18D45DBE28D46DBE38DD0F5E48DD3F573
:1031D000E58D47DBE68D48DBE78D49DBE88DE7BF12
:1031E000E98D4ADBEA8DF2B9EB8DBCF5EC8DCDF5BE
:1031F000ED8D4BDBEE8D4CDBEF8DB7C2F08D4DDBF3
:10320000F18D4EDBF28D4FDBF38DF8CCF48D50DB7E
:10321000F58DF9BCF68D51DBF78DCEF5F88DCFF538
:10322000F98DD1F5FA8DE5B6FB8DD2F5FC8D52DB2B
:10323000FD8DD5F5FE8D53DBFF8D54DB008E55DB08
:10324000018E56DB028E57DB038E58DB048E59DB72
:10325000058EBDF5068E5ADB078E5BDB088E5CDBC8
:10326000098ED4F50A8EBBD30B8E5DDB0C8EECB3CE
:103270000D8E5EDB0E8E5FDB0F8EA4CC108E60DBBE
:10328000118E61DB128E62DB138E63DB148ED6F53A
:10329000158E64DB168E65DB178E66DB188E67DB9A
:1032A000198E68DB1A8E69DB1B8E6ADB1C8E6BDB6A
:1032B0001D8ED7F51E8EE1BE1F8ED8F5208E6CDBDD
:1032C000218E6DDB228EDFCC238EDBF5248E6EDB30
:1032D000258E6FDB268E70DB278E71DB288E72DBEE
:1032E000298EC8B22A8ED9D72B8E73DB2C8ED9F5B6
:1032F0002D8E74DB2E8EDAF52F8EDCF5308E75DB9D
:10330000318EE2F5328E76DB338E77DB348E78DBEE
:10331000358EE0F5368E79DB378E7ADB388E7BDBC7
:10332000398EDFF53A8EDDF53B8E7CDB3C8E7DDB26
:103330003D8EE1F53E8E7EDB3F8E80DB408EDEF5FE
:10334000418EE4F5428EE5F5438E81DB448EE3CC7D
:10335000458E82DB468E83DB478EBFE5488EB8B54F
:10336000498EE3F54A8EE8F54B8EA3CC4C8E84DB78
:103370004D8E85DB4E8E86DB4F8E87DB508E88DB55
:10338000518EE6F5528EE7F5538E89DB548E8ADB3B
:10339000558E8BDB568E8CDB578E8DDB588E8EDBFD
:1033A000598EBEF55A8E8FDB5B8E90DB5C8E91DB87
:1033B0005D8E92DB5E8E93DB5F8E94DB608E95DBA1
:1033C000618E96DB628E97DB638E98DB648E99DB71
:1033D000658E9ADB668EC4B1678E9BDB688E9CDB44
:1033E000698EBFF56A8E9DDB6B8E9EDB6C8EC5B5DC
:1033F0006D8EE4B26E8E9FDB6F8EECF5708EE9F50C
:10340000718EA0DB728ED7B6738E40DC748EEDF5B4
:10341000758E41DC768EEAF5778E42DC788E43DC61
:10342000798E44DC7A8E45DC7B8E46DC7C8EEBF537
:103430007D8E47DC7E8E48DC7F8EDAB4808E49DC60
:10344000818EEAD4828E4ADC838E4BDC848E4CDC07
:10345000858EEEF5868E4DDC878EF9B3888E4EDC38
:10346000898E4FDC8A8E50DC8B8E51DC8C8E52DC48
:103470008D8E53DC8E8E54DC8F8EEFF5908EF1F5B1
:10348000918E55DC928E56DC938E57DC948EF0F53F
:10349000958E58DC968E59DC978E5ADC988E5BDCC4
:1034A000998E5CDC9A8E5DDC9B8E5EDC9C8EF2F5E8
:1034B0009D8E5FDC9E8EF3F59F8E60DCA08E61DCBE
:1034C000A18E62DCA28E63DCA38E64DCA48E65DC3C
:1034D000A58E66DCA68E67DCA78E68DCA88E69DC0C
:1034E000A98E6ADCAA8E6BDCAB8EEDC9AC8EAAB954
:1034F000AD8E6CDCAE8E6DDCAF8EFBC7B08E6EDC3D
:10350000B18E6FDCB28EE3B6B38E70DCB48E71DC3C
:10351000B58E72DCB68E73DCB78E74DCB88E75DC5B
:10352000B98E76DCBA8EC9CCBB8E77DCBC8E78DCEB
:10353000BD8E79DCBE8E7ADCBF8E7BDCC08E7CDCFF
:10354000C18E7DDCC28E7EDCC38E80DCC48E81DCCD
:10355000C58E82DCC68E83DCC78E84DCC88E85DC9B
:10356000C98E86DCCA8E87DCCB8E88DCCC8E89DC6B
:10357000CD8E8ADCCE8EA6EACF8E8BDCD08E8CDC14
:10358000D18E8DDCD28E8EDCD38E8FDCD48E90DC0F
:10359000D58E91DCD68E92DCD78E93DCD88E94DCDF
:1035A000D98E95DCDA8E96DCDB8E97DCDC8E98DCAF
:1035B000DD8E99DCDE8E9ADCDF8E9BDCE08E9CDC7F
:1035C000E18E9DDCE28E9EDCE38E9FDCE48EA0DC4F
:1035D000E58E40DDE68E41DDE78E42DDE88E43DD9F
:1035E000E98E44DDEA8E45DDEB8E46DDEC8E47DD6F
:1035F000ED8E48DDEE8E49DDEF8E4ADDF08E4BDD3F
:10360000F18E4CDDF28E4DDDF38E4EDDF48E4FDD0E
:10361000F58E50DDF68E51DDF78E52DDF88E53DDDE
:10362000F98E54DDFA8E55DDFB8E56DDFC8E57DDAE
:10363000FD8E58DDFE8E59DDFF8E5ADD008F5BDD7D
:10364000018F5CDD028F5DDD038F5EDD048F5FDD4A
:10365000058F60DD068F61DD078F62DD088F63DD1A
:10366000098F64DD0A8F65DD0B8F66DD0C8F67DDEA
:103670000D8F68DD0E8F69DD0F8F6ADD108F6BDDBA
:10368000118F6CDD128F6DDD138F6EDD148F6FDD8A
:10369000158F70DD168F71DD178F72DD188F73DD5A
:1036A000198F74DD1A8F75DD1B8F76DD1C8F77DD2A
:1036B0001D8F78DD1E8F79DD1F8F7ADD208F7BDDFA
:1036C000218F7CDD228F7DDD238F7EDD248F80DDC9
:1036D000258F81DD268F82DD278F83DD288F84DD96
:1036E000298F85DD2A8F86DD2B8F87DD2C8F88DD66
:1036F0002D8F89DD2E8F8ADD2F8F8BDD308F8CDD36
:10370000318F8DDD328F8EDD338F8FDD348F90DD05
:10371000358F91DD368F92DD378F93DD388F94DDD5
:10372000398F95DD3A8F96DD3B8F97DD3C8F98DDA5
:103730003D8F99DD3E8F9ADD3F8F9BDD408F9CDD75
:10374000418F9DDD428F9EDD438F9FDD448FA0DD45
:10375000458F40DE468F41DE478F42DE488F43DE95
:10376000498F44DE4A8F45DE4B8F46DE4C8F47DE65
:103770004D8F48DE4E8F49DE4F8F4ADE508F4BDE35
:10378000518F4CDE528F4DDE538F4EDE548F4FDE05
:10379000558F50DE568F51DE578F52DE588F53DED5
:1037A000598F54DE5A8F55DE5B8F56DE5C8F57DEA5
:1037B0005D8F58DE5E8F59DE5F8F5ADE608F5BDE75
:1037C000618F5CDE628F5DDE638F5EDE648F5FDE45
:1037D000658F60DE668FB5B3678FFED4688FECB9F6
:1037E000698FF9D06A8F61DE6B8FEDE96C8FAAD794
:1037F0006D8FEEE96E8FD6C26F8FEDC8708FE4BA11
:10380000718FEFE9728FF0E9738FF1E9748FE1D670
:10381000758FF2E9768FF3E9778FF5E9788FF4E920
:10382000798FF6E97A8FF7E97B8FE1C77C8FF8E92A
:103830007D8FD8D47E8FF9E97F8FCEBD808F62DEF9
:10384000818FFAE9828FFBE9838FCFBD848FFCE9FA
:10385000858FA8B8868FBEC1878FFDE9888FB2B1EA
:10386000898FD4BB8A8FF5B98B8FFEE98C8F63DE8D
:103870008D8FA1EA8E8FA2EA8F8FA3EA908FF8B77F
:10388000918FADBC928F64DE938FE4CA948FCEE0AB
:10389000958FAFD4968FBDCF978FB7D5988FA4EA69
:1038A000998FDED59A8FA5EA9B8FC1D09C8FBCB92A
:1038B0009D8F65DE9E8FC7B49F8FD9B1A08F66DEC6
:1038C000A18F67DEA28F68DEA38FB1C0A48F69DEEF
:1038D000A58F6ADEA68F6BDEA78F6CDEA88FE6B1A0
:1038E000A98FE7B1AA8F6DDEAB8FE8B1AC8F6EDE2A
:1038F000AD8F6FDEAE8F70DEAF8F71DEB08FBDB378
:10390000B18FE8C8B28F72DEB38F73DEB48F74DE0E
:10391000B58F75DEB68FC1E5B78F76DEB88F77DEEF
:10392000B98FDFB1BA8F78DEBB8F79DEBC8F7ADEDC
:10393000BD8FC9C1BE8FEFB4BF8F7BDEC08F7CDE71
:10394000C18FA8C7C28FD8D3C38F7DDEC48FF9C6FD
:10395000C58FB8D1C68F7EDEC78FFDB9C88FF5C2BF
:10396000C98F80DECA8F81DECB8F82DECC8F83DE73
:10397000CD8F84DECE8FADD3CF8F85DED08FCBD4ED
:10398000D18FFCBDD28F86DED38FC2E5D48FB5B781
:10399000D58FC3E5D68F87DED78F88DED88FB9BBAA
:1039A000D98FE2D5DA8F89DEDB8FF8BDDC8FB6D414
:1039B000DD8FA5CEDE8FACC1DF8FD9B3E08F8ADE7D
:1039C000E18F8BDEE28FF6CCE38F8CDEE48FC6E5F1
:1039D000E58FC4E5E68FC8E5E78F8DDEE88FCAE5A1
:1039E000E98FC7E5EA8FCFB5EB8FC8C6EC8F8EDEC7
:1039F000ED8FFCB5EE8FC5E5EF8F8FDEF08FF6CA49
:103A0000F18F90DEF28F91DEF38FC9E5F48F92DEB5
:103A1000F58F93DEF68F94DEF78FD4C3F88FC5B1A0
:103A2000F98FA3BCFA8F95DEFB8F96DEFC8F97DEB5
:103A3000FD8FB7D7FE8F98DEFF8F99DE0090CBCD3C
:103A40000190CDCB0290CACA0390D3CC0490CCE5B0
:103A50000590CBE50690E6C407909ADE08909BDEC1
:103A60000990A1D10A90B7D10B90CDE50C909CDEC6
:103A70000D90D0E50E909DDE0F90B8CD1090F0D651
:103A80001190CFE51290DDB513909EDE1490BECD5F
:103A900015909FDE1690D1E51790BAB61890A0DE6B
:103AA000199040DF1A90A8CD1B90E4B91C9041DF1B
:103AB0001D90C5CA1E90D1B31F90D9CB2090ECD4D5
:103AC0002190D2E52290EAB7239042DF249043DF91
:103AD000259044DF2690CEE5279045DF289046DFED
:103AE000299047DF2A9048DF2B9049DF2C904ADF4E
:103AF0002D90D5E52E90FEB42F90D6E530904BDF7B
:103B000031904CDF32904DDF33904EDF34904FDFF9
:103B10003590D3E53690D4E5379050DF3890DDD23C
:103B2000399051DF3A9052DF3B90DFC23C90C6B1F2
:103B30003D9053DF3E90E2D33F9054DF409055DFFD
:103B40004190DDB64290ECCB439056DF4490D7E5F0
:103B5000459057DF469058DF4790F6D3489059DF9D
:103B600049905ADF4A905BDF4B905CDF4C905DDF01
:103B70004D90E9B14E905EDF4F90F4B65090DAE58B
:103B80005190D8E55290D9E55390C0B554905FDF7D
:103B9000559060DF569061DF5790C5D25890DCE5B4
:103BA000599062DF5A9063DF5B90DEE55C9064DFE2
:103BB0005D9065DF5E9066DF5F9067DF609068DF35
:103BC000619069DF6290DDE56390B2C764906ADF5F
:103BD0006590A3D266906BDF67906CDF6890DBE541
:103BE00069906DDF6A906EDF6B906FDF6C9070DFB5
:103BF0006D90E2D46E90DAD56F9071DF709072DFC5
:103C0000719073DF729074DF739075DF7490E0E5EC
:103C10007590F1D7769076DF779077DF789078DFC0
:103C2000799079DF7A907ADF7B907BDF7C907CDF04
:103C30007D90E1E57E907DDF7F90DCB18090FBD1CF
:103C400081907EDF8290E2E58390E4E5849080DFDE
:103C5000859081DF869082DF879083DF8890E3E51F
:103C6000899084DF8A9085DF8B90E5E58C9086DFF4
:103C70008D9087DF8E9088DF8F9089DF90908ADF2C
:103C80009190D8D292908BDF9390CBB594908CDFAB
:103C90009590DFE796908DDF9790F5DA98908EDF1C
:103CA0009990F8DA9A908FDF9B90F6DA9C9090DFEB
:103CB0009D90F7DA9E9091DF9F9092DFA09093DF26
:103CC000A190FADAA290CFD0A390C7C4A49094DFB9
:103CD000A59095DFA690EEB0A79096DFA89097DF0D
:103CE000A99098DFAA90B0D0AB9099DFAC90F9DAA8
:103CF000AD909ADFAE90CAD3AF90AABAB090A2DBD3
:103D0000B190F1C7B2909BDFB390FCDAB490FBDACC
:103D1000B590DBC9B690FDDAB7909CDFB890A1DB17
:103D2000B990DED7BA90FEDABB90DAC1BC909DDFC5
:103D3000BD909EDFBE90A5DBBF909FDFC090A0DF4F
:103D4000C190F4D3C29040E0C39041E0C490A7DB9F
:103D5000C590A4DBC69042E0C790A8DBC89043E0C2
:103D6000C99044E0CA90BCBDCB9045E0CC9046E001
:103D7000CD9047E0CE90C9C0CF90A3DBD090A6DB1A
:103D8000D190A3D6D29048E0D390A9DBD49049E05B
:103D9000D5904AE0D6904BE0D790ADDBD8904CE080
:103DA000D9904DE0DA904EE0DB90AEDBDC90ACDBFE
:103DB000DD90C2BADE904FE0DF9050E0E09051E03D
:103DC000E190A4BFE290ABDBE39052E0E49053E0DB
:103DD000E59054E0E690AADBE790C7D4E890BFB244
:103DE000E99055E0EA9056E0EB90AFDBEC9057E0BD
:103DF000ED90F9B9EE9058E0EF90B0DBF09059E01B
:103E0000F1905AE0F2905BE0F3905CE0F490BBB389
:103E1000F5905DE0F6905EE0F7905FE0F890A6B573
:103E2000F99060E0FA9061E0FB9062E0FC9063E062
:103E3000FD90BCB6FE90B1DBFF9064E0009165E0C0
:103E4000019166E00291F5B6039167E00491B2DB5F
:103E5000059168E0069169E007916AE008916BE0DE
:103E600009916CE00A916DE00B916EE00C916FE0AE
:103E70000D9170E00E9171E00F9172E0109173E07E
:103E8000119174E0129175E0139176E0149177E04E
:103E9000159178E0169179E017917AE018917BE01E
:103EA0001991C9B11A917CE01B917DE01C917EE0D3
:103EB0001D9180E01E91B4DB1F9181E0209182E092
:103EC000219183E02291B3DB2391B5DB249184E03F
:103ED000259185E0269186E0279187E0289188E06A
:103EE000299189E02A918AE02B918BE02C918CE03A
:103EF0002D918DE02E918EE02F91B7DB30918FE0E8
:103F00003191B6DB329190E0339191E0349192E0BF
:103F1000359193E0369194E0379195E0389196E0B1
:103F20003991B8DB3A9197E03B9198E03C9199E068
:103F30003D919AE03E919BE03F919CE040919DE055
:103F400041919EE042919FE04391B9DB4491A0E012
:103F5000459140E14691BADB479141E1489142E108
:103F60004991CFD34A91FAF44B91F5C74C91C3D7FD
:103F70004D91E4C54E91FCF44F91FDF45091FBF44A
:103F8000519143E15291C6BE539144E1549145E1B0
:103F9000559146E1569147E15791EFD0589148E14C
:103FA000599149E15A91D3B75B914AE15C914BE158
:103FB0005D91CDD45E91AACC5F914CE160914DE1D1
:103FC0006191A2F56291A1F56391A8BA6491FEF4A2
:103FD0006591D6CB66914EE167914FE1689150E1D2
:103FE0006991A4F56A91D2C06B9151E16C91EAB3E9
:103FF0006D9152E16E91AACD6F91A5F57091A3F5E7
:104000007191B4BD7291A8F5739153E17491A9F5C2
:104010007591CDBD7691B8C37791E1BF7891E1CB31
:104020007991AAF57A9154E17B9155E17C9156E121
:104030007D91A6F57E91A7F57F91F0C4809157E11F
:10404000819158E1829159E183915AE184915BE138
:104050008591ACF586915CE18791BCB488915DE176
:104060008991EDD78A915EE18B91D7B48C91ABF5B4
:104070008D91AEF58E915FE18F9160E19091ADF5FC
:104080009191AFF59291D1D0939161E1949162E1D8
:10409000959163E1969164E1979165E1989166E16C
:1040A000999167E19A91D1C39B91A9C89C9168E1CC
:1040B0009D9169E19E916AE19F916BE1A0916CE114
:1040C000A1916DE1A291B0F5A391B1F5A4916EE13A
:1040D000A5916FE1A69170E1A79171E1A89172E1BC
:1040E000A99173E1AA91B2F5AB9174E1AC9175E13C
:1040F000AD91B3F5AE91B4F5AF91B5F5B09176E170
:10410000B19177E1B29178E1B39179E1B491B7F5EA
:10411000B591B6F5B6917AE1B7917BE1B8917CE1C2
:10412000B9917DE1BA91B8F5BB917EE1BC9180E196
:10413000BD9181E1BE9182E1BF9183E1C09184E1B3
:10414000C19185E1C29186E1C39187E1C49188E183
:10415000C59189E1C6918AE1C791C9B2C8918BE145
:10416000C991D4D3CA91CDCACB918CE1CC91EFC087
:10417000CD91D8D6CE91B0D2CF91BFC1D0918DE1A3
:10418000D191F0BDD2918EE1D3918FE1D49190E1A4
:10419000D59191E1D69192E1D79193E1D89194E1B3
:1041A000D99195E1DA9196E1DB9197E1DC91AAB89A
:1041B000DD9198E1DE9199E1DF919AE1E0919BE157
:1041C000E1919CE1E2919DE1E3919EE1E4919FE127
:1041D000E591A0E1E69140E2E79141E2E89142E217
:1041E000E99143E2EA9144E2EB9145E2EC9146E247
:1041F000ED9147E2EE9148E2EF9149E2F0914AE217
:10420000F1914BE2F2914CE2F3914DE2F4914EE2E6
:10421000F5914FE2F69150E2F79151E2F89152E2B6
:10422000F99153E2FA9154E2FB9155E2FC9156E286
:10423000FD9157E2FE9158E2FF9159E200925AE255
:1042400001925BE202925CE203925DE204925EE222
:1042500005925FE2069260E2079261E2089262E2F2
:10426000099263E20A9264E20B9265E20C9266E2C2
:104270000D9267E20E9268E20F9269E210926AE292
:1042800011926BE212926CE213926DE214926EE262
:1042900015926FE2169270E2179271E2189272E232
:1042A000199273E21A9274E21B9275E21C9276E202
:1042B0001D9277E21E9278E21F9279E220927AE2D2
:1042C00021927BE222927CE223927DE224927EE2A2
:1042D000259280E2269281E2279282E2289283E26E
:1042E000299284E22A9285E22B9286E22C9287E23E
:1042F0002D9288E22E9289E22F928AE230928BE20E
:1043000031928CE232928DE233928EE234928FE2DD
:10431000359290E2369291E2379292E2389293E2AD
:10432000399294E23A9295E23B9296E23C9297E27D
:104330003D9298E23E9299E23F929AE240929BE24D
:1043400041929CE242929DE243929EE244929FE21D
:104350004592A0E2469240E3479241E3489242E30D
:10436000499243E34A9244E34B9245E34C9246E33D
:104370004D9247E34E9248E34F9249E350924AE30D
:1043800051924BE352924CE353924DE354924EE3DD
:1043900055924FE3569250E3579251E3589252E3AD
:1043A000599253E35A9254E35B9255E35C9256E37D
:1043B0005D9257E35E9258E35F9259E360925AE34D
:1043C00061925BE362925CE363925DE364925EE31D
:1043D00065925FE3669260E3679261E3689262E3ED
:1043E000699263E36A9264E36B9265E36C9266E3BD
:1043F0006D9267E36E9268E36F9269E370926AE38D
:1044000071926BE372926CE373926DE37492F8BCF9
:1044100075926EE376926FE3779270E3789271E330
:10442000799272E37A9273E37B9274E37C9275E300
:104430007D9276E37E9277E37F9278E3809279E3D0
:1044400081927AE382927BE383927CE384927DE3A0
:1044500085927EE3869280E3879281E3889282E36D
:10446000899283E38A9284E38B9285E38C9286E33C
:104470008D9287E38E92C6F68F9288E3909289E3BD
:1044800091928AE392928BE393928CE394928DE3E0
:1044900095928EE396928FE3979290E3989291E3B0
:1044A000999292E39A9293E39B9294E39C9295E380
:1044B0009D9296E39E9297E39F9298E3A09299E350
:1044C000A1929AE3A2929BE3A3929CE3A4929DE320
:1044D000A5929EE3A6929FE3A792A0E3A89240E450
:1044E000A99241E4AA9242E4AB9243E4AC9244E440
:1044F000AD9245E4AE92C7F6AF9246E4B09247E47F
:10450000B19248E4B29249E4B3924AE4B4924BE4E3
:10451000B5924CE4B6924DE4B7924EE4B8924FE4B3
:10452000B99250E4BA9251E4BB9252E4BC9253E483
:10453000BD9254E4BE9255E4BF9256E4C09257E453
:10454000C19258E4C29259E4C3925AE4C4925BE423
:10455000C5925CE4C6925DE4C7925EE4C892C8F678
:10456000C9925FE4CA9260E4CB9261E4CC9262E4C7
:10457000CD9263E4CE9264E4CF9265E4D09266E497
:10458000D19267E4D29268E4D39269E4D4926AE467
:10459000D5926BE4D6926CE4D7926DE4D8926EE437
:1045A000D9926FE4DA9270E4DB9271E4DC9272E407
:1045B000DD9273E4DE9274E4DF9275E4E09276E4D7
:1045C000E19277E4E29278E4E39279E4E4927AE4A7
:1045D000E5927BE4E6927CE4E7927DE4E8927EE477
:1045E000E99280E4EA9281E4EB9282E4EC9283E443
:1045F000ED9284E4EE9285E4EF9286E4F09287E413
:10460000F19288E4F29289E4F3928AE4F4928BE4E2
:10461000F5928CE4F6928DE4F7928EE4F8928FE4B2
:10462000F99290E4FA9291E4FB9292E4FC9293E482
:10463000FD9294E4FE9295E4FF9296E4009397E451
:10464000019398E4029399E403939AE404939BE41E
:1046500005939CE406939DE407939EE408939FE4EE
:104660000993A0E40A9340E50B9341E50C9342E5DE
:104670000D9343E50E9344E50F9345E5109346E50E
:10468000119347E5129348E5139349E514934AE5DE
:1046900015934BE516934CE517934DE518934EE5AE
:1046A00019934FE51A9350E51B9351E51C9352E57E
:1046B0001D9353E51E9354E51F9355E5209356E54E
:1046C000219357E5229358E5239359E524935AE51E
:1046D00025935BE526935CE527935DE528935EE5EE
:1046E00029935FE52A9360E52B9361E52C9362E5BE
:1046F0002D9363E52E9364E52F9365E5309366E58E
:10470000319367E5329368E5339369E534936AE55D
:1047100035936BE536936CE537936DE538936EE52D
:1047200039936FE53A9370E53B9371E53C9372E5FD
:104730003D9373E53E93C9F63F9374E5409375E569
:10474000419376E5429377E5439378E5449379E5A1
:1047500045937AE546937BE547937CE548937DE571
:1047600049937EE54A9380E54B9381E54C9382E53E
:104770004D9383E54E9384E54F9385E5509386E50D
:10478000519387E5529388E5539389E554938AE5DD
:1047900055938BE556938CE557938DE558938EE5AD
:1047A00059938FE55A9390E55B9391E55C9392E57D
:1047B0005D9393E55E9394E55F9395E5609396E54D
:1047C000619397E5629398E5639399E564939AE51D
:1047D00065939BE566939CE567939DE568939EE5ED
:1047E00069939FE56A93CAF66B93A0E56C9340E6E4
:1047F0006D9341E66E9342E66F9343E6709344E611
:10480000719345E6729346E6739347E6749348E6E0
:10481000759349E676934AE677934BE678934CE6B0
:1048200079934DE67A934EE67B934FE67C9350E680
:104830007D9351E67E9352E67F9353E6809354E650
:10484000819355E6829356E6839357E6849358E620
:10485000859359E686935AE687935BE688935CE6F0
:1048600089935DE68A935EE68B935FE68C9360E6C0
:104870008D9361E68E9362E68F93CCF6909363E618
:10488000919364E6929365E6939366E6949367E664
:10489000959368E6969369E697936AE698936BE634
:1048A00099936CE69A936DE69B936EE69C936FE604
:1048B0009D9370E69E9371E69F9372E6A09373E6D4
:1048C000A19374E6A29375E6A39376E6A49377E6A4
:1048D000A59378E6A69379E6A7937AE6A8937BE674
:1048E000A9937CE6AA937DE6AB937EE6AC9380E643
:1048F000AD9381E6AE9382E6AF9383E6B09384E610
:10490000B19385E6B29386E6B39387E6B49388E6DF
:10491000B59389E6B6938AE6B7938BE6B8938CE6AF
:10492000B9938DE6BA938EE6BB938FE6BC9390E67F
:10493000BD9391E6BE9392E6BF9393E6C09394E64F
:10494000C19395E6C29396E6C39397E6C49398E61F
:10495000C59399E6C6939AE6C7939BE6C8939CE6EF
:10496000C9939DE6CA93CBF6CB939EE6CC939FE684
:10497000CD93A0E6CE9340E7CF9341E7D09342E7B3
:10498000D19343E7D29344E7D39345E7D49346E7E3
:10499000D59347E7D693E9F7D79348E7D89349E704
:1049A000D9934AE7DA934BE7DB934CE7DC934DE787
:1049B000DD934EE7DE934FE7DF9350E7E09351E757
:1049C000E19352E7E29353E7E39354E7E49355E727
:1049D000E59356E7E69357E7E79358E7E89359E7F7
:1049E000E9935AE7EA935BE7EB935CE7EC935DE7C7
:1049F000ED935EE7EE935FE7EF9360E7F09361E797
:104A0000F19362E7F29363E7F39364E7F49365E766
:104A1000F59366E7F69367E7F79368E7F89369E736
:104A2000F9936AE7FA936BE7FB936CE7FC936DE706
:104A3000FD936EE7FE936FE7FF9370E7009471E7D5
:104A4000019472E7029473E7039474E7049475E7A2
:104A5000059476E7069477E7079478E7089479E772
:104A600009947AE70A947BE70B947CE70C947DE742
:104A70000D947EE70E9480E70F9481E7109482E70F
:104A8000119483E7129484E7139485E7149486E7DE
:104A9000159487E7169488E7179489E718948AE7AE
:104AA00019948BE71A948CE71B948DE71C948EE77E
:104AB0001D948FE71E9490E71F9491E7209492E74E
:104AC000219493E7229494E7239495E7249496E71E
:104AD000259497E7269498E7279499E728949AE7EE
:104AE00029949BE72A949CE72B949DE72C949EE7BE
:104AF0002D949FE72E94A0E72F9440E8309441E84E
:104B0000319442E8329443E8339444E8349445E8DD
:104B1000359446E8369447E8379448E8389449E8AD
:104B200039944AE83A944BE83B944CE83C944DE87D
:104B30003D944EE83E94CDF63F944FE8409450E8C3
:104B4000419451E8429452E8439453E8449454E821
:104B5000459455E8469456E8479457E8489458E8F1
:104B6000499459E84A945AE84B945BE84C945CE8C1
:104B70004D945DE84E945EE84F945FE8509460E891
:104B8000519461E8529462E8539463E8549464E861
:104B9000559465E8569466E8579467E8589468E831
:104BA000599469E85A946AE85B946BE85C946CE801
:104BB0005D946DE85E946EE85F946FE8609470E8D1
:104BC000619471E8629472E8639473E8649474E8A1
:104BD000659475E8669476E8679477E8689478E871
:104BE000699479E86A947AE86B94CEF66C947BE8E1
:104BF0006D947CE86E947DE86F947EE8709480E814
:104C0000719481E8729482E8739483E8749484E8E0
:104C1000759485E8769486E8779487E8789488E8B0
:104C2000799489E87A948AE87B948BE87C948CE880
:104C30007D948DE87E948EE87F948FE8809490E850
:104C4000819491E8829492E8839493E8849494E820
:104C50008594C4EE8694C5EE8794C6EE8894EBD511
:104C60008994A4B68A94C8EE8B94C7EE8C94C9EE4E
:104C70008D94CAEE8E94A5C78F94CBEE9094CCEE13
:104C8000919495E89294B0B79394F6B59494CDEE40
:104C90009594CFEE969496E89794CEEE989497E8F4
:104CA0009994C6B89A94D0EE9B94D1EE9C94D2EE8F
:104CB0009D94DBB69E94AEB39F94D3D6A094C6C405
:104CC000A194B5B1A294D6B8A394D3EEA494D4EE93
:104CD000A594BFD4A694D5C7A794FBBEA894D9CE5B
:104CE000A994B3B9AA94D6EEAB94D5EEAC94D8EE11
:104CF000AD94D7EEAE94A5C5AF94D9EEB094DAEEEC
:104D0000B194AEC7B294DBEEB394AFC7B494DCEE0B
:104D1000B594A7B2B694DDEEB794DEEEB894DFEEAC
:104D2000B994E0EEBA94E1EEBB94EAD7BC94E2EE1B
:104D3000BD94E3EEBE94D8BCBF94E4EEC094CBD354
:104D4000C194FACCC294ACB2C394E5C1C494E5EE6C
:104D5000C594A6C7C694ADC3C79498E8C894E6EEB8
:104D6000C994E7EECA94E8EECB94E9EECC94EAEE6F
:104D7000CD94EBEECE94ECEECF9499E8D094EDEE9A
:104D8000D194EEEED294EFEED3949AE8D4949BE8CB
:104D9000D594F0EED694F1EED794F2EED894F4EEEA
:104DA000D994F3EEDA949CE8DB94F5EEDC94ADCD87
:104DB000DD94C1C2DE94F6EEDF94F7EEE094F8EEF7
:104DC000E194A1D5E294F9EEE394B3CFE494FAEE42
:104DD000E594FBEEE6949DE8E794FCEEE894FDEEA6
:104DE000E994A1EFEA94FEEEEB94A2EFEC94F5B80F
:104DF000ED94FAC3EE94A3EFEF94A4EFF094C2BD48
:104E0000F194BFD2F294F9B2F394A5EFF494A6EF23
:104E1000F594A7EFF694F8D2F794A8EFF894FDD69E
:104E2000F994A9EFFA94CCC6FB949EE8FC94AAEFFF
:104E3000FD94ABEFFE94B4C1FF94ACEF0095FACFB4
:104E40000195F8CB0295AEEF0395ADEF0495FAB35B
:104E50000595F8B90695AFEF0795B0EF0895E2D044
:104E60000995B1EF0A95B2EF0B95E6B70C95BFD057
:104E70000D95B3EF0E95B4EF0F95B5EF1095F1C802
:104E80001195E0CC1295B6EF1395B7EF1495B8EFE6
:104E90001595B9EF1695BAEF1795E0D51895BBEFB4
:104EA0001995EDB41A95AAC31B95BCEF1C959FE804
:104EB0001D95BDEF1E95BEEF1F95BFEF2095A0E895
:104EC0002195FDCE2295C0EF2395E0C22495B8B47C
:104ED0002595B6D72695F5BD279540E92895C7CFE6
:104EE0002995C3EF2A95C1EF2B95C2EF2C95C4EFFE
:104EF0002D95A7B62E95FCBC2F95E2BE3095CCC360
:104F00003195C5EF3295C6EF339541E93495C7EF3A
:104F10003595CFEF3695C8EF3795C9EF3895CAEF7D
:104F20003995C2C73A95F1EF3B95CDB63C95CBEF9D
:104F30003D9542E93E95CCEF3F95CDEF4095C6B605
:104F40004195BEC34295CEEF439543E94495D0EFDA
:104F50004595D1EF4695D2EF4795F2D5489544E96E
:104F60004995D3EF4A95F7C44B9545E94C95D4EF55
:104F70004D95F8C44E95D5EF4F95D6EF5095E4B8C2
:104F80005195F7B05295D7EF5395D8EF5495D9EF87
:104F9000559546E95695DAEF5795DBEF5895DCEFD6
:104FA0005995DDEF5A9547E95B95DEEF5C95B5BE07
:104FB0005D95E1EF5E95DFEF5F95E0EF609548E985
:104FC0006195E2EF6295E3EF6395CDC16495E4EFFF
:104FD0006595E5EF6695E6EF6795E7EF6895E8EF8D
:104FE0006995E9EF6A95EAEF6B95EBEF6C95ECEF5D
:104FF0006D95D8C06E9549E96F95EDEF7095ADC18F
:105000007195EEEF7295EFEF7395F0EF74954AE9B5
:1050100075954BE97695E2CF77954CE978954DE912
:1050200079954EE97A954FE97B9550E97C9551E960
:105030007D9552E97E9553E97F95A4B3809554E917
:10504000819555E9829556E9839557E9849558E904
:10505000859559E986955AE987955BE988955CE9D4
:1050600089955DE98A955EE98B955FE98C9560E9A4
:105070008D9561E98E9562E98F9563E9909564E974
:10508000919565E9929566E9939567E9949568E944
:10509000959569E996956AE997956BE998956CE914
:1050A00099956DE99A956EE99B956FE99C9570E9E4
:1050B0009D9571E99E9572E99F9573E9A09574E9B4
:1050C000A19575E9A29576E9A39577E9A49578E984
:1050D000A59579E9A6957AE9A7957BE9A8957CE954
:1050E000A9957DE9AA957EE9AB9580E9AC9581E922
:1050F000AD9582E9AE9583E9AF9584E9B09585E9F0
:10510000B19586E9B29587E9B39588E9B49589E9BF
:10511000B5958AE9B6958BE9B7958CE9B8958DE98F
:10512000B9958EE9BA958FE9BB9590E9BC9591E95F
:10513000BD9592E9BE9593E9BF9594E9C09595E92F
:10514000C19596E9C29597E9C39598E9C49599E9FF
:10515000C5959AE9C6959BE9C7959CE9C8959DE9CF
:10516000C9959EE9CA959FE9CB95A0E9CC9540EAFF
:10517000CD9541EACE9542EACF9543EAD09544EAEF
:10518000D19545EAD29546EAD39547EAD49548EABF
:10519000D59549EAD6954AEAD7954BEAD8954CEA8F
:1051A000D9954DEADA954EEADB954FEADC9550EA5F
:1051B000DD9551EADE9552EADF9553EAE09554EA2F
:1051C000E19555EAE29556EAE39557EAE49558EAFF
:1051D000E59559EAE6955AEAE7955BEAE895C5C38D
:1051E000E995C5E3EA95C1C9EB95C6E3EC955CEAA0
:1051F000ED95D5B1EE95CACEEF95B3B4F095F2C862
:10520000F195C7E3F295D0CFF395C8E3F495E4BCEC
:10521000F595C9E3F695CAE3F795C6C3F895A2D507
:10522000F995D6C4FA95EBB9FB95C5CEFC95CBE3C1
:10523000FD95F6C3FE95CCE3FF955DEA0096A7B712
:105240000196F3B80296D2BA0396CDE30496CEE364
:105250000596C4D40696CFE307965EEA0896D0E397
:105260000996CBD10A96D1E30B96D2E30C96D3E301
:105270000D96D4E30E96D6D10F96D5E31096FBB2D9
:105280001196BBC01296D6E313965FEA1496ABC094
:105290001596D7E31696D8E31796D9E3189660EAE1
:1052A0001996DAE31A96DBE31B9661EA1C96B7B807
:1052B0001D96E2DA1E9662EA1F96D3B6209663EA3E
:1052C0002196E4DA2296E3DA239664EA249665EAE4
:1052D000259666EA269667EA279668EA289669EA96
:1052E00029966AEA2A96E6DA2B966BEA2C966CEAFD
:1052F0002D966DEA2E96EEC82F966EEA30966FEADE
:105300003196E5DA3296C0B73396F4D13496F5D2B9
:105310003596F3D53696D7BD379670EA389671EA4A
:10532000399672EA3A9673EA3B96E8D73C96E8DA01
:105330003D96E7DA3E9674EA3F96A2B04096D3CD0A
:10534000419675EA4296E9DA439676EA4496BDB804
:105350004596CABC4696BDC24796A4C24896C2B3FB
:105360004996EADA4A9677EA4B96AAC24C96B0C4B6
:105370004D96B5BD4E9678EA4F9679EA5096DECFB7
:1053800051967AEA52967BEA53967CEA5496EBDA87
:105390005596C2C956967DEA57967EEA589680EA97
:1053A000599681EA5A9682EA5B96DDB15C9683EA69
:1053B0005D9684EA5E9685EA5F96ECDA609686EA08
:1053C0006196B8B66296BAD4639687EA6496FDB3DE
:1053D000659688EA669689EA6796EDDA6896C9D492
:1053E0006996D5CF6A96E3C56B968AEA6C96EEDA33
:1053F0006D968BEA6E968CEA6F968DEA70968EEAC1
:1054000071968FEA7296EFDA739690EA7496F0DAF4
:105410007596EAC17696D5CC7796DDCF789691EAE7
:10542000799692EA7A9693EA7B9694EA7C9695EA44
:105430007D9696EA7E9697EA7F9698EA809699EA14
:1054400081969AEA82969BEA83969CEA84969DEAE4
:105450008596E7D38696A1C287969EEA8896F1DA6A
:1054600089969FEA8A96A0EA8B96E5CB8C9640EBCC
:105470008D96F2DA8E9641EB8F96E6CB9096FED221
:10548000919642EB929643EB939644EB9496F4B844
:10549000959645EB969646EB9796F3DA9896AFB0CD
:1054A0009996B6CF9A9647EB9B9648EB9C96CFD5AC
:1054B0009D9649EB9E964AEB9F964BEBA0964CEB44
:1054C000A1964DEBA2964EEBA3964FEBA49650EB14
:1054D000A59651EBA69652EBA796EDCBA89653EB6B
:1054E000A99654EBAA9655EBAB9656EBAC9657EBB8
:1054F000AD9658EBAE9659EBAF965AEBB096F4DA00
:10550000B1965BEBB2965CEBB396C4E3B4965DEBFD
:10551000B5965EEBB696A5C1B7965FEBB89660EB15
:10552000B996BFF6BA9661EBBB9662EBBC96C0F635
:10553000BD96C1F6BE96D1C4BF9663EBC096B8C8FF
:10554000C196E3D1C29664EBC39665EBC496DBD0FB
:10555000C596C5D1C696AFBCC796CDB9C89666EB01
:10556000C996F4EFCA9667EBCB9668EBCC96C6B4B7
:10557000CD96BAD3CE96C2F6CF96FBB3D09669EB52
:10558000D1966AEBD296C3F6D3966BEBD4966CEBBE
:10559000D596F1B5D6966DEBD7966EEBD8966FEBA8
:1055A000D99670EBDA9671EBDB9672EBDC9673EBC7
:1055B000DD9674EBDE9675EBDF9676EBE096C5F63E
:1055C000E19677EBE29678EBE39679EBE4967AEB6B
:1055D000E5967BEBE6967CEBE7967DEBE896EAD3E7
:1055E000E996A7F6EA96A9D1EB967EEBEC9680EBCE
:1055F000ED9681EBEE9682EBEF96A9F6F09683EBB3
:10560000F19684EBF29685EBF396A8F6F49686EB8A
:10561000F59687EBF696E3C1F796D7C0F89688EB38
:10562000F996A2B1FA9689EBFB968AEBFC968BEB86
:10563000FD968CEBFE96EDCEFF968DEB0097E8D0B5
:105640000197ABF602978EEB03978FEB0497F6CF9B
:10565000059790EB0697AAF60797F0D50897ACF652
:105660000997B9C30A9791EB0B9792EB0C9793EBC1
:105670000D97F4BB0E97AEF60F97ADF6109794EB1F
:10568000119795EB129796EB1397DEC4149797EB4F
:10569000159798EB1697D8C1179799EB18979AEB2F
:1056A00019979BEB1A979CEB1B979DEB1C97AACB2A
:1056B0001D979EEB1E97BCCF1F979FEB2097A0EBEB
:1056C000219740EC229741EC239742EC249743EC3E
:1056D000259744EC269745EC279746EC289747EC0E
:1056E000299748EC2A97AFF62B9749EC2C974AEC70
:1056F0002D97B0F62E974BEC2F974CEC3097B1F6D8
:1057000031974DEC3297B6C233974EEC34974FEC4D
:10571000359750EC369751EC379752EC3897D4B018
:105720003997F9C53A9753EC3B9754EC3C9755ECB5
:105730003D9756EC3E97B2F63F9757EC409758ECA2
:10574000419759EC42975AEC43975BEC44975CECD9
:1057500045975DEC46975EEC47975FEC489760ECA9
:10576000499761EC4A9762EC4B9763EC4C9764EC79
:105770004D9765EC4E9766EC4F9767EC509768EC49
:10578000519769EC5297E0C75397A6F654976AEC85
:1057900055976BEC5697B8BE57976CEC58976DECD5
:1057A0005997B2BE5A976EEC5B97E5B55C976FEC74
:1057B0005D9770EC5E97C7B75F9771EC6097BFBF5E
:1057C0006197D2C36297E6C3639772EC649773ECF8
:1057D0006597CCD8669774EC679775EC689776EC0C
:1057E0006997EFB86A9777EC6B9778EC6C9779ECE0
:1057F0006D977AEC6E977BEC6F977CEC70977DECF5
:1058000071977EEC729780EC7397F9BD7497A5D170
:10581000759781EC7697D0B0779782EC789783EC88
:10582000799784EC7A9785EC7B9786EC7C97B0F738
:105830007D9787EC7E9788EC7F9789EC80978AEC40
:1058400081978BEC82978CEC83978DEC84978EEC10
:105850008597B1F786978FEC879790EC889791ECB6
:10586000899792EC8A9793EC8B97ACD08C9794ECB9
:105870008D97B0B08E9795EC8F9796EC909797ECAC
:105880009197B2F79297B3F7939798EC9497B4F7F0
:10589000959799EC96979AEC97979BEC9897CAC72F
:1058A00099979CEC9A979DEC9B979EEC9C979FEC0C
:1058B0009D97A0EC9E9740ED9F9741EDA097CFBE9E
:1058C000A19742EDA29743EDA397B7F7A49744EDB4
:1058D000A59745EDA69746EDA79747EDA89748ED04
:1058E000A99749EDAA974AEDAB97B6F7AC974BED60
:1058F000AD97DEB1AE974CEDAF97B5F7B0974DEDE4
:10590000B1974EEDB297B8F7B3974FEDB497B9F79B
:10591000B59750EDB69751EDB79752EDB89753ED57
:10592000B99754EDBA9755EDBB9756EDBC9757ED27
:10593000BD9758EDBE9759EDBF975AEDC0975BEDF7
:10594000C1975CEDC2975DEDC3975EEDC4975FEDC7
:10595000C59760EDC69761EDC79762EDC89763ED97
:10596000C99764EDCA9765EDCB9766EDCC9767ED67
:10597000CD9768EDCE9769EDCF976AEDD0976BED37
:10598000D1976CEDD2976DEDD3976EEDD4976FED07
:10599000D59770EDD69771EDD79772EDD89773EDD7
:1059A000D99774EDDA9775EDDB9776EDDC9777EDA7
:1059B000DD9778EDDE9779EDDF977AEDE0977BED77
:1059C000E1977CEDE2977DEDE3977EEDE49780ED46
:1059D000E59781EDE697A4CEE797CDC8E89782EDED
:1059E000E997ABBAEA97B8E8EB97B9E8EC97BAE869
:1059F000ED97C2BEEE9783EDEF9784EDF09785EDBE
:105A0000F19786EDF29787EDF397F4D2F49788ED4E
:105A1000F597CFD4F697D8C9F79789EDF8978AED1F
:105A2000F9978BEDFA978CEDFB978DEDFC978EED4A
:105A3000FD978FEDFE9790EDFF9791ED009892ED19
:105A4000019893ED029894ED039895ED049896EDE6
:105A5000059897ED069898ED079899ED08989AEDB6
:105A600009989BED0A989CED0B989DED0C989EED86
:105A70000D989FED0E98A0ED0F9840EE109841EE16
:105A8000119842EE129843EE139844EE149845EEA6
:105A9000159846EE169847EE179848EE189849EE76
:105AA00019984AEE1A984BEE1B984CEE1C984DEE46
:105AB0001D984EEE1E984FEE1F9850EE209851EE16
:105AC000219852EE229853EE239854EE249855EEE6
:105AD000259856EE269857EE279858EE289859EEB6
:105AE00029985AEE2A985BEE2B985CEE2C985DEE86
:105AF0002D985EEE2E985FEE2F9860EE309861EE56
:105B0000319862EE329863EE339864EE349865EE25
:105B1000359866EE369867EE379868EE389869EEF5
:105B200039986AEE3A986BEE3B986CEE3C986DEEC5
:105B30003D986EEE3E986FEE3F9870EE409871EE95
:105B4000419872EE429873EE439874EE449875EE65
:105B5000459876EE469877EE479878EE489879EE35
:105B600049987AEE4A987BEE4B987CEE4C987DEE05
:105B70004D987EEE4E9880EE4F9881EE509882EED2
:105B8000519883EE529884EE539885EE549886EEA1
:105B9000559887EE569888EE579889EE58988AEE71
:105BA00059988BEE5A988CEE5B988DEE5C988EEE41
:105BB0005D988FEE5E9890EE5F9891EE609892EE11
:105BC000619893EE629894EE639895EE649896EEE1
:105BD000659897EE669898EE679899EE68989AEEB1
:105BE00069989BEE6A989CEE6B989DEE6C989EEE81
:105BF0006D989FEE6E98A0EE6F9840EF709841EF11
:105C0000719842EF729843EF739844EF749845EFA0
:105C10007598B3D27698A5B67798EAC77898FCF1CC
:105C20007998EECF7A98B3CB7B98EBD07C98EFE75E
:105C30007D98E7CD7E98CBB97F98D9B68098FDF155
:105C40008198E4B08298CCCB8398FEF18498A4D458
:105C50008598ADC28698ECC18798C4C68898B1BEB5
:105C60008998A1F28A98D5BC8B9846EF8C98A2F2BD
:105C70008D98A3F28E9847EF8F98A4F29098C3D294
:105C80009198B5C6929848EF9398C7CD9498A5F28D
:105C9000959849EF9698B1D39798C5BF9898E2CC5C
:105CA00099984AEF9A98A6F29B98A7F29C98D5D11A
:105CB0009D98EEB69E98A8F29F98A9F2A098DFB59D
:105CC000A198AAF2A298ABF2A3984BEFA498FCB2C9
:105CD000A598ACF2A698ADF2A798A7C8A8984CEFE3
:105CE000A9984DEFAA984EEFAB984FEFAC9850EFB4
:105CF000AD9851EFAE9852EFAF9853EFB09854EF84
:105D0000B19855EFB29856EFB39857EFB49858EF53
:105D1000B59859EFB6985AEFB7985BEFB8985CEF23
:105D2000B9985DEFBA985EEFBB985FEFBC9860EFF3
:105D3000BD9861EFBE9862EFBF9863EFC09864EFC3
:105D4000C19865EFC29866EFC39867EFC49868EF93
:105D5000C59869EFC6986AEFC7986BEFC8986CEF63
:105D6000C9986DEFCA986EEFCB986FEFCC9870EF33
:105D7000CD9871EFCE98E7B7CF9872EFD09873EFC8
:105D8000D198A9ECD298AAECD398ABECD49874EF44
:105D9000D598ACECD69875EFD79876EFD898AEC674
:105DA000D998ADECDA98AEECDB9877EFDC9878EF29
:105DB000DD9879EFDE98C9B7DF98B3CAE0987AEF3B
:105DC000E1987BEFE2987CEFE3987DEFE4987EEF3B
:105DD000E59880EFE69881EFE798B8E2E898CFF78A
:105DE000E99882EFEA9883EFEB9884EFEC9885EFDF
:105DF000ED9886EFEE9887EFEF9888EFF09889EFAF
:105E0000F1988AEFF2988BEFF3988CEFF4988DEF7E
:105E1000F5988EEFF6988FEFF79890EFF89891EF4E
:105E2000F99892EFFA9893EFFB9894EFFC9895EF1E
:105E3000FD9896EFFE9897EFFF9898EF009999EFED
:105E400001999AEF02999BEF03999CEF04999DEFBA
:105E500005999EEF06999FEF0799A0EF089940F0EA
:105E6000099941F00A9942F00B9943F00C9944F0DA
:105E70000D99D0F70E9945F00F9946F01099CDB2D3
:105E8000119947F0129948F0139949F014994AF082
:105E900015994BF016994CF017994DF018994EF052
:105EA00019994FF01A9950F01B9951F01C9952F022
:105EB0001D9953F01E9954F01F9955F0209956F0F2
:105EC000219957F0229958F0239959F024995AF0C2
:105ED00025995BF026995CF027995DF028995EF092
:105EE00029995FF02A9960F02B9961F02C9962F062
:105EF0002D9963F02E99D1F72F9964F0309965F0C0
:105F0000319966F0329967F0339968F0349969F005
:105F100035996AF036996BF037996CF038996DF0D5
:105F200039996EF03A996FF03B9970F03C9971F0A5
:105F30003D9972F03E9973F03F9974F0409975F075
:105F4000419976F0429977F0439978F0449979F045
:105F500045997AF046997BF047997CF048997DF015
:105F600049997EF04A9980F04B9981F04C9982F0E2
:105F70004D9983F04E9984F04F9985F0509986F0B1
:105F8000519987F0529988F0539989F05499D3F731
:105F90005599D2F756998AF057998BF058998CF009
:105FA00059998DF05A998EF05B998FF05C9990F029
:105FB0005D9991F05E9992F05F9993F0609994F0F9
:105FC000619995F0629996F06399BBE2649997F0B4
:105FD0006599A2BC669998F06799BCE26899BDE2A0
:105FE0006999BEE26A99BFE26B99C0E26C99C1E21D
:105FF0006D99B9B76E99FBD26F99A4BD7099CECA4D
:106000007199A5B17299C7CB739999F07499C2E24D
:106010007599FCB67699C4C87799C3E278999AF0D5
:1060200079999BF07A99C8BD7B999CF07C99FDB1D8
:106030007D99C4E27E999DF07F99F6B68099C5E27C
:106040008199D9C482999EF083999FF08499C6E280
:106050008599DACF8699DDB98799C7E28899A1C079
:106060008999A0F08A99C8E28B99F6B28C9940F18F
:106070008D99C9E28E9941F18F99F3C19099CAE245
:106080009199CBE29299F8C29399CCE29499CDE29E
:106090009599CEE29699D7CA9799B8D89899E5D9A3
:1060A0009999E3CF9A9942F19B9943F19C9944F1D4
:1060B0009D9945F19E9946F19F9947F1A09948F124
:1060C000A19949F1A2994AF1A3994BF1A4994CF1F4
:1060D000A599A5F0A6994DF1A7994EF1A899B0DC24
:1060E000A9994FF1AA9950F1AB9951F1AC9952F19C
:1060F000AD9953F1AE9954F1AF9955F1B09956F16C
:10610000B19957F1B29958F1B39959F1B4995AF13B
:10611000B5995BF1B6995CF1B7995DF1B8995EF10B
:10612000B9995FF1BA9960F1BB9961F1BC9962F1DB
:10613000BD9963F1BE9964F1BF9965F1C09966F1AB
:10614000C19967F1C29968F1C39969F1C4996AF17B
:10615000C5996BF1C6996CF1C7996DF1C8996EF14B
:10616000C9996FF1CA9970F1CB9971F1CC9972F11B
:10617000CD9973F1CE9974F1CF9975F1D09976F1EB
:10618000D19977F1D29978F1D39979F1D4997AF1BB
:10619000D5997BF1D6997CF1D7997DF1D8997EF18B
:1061A000D99980F1DA9981F1DB9982F1DC9983F157
:1061B000DD9984F1DE9985F1DF9986F1E09987F127
:1061C000E19988F1E29989F1E3998AF1E4998BF1F7
:1061D000E5998CF1E6998DF1E7998EF1E8998FF1C7
:1061E000E99990F1EA9991F1EB9992F1EC9993F197
:1061F000ED9994F1EE9995F1EF9996F1F09997F167
:10620000F19998F1F29999F1F3999AF1F4999BF136
:10621000F5999CF1F6999DF1F7999EF1F8999FF106
:10622000F999A0F1FA9940F2FB9941F2FC9942F2F6
:10623000FD9943F2FE9944F2FF9945F2009A46F225
:10624000019A47F2029A48F2039A49F2049A4AF2F2
:10625000059A4BF2069A4CF2079A4DF2089A4EF2C2
:10626000099A4FF20A9A50F20B9A51F20C9A52F292
:106270000D9A53F20E9A54F20F9A55F2109A56F262
:10628000119A57F2129A58F2139A59F2149A5AF232
:10629000159A5BF2169A5CF2179A5DF2189A5EF202
:1062A000199A5FF21A9A60F21B9A61F21C9A62F2D2
:1062B0001D9A63F21E9A64F21F9A65F2209A66F2A2
:1062C000219A67F2229A68F2239A69F2249A6AF272
:1062D000259A6BF2269A6CF2279A6DF2289A6EF242
:1062E000299A6FF22A9A70F22B9A71F22C9A72F212
:1062F0002D9A73F22E9A74F22F9A75F2309A76F2E2
:10630000319A77F2329A78F2339A79F2349A7AF2B1
:10631000359A7BF2369A7CF2379A7DF2389A7EF281
:10632000399A80F23A9A81F23B9A82F23C9A83F24D
:106330003D9A84F23E9A85F23F9A86F2409A87F21D
:10634000419A88F2429A89F2439A8AF2449A8BF2ED
:10635000459A8CF2469A8DF2479A8EF2489A8FF2BD
:10636000499A90F24A9A91F24B9A92F24C9A93F28D
:106370004D9A94F24E9A95F24F9A96F2509A97F25D
:10638000519A98F2529A99F2539A9AF2549A9BF22D
:10639000559A9CF2569A9DF2579A9EF2589A9FF2FD
:1063A000599AA0F25A9A40F35B9A41F35C9A42F3ED
:1063B0005D9A43F35E9A44F35F9A45F3609A46F31D
:1063C000619A47F3629A48F3639A49F3649A4AF3ED
:1063D000659A4BF3669A4CF3679A4DF3689A4EF3BD
:1063E000699A4FF36A9A50F36B9A51F36C9AEDC223
:1063F0006D9AA6D46E9AD4CD6F9AB1D1709ADBB350
:10640000719AFDC7729A52F3739AB5B2749ABFC269
:10641000759AE0E6769ABBCA779AE1E6789AE2E660
:10642000799AD4BE7A9AE3E67B9AA4D77C9AD5CDA2
:106430007D9AE5E67E9ADDBC7F9AE4E6809AE6E600
:10644000819AE7E6829AEEC2839A53F3849ABEBD9C
:10645000859AE8E6869AE6C2879AA7BA889AE9E614
:10646000899A54F38A9AEAE68B9AD2B38C9AE9D144
:106470008D9A55F38E9A56F38F9AA5BF909AEBE6B4
:10648000919AEFC6929AECE6939AEDE6949A57F3B6
:10649000959A58F3969AEEE6979AADC6989AEFE6D3
:1064A000999A59F39A9AA7C99B9AF0E69C9AF1E6B1
:1064B0009D9AF2E69E9AB9E59F9AF3E6A09AF4E6D1
:1064C000A19AE2C2A29AF5E6A39AF6E6A49AE8D6C1
:1064D000A59AF7E6A69A5AF3A79AF8E6A89AC7B932
:1064E000A99A5BF3AA9A5CF3AB9A5DF3AC9A5EF35C
:1064F000AD9A5FF3AE9A60F3AF9A61F3B09ABBF7CF
:10650000B19ABAF7B29A62F3B39A63F3B49A64F3A6
:10651000B59A65F3B69ABEF7B79ABCF7B89AA1BA1E
:10652000B99A66F3BA9ABFF7BB9A67F3BC9AC0F7F9
:10653000BD9A68F3BE9A69F3BF9A6AF3C09AC2F72C
:10654000C19AC1F7C29AC4F7C39A6BF3C49A6CF3A9
:10655000C59AC3F7C69A6DF3C79A6EF3C89A6FF3DC
:10656000C99A70F3CA9A71F3CB9AC5F7CC9AC6F759
:10657000CD9A72F3CE9A73F3CF9A74F3D09A75F3DF
:10658000D19AC7F7D29A76F3D39AE8CBD49A77F315
:10659000D59A78F3D69A79F3D79A7AF3D89ADFB85E
:1065A000D99A7BF3DA9A7CF3DB9A7DF3DC9A7EF35B
:1065B000DD9A80F3DE9A81F3DF9AD4F7E09A82F3D2
:1065C000E19AD5F7E29A83F3E39A84F3E49A85F3A8
:1065D000E59A86F3E69AD6F7E79A87F3E89A88F37E
:1065E000E99A89F3EA9A8AF3EB9AD8F7EC9A8BF353
:1065F000ED9ADAF7EE9A8CF3EF9AD7F7F09A8DF3DB
:10660000F19A8EF3F29A8FF3F39A90F3F49A91F34E
:10661000F59A92F3F69A93F3F79A94F3F89A95F31E
:10662000F99ADBF7FA9A96F3FB9AD9F7FC9A97F363
:10663000FD9A98F3FE9A99F3FF9A9AF3009B9BF3C5
:10664000019B9CF3029B9DF3039BD7D7049B9EF376
:10665000059B9FF3069BA0F3079B40F4089BDCF788
:10666000099B41F40A9B42F40B9B43F40C9B44F4BA
:106670000D9B45F40E9B46F40F9BDDF7109B47F4F2
:10668000119B48F4129B49F4139BDEF7149B4AF4C8
:10669000159B4BF4169B4CF4179B4DF4189B4EF432
:1066A000199B4FF41A9B50F41B9B51F41C9B52F402
:1066B0001D9B53F41E9B54F41F9BDFF7209B55F446
:1066C000219B56F4229B57F4239BE0F7249B58F41C
:1066D000259B59F4269B5AF4279B5BF4289B5CF47A
:1066E000299B5DF42A9B5EF42B9B5FF42C9B60F44A
:1066F0002D9B61F42E9B62F42F9BCBDB309B63F4CC
:10670000319B64F4329BAAD8339B65F4349B66F4C6
:10671000359B67F4369B68F4379B69F4389B6AF4C1
:10672000399B6BF43A9B6CF43B9BF7E53C9BEDB9D2
:106730003D9B6DF43E9B6EF43F9B6FF4409B70F469
:10674000419BFDBF429BEABB439BC9F7449BC7C625
:10675000459BC8F7469B71F4479BCAF7489BCCF70B
:10676000499BCBF74A9B72F44B9B73F44C9B74F49C
:106770004D9BCDF74E9B75F44F9BBACE509B76F454
:10678000519BCEF7529B77F4539B78F4549BA7C44C
:10679000559B79F4569B7AF4579B7BF4589B7CF479
:1067A000599B7DF45A9B7EF45B9B80F45C9B81F447
:1067B0005D9B82F45E9B83F45F9B84F4609B85F415
:1067C000619B86F4629B87F4639B88F4649B89F4E5
:1067D000659B8AF4669B8BF4679B8CF4689B8DF4B5
:1067E000699B8EF46A9B8FF46B9B90F46C9B91F485
:1067F0006D9B92F46E9B93F46F9B94F4709B95F455
:10680000719B96F4729B97F4739B98F4749B99F424
:10681000759B9AF4769B9BF4779B9CF4789B9DF4F4
:10682000799B9EF47A9B9FF47B9BA0F47C9B40F524
:106830007D9B41F57E9B42F57F9B43F5809B44F514
:10684000819B45F5829B46F5839B47F5849B48F5E4
:10685000859B49F5869B4AF5879B4BF5889B4CF5B4
:10686000899B4DF58A9B4EF58B9B4FF58C9B50F584
:106870008D9B51F58E9B52F58F9B53F5909B54F554
:10688000919B55F5929B56F5939B57F5949B58F524
:10689000959B59F5969B5AF5979B5BF5989B5CF5F4
:1068A000999B5DF59A9B5EF59B9B5FF59C9B60F5C4
:1068B0009D9B61F59E9B62F59F9B63F5A09B64F594
:1068C000A19B65F5A29B66F5A39B67F5A49B68F564
:1068D000A59B69F5A69B6AF5A79B6BF5A89B6CF534
:1068E000A99B6DF5AA9B6EF5AB9B6FF5AC9B70F504
:1068F000AD9B71F5AE9B72F5AF9B73F5B09B74F5D4
:10690000B19B75F5B29B76F5B39B77F5B49B78F5A3
:10691000B59B79F5B69B7AF5B79B7BF5B89B7CF573
:10692000B99B7DF5BA9B7EF5BB9B80F5BC9B81F541
:10693000BD9B82F5BE9B83F5BF9B84F5C09B85F50F
:10694000C19B86F5C29B87F5C39B88F5C49B89F5DF
:10695000C59B8AF5C69B8BF5C79B8CF5C89B8DF5AF
:10696000C99B8EF5CA9B8FF5CB9B90F5CC9B91F57F
:10697000CD9B92F5CE9B93F5CF9B94F5D09B95F54F
:10698000D19B96F5D29B97F5D39B98F5D49B99F51F
:10699000D59B9AF5D69B9BF5D79B9CF5D89B9DF5EF
:1069A000D99B9EF5DA9B9FF5DB9BA0F5DC9B40F61F
:1069B000DD9B41F6DE9B42F6DF9B43F6E09B44F60F
:1069C000E19B45F6E29B46F6E39B47F6E49B48F6DF
:1069D000E59B49F6E69B4AF6E79B4BF6E89B4CF6AF
:1069E000E99B4DF6EA9B4EF6EB9B4FF6EC9B50F67F
:1069F000ED9B51F6EE9B52F6EF9B53F6F09B54F64F
:106A0000F19B55F6F29B56F6F39B57F6F49B58F61E
:106A1000F59B59F6F69B5AF6F79B5BF6F89B5CF6EE
:106A2000F99B5DF6FA9B5EF6FB9B5FF6FC9B60F6BE
:106A3000FD9B61F6FE9B62F6FF9B63F6009C64F68D
:106A4000019C65F6029C66F6039C67F6049C68F65A
:106A5000059C69F6069C6AF6079C6BF6089C6CF62A
:106A6000099C6DF60A9C6EF60B9C6FF60C9C70F6FA
:106A70000D9C71F60E9C72F60F9C73F6109C74F6CA
:106A8000119C75F6129C76F6139C77F6149C78F69A
:106A9000159C79F6169C7AF6179C7BF6189C7CF66A
:106AA000199C7DF61A9C7EF61B9C80F61C9C81F638
:106AB0001D9C82F61E9C83F61F9C84F6209C85F606
:106AC000219C86F6229C87F6239C88F6249C89F6D6
:106AD000259C8AF6269C8BF6279C8CF6289C8DF6A6
:106AE000299C8EF62A9C8FF62B9C90F62C9C91F676
:106AF0002D9C92F62E9C93F62F9C94F6309C95F646
:106B0000319C96F6329C97F6339C98F6349C99F615
:106B1000359C9AF6369C9BF6379C9CF6389C9DF6E5
:106B2000399C9EF63A9C9FF63B9CA0F63C9C40F715
:106B30003D9C41F73E9C42F73F9C43F7409C44F705
:106B4000419C45F7429C46F7439C47F7449C48F7D5
:106B5000459C49F7469C4AF7479C4BF7489C4CF7A5
:106B6000499C4DF74A9C4EF74B9C4FF74C9C50F775
:106B70004D9C51F74E9C52F74F9C53F7509C54F745
:106B8000519C55F7529C56F7539C57F7549C58F715
:106B9000559C59F7569C5AF7579C5BF7589C5CF7E5
:106BA000599C5DF75A9C5EF75B9C5FF75C9C60F7B5
:106BB0005D9C61F75E9C62F75F9C63F7609C64F785
:106BC000619C65F7629C66F7639C67F7649C68F755
:106BD000659C69F7669C6AF7679C6BF7689C6CF725
:106BE000699C6DF76A9C6EF76B9C6FF76C9C70F7F5
:106BF0006D9C71F76E9C72F76F9C73F7709C74F7C5
:106C0000719C75F7729C76F7739C77F7749C78F794
:106C1000759C79F7769C7AF7779C7BF7789C7CF764
:106C2000799C7DF77A9C7EF77B9C80F77C9CE3D3F4
:106C30007D9C81F77E9C82F77F9CCFF6809C83F7BA
:106C4000819CB3C2829CD0F6839C84F7849C85F798
:106C5000859CD1F6869CD2F6879CD3F6889CD4F688
:106C6000899C86F78A9C87F78B9CD6F68C9C88F744
:106C70008D9CABB18E9CD7F68F9C89F7909CD8F6F3
:106C8000919CD9F6929CDAF6939C8AF7949CDBF659
:106C9000959CDCF6969C8BF7979C8CF7989C8DF7CF
:106CA000999C8EF79A9CDDF69B9CDEF69C9CCACF45
:106CB0009D9C8FF79E9CDFF69F9CE0F6A09CE1F6E2
:106CC000A19CE2F6A29CE3F6A39CE4F6A49CF0C08F
:106CD000A59CE5F6A69CE6F6A79CE7F6A89CE8F638
:106CE000A99CE9F6AA9C90F7AB9CEAF6AC9C91F7BC
:106CF000AD9CEBF6AE9CECF6AF9C92F7B09CEDF63B
:106D0000B19CEEF6B29CEFF6B39CF0F6B49CF1F6B3
:106D1000B59CF2F6B69CF3F6B79CF4F6B89CA8BE08
:106D2000B99C93F7BA9CF5F6BB9CF6F6BC9CF7F6BB
:106D3000BD9CF8F6BE9C94F7BF9C95F7C09C96F757
:106D4000C19C97F7C29C98F7C39CFAC8C49CF9F6FB
:106D5000C59CFAF6C69CFBF6C79CFCF6C89C99F746
:106D6000C99C9AF7CA9CFDF6CB9CFEF6CC9CA1F779
:106D7000CD9CA2F7CE9CA3F7CF9CA4F7D09CA5F7FF
:106D8000D19C9BF7D29C9CF7D39CA6F7D49CA7F7E9
:106D9000D59CA8F7D69CEEB1D79CA9F7D89CAAF7AA
:106DA000D99CABF7DA9C9DF7DB9C9EF7DC9CACF79B
:106DB000DD9CADF7DE9CDBC1DF9CAEF7E09C9FF76E
:106DC000E19CA0F7E29CAFF7E39C40F8E49C41F81B
:106DD000E59C42F8E69C43F8E79C44F8E89C45F8BB
:106DE000E99C46F8EA9C47F8EB9C48F8EC9C49F88B
:106DF000ED9C4AF8EE9C4BF8EF9C4CF8F09C4DF85B
:106E0000F19C4EF8F29C4FF8F39C50F8F49C51F82A
:106E1000F59C52F8F69C53F8F79C54F8F89C55F8FA
:106E2000F99C56F8FA9C57F8FB9C58F8FC9C59F8CA
:106E3000FD9C5AF8FE9C5BF8FF9C5CF8009D5DF899
:106E4000019D5EF8029D5FF8039D60F8049D61F866
:106E5000059D62F8069D63F8079D64F8089D65F836
:106E6000099D66F80A9D67F80B9D68F80C9D69F806
:106E70000D9D6AF80E9D6BF80F9D6CF8109D6DF8D6
:106E8000119D6EF8129D6FF8139D70F8149D71F8A6
:106E9000159D72F8169D73F8179D74F8189D75F876
:106EA000199D76F81A9D77F81B9D78F81C9D79F846
:106EB0001D9D7AF81E9D7BF81F9D7CF8209D7DF816
:106EC000219D7EF8229D80F8239D81F8249D82F8E3
:106ED000259D83F8269D84F8279D85F8289D86F8B2
:106EE000299D87F82A9D88F82B9D89F82C9D8AF882
:106EF0002D9D8BF82E9D8CF82F9D8DF8309D8EF852
:106F0000319D8FF8329D90F8339D91F8349D92F821
:106F1000359D93F8369D94F8379D95F8389D96F8F1
:106F2000399D97F83A9D98F83B9D99F83C9D9AF8C1
:106F30003D9D9BF83E9D9CF83F9D9DF8409D9EF891
:106F4000419D9FF8429DA0F8439D40F9449D41F921
:106F5000459D42F9469D43F9479D44F9489D45F9B1
:106F6000499D46F94A9D47F94B9D48F94C9D49F981
:106F70004D9D4AF94E9D4BF94F9D4CF9509D4DF951
:106F8000519D4EF9529D4FF9539D50F9549D51F921
:106F9000559D52F9569D53F9579D54F9589D55F9F1
:106FA000599D56F95A9D57F95B9D58F95C9D59F9C1
:106FB0005D9D5AF95E9D5BF95F9D5CF9609D5DF991
:106FC000619D5EF9629D5FF9639D60F9649D61F961
:106FD000659D62F9669D63F9679D64F9689D65F931
:106FE000699D66F96A9D67F96B9D68F96C9D69F901
:106FF0006D9D6AF96E9D6BF96F9D6CF9709D6DF9D1
:10700000719D6EF9729D6FF9739D70F9749D71F9A0
:10701000759D72F9769D73F9779D74F9789D75F970
:10702000799D76F97A9D77F97B9D78F97C9D79F940
:107030007D9D7AF97E9D7BF97F9D7CF9809D7DF910
:10704000819D7EF9829D80F9839D81F9849D82F9DD
:10705000859D83F9869D84F9879D85F9889D86F9AC
:10706000899D87F98A9D88F98B9D89F98C9D8AF97C
:107070008D9D8BF98E9D8CF98F9D8DF9909D8EF94C
:10708000919D8FF9929D90F9939D91F9949D92F91C
:10709000959D93F9969D94F9979D95F9989D96F9EC
:1070A000999D97F99A9D98F99B9D99F99C9D9AF9BC
:1070B0009D9D9BF99E9D9CF99F9D9DF9A09D9EF98C
:1070C000A19D9FF9A29DA0F9A39D40FAA49D41FA1C
:1070D000A59D42FAA69D43FAA79D44FAA89D45FAAC
:1070E000A99D46FAAA9D47FAAB9D48FAAC9D49FA7C
:1070F000AD9D4AFAAE9D4BFAAF9D4CFAB09D4DFA4C
:10710000B19D4EFAB29D4FFAB39D50FAB49D51FA1B
:10711000B59D52FAB69D53FAB79D54FAB89D55FAEB
:10712000B99D56FABA9D57FABB9D58FABC9D59FABB
:10713000BD9D5AFABE9D5BFABF9D5CFAC09D5DFA8B
:10714000C19D5EFAC29D5FFAC39D60FAC49D61FA5B
:10715000C59D62FAC69D63FAC79D64FAC89D65FA2B
:10716000C99D66FACA9D67FACB9D68FACC9D69FAFB
:10717000CD9D6AFACE9D6BFACF9D6CFAD09D6DFACB
:10718000D19D6EFAD29D6FFAD39D70FAD49D71FA9B
:10719000D59D72FAD69D73FAD79D74FAD89D75FA6B
:1071A000D99D76FADA9D77FADB9D78FADC9D79FA3B
:1071B000DD9D7AFADE9D7BFADF9D7CFAE09D7DFA0B
:1071C000E19D7EFAE29D80FAE39D81FAE49D82FAD8
:1071D000E59D83FAE69D84FAE79D85FAE89D86FAA7
:1071E000E99D87FAEA9D88FAEB9D89FAEC9D8AFA77
:1071F000ED9D8BFAEE9D8CFAEF9D8DFAF09D8EFA47
:10720000F19D8FFAF29D90FAF39D91FAF49D92FA16
:10721000F59D93FAF69D94FAF79D95FAF89D96FAE6
:10722000F99D97FAFA9D98FAFB9D99FAFC9D9AFAB6
:10723000FD9D9BFAFE9D9CFAFF9D9DFA009E9EFA85
:10724000019E9FFA029EA0FA039E40FB049E41FB12
:10725000059E42FB069E43FB079E44FB089E45FBA2
:10726000099E46FB0A9E47FB0B9E48FB0C9E49FB72
:107270000D9E4AFB0E9E4BFB0F9E4CFB109E4DFB42
:10728000119E4EFB129E4FFB139E50FB149E51FB12
:10729000159E52FB169E53FB179E54FB189E55FBE2
:1072A000199E56FB1A9E57FB1B9E58FB1C9E59FBB2
:1072B0001D9E5AFB1E9E5BFB1F9EF1C4209EAFF0DD
:1072C000219EA6BC229EB0F0239EF9C3249E5CFBA7
:1072D000259EB8C5269EBBD1279E5DFB289EB1F09A
:1072E000299EB2F02A9EB3F02B9EB4F02C9EB5F0EE
:1072F0002D9EBCD12E9E5EFB2F9EECD1309E5FFB5F
:10730000319EB7F0329EB6F0339EA7D4349E60FB18
:10731000359ED2CD369EB8F0379EBAF0389EB9F081
:10732000399EBBF03A9EBCF03B9E61FB3C9E62FBEB
:107330003D9EEBB83E9EBDF03F9EE8BA409E63FB8B
:10734000419EBEF0429EBFF0439EE9BE449EC0F007
:10735000459EECB6469EC1F0479EC2F0489EC3F0E3
:10736000499EC4F04A9EB5C84B9EC5F04C9EC6F0DF
:107370004D9E64FB4E9EC7F04F9EF4C5509E65FB2C
:10738000519EC8F0529E66FB539E67FB549E68FB5D
:10739000559EC9F0569E69FB579ECAF0589EBDF790
:1073A000599E6AFB5A9ECBF05B9ECCF05C9ECDF062
:1073B0005D9E6BFB5E9ECEF05F9E6CFB609E6DFBE8
:1073C000619E6EFB629E6FFB639ECFF0649ED7BA98
:1073D000659E70FB669ED0F0679ED1F0689ED2F0ED
:1073E000699ED3F06A9ED4F06B9ED5F06C9ED6F069
:1073F0006D9ED8F06E9E71FB6F9E72FB709EA5D342
:10740000719ED7F0729E73FB739ED9F0749E74FBCD
:10741000759E75FB769E76FB779E77FB789E78FB54
:10742000799E79FB7A9E7AFB7B9E7BFB7C9E7CFB24
:107430007D9E7DFB7E9EBAF57F9EB9C2809E7EFBBF
:10744000819E80FB829EE4F7839E81FB849E82FB6B
:10745000859E83FB869E84FB879EE5F7889EE6F7E4
:10746000899E85FB8A9E86FB8B9EE7F78C9E87FB19
:107470008D9E88FB8E9E89FB8F9E8AFB909E8BFB48
:10748000919E8CFB929EE8F7939EB4C2949E8DFBD6
:10749000959E8EFB969E8FFB979E90FB989E91FBF0
:1074A000999E92FB9A9E93FB9B9E94FB9C9E95FBC0
:1074B0009D9EEAF79E9E96FB9F9EEBF7A09E97FBF4
:1074C000A19E98FBA29E99FBA39E9AFBA49E9BFB68
:1074D000A59E9CFBA69EF3C2A79E9DFBA89E9EFB1D
:1074E000A99E9FFBAA9EA0FBAB9E40FCAC9E41FCCC
:1074F000AD9E42FCAE9E43FCAF9E44FCB09E45FC5C
:10750000B19E46FCB29E47FCB39E48FCB49EF0F48C
:10751000B59E49FCB69E4AFCB79E4BFCB89EEFF464
:10752000B99E4CFCBA9E4DFCBB9EE9C2BC9E4EFC73
:10753000BD9EE1F7BE9EE2F7BF9E4FFCC09E50FC91
:10754000C19E51FCC29E52FCC39E53FCC49EC6BB4E
:10755000C59E54FCC69E55FCC79E56FCC89E57FC53
:10756000C99EE4D9CA9E58FCCB9E59FCCC9E5AFCBD
:10757000CD9EF2CACE9EE8C0CF9EA4F0D09E5BFC0A
:10758000D19EDABAD29E5CFCD39E5DFCD49EADC780
:10759000D59E5EFCD69E5FFCD79E60FCD89EACC498
:1075A000D99E61FCDA9E62FCDB9EECF7DC9EEDF777
:1075B000DD9EEEF7DE9E63FCDF9EF0F7E09EEFF7C8
:1075C000E19E64FCE29EF1F7E39E65FCE49E66FCAE
:1075D000E59EF4F7E69E67FCE79EF3F7E89E68FCFD
:1075E000E99EF2F7EA9EF5F7EB9E69FCEC9E6AFCD9
:1075F000ED9E6BFCEE9E6CFCEF9EF6F7F09E6DFC34
:10760000F19E6EFCF29E6FFCF39E70FCF49E71FC8A
:10761000F59E72FCF69E73FCF79E74FCF89E75FC5A
:10762000F99EE9EDFA9E76FCFB9EEAEDFC9EEBED01
:10763000FD9E77FCFE9EBCF6FF9E78FC009F79FCC9
:10764000019F7AFC029F7BFC039F7CFC049F7DFCD6
:10765000059F7EFC069F80FC079F81FC089F82FCA3
:10766000099F83FC0A9F84FC0B9FBDF60C9F85FC41
:107670000D9FBEF60E9FA6B60F9F86FC109FBED82C
:10768000119F87FC129F88FC139FC4B9149F89FC2B
:10769000159F8AFC169F8BFC179FBBD8189F8CFCEC
:1076A000199FB1DC1A9F8DFC1B9F8EFC1C9F8FFCC9
:1076B0001D9F90FC1E9F91FC1F9F92FC209FF3CA70
:1076C000219F93FC229FF7F7239F94FC249F95FC16
:1076D000259F96FC269F97FC279F98FC289F99FC46
:1076E000299F9AFC2A9F9BFC2B9F9CFC2C9FF8F7C0
:1076F0002D9F9DFC2E9F9EFC2F9FF9F7309F9FFC96
:10770000319FA0FC329F40FD339F41FD349F42FDDD
:10771000359F43FD369F44FD379FFBF7389F45FD5E
:10772000399FFAF73A9F46FD3B9FC7B13C9F47FD03
:107730003D9FFCF73E9FFDF73F9F48FD409F49FD61
:10774000419F4AFD429F4BFD439F4CFD449FFEF7E6
:10775000459F4DFD469F4EFD479F4FFD489F50FD65
:10776000499F51FD4A9F52FD4B9F53FD4C9F54FD35
:107770004D9F55FD4E9F56FD4F9F57FD509FEBC6A9
:10778000519FB4EC529F58FD539F59FD549F5AFD91
:10779000559F5BFD569F5CFD579F5DFD589F5EFDAD
:1077A000599F5FFD5A9F60FD5B9F61FD5C9F62FD7D
:1077B0005D9F63FD5E9F64FD5F9F65FD609F66FD4D
:1077C000619F67FD629F68FD639F69FD649F6AFD1D
:1077D000659F6BFD669F6CFD679F6DFD689F6EFDED
:1077E000699F6FFD6A9F70FD6B9F71FD6C9F72FDBD
:1077F0006D9F73FD6E9F74FD6F9F75FD709F76FD8D
:10780000719F77FD729F78FD739F79FD749F7AFD5C
:10781000759F7BFD769F7CFD779F7DFD789F7EFD2C
:10782000799F80FD7A9F81FD7B9F82FD7C9F83FDF8
:107830007D9F84FD7E9F85FD7F9FDDB3809FB3F696
:10784000819F86FD829F87FD839FB4F6849FE4C15C
:10785000859FB5F6869FB6F6879FB7F6889FB8F6E0
:10786000899FB9F68A9FBAF68B9FA3C88C9FBBF6F7
:107870008D9F88FD8E9F89FD8F9F8AFD909F8BFD38
:10788000919F8CFD929F8DFD939F8EFD949F8FFD08
:10789000959F90FD969F91FD979F92FD989F93FDD8
:1078A000999FFAC19A9FA8B99B9FE8ED9C9F94FD70
:1078B0009D9F95FD9E9F96FD9F9FEAB9A09FDFD952
:1078C000A19F97FDA29F98FDA39F99FDA49F9AFD5C
:1078D000A59F9BFD2CF99CFD79F99DFD95F99EFDD9
:1078E000E7F99FFDF1F9A0FD0CFA40FE0DFA41FE0B
:1078F0000EFA42FE0FFA43FE11FA44FE13FA45FE59
:1079000014FA46FE18FA47FE1FFA48FE20FA49FE0E
:1079100021FA4AFE23FA4BFE24FA4CFE27FA4DFECA
:1079200028FA4EFE29FA4FFE30FE55A931FEF2A686
:1079300033FEF4A634FEF5A635FEE0A636FEE1A63B
:1079400037FEF0A638FEF1A639FEE2A63AFEE3A61F
:107950003BFEEEA63CFEEFA63DFEE6A63EFEE7A6FB
:107960003FFEE4A640FEE5A641FEE8A642FEE9A6EB
:1079700043FEEAA644FEEBA649FE68A94AFE69A9B1
:107980004BFE6AA94CFE6BA94DFE6CA94EFE6DA97B
:107990004FFE6EA950FE6FA951FE70A952FE71A94B
:1079A00054FE72A955FE73A956FE74A957FE75A917
:1079B00059FE76A95AFE77A95BFE78A95CFE79A9E3
:1079C0005DFE7AA95EFE7BA95FFE7CA960FE7DA9B3
:1079D00061FE7EA962FE80A963FE81A964FE82A980
:1079E00065FE83A966FE84A968FE85A969FE86A94D
:1079F0006AFE87A96BFE88A901FFA1A302FFA2A3CB
:107A000003FFA3A304FFE7A105FFA5A306FFA6A309
:107A100007FFA7A308FFA8A309FFA9A30AFFAAA31A
:107A20000BFFABA30CFFACA30DFFADA30EFFAEA3EA
:107A30000FFFAFA310FFB0A311FFB1A312FFB2A3BA
:107A400013FFB3A314FFB4A315FFB5A316FFB6A38A
:107A500017FFB7A318FFB8A319FFB9A31AFFBAA35A
:107A60001BFFBBA31CFFBCA31DFFBDA31EFFBEA32A
:107A70001FFFBFA320FFC0A321FFC1A322FFC2A3FA
:107A800023FFC3A324FFC4A325FFC5A326FFC6A3CA
:107A900027FFC7A328FFC8A329FFC9A32AFFCAA39A
:107AA0002BFFCBA32CFFCCA32DFFCDA32EFFCEA36A
:107AB0002FFFCFA330FFD0A331FFD1A332FFD2A33A
:107AC00033FFD3A334FFD4A335FFD5A336FFD6A30A
:107AD00037FFD7A338FFD8A339FFD9A33AFFDAA3DA
:107AE0003BFFDBA33CFFDCA33DFFDDA33EFFDEA3AA
:107AF0003FFFDFA340FFE0A341FFE1A342FFE2A37A
:107B000043FFE3A344FFE4A345FFE5A346FFE6A349
:107B100047FFE7A348FFE8A349FFE9A34AFFEAA319
:107B20004BFFEBA34CFFECA34DFFEDA34EFFEEA3E9
:107B30004FFFEFA350FFF0A351FFF1A352FFF2A3B9
:107B400053FFF3A354FFF4A355FFF5A356FFF6A389
:107B500057FFF7A358FFF8A359FFF9A35AFFFAA359
:107B60005BFFFBA35CFFFCA35DFFFDA35EFFABA17E
:107B7000E0FFE9A1E1FFEAA1E2FF56A9E3FFFEA3CE
:107B8000E4FF57A9E5FFA4A3000000008000AC209B
:107B90004081024E4181044E4281054E4381064E92
:107BA00044810F4E4581124E4681174E47811F4E2C
:107BB0004881204E4981214E4A81234E4B81264ED9
:107BC0004C81294E4D812E4E4E812F4E4F81314E8C
:107BD0005081334E5181354E5281374E53813C4E48
:107BE0005481404E5581414E5681424E5781444EFC
:107BF0005881464E59814A4E5A81514E5B81554EAD
:107C00005C81574E5D815A4E5E815B4E5F81624E54
:107C10006081634E6181644E6281654E6381674E0F
:107C20006481684E65816A4E66816B4E67816C4ED9
:107C300068816D4E69816E4E6A816F4E6B81724EA6
:107C40006C81744E6D81754E6E81764E6F81774E6C
:107C50007081784E7181794E72817A4E73817B4E3C
:107C600074817C4E75817D4E76817F4E7781804E0A
:107C70007881814E7981824E7A81834E7B81844ED8
:107C80007C81854E7D81874E7E818A4E8081904E9B
:107C90008181964E8281974E8381994E84819C4E3C
:107CA00085819D4E86819E4E8781A34E8881AA4EF6
:107CB0008981AF4E8A81B04E8B81B14E8C81B44E9A
:107CC0008D81B64E8E81B74E8F81B84E9081B94E60
:107CD0009181BC4E9281BD4E9381BE4E9481C84E1F
:107CE0009581CC4E9681CF4E9781D04E9881D24EC1
:107CF0009981DA4E9A81DB4E9B81DC4E9C81E04E6D
:107D00009D81E24E9E81E64E9F81E74EA081E94E25
:107D1000A181ED4EA281EE4EA381EF4EA481F14EE2
:107D2000A581F44EA681F84EA781F94EA881FA4E9E
:107D3000A981FC4EAA81FE4EAB81004FAC81024F5F
:107D4000AD81034FAE81044FAF81054FB081064F27
:107D5000B181074FB281084FB3810B4FB4810C4FF3
:107D6000B581124FB681134FB781144FB881154FAB
:107D7000B981164FBA811C4FBB811D4FBC81214F69
:107D8000BD81234FBE81284FBF81294FC0812C4F19
:107D9000C1812D4FC2812E4FC381314FC481334FDA
:107DA000C581354FC681374FC781394FC8813B4F99
:107DB000C9813E4FCA813F4FCB81404FCC81414F5B
:107DC000CD81424FCE81444FCF81454FD081474F27
:107DD000D181484FD281494FD3814A4FD4814B4FF3
:107DE000D5814C4FD681524FD781544FD881564FB1
:107DF000D981614FDA81624FDB81664FDC81684F48
:107E0000DD816A4FDE816B4FDF816D4FE0816E4F08
:107E1000E181714FE281724FE381754FE481774FC9
:107E2000E581784FE681794FE7817A4FE8817D4F90
:107E3000E981804FEA81814FEB81824FEC81854F50
:107E4000ED81864FEE81874FEF818A4FF0818C4F15
:107E5000F1818E4FF281904FF381924FF481934FD5
:107E6000F581954FF681964FF781984FF881994F9C
:107E7000F9819A4FFA819C4FFB819E4FFC819F4F65
:107E8000FD81A14FFE81A24F4082A44F4182AB4FA2
:107E90004282AD4F4382B04F4482B14F4582B24FD0
:107EA0004682B34F4782B44F4882B64F4982B74F9C
:107EB0004A82B84F4B82B94F4C82BA4F4D82BB4F6A
:107EC0004E82BC4F4F82BD4F5082BE4F5182C04F39
:107ED0005282C14F5382C24F5482C64F5582C74F00
:107EE0005682C84F5782C94F5882CB4F5982CC4FC8
:107EF0005A82CD4F5B82D24F5C82D34F5D82D44F8A
:107F00005E82D54F5F82D64F6082D94F6182DB4F50
:107F10006282E04F6382E24F6482E44F6582E54F04
:107F20006682E74F6782EB4F6882EC4F6982F04FC1
:107F30006A82F24F6B82F44F6C82F54F6D82F64F7E
:107F40006E82F74F6F82F94F7082FB4F7182FC4F48
:107F50007282FD4F7382FF4F748200507582015010
:107F600076820250778203507882045079820550DD
:107F70007A8206507B8207507C8208507D820950AD
:107F80007E820A5080820B5081820E508282105075
:107F90008382115084821350858215508682165038
:107FA0008782175088821B5089821D508A821E50FA
:107FB0008B8220508C8222508D8223508E822450BE
:107FC0008F82275090822B5091822F509282305076
:107FD000938231509482325095823350968234503D
:107FE0009782355098823650998237509A8238500D
:107FF0009B8239509C823B509D823D509E823F50D7
:108000009F824050A0824150A1824250A28244509F
:10801000A3824550A4824650A5824950A6824A5068
:10802000A7824B50A8824D50A9825050AA8251502D
:10803000AB825250AC825350AD825450AE825650F7
:10804000AF825750B0825850B1825950B2825B50C3
:10805000B3825D50B4825E50B5825F50B68260508C
:10806000B7826150B8826250B9826350BA8264505C
:10807000BB826650BC826750BD826850BE82695028
:10808000BF826A50C0826B50C1826D50C2826E50F6
:10809000C3826F50C4827050C5827150C6827250C4
:1080A000C7827350C8827450C9827550CA82785092
:1080B000CB827950CC827A50CD827C50CE827D505A
:1080C000CF828150D0828250D1828350D28284501C
:1080D000D3828650D4828750D5828950D6828A50E6
:1080E000D7828B50D8828C50D9828E50DA828F50B2
:1080F000DB829050DC829150DD829250DE82935080
:10810000DF829450E0829550E1829650E28297504F
:10811000E3829850E4829950E5829A50E6829B501F
:10812000E7829C50E8829D50E9829E50EA829F50EF
:10813000EB82A050EC82A150ED82A250EE82A450BE
:10814000EF82A650F082AA50F182AB50F282AD507D
:10815000F382AE50F482AF50F582B050F682B15047
:10816000F782B350F882B450F982B550FA82B65013
:10817000FB82B750FC82B850FD82B950FE82BC50E1
:108180004083BD504183BE504283BF504383C050A3
:108190004483C1504583C2504683C3504783C45073
:1081A0004883C5504983C6504A83C7504B83C85043
:1081B0004C83C9504D83CA504E83CB504F83CC5013
:1081C0005083CD505183CE505283D0505383D150E1
:1081D0005483D2505583D3505683D4505783D550AF
:1081E0005883D7505983D8505A83D9505B83DB507A
:1081F0005C83DC505D83DD505E83DE505F83DF5047
:108200006083E0506183E1506283E2506383E35016
:108210006483E4506583E5506683E8506783E950E2
:108220006883EA506983EB506A83EF506B83F050A8
:108230006C83F1506D83F2506E83F4506F83F6506F
:108240007083F7507183F8507283F9507383FA503A
:108250007483FC507583FD507683FE507783FF5006
:1082600078830051798301517A8302517B830351D2
:108270007C8304517D8305517E830851808309519D
:1082800081830A5182830C5183830D5184830E5163
:1082900085830F5186831051878311518883135131
:1082A000898314518A8315518B8316518C831751FE
:1082B0008D8318518E8319518F831A5190831B51CE
:1082C00091831C5192831D5193831E5194831F519E
:1082D000958320519683225197832351988324516B
:1082E000998325519A8326519B8327519C8328513A
:1082F0009D8329519E832A519F832B51A0832C510A
:10830000A1832D51A2832E51A3832F51A4833051D9
:10831000A5833151A6833251A7833351A8833451A9
:10832000A9833551AA833651AB833751AC83385179
:10833000AD833951AE833A51AF833B51B0833C5149
:10834000B1833D51B2833E51B3834251B48347510F
:10835000B5834A51B6834C51B7834E51B8834F51C0
:10836000B9835051BA835251BB835351BC83575187
:10837000BD835851BE835951BF835B51C0835D514A
:10838000C1835E51C2835F51C3836051C483615115
:10839000C5836351C6836451C7836651C8836751DF
:1083A000C9836951CA836A51CB836F51CC8372519F
:1083B000CD837A51CE837E51CF837F51D083835139
:1083C000D1838451D2838651D3838751D4838A51F8
:1083D000D5838B51D6838E51D7838F51D8839051BB
:1083E000D9839151DA839351DB839451DC83985183
:1083F000DD839A51DE839D51DF839E51E0839F513F
:10840000E183A151E283A351E383A651E483A75101
:10841000E583A851E683A951E783AA51E883AD51CA
:10842000E983AE51EA83B451EB83B851EC83B9517F
:10843000ED83BA51EE83BE51EF83BF51F083C1513A
:10844000F183C251F283C351F383C551F483C85100
:10845000F583CA51F683CD51F783CE51F883D051BD
:10846000F983D251FA83D351FB83D451FC83D55184
:10847000FD83D651FE83D7514084D8514184D951D0
:108480004284DA514384DC514484DE514584DF5117
:108490004684E2514784E3514884E5514984E651DA
:1084A0004A84E7514B84E8514C84E9514D84EA51A8
:1084B0004E84EC514F84EE515084F1515184F2516D
:1084C0005284F4515384F7515484FE51558404521C
:1084D000568405525784095258840B5259840C52C1
:1084E0005A840F525B8410525C8413525D84145280
:1084F0005E8415525F841C5260841E5261841F5238
:1085000062842152638422526484235265842552FA
:10851000668426526784275268842A5269842C52C2
:108520006A842F526B8431526C8432526D8434527F
:108530006E8435526F843C5270843E527184445232
:1085400072844552738446527484475275844852EB
:108550007684495277844B5278844E5279844F52B4
:108560007A8452527B8453527C8455527D84575274
:108570007E8458528084595281845A5282845B523C
:1085800083845D5284845F52858460528684625203
:108590008784635288846452898466528A846852CC
:1085A0008B846B528C846C528D846D528E846E528F
:1085B0008F84705290847152918473529284745259
:1085C0009384755294847652958477529684785227
:1085D0009784795298847A5299847B529A847C52F7
:1085E0009B847E529C8480529D8483529E848452BC
:1085F0009F848552A0848652A1848752A284895286
:10860000A3848A52A4848B52A5848C52A6848D5252
:10861000A7848E52A8848F52A9849152AA84925220
:10862000AB849452AC849552AD849652AE849752EA
:10863000AF849852B0849952B1849A52B2849C52B9
:10864000B384A452B484A552B584A652B684A7526A
:10865000B784AE52B884AF52B984B052BA84B4521F
:10866000BB84B552BC84B652BD84B752BE84B852E6
:10867000BF84B952C084BA52C184BB52C284BC52B6
:10868000C384BD52C484C052C584C152C684C25280
:10869000C784C452C884C552C984C652CA84C85249
:1086A000CB84CA52CC84CC52CD84CD52CE84CE520F
:1086B000CF84CF52D084D152D184D352D284D452D9
:1086C000D384D552D484D752D584D952D684DA52A1
:1086D000D784DB52D884DC52D984DD52DA84DE526E
:1086E000DB84E052DC84E152DD84E252DE84E3523A
:1086F000DF84E552E084E652E184E752E284E85206
:10870000E384E952E484EA52E584EB52E684EC52D5
:10871000E784ED52E884EE52E984EF52EA84F152A4
:10872000EB84F252EC84F352ED84F452EE84F55271
:10873000EF84F652F084F752F184F852F284FB523F
:10874000F384FC52F484FD52F5840153F684025301
:10875000F7840353F8840453F9840753FA840953C4
:10876000FB840A53FC840B53FD840C53FE840E538C
:108770004085115341851253428513534385145349
:108780004485185345851B5346851C5347851E5306
:1087900048851F53498522534A8524534B852553C9
:1087A0004C8527534D8528534E8529534F852B5390
:1087B00050852C5351852D5352852F53538530535B
:1087C0005485315355853253568533535785345329
:1087D00058853553598536535A8537535B853853F9
:1087E0005C853C535D853D535E8540535F854253B8
:1087F000608544536185465362854B5363854C5372
:1088000064854D5365855053668554536785585329
:108810006885595369855B536A855D536B856553DC
:108820006C8568536D856A536E856C536F856D5387
:1088300070857253718576537285795373857B5336
:1088400074857C5375857D5376857E5377858053FB
:1088500078858153798583537A8587537B858853BF
:108860007C858A537D858E537E858F53808590537A
:108870008185915382859253838593538485945344
:1088800085859653868597538785995388859B530D
:1088900089859C538A859E538B85A0538C85A153D3
:1088A0008D85A4538E85A7538F85AA539085AB538E
:1088B0009185AC539285AD539385AF539485B05356
:1088C0009585B1539685B2539785B3539885B45324
:1088D0009985B5539A85B7539B85B8539C85B953F1
:1088E0009D85BA539E85BC539F85BD53A085BE53BD
:1088F000A185C053A285C353A385C453A485C55382
:10890000A585C653A685C753A785CE53A885CF5343
:10891000A985D053AA85D253AB85D353AC85D55303
:10892000AD85DA53AE85DC53AF85DD53B085DE53BC
:10893000B185E153B285E253B385E753B485F4536F
:10894000B585FA53B685FE53B785FF53B8850054F5
:10895000B9850254BA850554BB850754BC850B54B0
:10896000BD851454BE851854BF851954C0851A544A
:10897000C1851C54C2852254C3852454C485255402
:10898000C5852A54C6853054C7853354C8853654A6
:10899000C9853754CA853A54CB853D54CC853F545C
:1089A000CD854154CE854254CF854454D08545541D
:1089B000D1854754D2854954D3854C54D4854D54E0
:1089C000D5854E54D6854F54D7855154D8855A54A1
:1089D000D9855D54DA855E54DB855F54DC8560544F
:1089E000DD856154DE856354DF856554E085675419
:1089F000E1856954E2856A54E3856B54E4856C54DF
:108A0000E5856D54E6856E54E7856F54E8857054AE
:108A1000E9857454EA857954EB857A54EC857E5463
:108A2000ED857F54EE858154EF858354F085855420
:108A3000F1858754F2858854F3858954F4858A54E6
:108A4000F5858D54F6859154F7859354F8859754A0
:108A5000F9859854FA859C54FB859E54FC859F5457
:108A6000FD85A054FE85A1544086A2544186A5549C
:108A70004286AE544386B0544486B2544586B554BB
:108A80004686B6544786B7544886B9544986BA5480
:108A90004A86BC544B86BE544C86C3544D86C5543E
:108AA0004E86CA544F86CB545086D6545186D854DD
:108AB0005286DB545386E0545486E1545586E25482
:108AC0005686E3545786E4545886EB545986EC5442
:108AD0005A86EF545B86F0545C86F1545D86F454FC
:108AE0005E86F5545F86F6546086F7546186F854C6
:108AF0006286F9546386FB546486FE54658600558D
:108B0000668602556786035568860455698605554D
:108B10006A8608556B860A556C860B556D860C5512
:108B20006E860D556F860E557086125571861355DB
:108B300072861555738616557486175575861855A1
:108B40007686195577861A5578861C5579861D556F
:108B50007A861E557B861F557C8621557D86255538
:108B60007E862655808628558186295582862B55F6
:108B700083862D55848632558586345586863555AF
:108B80008786365588863855898639558A863A5576
:108B90008B863B558C863D558D8640558E8642553D
:108BA0008F864555908647559186485592864B55F8
:108BB00093864C5594864D5595864E5596864F55C1
:108BC0009786515598865255998653559A8654558D
:108BD0009B8657559C8658559D8659559E865A5555
:108BE0009F865B55A0865D55A1865E55A2865F5522
:108BF000A3866055A4866255A5866355A6866855EA
:108C0000A7866955A8866B55A9866F55AA867055A3
:108C1000AB867155AC867255AD867355AE8674556C
:108C2000AF867955B0867A55B1867D55B2867F5527
:108C3000B3868555B4868655B5868C55B6868D55D2
:108C4000B7868E55B8869055B9869255BA86935593
:108C5000BB869555BC869655BD869755BE869A555A
:108C6000BF869B55C0869E55C186A055C286A1551C
:108C7000C386A255C486A355C586A455C686A555E8
:108C8000C786A655C886A855C986A955CA86AA55B5
:108C9000CB86AB55CC86AC55CD86AD55CE86AE5584
:108CA000CF86AF55D086B055D186B255D286B45551
:108CB000D386B655D486B855D586BA55D686BC5512
:108CC000D786BF55D886C055D986C155DA86C255D4
:108CD000DB86C355DC86C655DD86C755DE86C8559E
:108CE000DF86CA55E086CB55E186CE55E286CF5564
:108CF000E386D055E486D555E586D755E686D85522
:108D0000E786D955E886DA55E986DB55EA86DE55E9
:108D1000EB86E055EC86E255ED86E755EE86E955A3
:108D2000EF86ED55F086EE55F186F055F286F15559
:108D3000F386F455F486F655F586F855F686F9551A
:108D4000F786FA55F886FB55F986FC55FA86FF55E5
:108D5000FB860256FC860356FD860456FE860556A3
:108D6000408706564187075642870A5643870B5667
:108D700044870D5645871056468711564787125629
:108D800048871356498714564A8715564B871656F7
:108D90004C8717564D8719564E871A564F871C56C3
:108DA00050871D5651872056528721565387225689
:108DB000548725565587265656872856578729564D
:108DC00058872A5659872B565A872E565B872F5617
:108DD0005C8730565D8733565E8735565F873756DA
:108DE0006087385661873A5662873C5663873D569E
:108DF00064873E5665874056668741566787425668
:108E000068874356698744566A8745566B87465636
:108E10006C8747566D8748566E8749566F874A5606
:108E200070874B5671874F567287505673875156CD
:108E30007487525675875356768755567787565698
:108E400078875A5679875B567A875D567B875E5658
:108E50007C875F567D8760567E8761568087635624
:108E600081876556828766568387675684876D56E5
:108E700085876E5686876F568787705688877256A5
:108E8000898773568A8774568B8775568C87775671
:108E90008D8778568E8779568F877A5690877D563C
:108EA00091877E5692877F56938780569487815606
:108EB00095878256968783569787845698878756D4
:108EC000998788569A8789569B878A569C878B569E
:108ED0009D878C569E878D569F879056A08791566A
:108EE000A1879256A2879456A3879556A487965633
:108EF000A5879756A6879856A7879956A8879A5602
:108F0000A9879B56AA879C56AB879D56AC879E56D1
:108F1000AD879F56AE87A056AF87A156B087A256A1
:108F2000B187A456B287A556B387A656B487A7566D
:108F3000B587A856B687A956B787AA56B887AB563D
:108F4000B987AC56BA87AD56BB87AE56BC87B0560C
:108F5000BD87B156BE87B256BF87B356C087B456D9
:108F6000C187B556C287B656C387B856C487B956A7
:108F7000C587BA56C687BB56C787BD56C887BE5673
:108F8000C987BF56CA87C056CB87C156CC87C25641
:108F9000CD87C356CE87C456CF87C556D087C65611
:108FA000D187C756D287C856D387C956D487CB56E0
:108FB000D587CC56D687CD56D787CE56D887CF56AD
:108FC000D987D056DA87D156DB87D256DC87D3567D
:108FD000DD87D556DE87D656DF87D856E087D95647
:108FE000E187DC56E287E356E387E556E487E656F9
:108FF000E587E756E687E856E787E956E887EA56C1
:10900000E987EC56EA87EE56EB87EF56EC87F25687
:10901000ED87F356EE87F656EF87F756F087F8564A
:10902000F187FB56F287FC56F3870057F487015708
:10903000F5870257F6870557F7870757F8870B57C5
:10904000F9870C57FA870D57FB870E57FC870F5788
:10905000FD871057FE8711574088125741881357D4
:109060004288145743881557448816574588175720
:10907000468818574788195748881A5749881B57F0
:109080004A881D574B881E574C8820574D882157BA
:109090004E8822574F882457508825575188265785
:1090A0005288275753882B57548831575588325741
:1090B0005688345757883557588836575988375700
:1090C0005A8838575B883C575C883D575D883F57C6
:1090D0005E8841575F884357608844576188455789
:1090E00062884657638848576488495765884B5754
:1090F0006688525767885357688854576988555708
:109100006A8856576B8858576C8859576D886257CC
:109110006E8863576F8865577088675771886C577A
:1091200072886E5773887057748871577588725734
:1091300076887457778875577888785779887957FB
:109140007A887A577B887D577C887E577D887F57C1
:109150007E88805780888157818887578288885782
:109160008388895784888A5785888D5786888E5743
:1091700087888F5788889057898891578A8894570D
:109180008B8895578C8896578D8897578E889857D7
:109190008F88995790889A5791889C5792889D57A5
:1091A00093889E5794889F579588A5579688A85767
:1091B0009788AA579888AC579988AF579A88B0571C
:1091C0009B88B1579C88B3579D88B5579E88B657E2
:1091D0009F88B757A088B957A188BA57A288BB57AC
:1091E000A388BC57A488BD57A588BE57A688BF577B
:1091F000A788C057A888C157A988C457AA88C55747
:10920000AB88C657AC88C757AD88C857AE88C95712
:10921000AF88CA57B088CC57B188CD57B288D057DD
:10922000B388D157B488D357B588D657B688D7579F
:10923000B788DB57B888DC57B988DE57BA88E1575A
:10924000BB88E257BC88E357BD88E557BE88E65720
:10925000BF88E757C088E857C188E957C288EA57EE
:10926000C388EB57C488EC57C588EE57C688F057BB
:10927000C788F157C888F257C988F357CA88F55785
:10928000CB88F657CC88F757CD88FB57CE88FC574C
:10929000CF88FE57D088FF57D1880158D28803580D
:1092A000D3880458D4880558D5880858D6880958D2
:1092B000D7880A58D8880C58D9880E58DA880F5899
:1092C000DB881058DC881258DD881358DE88145863
:1092D000DF881658E0881758E1881858E2881A582D
:1092E000E3881B58E4881C58E5881D58E6881F58F9
:1092F000E7882258E8882358E9882558EA882658BC
:10930000EB882758EC882858ED882958EE882B5888
:10931000EF882C58F0882D58F1882E58F2882F5855
:10932000F3883158F4883258F5883358F688345821
:10933000F7883658F8883758F9883858FA883958ED
:10934000FB883A58FC883B58FD883C58FE883D58BD
:1093500040893E5841893F58428940584389415885
:109360004489425845894358468945584789465853
:1093700048894758498948584A8949584B894A5821
:109380004C894B584D894E584E894F584F895058EB
:1093900050895258518953585289555853895658B3
:1093A000548957585589595856895A5857895B587E
:1093B00058895C5859895D585A895F585B8960584B
:1093C0005C8961585D8962585E8963585F89645819
:1093D00060896658618967586289685863896958E5
:1093E00064896A5865896D5866896E5867896F58AF
:1093F00068897058698971586A8972586B8973587D
:109400006C8974586D8975586E8976586F8977584C
:10941000708978587189795872897A5873897B581C
:1094200074897C5875897D5876897F5877898258E8
:1094300078898458798986587A8987587B898858A9
:109440007C898A587D898B587E898C5880898D5873
:1094500081898E5882898F58838990588489915840
:109460008589945886899558878996588889975808
:10947000898998588A899B588B899C588C899D58D2
:109480008D89A0588E89A1588F89A2589089A35898
:109490009189A4589289A5589389A6589489A75868
:1094A0009589AA589689AB589789AC589889AD5830
:1094B0009989AE589A89AF589B89B0589C89B15800
:1094C0009D89B2589E89B3589F89B458A089B558D0
:1094D000A189B658A289B758A389B858A489B958A0
:1094E000A589BA58A689BB58A789BD58A889BE586E
:1094F000A989BF58AA89C058AB89C258AC89C3583A
:10950000AD89C458AE89C658AF89C758B089C85804
:10951000B189C958B289CA58B389CB58B489CC58D3
:10952000B589CD58B689CE58B789CF58B889D058A3
:10953000B989D258BA89D358BB89D458BC89D6586E
:10954000BD89D758BE89D858BF89D958C089DA583B
:10955000C189DB58C289DC58C389DD58C489DE580B
:10956000C589DF58C689E058C789E158C889E258DB
:10957000C989E358CA89E558CB89E658CC89E758A8
:10958000CD89E858CE89E958CF89EA58D089ED5875
:10959000D189EF58D289F158D389F258D489F45837
:1095A000D589F558D689F758D789F858D889FA58FF
:1095B000D989FB58DA89FC58DB89FD58DC89FE58CB
:1095C000DD89FF58DE890059DF890159E089035997
:1095D000E1890559E2890659E3890859E48909595D
:1095E000E5890A59E6890B59E7890C59E8890E592A
:1095F000E9891059EA891159EB891259EC891359F3
:10960000ED891759EE891859EF891B59F0891D59B1
:10961000F1891E59F2892059F3892159F489225977
:10962000F5892359F6892659F7892859F8892C593B
:10963000F9893059FA893259FB893359FC893559EE
:10964000FD893659FE893B59408A3D59418A3E5928
:10965000428A3F59438A4059448A4359458A455969
:10966000468A4659478A4A59488A4C59498A4D5927
:109670004A8A50594B8A52594C8A53594D8A5959E2
:109680004E8A5B594F8A5C59508A5D59518A5E599E
:10969000528A5F59538A6159548A6359558A645969
:1096A000568A6659578A6759588A6859598A695932
:1096B0005A8A6A595B8A6B595C8A6C595D8A6D5902
:1096C0005E8A6E595F8A6F59608A7059618A7159D2
:1096D000628A7259638A7559648A7759658A7A5998
:1096E000668A7B59678A7C59688A7E59698A7F595C
:1096F0006A8A80596B8A85596C8A89596D8A8B5917
:109700006E8A8C596F8A8E59708A8F59718A9059D6
:10971000728A9159738A9459748A9559758A98599D
:10972000768A9A59778A9B59788A9C59798A9D5961
:109730007A8A9F597B8AA0597C8AA1597D8AA2592D
:109740007E8AA659808AA759818AAC59828AAD59E6
:10975000838AB059848AB159858AB359868AB459A3
:10976000878AB559888AB659898AB7598A8AB85971
:109770008B8ABA598C8ABC598D8ABD598E8ABF5939
:109780008F8AC059908AC159918AC259928AC35905
:10979000938AC459948AC559958AC759968AC859D3
:1097A000978AC959988ACC59998ACD599A8ACE599B
:1097B0009B8ACF599C8AD5599D8AD6599E8AD95958
:1097C0009F8ADB59A08ADE59A18ADF59A28AE05913
:1097D000A38AE159A48AE259A58AE459A68AE659DE
:1097E000A78AE759A88AE959A98AEA59AA8AEB59A6
:1097F000AB8AED59AC8AEE59AD8AEF59AE8AF05971
:10980000AF8AF159B08AF259B18AF359B28AF45940
:10981000B38AF559B48AF659B58AF759B68AF85910
:10982000B78AFA59B88AFC59B98AFD59BA8AFE59D9
:10983000BB8A005ABC8A025ABD8A0A5ABE8A0B5A8F
:10984000BF8A0D5AC08A0E5AC18A0F5AC28A105A4C
:10985000C38A125AC48A145AC58A155AC68A165A15
:10986000C78A175AC88A195AC98A1A5ACA8A1B5AE1
:10987000CB8A1D5ACC8A1E5ACD8A215ACE8A225AA8
:10988000CF8A245AD08A265AD18A275AD28A285A6D
:10989000D38A2A5AD48A2B5AD58A2C5AD68A2D5A38
:1098A000D78A2E5AD88A2F5AD98A305ADA8A335A06
:1098B000DB8A355ADC8A375ADD8A385ADE8A395AC9
:1098C000DF8A3A5AE08A3B5AE18A3D5AE28A3E5A96
:1098D000E38A3F5AE48A415AE58A425AE68A435A61
:1098E000E78A445AE88A455AE98A475AEA8A485A2E
:1098F000EB8A4B5AEC8A4C5AED8A4D5AEE8A4E5AF4
:10990000EF8A4F5AF08A505AF18A515AF28A525AC3
:10991000F38A535AF48A545AF58A565AF68A575A91
:10992000F78A585AF88A595AF98A5B5AFA8A5C5A5D
:10993000FB8A5D5AFC8A5E5AFD8A5F5AFE8A605A2B
:10994000408B615A418B635A428B645A438B655AF0
:10995000448B665A458B685A468B695A478B6B5ABB
:10996000488B6C5A498B6D5A4A8B6E5A4B8B6F5A87
:109970004C8B705A4D8B715A4E8B725A4F8B735A57
:10998000508B785A518B795A528B7B5A538B7C5A15
:10999000548B7D5A558B7E5A568B805A578B815AE1
:1099A000588B825A598B835A5A8B845A5B8B855AAF
:1099B0005C8B865A5D8B875A5E8B885A5F8B895A7F
:1099C000608B8A5A618B8B5A628B8C5A638B8D5A4F
:1099D000648B8E5A658B8F5A668B905A678B915A1F
:1099E000688B935A698B945A6A8B955A6B8B965AEB
:1099F0006C8B975A6D8B985A6E8B995A6F8B9C5AB9
:109A0000708B9D5A718B9E5A728B9F5A738BA05A82
:109A1000748BA15A758BA25A768BA35A778BA45A52
:109A2000788BA55A798BA65A7A8BA75A7B8BA85A22
:109A30007C8BA95A7D8BAB5A7E8BAC5A808BAD5AEE
:109A4000818BAE5A828BAF5A838BB05A848BB15ABA
:109A5000858BB45A868BB65A878BB75A888BB95A7E
:109A6000898BBA5A8A8BBB5A8B8BBC5A8C8BBD5A4A
:109A70008D8BBF5A8E8BC05A8F8BC35A908BC45A12
:109A8000918BC55A928BC65A938BC75A948BC85ADE
:109A9000958BCA5A968BCB5A978BCD5A988BCE5AA8
:109AA000998BCF5A9A8BD05A9B8BD15A9C8BD35A75
:109AB0009D8BD55A9E8BD75A9F8BD95AA08BDA5A39
:109AC000A18BDB5AA28BDD5AA38BDE5AA48BDF5A03
:109AD000A58BE25AA68BE45AA78BE55AA88BE75AC6
:109AE000A98BE85AAA8BEA5AAB8BEC5AAC8BED5A8D
:109AF000AD8BEE5AAE8BEF5AAF8BF05AB08BF25A59
:109B0000B18BF35AB28BF45AB38BF55AB48BF65A25
:109B1000B58BF75AB68BF85AB78BF95AB88BFA5AF5
:109B2000B98BFB5ABA8BFC5ABB8BFD5ABC8BFE5AC5
:109B3000BD8BFF5ABE8B005BBF8B015BC08B025B92
:109B4000C18B035BC28B045BC38B055BC48B065B61
:109B5000C58B075BC68B085BC78B0A5BC88B0B5B2F
:109B6000C98B0C5BCA8B0D5BCB8B0E5BCC8B0F5BFD
:109B7000CD8B105BCE8B115BCF8B125BD08B135BCD
:109B8000D18B145BD28B155BD38B185BD48B195B99
:109B9000D58B1A5BD68B1B5BD78B1C5BD88B1D5B65
:109BA000D98B1E5BDA8B1F5BDB8B205BDC8B215B35
:109BB000DD8B225BDE8B235BDF8B245BE08B255B05
:109BC000E18B265BE28B275BE38B285BE48B295BD5
:109BD000E58B2A5BE68B2B5BE78B2C5BE88B2D5BA5
:109BE000E98B2E5BEA8B2F5BEB8B305BEC8B315B75
:109BF000ED8B335BEE8B355BEF8B365BF08B385B3D
:109C0000F18B395BF28B3A5BF38B3B5BF48B3C5B08
:109C1000F58B3D5BF68B3E5BF78B3F5BF88B415BD7
:109C2000F98B425BFA8B435BFB8B445BFC8B455BA4
:109C3000FD8B465BFE8B475B408C485B418C495BF0
:109C4000428C4A5B438C4B5B448C4C5B458C4D5B3C
:109C5000468C4E5B478C4F5B488C525B498C565B05
:109C60004A8C5E5B4B8C605B4C8C615B4D8C675BA4
:109C70004E8C685B4F8C6B5B508C6D5B518C6E5B5C
:109C8000528C6F5B538C725B548C745B558C765B1F
:109C9000568C775B578C785B588C795B598C7B5BE7
:109CA0005A8C7C5B5B8C7E5B5C8C7F5B5D8C825BAF
:109CB0005E8C865B5F8C8A5B608C8D5B618C8E5B5F
:109CC000628C905B638C915B648C925B658C945B23
:109CD000668C965B678C9F5B688CA75B698CA85BC6
:109CE0006A8CA95B6B8CAC5B6C8CAD5B6D8CAE5B7A
:109CF0006E8CAF5B6F8CB15B708CB25B718CB75B41
:109D0000728CBA5B738CBB5B748CBC5B758CC05BF8
:109D1000768CC15B778CC35B788CC85B798CC95BB4
:109D20007A8CCA5B7B8CCB5B7C8CCD5B7D8CCE5B79
:109D30007E8CCF5B808CD15B818CD45B828CD55B3D
:109D4000838CD65B848CD75B858CD85B868CD95B07
:109D5000878CDA5B888CDB5B898CDC5B8A8CE05BD4
:109D60008B8CE25B8C8CE35B8D8CE65B8E8CE75B93
:109D70008F8CE95B908CEA5B918CEB5B928CEC5B5B
:109D8000938CED5B948CEF5B958CF15B968CF25B26
:109D9000978CF35B988CF45B998CF55B9A8CF65BF3
:109DA0009B8CF75B9C8CFD5B9D8CFE5B9E8C005CB2
:109DB0009F8C025CA08C035CA18C055CA28C075C70
:109DC000A38C085CA48C0B5CA58C0C5CA68C0D5C35
:109DD000A78C0E5CA88C105CA98C125CAA8C135CFE
:109DE000AB8C175CAC8C195CAD8C1B5CAE8C1E5CB8
:109DF000AF8C1F5CB08C205CB18C215CB28C235C7E
:109E0000B38C265CB48C285CB58C295CB68C2A5C3F
:109E1000B78C2B5CB88C2D5CB98C2E5CBA8C2F5C0B
:109E2000BB8C305CBC8C325CBD8C335CBE8C355CD6
:109E3000BF8C365CC08C375CC18C435CC28C445C8C
:109E4000C38C465CC48C475CC58C4C5CC68C4D5C3A
:109E5000C78C525CC88C535CC98C545CCA8C565CF1
:109E6000CB8C575CCC8C585CCD8C5A5CCE8C5B5CBC
:109E7000CF8C5C5CD08C5D5CD18C5F5CD28C625C86
:109E8000D38C645CD48C675CD58C685CD68C695C44
:109E9000D78C6A5CD88C6B5CD98C6C5CDA8C6D5C12
:109EA000DB8C705CDC8C725CDD8C735CDE8C745CD7
:109EB000DF8C755CE08C765CE18C775CE28C785CA6
:109EC000E38C7B5CE48C7C5CE58C7D5CE68C7E5C6E
:109ED000E78C805CE88C835CE98C845CEA8C855C34
:109EE000EB8C865CEC8C875CED8C895CEE8C8A5C00
:109EF000EF8C8B5CF08C8E5CF18C8F5CF28C925CC6
:109F0000F38C935CF48C955CF58C9D5CF68C9E5C7C
:109F1000F78C9F5CF88CA05CF98CA15CFA8CA45C3B
:109F2000FB8CA55CFC8CA65CFD8CA75CFE8CA85C05
:109F3000408DAA5C418DAE5C428DAF5C438DB05CC0
:109F4000448DB25C458DB45C468DB65C478DB95C82
:109F5000488DBA5C498DBB5C4A8DBC5C4B8DBE5C48
:109F60004C8DC05C4D8DC25C4E8DC35C4F8DC55C0D
:109F7000508DC65C518DC75C528DC85C538DC95CD9
:109F8000548DCA5C558DCC5C568DCD5C578DCE5CA6
:109F9000588DCF5C598DD05C5A8DD15C5B8DD35C74
:109FA0005C8DD45C5D8DD55C5E8DD65C5F8DD75C41
:109FB000608DD85C618DDA5C628DDB5C638DDC5C0E
:109FC000648DDD5C658DDE5C668DDF5C678DE05CDD
:109FD000688DE25C698DE35C6A8DE75C6B8DE95CA2
:109FE0006C8DEB5C6D8DEC5C6E8DEE5C6F8DEF5C63
:109FF000708DF15C718DF25C728DF35C738DF45C2D
:10A00000748DF55C758DF65C768DF75C778DF85CFC
:10A01000788DF95C798DFA5C7A8DFC5C7B8DFD5CCA
:10A020007C8DFE5C7D8DFF5C7E8D005D808D015D95
:10A03000818D045D828D055D838D085D848D095D54
:10A04000858D0A5D868D0B5D878D0C5D888D0D5D20
:10A05000898D0F5D8A8D105D8B8D115D8C8D125DEC
:10A060008D8D135D8E8D155D8F8D175D908D185DB7
:10A07000918D195D928D1A5D938D1C5D948D1D5D82
:10A08000958D1F5D968D205D978D215D988D225D4C
:10A09000998D235D9A8D255D9B8D285D9C8D2A5D14
:10A0A0009D8D2B5D9E8D2C5D9F8D2F5DA08D305DD8
:10A0B000A18D315DA28D325DA38D335DA48D355DA3
:10A0C000A58D365DA68D375DA78D385DA88D395D70
:10A0D000A98D3A5DAA8D3B5DAB8D3C5DAC8D3F5D3E
:10A0E000AD8D405DAE8D415DAF8D425DB08D435D08
:10A0F000B18D445DB28D455DB38D465DB48D485DD7
:10A10000B58D495DB68D4D5DB78D4E5DB88D4F5D9A
:10A11000B98D505DBA8D515DBB8D525DBC8D535D67
:10A12000BD8D545DBE8D555DBF8D565DC08D575D37
:10A13000C18D595DC28D5A5DC38D5C5DC48D5E5D00
:10A14000C58D5F5DC68D605DC78D615DC88D625DCB
:10A15000C98D635DCA8D645DCB8D655DCC8D665D9B
:10A16000CD8D675DCE8D685DCF8D6A5DD08D6D5D67
:10A17000D18D6E5DD28D705DD38D715DD48D725D2C
:10A18000D58D735DD68D755DD78D765DD88D775DF8
:10A19000D98D785DDA8D795DDB8D7A5DDC8D7B5DC7
:10A1A000DD8D7C5DDE8D7D5DDF8D7E5DE08D7F5D97
:10A1B000E18D805DE28D815DE38D835DE48D845D65
:10A1C000E58D855DE68D865DE78D875DE88D885D33
:10A1D000E98D895DEA8D8A5DEB8D8B5DEC8D8C5D03
:10A1E000ED8D8D5DEE8D8E5DEF8D8F5DF08D905DD3
:10A1F000F18D915DF28D925DF38D935DF48D945DA3
:10A20000F58D955DF68D965DF78D975DF88D985D72
:10A21000F98D9A5DFA8D9B5DFB8D9C5DFC8D9E5D3D
:10A22000FD8D9F5DFE8DA05D408EA15D418EA25D86
:10A23000428EA35D438EA45D448EA55D458EA65DD2
:10A24000468EA75D478EA85D488EA95D498EAA5DA2
:10A250004A8EAB5D4B8EAC5D4C8EAD5D4D8EAE5D72
:10A260004E8EAF5D4F8EB05D508EB15D518EB25D42
:10A27000528EB35D538EB45D548EB55D558EB65D12
:10A28000568EB85D578EB95D588EBA5D598EBB5DDE
:10A290005A8EBC5D5B8EBD5D5C8EBE5D5D8EBF5DAE
:10A2A0005E8EC05D5F8EC15D608EC25D618EC35D7E
:10A2B000628EC45D638EC65D648EC75D658EC85D4B
:10A2C000668EC95D678ECA5D688ECB5D698ECC5D1A
:10A2D0006A8ECE5D6B8ECF5D6C8ED05D6D8ED15DE6
:10A2E0006E8ED25D6F8ED35D708ED45D718ED55DB6
:10A2F000728ED65D738ED75D748ED85D758ED95D86
:10A30000768EDA5D778EDC5D788EDF5D798EE05D4E
:10A310007A8EE35D7B8EE45D7C8EEA5D7D8EEC5D06
:10A320007E8EED5D808EF05D818EF55D828EF65DB8
:10A33000838EF85D848EF95D858EFA5D868EFB5D79
:10A34000878EFC5D888EFF5D898E005E8A8E045E3E
:10A350008B8E075E8C8E095E8D8E0A5E8E8E0B5EF6
:10A360008F8E0D5E908E0E5E918E125E928E135EBB
:10A37000938E175E948E1E5E958E1F5E968E205E67
:10A38000978E215E988E225E998E235E9A8E245E31
:10A390009B8E255E9C8E285E9D8E295E9E8E2A5EFB
:10A3A0009F8E2B5EA08E2C5EA18E2F5EA28E305EC5
:10A3B000A38E325EA48E335EA58E345EA68E355E8D
:10A3C000A78E365EA88E395EA98E3A5EAA8E3E5E54
:10A3D000AB8E3F5EAC8E405EAD8E415EAE8E435E18
:10A3E000AF8E465EB08E475EB18E485EB28E495EDD
:10A3F000B38E4A5EB48E4B5EB58E4D5EB68E4E5EAB
:10A40000B78E4F5EB88E505EB98E515EBA8E525E78
:10A41000BB8E535EBC8E565EBD8E575EBE8E585E42
:10A42000BF8E595EC08E5A5EC18E5C5EC28E5D5E0E
:10A43000C38E5F5EC48E605EC58E635EC68E645ED4
:10A44000C78E655EC88E665EC98E675ECA8E685EA0
:10A45000CB8E695ECC8E6A5ECD8E6B5ECE8E6C5E70
:10A46000CF8E6D5ED08E6E5ED18E6F5ED28E705E40
:10A47000D38E715ED48E755ED58E775ED68E795E04
:10A48000D78E7E5ED88E815ED98E825EDA8E835EB6
:10A49000DB8E855EDC8E885EDD8E895EDE8E8C5E78
:10A4A000DF8E8D5EE08E8E5EE18E925EE28E985E35
:10A4B000E38E9B5EE48E9D5EE58EA15EE68EA25EDF
:10A4C000E78EA35EE88EA45EE98EA85EEA8EA95EA2
:10A4D000EB8EAA5EEC8EAB5EED8EAC5EEE8EAE5E6B
:10A4E000EF8EAF5EF08EB05EF18EB15EF28EB25E38
:10A4F000F38EB45EF48EBA5EF58EBB5EF68EBC5EF5
:10A50000F78EBD5EF88EBF5EF98EC05EFA8EC15EBC
:10A51000FB8EC25EFC8EC35EFD8EC45EFE8EC55E8B
:10A52000408FC65E418FC75E428FC85E438FCB5E51
:10A53000448FCC5E458FCD5E468FCE5E478FCF5E1B
:10A54000488FD05E498FD45E4A8FD55E4B8FD75EE1
:10A550004C8FD85E4D8FD95E4E8FDA5E4F8FDC5EAA
:10A56000508FDD5E518FDE5E528FDF5E538FE05E77
:10A57000548FE15E558FE25E568FE35E578FE45E47
:10A58000588FE55E598FE65E5A8FE75E5B8FE95E16
:10A590005C8FEB5E5D8FEC5E5E8FED5E5F8FEE5EDF
:10A5A000608FEF5E618FF05E628FF15E638FF25EAF
:10A5B000648FF35E658FF55E668FF85E678FF95E78
:10A5C000688FFB5E698FFC5E6A8FFD5E6B8F055F37
:10A5D0006C8F065F6D8F075F6E8F095F6F8F0C5FEB
:10A5E000708F0D5F718F0E5F728F105F738F125FB0
:10A5F000748F145F758F165F768F195F778F1A5F70
:10A60000788F1C5F798F1D5F7A8F1E5F7B8F215F34
:10A610007C8F225F7D8F235F7E8F245F808F285FFA
:10A62000818F2B5F828F2C5F838F2E5F848F305FB3
:10A63000858F325F868F335F878F345F888F355F7A
:10A64000898F365F8A8F375F8B8F385F8C8F3B5F48
:10A650008D8F3D5F8E8F3E5F8F8F3F5F908F415F0D
:10A66000918F425F928F435F938F445F948F455FDA
:10A67000958F465F968F475F978F485F988F495FAA
:10A68000998F4A5F9A8F4B5F9B8F4C5F9C8F4D5F7A
:10A690009D8F4E5F9E8F4F5F9F8F515FA08F545F46
:10A6A000A18F595FA28F5A5FA38F5B5FA48F5C5FFE
:10A6B000A58F5E5FA68F5F5FA78F605FA88F635FC8
:10A6C000A98F655FAA8F675FAB8F685FAC8F6B5F89
:10A6D000AD8F6E5FAE8F6F5FAF8F725FB08F745F45
:10A6E000B18F755FB28F765FB38F785FB48F7A5F0B
:10A6F000B58F7D5FB68F7E5FB78F7F5FB88F835FCB
:10A70000B98F865FBA8F8D5FBB8F8E5FBC8F8F5F77
:10A71000BD8F915FBE8F935FBF8F945FC08F965F39
:10A72000C18F9A5FC28F9B5FC38F9D5FC48F9E5FF7
:10A73000C58F9F5FC68FA05FC78FA25FC88FA35FC3
:10A74000C98FA45FCA8FA55FCB8FA65FCC8FA75F91
:10A75000CD8FA95FCE8FAB5FCF8FAC5FD08FAF5F58
:10A76000D18FB05FD28FB15FD38FB25FD48FB35F21
:10A77000D58FB45FD68FB65FD78FB85FD88FB95FEC
:10A78000D98FBA5FDA8FBB5FDB8FBE5FDC8FBF5FB5
:10A79000DD8FC05FDE8FC15FDF8FC25FE08FC75F7D
:10A7A000E18FC85FE28FCA5FE38FCB5FE48FCE5F3C
:10A7B000E58FD35FE68FD45FE78FD55FE88FDA5FF1
:10A7C000E98FDB5FEA8FDC5FEB8FDE5FEC8FDF5FB3
:10A7D000ED8FE25FEE8FE35FEF8FE55FF08FE65F77
:10A7E000F18FE85FF28FE95FF38FEC5FF48FEF5F3B
:10A7F000F58FF05FF68FF25FF78FF35FF88FF45FFE
:10A80000F98FF65FFA8FF75FFB8FF95FFC8FFA5FC6
:10A81000FD8FFC5FFE8F07604090086041900960EB
:10A8200042900B6043900C60449010604590116022
:10A8300046901360479017604890186049901A60DE
:10A840004A901E604B901F604C9022604D90236098
:10A850004E9024604F902C6050902D6051902E604F
:10A860005290306053903160549032605590336014
:10A8700056903460579036605890376059903860E1
:10A880005A9039605B903A605C903D605D903E60AC
:10A890005E9040605F90446060904560619046606B
:10A8A00062904760639048606490496065904A6038
:10A8B00066904C6067904E6068904F606990516000
:10A8C0006A9053606B9054606C9056606D905760C6
:10A8D0006E9058606F905B6070905C6071905E608D
:10A8E00072905F6073906060749061607590656055
:10A8F0007690666077906E60789071607990726003
:10A900007A9074607B9075607C9077607D907E60BB
:10A910007E9080608090816081908260829085606E
:10A9200083908660849087608590886086908A6036
:10A9300087908B6088908E6089908F608A909060FD
:10A940008B9091608C9093608D9095608E909760C5
:10A950008F9098609090996091909C6092909E608A
:10A960009390A1609490A2609590A4609690A56049
:10A970009790A7609890A9609990AA609A90AE600D
:10A980009B90B0609C90B3609D90B5609E90B660C7
:10A990009F90B760A090B960A190BA60A290BD608E
:10A9A000A390BE60A490BF60A590C060A690C16057
:10A9B000A790C260A890C360A990C460AA90C76025
:10A9C000AB90C860AC90C960AD90CC60AE90CD60EB
:10A9D000AF90CE60B090CF60B190D060B290D260B6
:10A9E000B390D360B490D460B590D660B690D76081
:10A9F000B790D960B890DB60B990DE60BA90E16042
:10AA0000BB90E260BC90E360BD90E460BE90E56006
:10AA1000BF90EA60C090F160C190F260C290F560B2
:10AA2000C390F760C490F860C590FB60C690FC606E
:10AA3000C790FD60C890FE60C990FF60CA90026137
:10AA4000CB900361CC900461CD900561CE900761FD
:10AA5000CF900A61D0900B61D1900C61D2901061BF
:10AA6000D3901161D4901261D5901361D690146186
:10AA7000D7901661D8901761D9901861DA90196152
:10AA8000DB901B61DC901C61DD901D61DE901E611E
:10AA9000DF902161E0902261E1902561E2902861E0
:10AAA000E3902961E4902A61E5902C61E6902D61A4
:10AAB000E7902E61E8902F61E9903061EA90316172
:10AAC000EB903261EC903361ED903461EE90356142
:10AAD000EF903661F0903761F1903861F290396112
:10AAE000F3903A61F4903B61F5903C61F6903D61E2
:10AAF000F7903E61F8904061F9904161FA904261AF
:10AB0000FB904361FC904461FD904561FE9046617D
:10AB1000409147614191496142914B6143914D613F
:10AB200044914F6145915061469152614791536103
:10AB300048915461499156614A9157614B915861CE
:10AB40004C9159614D915A614E915B614F915C619D
:10AB500050915E6151915F61529160615391616169
:10AB60005491636155916461569165615791666135
:10AB70005891696159916A615A916B615B916C61FD
:10AB80005C916D615D916E615E916F615F917161CC
:10AB90006091726161917361629174616391766198
:10ABA000649178616591796166917A6167917B6161
:10ABB00068917C6169917D616A917E616B917F6131
:10ABC0006C9180616D9181616E9182616F91836101
:10ABD00070918461719185617291866173918761D1
:10ABE000749188617591896176918A6177918C61A0
:10ABF00078918D6179918F617A9190617B9191616A
:10AC00007C9192617D9193617E9195618091966135
:10AC100081919761829198618391996184919A6100
:10AC200085919B6186919C6187919E6188919F61CE
:10AC30008991A0618A91A1618B91A2618C91A3619C
:10AC40008D91A4618E91A5618F91A6619091AA6169
:10AC50009191AB619291AD619391AE619491AF612D
:10AC60009591B0619691B1619791B2619891B361FC
:10AC70009991B4619A91B5619B91B6619C91B861CB
:10AC80009D91B9619E91BA619F91BB61A091BC6198
:10AC9000A191BD61A291BF61A391C061A491C16165
:10ACA000A591C361A691C461A791C561A891C66130
:10ACB000A991C761AA91C961AB91CC61AC91CD61F9
:10ACC000AD91CE61AE91CF61AF91D061B091D361C2
:10ACD000B191D561B291D661B391D761B491D86188
:10ACE000B591D961B691DA61B791DB61B891DC6158
:10ACF000B991DD61BA91DE61BB91DF61BC91E06128
:10AD0000BD91E161BE91E261BF91E361C091E461F7
:10AD1000C191E561C291E761C391E861C491E961C4
:10AD2000C591EA61C691EB61C791EC61C891ED6193
:10AD3000C991EE61CA91EF61CB91F061CC91F16163
:10AD4000CD91F261CE91F361CF91F461D091F66132
:10AD5000D191F761D291F861D391F961D491FA61FF
:10AD6000D591FB61D691FC61D791FD61D891FE61CF
:10AD7000D9910062DA910162DB910262DC91036297
:10AD8000DD910462DE910562DF910762E091096264
:10AD9000E1911362E2911462E3911962E4911C6201
:10ADA000E5911D62E6911E62E7912062E8912362BF
:10ADB000E9912662EA912762EB912862EC9129627F
:10ADC000ED912B62EE912D62EF912F62F091306246
:10ADD000F1913162F2913262F3913562F49136620F
:10ADE000F5913862F6913962F7913A62F8913B62D7
:10ADF000F9913C62FA914262FB914462FC91456296
:10AE0000FD914662FE914A6240924F6241925062C9
:10AE100042925562439256624492576245925962F9
:10AE200046925A6247925C6248925D6249925E62C3
:10AE30004A925F624B9260624C9261624D92626292
:10AE40004E9264624F926562509268625192716252
:10AE50005292726253927462549275625592776202
:10AE60005692786257927A6258927B6259927D62CA
:10AE70005A9281625B9282625C9283625D92856289
:10AE80005E9286625F9287626092886261928B6254
:10AE900062928C6263928D6264928E6265928F621E
:10AEA00066929062679294626892996269929C62DB
:10AEB0006A929D626B929E626C92A3626D92A66290
:10AEC0006E92A7626F92A9627092AA627192AD624D
:10AED0007292AE627392AF627492B0627592B26215
:10AEE0007692B3627792B4627892B6627992B762E0
:10AEF0007A92B8627B92BA627C92BE627D92C062A4
:10AF00007E92C1628092C3628192CB628292CF6252
:10AF10008392D1628492D5628592DD628692DE62EE
:10AF20008792E0628892E1628992E4628A92EA62A0
:10AF30008B92EB628C92F0628D92F2628E92F5624D
:10AF40008F92F8629092F9629192FA629292FB6209
:10AF500093920063949203639592046396920563BF
:10AF60009792066398920A6399920B639A920C6384
:10AF70009B920D639C920F639D9210639E9212634D
:10AF80009F921363A0921463A1921563A292176318
:10AF9000A3921863A4921963A5921C63A6922663D8
:10AFA000A7922763A8922963A9922C63AA922D6382
:10AFB000AB922E63AC923063AD923163AE92336349
:10AFC000AF923463B0923563B1923663B292376315
:10AFD000B3923863B4923B63B5923C63B6923E63DE
:10AFE000B7923F63B8924063B9924163BA924463A7
:10AFF000BB924763BC924863BD924A63BE92516361
:10B00000BF925263C0925363C1925463C29256631B
:10B01000C3925763C4925863C5925963C6925A63E8
:10B02000C7925B63C8925C63C9925D63CA926063B6
:10B03000CB926463CC926563CD926663CE92686373
:10B04000CF926A63D0926B63D1926C63D2926F633A
:10B05000D3927063D4927263D5927363D692746301
:10B06000D7927563D8927863D9927963DA927C63C8
:10B07000DB927D63DC927E63DD927F63DE9281638F
:10B08000DF928363E0928463E1928563E292866358
:10B09000E3928B63E4928D63E5929163E69293630E
:10B0A000E7929463E8929563E9929763EA929963D1
:10B0B000EB929A63EC929B63ED929C63EE929D639C
:10B0C000EF929E63F0929F63F192A163F292A46368
:10B0D000F392A663F492AB63F592AF63F692B16319
:10B0E000F792B263F892B563F992B663FA92B963D4
:10B0F000FB92BB63FC92BD63FD92BF63FE92C06393
:10B100004093C1634193C2634293C3634393C56356
:10B110004493C7634593C8634693CA634793CB631D
:10B120004893CC634993D1634A93D3634B93D463DD
:10B130004C93D5634D93D7634E93D8634F93D963A4
:10B140005093DA635193DB635293DC635393DD6373
:10B150005493DF635593E2635693E4635793E56337
:10B160005893E6635993E7635A93E8635B93EB6301
:10B170005C93EC635D93EE635E93EF635F93F063C8
:10B180006093F1636193F3636293F5636393F76391
:10B190006493F9636593FA636693FB636793FC6357
:10B1A0006893FE63699303646A9304646B93066413
:10B1B0006C9307646D9308646E9309646F930A64DB
:10B1C00070930D6471930E6472931164739312649F
:10B1D0007493156475931664769317647793186463
:10B1E0007893196479931A647A931D647B931F642E
:10B1F0007C9322647D9323647E93246480932564EE
:10B2000081932764829328648393296484932B64B5
:10B2100085932E6486932F6487933064889331647A
:10B22000899332648A9333648B9335648C93366448
:10B230008D9337648E9338648F93396490933B6415
:10B2400091933C6492933E649393406494934264DC
:10B25000959343649693496497934B6498934C6495
:10B2600099934D649A934E649B934F649C9350645E
:10B270009D9351649E9353649F935564A093566429
:10B28000A1935764A2935964A3935A64A4935B64F3
:10B29000A5935C64A6935D64A7935F64A8936064C0
:10B2A000A9936164AA936264AB936364AC9364648E
:10B2B000AD936564AE936664AF936864B0936A645B
:10B2C000B1936B64B2936C64B3936E64B4936F6424
:10B2D000B5937064B6937164B7937264B8937364F2
:10B2E000B9937464BA937564BB937664BC937764C2
:10B2F000BD937B64BE937C64BF937D64C0937E6486
:10B30000C1937F64C2938064C3938164C493836454
:10B31000C5938664C6938864C7938964C8938A6416
:10B32000C9938B64CA938C64CB938D64CC938E64E5
:10B33000CD938F64CE939064CF939364D0939464B1
:10B34000D1939764D2939864D3939A64D4939B6473
:10B35000D5939C64D6939D64D7939F64D893A0643F
:10B36000D993A164DA93A264DB93A364DC93A5640C
:10B37000DD93A664DE93A764DF93A864E093AA64D8
:10B38000E193AB64E293AF64E393B164E493B2649A
:10B39000E593B364E693B464E793B664E893B96461
:10B3A000E993BB64EA93BD64EB93BE64EC93BF6422
:10B3B000ED93C164EE93C364EF93C464F093C664E9
:10B3C000F193C764F293C864F393C964F493CA64B5
:10B3D000F593CB64F693CC64F793CF64F893D16480
:10B3E000F993D364FA93D464FB93D564FC93D66445
:10B3F000FD93D964FE93DA644094DB644194DC6489
:10B400004294DD644394DF644494E0644594E164D1
:10B410004694E3644794E5644894E7644994E86497
:10B420004A94E9644B94EA644C94EB644D94EC6464
:10B430004E94ED644F94EE645094EF645194F06434
:10B440005294F1645394F2645494F3645594F46404
:10B450005694F5645794F6645894F7645994F864D4
:10B460005A94F9645B94FA645C94FB645D94FC64A4
:10B470005E94FD645F94FE646094FF646194016572
:10B48000629402656394036564940465659405653C
:10B4900066940665679407656894086569940A650B
:10B4A0006A940B656B940C656C940D656D940E65D8
:10B4B0006E940F656F9410657094116571941365A7
:10B4C0007294146573941565749416657594176574
:10B4D0007694196577941A6578941B6579941C6540
:10B4E0007A941D657B941E657C941F657D94206510
:10B4F0007E942165809422658194236582942465DD
:10B5000083942665849427658594286586942965A7
:10B5100087942A6588942C6589942D658A94306572
:10B520008B9431658C9432658D9433658E94376538
:10B530008F943A6590943C6591943D6592944065F2
:10B5400093944165949442659594436596944465BB
:10B55000979446659894476599944A659A944B6583
:10B560009B944D659C944E659D9450659E94526548
:10B570009F945365A0945465A1945765A29458650F
:10B58000A3945A65A4945C65A5945F65A6946065D0
:10B59000A7946165A8946465A9946565AA94676594
:10B5A000AB946865AC946965AD946A65AE946D655D
:10B5B000AF946E65B0946F65B1947165B294736524
:10B5C000B3947565B4947665B5947865B6947965E9
:10B5D000B7947A65B8947B65B9947C65BA947D65B7
:10B5E000BB947E65BC947F65BD948065BE94816587
:10B5F000BF948265C0948365C1948465C294856557
:10B60000C3948665C4948865C5948965C6948A6523
:10B61000C7948D65C8948E65C9948F65CA949265E8
:10B62000CB949465CC949565CD949665CE949865AD
:10B63000CF949A65D0949D65D1949E65D294A0656F
:10B64000D394A265D494A365D594A665D694A86531
:10B65000D794AA65D894AC65D994AE65DA94B165EF
:10B66000DB94B265DC94B365DD94B465DE94B565B6
:10B67000DF94B665E094B765E194B865E294BA6585
:10B68000E394BB65E494BE65E594BF65E694C0654C
:10B69000E794C265E894C765E994C865EA94C9650A
:10B6A000EB94CA65EC94CD65ED94D065EE94D165CC
:10B6B000EF94D365F094D465F194D565F294D86590
:10B6C000F394D965F494DA65F594DB65F694DC655A
:10B6D000F794DD65F894DE65F994DF65FA94E16529
:10B6E000FB94E365FC94E465FD94EA65FE94EB65E8
:10B6F0004095F2654195F3654295F4654395F5658E
:10B700004495F8654595F9654695FB654795FC6553
:10B710004895FD654995FE654A95FF654B9501661F
:10B720004C9504664D9505664E9507664F950866DF
:10B730005095096651950B6652950D6653951066A6
:10B740005495116655951266569516665795176667
:10B750005895186659951A665A951B665B951C662E
:10B760005C951E665D9521665E9522665F952366F3
:10B7700060952466619526666295296663952A66BA
:10B7800064952B6665952C6666952E666795306682
:10B7900068953266699533666A9537666B95386643
:10B7A0006C9539666D953A666E953B666F953D660C
:10B7B00070953F66719540667295426673954466D2
:10B7C000749545667595466676954766779548669D
:10B7D0007895496679954A667A954D667B954E6669
:10B7E0007C9550667D9551667E9558668095596624
:10B7F00081955B6682955C6683955D6684955E66E1
:10B8000085956066869562668795636688956566A8
:10B81000899567668A9569668B956A668C956B666D
:10B820008D956C668E956D668F9571669095726636
:10B8300091957366929575669395786694957966F9
:10B8400095957B6696957C6697957D6698957F66BF
:10B85000999580669A9581669B9583669C95856689
:10B860009D9586669E9588669F958966A0958A6651
:10B87000A1958B66A2958D66A3958E66A4958F661D
:10B88000A5959066A6959266A7959366A8959466E9
:10B89000A9959566AA959866AB959966AC959A66B2
:10B8A000AD959B66AE959C66AF959E66B0959F667E
:10B8B000B195A066B295A166B395A266B495A3664C
:10B8C000B595A466B695A566B795A666B895A9661A
:10B8D000B995AA66BA95AB66BB95AC66BC95AD66E4
:10B8E000BD95AF66BE95B066BF95B166C095B266B0
:10B8F000C195B366C295B566C395B666C495B7667D
:10B90000C595B866C695BA66C795BB66C895BC6648
:10B91000C995BD66CA95BF66CB95C066CC95C16614
:10B92000CD95C266CE95C366CF95C466D095C566E3
:10B93000D195C666D295C766D395C866D495C966B3
:10B94000D595CA66D695CB66D795CC66D895CD6683
:10B95000D995CE66DA95CF66DB95D066DC95D16653
:10B96000DD95D266DE95D366DF95D466E095D56623
:10B97000E195D666E295D766E395D866E495DA66F2
:10B98000E595DE66E695DF66E795E066E895E166B3
:10B99000E995E266EA95E366EB95E466EC95E56683
:10B9A000ED95E766EE95E866EF95EA66F095EB664D
:10B9B000F195EC66F295ED66F395EE66F495EF661B
:10B9C000F595F166F695F566F795F666F895F866DD
:10B9D000F995FA66FA95FB66FB95FD66FC9501679D
:10B9E000FD950267FE9503674096046741960567DB
:10B9F000429606674396076744960C6745960E671E
:10BA000046960F67479611674896126749961367DF
:10BA10004A9616674B9618674C9619674D961A67A3
:10BA20004E961C674F961E67509620675196216769
:10BA30005296226753962367549624675596256736
:10BA4000569627675796296758962E6759963067F6
:10BA50005A9632675B9633675C9636675D963767B2
:10BA60005E9638675F96396760963B6761963C677C
:10BA700062963E6763963F67649641676596446742
:10BA8000669645676796476768964A6769964B6703
:10BA90006A964D676B9652676C9654676D965567BC
:10BAA0006E9657676F9658677096596771965A6782
:10BAB00072965B6773965D67749662677596636747
:10BAC00076966467779666677896676779966B6708
:10BAD0007A966C677B966E677C9671677D967467C5
:10BAE0007E967667809678678196796782967A6780
:10BAF00083967B6784967D67859680678696826746
:10BB00008796836788968567899686678A96886709
:10BB10008B968A678C968C678D968D678E968E67CE
:10BB20008F968F679096916791969267929693679A
:10BB300093969467949696679596996796969B6761
:10BB400097969F679896A0679996A1679A96A4671B
:10BB50009B96A6679C96A9679D96AC679E96AE67D6
:10BB60009F96B167A096B267A196B467A296B9678F
:10BB7000A396BA67A496BB67A596BC67A696BD6751
:10BB8000A796BE67A896BF67A996C067AA96C26720
:10BB9000AB96C567AC96C667AD96C767AE96C867E5
:10BBA000AF96C967B096CA67B196CB67B296CC67B5
:10BBB000B396CD67B496CE67B596D567B696D66779
:10BBC000B796D767B896DB67B996DF67BA96E1672D
:10BBD000BB96E367BC96E467BD96E667BE96E767EB
:10BBE000BF96E867C096EA67C196EB67C296ED67B5
:10BBF000C396EE67C496F267C596F567C696F66774
:10BC0000C796F767C896F867C996F967CA96FA673C
:10BC1000CB96FB67CC96FC67CD96FE67CE96016807
:10BC2000CF960268D0960368D1960468D2960668CB
:10BC3000D3960D68D4961068D5961268D696146877
:10BC4000D7961568D8961868D9961968DA961A683A
:10BC5000DB961B68DC961C68DD961E68DE961F6806
:10BC6000DF962068E0962268E1962368E2962468D1
:10BC7000E3962568E4962668E5962768E6962868A0
:10BC8000E7962B68E8962C68E9962D68EA962E6868
:10BC9000EB962F68EC963068ED963168EE96346836
:10BCA000EF963568F0963668F1963A68F2963B68FA
:10BCB000F3963F68F4964768F5964B68F6964D689C
:10BCC000F7964F68F8965268F9965668FA9657684C
:10BCD000FB965868FC965968FD965A68FE965B6814
:10BCE00040975C6841975D6842975E6843975F68DC
:10BCF00044976A6845976C6846976D6847976E6881
:10BD000048976F68499770684A9771684B9772684F
:10BD10004C9773684D9775684E9778684F97796818
:10BD200050977A6851977B6852977C6853977D68E3
:10BD300054977E6855977F685697806857978268B2
:10BD400058978468599787685A9788685B97896875
:10BD50005C978A685D978B685E978C685F978D6843
:10BD600060978E6861979068629791686397926810
:10BD700064979468659795686697966867979868DA
:10BD80006897996869979A686A979B686B979C68A7
:10BD90006C979D686D979E686E979F686F97A06877
:10BDA0007097A1687197A3687297A4687397A56844
:10BDB0007497A9687597AA687697AB687797AC6807
:10BDC0007897AE687997B1687A97B2687B97B468CC
:10BDD0007C97B6687D97B7687E97B8688097B96892
:10BDE0008197BA688297BB688397BC688497BD685F
:10BDF0008597BE688697BF688797C1688897C3682C
:10BE00008997C4688A97C5688B97C6688C97C768F6
:10BE10008D97C8688E97CA688F97CC689097CE68C0
:10BE20009197CF689297D0689397D1689497D36889
:10BE30009597D4689697D6689797D7689897D96852
:10BE40009997DB689A97DC689B97DD689C97DE681A
:10BE50009D97DF689E97E1689F97E268A097E468E6
:10BE6000A197E568A297E668A397E768A497E868B2
:10BE7000A597E968A697EA68A797EB68A897EC6882
:10BE8000A997ED68AA97EF68AB97F268AC97F3684B
:10BE9000AD97F468AE97F668AF97F768B097F86813
:10BEA000B197FB68B297FD68B397FE68B497FF68D7
:10BEB000B5970069B6970269B7970369B89704699F
:10BEC000B9970669BA970769BB970869BC9709696A
:10BED000BD970A69BE970C69BF970F69C097116932
:10BEE000C1971369C2971469C3971569C4971669F6
:10BEF000C5971769C6971869C7971969C8971A69C6
:10BF0000C9971B69CA971C69CB971D69CC971E6995
:10BF1000CD972169CE972269CF972369D09725695C
:10BF2000D1972669D2972769D3972869D497296929
:10BF3000D5972A69D6972B69D7972C69D8972E69F8
:10BF4000D9972F69DA973169DB973269DC973369C2
:10BF5000DD973569DE973669DF973769E09738698D
:10BF6000E1973A69E2973B69E3973C69E4973E6958
:10BF7000E5974069E6974169E7974369E89744691F
:10BF8000E9974569EA974669EB974769EC974869ED
:10BF9000ED974969EE974A69EF974B69F0974C69BD
:10BFA000F1974D69F2974E69F3974F69F49750698D
:10BFB000F5975169F6975269F7975369F89755695C
:10BFC000F9975669FA975869FB975969FC975B6925
:10BFD000FD975C69FE975F69409861694198626965
:10BFE00042986469439865694498676945986869A7
:10BFF0004698696947986A6948986C6949986D6973
:10C000004A986F694B9870694C9872694D9873693A
:10C010004E9874694F9875695098766951987A6905
:10C0200052987B6953987D6954987E6955987F69C9
:10C0300056988169579883695898856959988A698B
:10C040005A988B695B988C695C988E695D988F694A
:10C050005E9890695F989169609892696198936918
:10C0600062989669639897696498996965989A69DE
:10C0700066989D6967989E6968989F696998A069A4
:10C080006A98A1696B98A2696C98A3696D98A46974
:10C090006E98A5696F98A6697098A9697198AA6940
:10C0A0007298AC697398AE697498AF697598B06905
:10C0B0007698B2697798B3697898B5697998B669CE
:10C0C0007A98B8697B98B9697C98BA697D98BC6997
:10C0D0007E98BD698098BE698198BF698298C06961
:10C0E0008398C2698498C3698598C4698698C5692C
:10C0F0008798C6698898C7698998C8698A98C969FC
:10C100008B98CB698C98CD698D98CF698E98D169C1
:10C110008F98D2699098D3699198D5699298D66989
:10C120009398D7699498D8699598D9699698DA6957
:10C130009798DC699898DD699998DE699A98E16921
:10C140009B98E2699C98E3699D98E4699E98E569EB
:10C150009F98E669A098E769A198E869A298E969BB
:10C16000A398EA69A498EB69A598EC69A698EE698A
:10C17000A798EF69A898F069A998F169AA98F36956
:10C18000AB98F469AC98F569AD98F669AE98F76923
:10C19000AF98F869B098F969B198FA69B298FB69F3
:10C1A000B398FC69B498FE69B598006AB698016ABC
:10C1B000B798026AB898036AB998046ABA98056A87
:10C1C000BB98066ABC98076ABD98086ABE98096A57
:10C1D000BF980B6AC0980C6AC1980D6AC2980E6A23
:10C1E000C3980F6AC498106AC598116AC698126AF3
:10C1F000C798136AC898146AC998156ACA98166AC3
:10C20000CB98196ACC981A6ACD981B6ACE981C6A8A
:10C21000CF981D6AD0981E6AD198206AD298226A57
:10C22000D398236AD498246AD598256AD698266A22
:10C23000D798276AD898296AD9982B6ADA982C6AED
:10C24000DB982D6ADC982E6ADD98306ADE98326AB7
:10C25000DF98336AE098346AE198366AE298376A80
:10C26000E398386AE498396AE5983A6AE6983B6A4E
:10C27000E7983C6AE8983F6AE998406AEA98416A18
:10C28000EB98426AEC98436AED98456AEE98466AE4
:10C29000EF98486AF098496AF1984A6AF2984B6AAE
:10C2A000F3984C6AF4984D6AF5984E6AF6984F6A7E
:10C2B000F798516AF898526AF998536AFA98546A4A
:10C2C000FB98556AFC98566AFD98576AFE985A6A18
:10C2D00040995C6A41995D6A42995E6A43995F6AD6
:10C2E0004499606A4599626A4699636A4799646AA3
:10C2F0004899666A4999676A4A99686A4B99696A6E
:10C300004C996A6A4D996B6A4E996C6A4F996D6A3D
:10C3100050996E6A51996F6A5299706A5399726A0C
:10C320005499736A5599746A5699756A5799766AD9
:10C330005899776A5999786A5A997A6A5B997B6AA7
:10C340005C997D6A5D997E6A5E997F6A5F99816A70
:10C350006099826A6199836A6299856A6399866A3B
:10C360006499876A6599886A6699896A67998A6A09
:10C3700068998B6A69998C6A6A998D6A6B998F6AD8
:10C380006C99926A6D99936A6E99946A6F99956A9D
:10C390007099966A7199986A7299996A73999A6A6A
:10C3A00074999B6A75999C6A76999D6A77999E6A39
:10C3B00078999F6A7999A16A7A99A26A7B99A36A06
:10C3C0007C99A46A7D99A56A7E99A66A8099A76AD4
:10C3D0008199A86A8299AA6A8399AD6A8499AE6A9A
:10C3E0008599AF6A8699B06A8799B16A8899B26A65
:10C3F0008999B36A8A99B46A8B99B56A8C99B66A35
:10C400008D99B76A8E99B86A8F99B96A9099BA6A04
:10C410009199BB6A9299BC6A9399BD6A9499BE6AD4
:10C420009599BF6A9699C06A9799C16A9899C26AA4
:10C430009999C36A9A99C46A9B99C56A9C99C66A74
:10C440009D99C76A9E99C86A9F99C96AA099CA6A44
:10C45000A199CB6AA299CC6AA399CD6AA499CE6A14
:10C46000A599CF6AA699D06AA799D16AA899D26AE4
:10C47000A999D36AAA99D46AAB99D56AAC99D66AB4
:10C48000AD99D76AAE99D86AAF99D96AB099DA6A84
:10C49000B199DB6AB299DC6AB399DD6AB499DE6A54
:10C4A000B599DF6AB699E06AB799E16AB899E26A24
:10C4B000B999E36ABA99E46ABB99E56ABC99E66AF4
:10C4C000BD99E76ABE99E86ABF99E96AC099EA6AC4
:10C4D000C199EB6AC299EC6AC399ED6AC499EE6A94
:10C4E000C599EF6AC699F06AC799F16AC899F26A64
:10C4F000C999F36ACA99F46ACB99F56ACC99F66A34
:10C50000CD99F76ACE99F86ACF99F96AD099FA6A03
:10C51000D199FB6AD299FC6AD399FD6AD499FE6AD3
:10C52000D599FF6AD699006BD799016BD899026BA0
:10C53000D999036BDA99046BDB99056BDC99066B6F
:10C54000DD99076BDE99086BDF99096BE0990A6B3F
:10C55000E1990B6BE2990C6BE3990D6BE4990E6B0F
:10C56000E5990F6BE699106BE799116BE899126BDF
:10C57000E999136BEA99146BEB99156BEC99166BAF
:10C58000ED99176BEE99186BEF99196BF0991A6B7F
:10C59000F1991B6BF2991C6BF3991D6BF4991E6B4F
:10C5A000F5991F6BF699256BF799266BF899286B0F
:10C5B000F999296BFA992A6BFB992B6BFC992C6BD7
:10C5C000FD992D6BFE992E6B409A2F6B419A306B23
:10C5D000429A316B439A336B449A346B459A356B6C
:10C5E000469A366B479A386B489A3B6B499A3C6B34
:10C5F0004A9A3D6B4B9A3F6B4C9A406B4D9A416BFC
:10C600004E9A426B4F9A446B509A456B519A486BC5
:10C61000529A4A6B539A4B6B549A4D6B559A4E6B88
:10C62000569A4F6B579A506B589A516B599A526B56
:10C630005A9A536B5B9A546B5C9A556B5D9A566B26
:10C640005E9A576B5F9A586B609A5A6B619A5B6BF4
:10C65000629A5C6B639A5D6B649A5E6B659A5F6BC2
:10C66000669A606B679A616B689A686B699A696B86
:10C670006A9A6B6B6B9A6C6B6C9A6D6B6D9A6E6B46
:10C680006E9A6F6B6F9A706B709A716B719A726B16
:10C69000729A736B739A746B749A756B759A766BE6
:10C6A000769A776B779A786B789A7A6B799A7D6BB2
:10C6B0007A9A7E6B7B9A7F6B7C9A806B7D9A856B76
:10C6C0007E9A886B809A8C6B819A8E6B829A8F6B24
:10C6D000839A906B849A916B859A946B869A956BEA
:10C6E000879A976B889A986B899A996B8A9A9C6BB0
:10C6F0008B9A9D6B8C9A9E6B8D9A9F6B8E9AA06B7A
:10C700008F9AA26B909AA36B919AA46B929AA56B45
:10C71000939AA66B949AA76B959AA86B969AA96B15
:10C72000979AAB6B989AAC6B999AAD6B9A9AAE6BE1
:10C730009B9AAF6B9C9AB06B9D9AB16B9E9AB26BB1
:10C740009F9AB66BA09AB86BA19AB96BA29ABA6B72
:10C75000A39ABB6BA49ABC6BA59ABD6BA69ABE6B41
:10C76000A79AC06BA89AC36BA99AC46BAA9AC66B06
:10C77000AB9AC76BAC9AC86BAD9AC96BAE9ACA6BD1
:10C78000AF9ACC6BB09ACE6BB19AD06BB29AD16B98
:10C79000B39AD86BB49ADA6BB59ADC6BB69ADD6B48
:10C7A000B79ADE6BB89ADF6BB99AE06BBA9AE26B14
:10C7B000BB9AE36BBC9AE46BBD9AE56BBE9AE66BE1
:10C7C000BF9AE76BC09AE86BC19AE96BC29AEC6BAF
:10C7D000C39AED6BC49AEE6BC59AF06BC69AF16B77
:10C7E000C79AF26BC89AF46BC99AF66BCA9AF76B40
:10C7F000CB9AF86BCC9AFA6BCD9AFB6BCE9AFC6B0A
:10C80000CF9AFE6BD09AFF6BD19A006CD29A016CD2
:10C81000D39A026CD49A036CD59A046CD69A086C9D
:10C82000D79A096CD89A0A6CD99A0B6CDA9A0C6C64
:10C83000DB9A0E6CDC9A126CDD9A176CDE9A1C6C1B
:10C84000DF9A1D6CE09A1E6CE19A206CE29A236CD0
:10C85000E39A256CE49A2B6CE59A2C6CE69A2D6C85
:10C86000E79A316CE89A336CE99A366CEA9A376C3D
:10C87000EB9A396CEC9A3A6CED9A3B6CEE9A3C6C04
:10C88000EF9A3E6CF09A3F6CF19A436CF29A446CCA
:10C89000F39A456CF49A486CF59A4B6CF69A4C6C8A
:10C8A000F79A4D6CF89A4E6CF99A4F6CFA9A516C53
:10C8B000FB9A526CFC9A536CFD9A566CFE9A586C1B
:10C8C000409B596C419B5A6C429B626C439B636CCE
:10C8D000449B656C459B666C469B676C479B6B6C89
:10C8E000489B6C6C499B6D6C4A9B6E6C4B9B6F6C50
:10C8F0004C9B716C4D9B736C4E9B756C4F9B776C16
:10C90000509B786C519B7A6C529B7B6C539B7C6CDC
:10C91000549B7F6C559B806C569B846C579B876C9B
:10C92000589B8A6C599B8B6C5A9B8D6C5B9B8E6C55
:10C930005C9B916C5D9B926C5E9B956C5F9B966C17
:10C94000609B976C619B986C629B9A6C639B9C6CE0
:10C95000649B9D6C659B9E6C669BA06C679BA26CA8
:10C96000689BA86C699BAC6C6A9BAF6C6B9BB06C52
:10C970006C9BB46C6D9BB56C6E9BB66C6F9BB76C0F
:10C98000709BBA6C719BC06C729BC16C739BC26CC8
:10C99000749BC36C759BC66C769BC76C779BC86C8D
:10C9A000789BCB6C799BCD6C7A9BCE6C7B9BCF6C50
:10C9B0007C9BD16C7D9BD26C7E9BD86C809BD96C10
:10C9C000819BDA6C829BDC6C839BDD6C849BDF6CCF
:10C9D000859BE46C869BE66C879BE76C889BE96C87
:10C9E000899BEC6C8A9BED6C8B9BF26C8C9BF46C42
:10C9F0008D9BF96C8E9BFF6C8F9B006D909B026DE5
:10CA0000919B036D929B056D939B066D949B086DA6
:10CA1000959B096D969B0A6D979B0D6D989B0F6D6D
:10CA2000999B106D9A9B116D9B9B136D9C9B146D34
:10CA30009D9B156D9E9B166D9F9B186DA09B1C6DFD
:10CA4000A19B1D6DA29B1F6DA39B206DA49B216DBF
:10CA5000A59B226DA69B236DA79B246DA89B266D8D
:10CA6000A99B286DAA9B296DAB9B2C6DAC9B2D6D52
:10CA7000AD9B2F6DAE9B306DAF9B346DB09B366D13
:10CA8000B19B376DB29B386DB39B3A6DB49B3F6DD4
:10CA9000B59B406DB69B426DB79B446DB89B496D8D
:10CAA000B99B4C6DBA9B506DBB9B556DBC9B566D35
:10CAB000BD9B576DBE9B586DBF9B5B6DC09B5D6DF5
:10CAC000C19B5F6DC29B616DC39B626DC49B646DB6
:10CAD000C59B656DC69B676DC79B686DC89B6B6D7D
:10CAE000C99B6C6DCA9B6D6DCB9B706DCC9B716D42
:10CAF000CD9B726DCE9B736DCF9B756DD09B766D0C
:10CB0000D19B796DD29B7A6DD39B7B6DD49B7D6DD0
:10CB1000D59B7E6DD69B7F6DD79B806DD89B816D9D
:10CB2000D99B836DDA9B846DDB9B866DDC9B876D67
:10CB3000DD9B8A6DDE9B8B6DDF9B8D6DE09B8F6D2A
:10CB4000E19B906DE29B926DE39B966DE49B976DEC
:10CB5000E59B986DE69B996DE79B9A6DE89B9C6DB4
:10CB6000E99BA26DEA9BA56DEB9BAC6DEC9BAD6D5B
:10CB7000ED9BB06DEE9BB16DEF9BB36DF09BB46D13
:10CB8000F19BB66DF29BB76DF39BB96DF49BBA6DDB
:10CB9000F59BBB6DF69BBC6DF79BBD6DF89BBE6DA9
:10CBA000F99BC16DFA9BC26DFB9BC36DFC9BC86D6D
:10CBB000FD9BC96DFE9BCA6D409CCD6D419CCE6DA9
:10CBC000429CCF6D439CD06D449CD26D459CD36DEF
:10CBD000469CD46D479CD56D489CD76D499CDA6DB9
:10CBE0004A9CDB6D4B9CDC6D4C9CDF6D4D9CE26D7B
:10CBF0004E9CE36D4F9CE56D509CE76D519CE86D3C
:10CC0000529CE96D539CEA6D549CED6D559CEF6D03
:10CC1000569CF06D579CF26D589CF46D599CF56DC7
:10CC20005A9CF66D5B9CF86D5C9CFA6D5D9CFD6D8D
:10CC30005E9CFE6D5F9CFF6D609C006E619C016E52
:10CC4000629C026E639C036E649C046E659C066E1F
:10CC5000669C076E679C086E689C096E699C0B6EEB
:10CC60006A9C0F6E6B9C126E6C9C136E6D9C156EA5
:10CC70006E9C186E6F9C196E709C1B6E719C1C6E66
:10CC8000729C1E6E739C1F6E749C226E759C266E29
:10CC9000769C276E779C286E789C2A6E799C2C6EE9
:10CCA0007A9C2E6E7B9C306E7C9C316E7D9C336EAC
:10CCB0007E9C356E809C366E819C376E829C396E70
:10CCC000839C3B6E849C3C6E859C3D6E869C3E6E38
:10CCD000879C3F6E889C406E899C416E8A9C426E08
:10CCE0008B9C456E8C9C466E8D9C476E8E9C486ED0
:10CCF0008F9C496E909C4A6E919C4B6E929C4C6EA0
:10CD0000939C4F6E949C506E959C516E969C526E67
:10CD1000979C556E989C576E999C596E9A9C5A6E2A
:10CD20009B9C5C6E9C9C5D6E9D9C5E6E9E9C606EF2
:10CD30009F9C616EA09C626EA19C636EA29C646EBF
:10CD4000A39C656EA49C666EA59C676EA69C686E8F
:10CD5000A79C696EA89C6A6EA99C6C6EAA9C6D6E5D
:10CD6000AB9C6F6EAC9C706EAD9C716EAE9C726E27
:10CD7000AF9C736EB09C746EB19C756EB29C766EF7
:10CD8000B39C776EB49C786EB59C796EB69C7A6EC7
:10CD9000B79C7B6EB89C7C6EB99C7D6EBA9C806E95
:10CDA000BB9C816EBC9C826EBD9C846EBE9C876E5B
:10CDB000BF9C886EC09C8A6EC19C8B6EC29C8C6E20
:10CDC000C39C8D6EC49C8E6EC59C916EC69C926EEB
:10CDD000C79C936EC89C946EC99C956ECA9C966EB7
:10CDE000CB9C976ECC9C996ECD9C9A6ECE9C9B6E84
:10CDF000CF9C9D6ED09C9E6ED19CA06ED29CA16E4D
:10CE0000D39CA36ED49CA46ED59CA66ED69CA86E13
:10CE1000D79CA96ED89CAB6ED99CAC6EDA9CAD6EDB
:10CE2000DB9CAE6EDC9CB06EDD9CB36EDE9CB56EA2
:10CE3000DF9CB86EE09CB96EE19CBC6EE29CBE6E5D
:10CE4000E39CBF6EE49CC06EE59CC36EE69CC46E22
:10CE5000E79CC56EE89CC66EE99CC86EEA9CC96EEC
:10CE6000EB9CCA6EEC9CCC6EED9CCD6EEE9CCE6EB7
:10CE7000EF9CD06EF09CD26EF19CD66EF29CD86E78
:10CE8000F39CD96EF49CDB6EF59CDC6EF69CDD6E3B
:10CE9000F79CE36EF89CE76EF99CEA6EFA9CEB6EE9
:10CEA000FB9CEC6EFC9CED6EFD9CEE6EFE9CEF6EB2
:10CEB000409DF06E419DF16E429DF26E439DF36E7A
:10CEC000449DF56E459DF66E469DF76E479DF86E46
:10CED000489DFA6E499DFB6E4A9DFC6E4B9DFD6E12
:10CEE0004C9DFE6E4D9DFF6E4E9D006F4F9D016FE0
:10CEF000509D036F519D046F529D056F539D076FA9
:10CF0000549D086F559D0A6F569D0B6F579D0C6F72
:10CF1000589D0D6F599D0E6F5A9D106F5B9D116F3F
:10CF20005C9D126F5D9D166F5E9D176F5F9D186F04
:10CF3000609D196F619D1A6F629D1B6F639D1C6FD1
:10CF4000649D1D6F659D1E6F669D1F6F679D216FA0
:10CF5000689D226F699D236F6A9D256F6B9D266F6B
:10CF60006C9D276F6D9D286F6E9D2C6F6F9D2E6F32
:10CF7000709D306F719D326F729D346F739D356FF0
:10CF8000749D376F759D386F769D396F779D3A6FB9
:10CF9000789D3B6F799D3C6F7A9D3D6F7B9D3F6F88
:10CFA0007C9D406F7D9D416F7E9D426F809D436F54
:10CFB000819D446F829D456F839D486F849D496F1D
:10CFC000859D4A6F869D4C6F879D4E6F889D4F6FE4
:10CFD000899D506F8A9D516F8B9D526F8C9D536FB1
:10CFE0008D9D546F8E9D556F8F9D566F909D576F81
:10CFF000919D596F929D5A6F939D5B6F949D5D6F4C
:10D00000959D5F6F969D606F979D616F989D636F13
:10D01000999D646F9A9D656F9B9D676F9C9D686FDE
:10D020009D9D696F9E9D6A6F9F9D6B6FA09D6C6FAC
:10D03000A19D6F6FA29D706FA39D716FA49D736F73
:10D04000A59D756FA69D766FA79D776FA89D796F3B
:10D05000A99D7B6FAA9D7D6FAB9D7E6FAC9D7F6F01
:10D06000AD9D806FAE9D816FAF9D826FB09D836FD0
:10D07000B19D856FB29D866FB39D876FB49D8A6F9A
:10D08000B59D8B6FB69D8F6FB79D906FB89D916F5B
:10D09000B99D926FBA9D936FBB9D946FBC9D956F28
:10D0A000BD9D966FBE9D976FBF9D986FC09D996FF8
:10D0B000C19D9A6FC29D9B6FC39D9D6FC49D9E6FC6
:10D0C000C59D9F6FC69DA06FC79DA26FC89DA36F92
:10D0D000C99DA46FCA9DA56FCB9DA66FCC9DA86F5F
:10D0E000CD9DA96FCE9DAA6FCF9DAB6FD09DAC6F2C
:10D0F000D19DAD6FD29DAE6FD39DAF6FD49DB06FFC
:10D10000D59DB16FD69DB26FD79DB46FD89DB56FC9
:10D11000D99DB76FDA9DB86FDB9DBA6FDC9DBB6F91
:10D12000DD9DBC6FDE9DBD6FDF9DBE6FE09DBF6F5F
:10D13000E19DC16FE29DC36FE39DC46FE49DC56F28
:10D14000E59DC66FE69DC76FE79DC86FE89DCA6FF6
:10D15000E99DCB6FEA9DCC6FEB9DCD6FEC9DCE6FC3
:10D16000ED9DCF6FEE9DD06FEF9DD36FF09DD46F8F
:10D17000F19DD56FF29DD66FF39DD76FF49DD86F5B
:10D18000F59DD96FF69DDA6FF79DDB6FF89DDC6F2B
:10D19000F99DDD6FFA9DDF6FFB9DE26FFC9DE36FF4
:10D1A000FD9DE46FFE9DE56F409EE66F419EE76F3B
:10D1B000429EE86F439EE96F449EEA6F459EEB6F87
:10D1C000469EEC6F479EED6F489EF06F499EF16F53
:10D1D0004A9EF26F4B9EF36F4C9EF46F4D9EF56F1F
:10D1E0004E9EF66F4F9EF76F509EF86F519EF96FEF
:10D1F000529EFA6F539EFB6F549EFC6F559EFD6FBF
:10D20000569EFE6F579EFF6F589E0070599E01708C
:10D210005A9E02705B9E03705C9E04705D9E05705A
:10D220005E9E06705F9E0770609E0870619E09702A
:10D23000629E0A70639E0B70649E0C70659E0D70FA
:10D24000669E0E70679E0F70689E1070699E1270C9
:10D250006A9E13706B9E14706C9E15706D9E167096
:10D260006E9E17706F9E1870709E1970719E1C7064
:10D27000729E1D70739E1E70749E1F70759E20702E
:10D28000769E2170779E2270789E2470799E2570FC
:10D290007A9E26707B9E27707C9E28707D9E2970CA
:10D2A0007E9E2A70809E2B70819E2C70829E2D7097
:10D2B000839E2E70849E2F70859E3070869E317066
:10D2C000879E3270889E3370899E34708A9E367035
:10D2D0008B9E37708C9E38708D9E3A708E9E3B7000
:10D2E0008F9E3C70909E3D70919E3E70929E3F70CE
:10D2F000939E4070949E4170959E4270969E43709E
:10D30000979E4470989E4570999E46709A9E47706D
:10D310009B9E48709C9E49709D9E4A709E9E4B703D
:10D320009F9E4D70A09E4E70A19E5070A29E517007
:10D33000A39E5270A49E5370A59E5470A69E5570D5
:10D34000A79E5670A89E5770A99E5870AA9E5970A5
:10D35000AB9E5A70AC9E5B70AD9E5C70AE9E5D7075
:10D36000AF9E5F70B09E6070B19E6170B29E627041
:10D37000B39E6370B49E6470B59E6570B69E667011
:10D38000B79E6770B89E6870B99E6970BA9E6A70E1
:10D39000BB9E6E70BC9E7170BD9E7270BE9E73709F
:10D3A000BF9E7470C09E7770C19E7970C29E7A7065
:10D3B000C39E7B70C49E7D70C59E8170C69E827028
:10D3C000C79E8370C89E8470C99E8670CA9E8770EF
:10D3D000CB9E8870CC9E8B70CD9E8C70CE9E8D70B7
:10D3E000CF9E8F70D09E9070D19E9170D29E937080
:10D3F000D39E9770D49E9870D59E9A70D69E9B703F
:10D40000D79E9E70D89E9F70D99EA070DA9EA17004
:10D41000DB9EA270DC9EA370DD9EA470DE9EA570D4
:10D42000DF9EA670E09EA770E19EA870E29EA970A4
:10D43000E39EAA70E49EB070E59EB270E69EB47062
:10D44000E79EB570E89EB670E99EBA70EA9EBE701F
:10D45000EB9EBF70EC9EC470ED9EC570EE9EC670D4
:10D46000EF9EC770F09EC970F19ECB70F29ECC709B
:10D47000F39ECD70F49ECE70F59ECF70F69ED07068
:10D48000F79ED170F89ED270F99ED370FA9ED47038
:10D49000FB9ED570FC9ED670FD9ED770FE9EDA7006
:10D4A000409FDC70419FDD70429FDE70439FE070C3
:10D4B000449FE170459FE270469FE370479FE5708F
:10D4C000489FEA70499FEE704A9FF0704B9FF17041
:10D4D0004C9FF2704D9FF3704E9FF4704F9FF5700C
:10D4E000509FF670519FF870529FFA70539FFB70D7
:10D4F000549FFC70559FFE70569FFF70579F0071A0
:10D50000589F0171599F02715A9F03715B9F04716B
:10D510005C9F05715D9F06715E9F07715F9F08713B
:10D52000609F0B71619F0C71629F0D71639F0E7103
:10D53000649F0F71659F1171669F1271679F1471CF
:10D54000689F1771699F1B716A9F1C716B9F1D718A
:10D550006C9F1E716D9F1F716E9F20716F9F217157
:10D56000709F2271719F2371729F2471739F257127
:10D57000749F2771759F2871769F2971779F2A71F3
:10D58000789F2B71799F2C717A9F2D717B9F2E71C3
:10D590007C9F32717D9F33717E9F3471809F357186
:10D5A000819F3771829F3871839F3971849F3A714F
:10D5B000859F3B71869F3C71879F3D71889F3E711F
:10D5C000899F3F718A9F40718B9F41718C9F4271EF
:10D5D0008D9F43718E9F44718F9F4671909F4771BD
:10D5E000919F4871929F4971939F4B71949F4D7188
:10D5F000959F4F71969F5071979F5171989F52714F
:10D60000999F53719A9F54719B9F55719C9F56711E
:10D610009D9F57719E9F58719F9F5971A09F5A71EE
:10D62000A19F5B71A29F5D71A39F5F71A49F6071B9
:10D63000A59F6171A69F6271A79F6371A89F657185
:10D64000A99F6971AA9F6A71AB9F6B71AC9F6C7146
:10D65000AD9F6D71AE9F6F71AF9F7071B09F717113
:10D66000B19F7471B29F7571B39F7671B49F7771DA
:10D67000B59F7971B69F7B71B79F7C71B89F7E71A2
:10D68000B99F7F71BA9F8071BB9F8171BC9F82716E
:10D69000BD9F8371BE9F8571BF9F8671C09F87713B
:10D6A000C19F8871C29F8971C39F8B71C49F8C7108
:10D6B000C59F8D71C69F8E71C79F9071C89F9171D4
:10D6C000C99F9271CA9F9371CB9F9571CC9F9671A0
:10D6D000CD9F9771CE9F9A71CF9F9B71D09F9C7168
:10D6E000D19F9D71D29F9E71D39FA171D49FA27132
:10D6F000D59FA371D69FA471D79FA571D89FA671FE
:10D70000D99FA771DA9FA971DB9FAA71DC9FAB71CA
:10D71000DD9FAD71DE9FAE71DF9FAF71E09FB07195
:10D72000E19FB171E29FB271E39FB471E49FB67162
:10D73000E59FB771E69FB871E79FBA71E89FBB712B
:10D74000E99FBC71EA9FBD71EB9FBE71EC9FBF71F9
:10D75000ED9FC071EE9FC171EF9FC271F09FC471C8
:10D76000F19FC571F29FC671F39FC771F49FC87195
:10D77000F59FC971F69FCA71F79FCB71F89FCC7165
:10D78000F99FCD71FA9FCF71FB9FD071FC9FD17132
:10D79000FD9FD271FE9FD37140A0D67141A0D77179
:10D7A00042A0D87143A0D97144A0DA7145A0DB71C1
:10D7B00046A0DC7147A0DD7148A0DE7149A0DF7191
:10D7C0004AA0E1714BA0E2714CA0E3714DA0E4715D
:10D7D0004EA0E6714FA0E87150A0E97151A0EA7126
:10D7E00052A0EB7153A0EC7154A0ED7155A0EF71F4
:10D7F00056A0F07157A0F17158A0F27159A0F371C1
:10D800005AA0F4715BA0F5715CA0F6715DA0F77190
:10D810005EA0F8715FA0FA7160A0FB7161A0FC715D
:10D8200062A0FD7163A0FE7164A0FF7165A000722B
:10D8300066A0017267A0027268A0037269A00472F8
:10D840006AA005726BA007726CA008726DA00972C5
:10D850006EA00A726FA00B7270A00C7271A00D7294
:10D8600072A00E7273A00F7274A0107275A0117264
:10D8700076A0127277A0137278A0147279A0157234
:10D880007AA016727BA017727CA018727DA0197204
:10D890007EA01A7280A01B7281A01C7282A01E72D0
:10D8A00083A01F7284A0207285A0217286A022729C
:10D8B00087A0237288A0247289A025728AA026726C
:10D8C0008BA027728CA029728DA02B728EA02D7236
:10D8D0008FA02E7290A02F7291A0327292A03372FC
:10D8E00093A0347294A03A7295A03C7296A03E72B6
:10D8F00097A0407298A0417299A042729AA0437278
:10D900009BA044729CA045729DA046729EA0497245
:10D910009FA04A72A0A04B72A1A04E72A2A04F720B
:10D92000A3A05072A4A05172A5A05372A6A05472D5
:10D93000A7A05572A8A05772A9A05872AAA05A729F
:10D94000ABA05C72ACA05E72ADA06072AEA0637260
:10D95000AFA06472B0A06572B1A06872B2A06A7222
:10D96000B3A06B72B4A06C72B5A06D72B6A07072E9
:10D97000B7A07172B8A07372B9A07472BAA07672AF
:10D98000BBA07772BCA07872BDA07B72BEA07C7277
:10D99000BFA07D72C0A08272C1A08372C2A0857236
:10D9A000C3A08672C4A08772C5A08872C6A08972FF
:10D9B000C7A08C72C8A08E72C9A09072CAA09172C2
:10D9C000CBA09372CCA09472CDA09572CEA096728B
:10D9D000CFA09772D0A09872D1A09972D2A09A725B
:10D9E000D3A09B72D4A09C72D5A09D72D6A09E722B
:10D9F000D7A0A072D8A0A172D9A0A272DAA0A372F7
:10DA0000DBA0A472DCA0A572DDA0A672DEA0A772C6
:10DA1000DFA0A872E0A0A972E1A0AA72E2A0AB7296
:10DA2000E3A0AE72E4A0B172E5A0B272E6A0B37258
:10DA3000E7A0B572E8A0BA72E9A0BB72EAA0BC7216
:10DA4000EBA0BD72ECA0BE72EDA0BF72EEA0C072E2
:10DA5000EFA0C572F0A0C672F1A0C772F2A0C972A1
:10DA6000F3A0CA72F4A0CB72F5A0CC72F6A0CF726C
:10DA7000F7A0D172F8A0D372F9A0D472FAA0D5722F
:10DA8000FBA0D672FCA0D872FDA0DA72FEA0DB72F9
:10DA9000A1A10030A2A10130A3A10230A4A1B7002E
:10DAA000A5A1C902A6A1C702A7A1A800A8A10330E9
:10DAB000A9A10530AAA11420ABA15EFFACA116203C
:10DAC000ADA12620AEA11820AFA11920B0A11C2025
:10DAD000B1A11D20B2A11430B3A11530B4A10830FA
:10DAE000B5A10930B6A10A30B7A10B30B8A10C30EE
:10DAF000B9A10D30BAA10E30BBA10F30BCA11630B8
:10DB0000BDA11730BEA11030BFA11130C0A1B1001E
:10DB1000C1A1D700C2A1F700C3A13622C4A1272208
:10DB2000C5A12822C6A11122C7A10F22C8A12A225D
:10DB3000C9A12922CAA10822CBA13722CCA11A222D
:10DB4000CDA1A522CEA12522CFA12022D0A1122392
:10DB5000D1A19922D2A12B22D3A12E22D4A161221C
:10DB6000D5A14C22D6A14822D7A13D22D8A11D2261
:10DB7000D9A16022DAA16E22DBA16F22DCA164228E
:10DB8000DDA16522DEA11E22DFA13522E0A1342223
:10DB9000E1A14226E2A14026E3A1B000E4A13220A7
:10DBA000E5A13320E6A10321E7A104FFE8A1A40039
:10DBB000E9A1E0FFEAA1E1FFEBA13020ECA1A70081
:10DBC000EDA11621EEA10626EFA10526F0A1CB2599
:10DBD000F1A1CF25F2A1CE25F3A1C725F4A1C62539
:10DBE000F5A1A125F6A1A025F7A1B325F8A1B2259D
:10DBF000F9A13B20FAA19221FBA19021FCA1912146
:10DC0000FDA19321FEA11330A1A27021A2A2712136
:10DC1000A3A27221A4A27321A5A27421A6A2752198
:10DC2000A7A27621A8A27721A9A27821AAA2792168
:10DC3000B1A28824B2A28924B3A28A24B4A28B24DC
:10DC4000B5A28C24B6A28D24B7A28E24B8A28F24AC
:10DC5000B9A29024BAA29124BBA29224BCA293247C
:10DC6000BDA29424BEA29524BFA29624C0A297244C
:10DC7000C1A29824C2A29924C3A29A24C4A29B241C
:10DC8000C5A27424C6A27524C7A27624C8A277248C
:10DC9000C9A27824CAA27924CBA27A24CCA27B245C
:10DCA000CDA27C24CEA27D24CFA27E24D0A27F242C
:10DCB000D1A28024D2A28124D3A28224D4A28324FC
:10DCC000D5A28424D6A28524D7A28624D8A28724CC
:10DCD000D9A26024DAA26124DBA26224DCA263243C
:10DCE000DDA26424DEA26524DFA26624E0A267240C
:10DCF000E1A26824E2A26924E5A22032E6A2213250
:10DD0000E7A22232E8A22332E9A22432EAA2253293
:10DD1000EBA22632ECA22732EDA22832EEA2293263
:10DD2000F1A26021F2A26121F3A26221F4A2632197
:10DD3000F5A26421F6A26521F7A26621F8A2672167
:10DD4000F9A26821FAA26921FBA26A21FCA26B2137
:10DD5000A1A301FFA2A302FFA3A303FFA4A3E5FFC6
:10DD6000A5A305FFA6A306FFA7A307FFA8A308FF77
:10DD7000A9A309FFAAA30AFFABA30BFFACA30CFF47
:10DD8000ADA30DFFAEA30EFFAFA30FFFB0A310FF17
:10DD9000B1A311FFB2A312FFB3A313FFB4A314FFE7
:10DDA000B5A315FFB6A316FFB7A317FFB8A318FFB7
:10DDB000B9A319FFBAA31AFFBBA31BFFBCA31CFF87
:10DDC000BDA31DFFBEA31EFFBFA31FFFC0A320FF57
:10DDD000C1A321FFC2A322FFC3A323FFC4A324FF27
:10DDE000C5A325FFC6A326FFC7A327FFC8A328FFF7
:10DDF000C9A329FFCAA32AFFCBA32BFFCCA32CFFC7
:10DE0000CDA32DFFCEA32EFFCFA32FFFD0A330FF96
:10DE1000D1A331FFD2A332FFD3A333FFD4A334FF66
:10DE2000D5A335FFD6A336FFD7A337FFD8A338FF36
:10DE3000D9A339FFDAA33AFFDBA33BFFDCA33CFF06
:10DE4000DDA33DFFDEA33EFFDFA33FFFE0A340FFD6
:10DE5000E1A341FFE2A342FFE3A343FFE4A344FFA6
:10DE6000E5A345FFE6A346FFE7A347FFE8A348FF76
:10DE7000E9A349FFEAA34AFFEBA34BFFECA34CFF46
:10DE8000EDA34DFFEEA34EFFEFA34FFFF0A350FF16
:10DE9000F1A351FFF2A352FFF3A353FFF4A354FFE6
:10DEA000F5A355FFF6A356FFF7A357FFF8A358FFB6
:10DEB000F9A359FFFAA35AFFFBA35BFFFCA35CFF86
:10DEC000FDA35DFFFEA3E3FFA1A44130A2A4423065
:10DED000A3A44330A4A44430A5A44530A6A446304E
:10DEE000A7A44730A8A44830A9A44930AAA44A301E
:10DEF000ABA44B30ACA44C30ADA44D30AEA44E30EE
:10DF0000AFA44F30B0A45030B1A45130B2A45230BD
:10DF1000B3A45330B4A45430B5A45530B6A456308D
:10DF2000B7A45730B8A45830B9A45930BAA45A305D
:10DF3000BBA45B30BCA45C30BDA45D30BEA45E302D
:10DF4000BFA45F30C0A46030C1A46130C2A46230FD
:10DF5000C3A46330C4A46430C5A46530C6A46630CD
:10DF6000C7A46730C8A46830C9A46930CAA46A309D
:10DF7000CBA46B30CCA46C30CDA46D30CEA46E306D
:10DF8000CFA46F30D0A47030D1A47130D2A472303D
:10DF9000D3A47330D4A47430D5A47530D6A476300D
:10DFA000D7A47730D8A47830D9A47930DAA47A30DD
:10DFB000DBA47B30DCA47C30DDA47D30DEA47E30AD
:10DFC000DFA47F30E0A48030E1A48130E2A482307D
:10DFD000E3A48330E4A48430E5A48530E6A486304D
:10DFE000E7A48730E8A48830E9A48930EAA48A301D
:10DFF000EBA48B30ECA48C30EDA48D30EEA48E30ED
:10E00000EFA48F30F0A49030F1A49130F2A49230BC
:10E01000F3A49330A1A5A130A2A5A230A3A5A3305B
:10E02000A4A5A430A5A5A530A6A5A630A7A5A73070
:10E03000A8A5A830A9A5A930AAA5AA30ABA5AB3040
:10E04000ACA5AC30ADA5AD30AEA5AE30AFA5AF3010
:10E05000B0A5B030B1A5B130B2A5B230B3A5B330E0
:10E06000B4A5B430B5A5B530B6A5B630B7A5B730B0
:10E07000B8A5B830B9A5B930BAA5BA30BBA5BB3080
:10E08000BCA5BC30BDA5BD30BEA5BE30BFA5BF3050
:10E09000C0A5C030C1A5C130C2A5C230C3A5C33020
:10E0A000C4A5C430C5A5C530C6A5C630C7A5C730F0
:10E0B000C8A5C830C9A5C930CAA5CA30CBA5CB30C0
:10E0C000CCA5CC30CDA5CD30CEA5CE30CFA5CF3090
:10E0D000D0A5D030D1A5D130D2A5D230D3A5D33060
:10E0E000D4A5D430D5A5D530D6A5D630D7A5D73030
:10E0F000D8A5D830D9A5D930DAA5DA30DBA5DB3000
:10E10000DCA5DC30DDA5DD30DEA5DE30DFA5DF30CF
:10E11000E0A5E030E1A5E130E2A5E230E3A5E3309F
:10E12000E4A5E430E5A5E530E6A5E630E7A5E7306F
:10E13000E8A5E830E9A5E930EAA5EA30EBA5EB303F
:10E14000ECA5EC30EDA5ED30EEA5EE30EFA5EF300F
:10E15000F0A5F030F1A5F130F2A5F230F3A5F330DF
:10E16000F4A5F430F5A5F530F6A5F630A1A6910397
:10E17000A2A69203A3A69303A4A69403A5A695031F
:10E18000A6A69603A7A69703A8A69803A9A69903EF
:10E19000AAA69A03ABA69B03ACA69C03ADA69D03BF
:10E1A000AEA69E03AFA69F03B0A6A003B1A6A1038F
:10E1B000B2A6A303B3A6A403B4A6A503B5A6A6035B
:10E1C000B6A6A703B7A6A803B8A6A903C1A6B1031C
:10E1D000C2A6B203C3A6B303C4A6B403C5A6B503BF
:10E1E000C6A6B603C7A6B703C8A6B803C9A6B9038F
:10E1F000CAA6BA03CBA6BB03CCA6BC03CDA6BD035F
:10E20000CEA6BE03CFA6BF03D0A6C003D1A6C1032E
:10E21000D2A6C303D3A6C403D4A6C503D5A6C603FA
:10E22000D6A6C703D7A6C803D8A6C903E0A635FE5D
:10E23000E1A636FEE2A639FEE3A63AFEE4A63FFEDC
:10E24000E5A640FEE6A63DFEE7A63EFEE8A641FEA8
:10E25000E9A642FEEAA643FEEBA644FEEEA63BFE7E
:10E26000EFA63CFEF0A637FEF1A638FEF2A631FE80
:10E27000F4A633FEF5A634FEA1A71004A2A711044C
:10E28000A3A71204A4A71304A5A71404A6A7150402
:10E29000A7A70104A8A71604A9A71704AAA71804EA
:10E2A000ABA71904ACA71A04ADA71B04AEA71C04A6
:10E2B000AFA71D04B0A71E04B1A71F04B2A7200476
:10E2C000B3A72104B4A72204B5A72304B6A7240446
:10E2D000B7A72504B8A72604B9A72704BAA7280416
:10E2E000BBA72904BCA72A04BDA72B04BEA72C04E6
:10E2F000BFA72D04C0A72E04C1A72F04D1A73004A7
:10E30000D2A73104D3A73204D4A73304D5A7340449
:10E31000D6A73504D7A75104D8A73604D9A7370400
:10E32000DAA73804DBA73904DCA73A04DDA73B04ED
:10E33000DEA73C04DFA73D04E0A73E04E1A73F04BD
:10E34000E2A74004E3A74104E4A74204E5A743048D
:10E35000E6A74404E7A74504E8A74604E9A747045D
:10E36000EAA74804EBA74904ECA74A04EDA74B042D
:10E37000EEA74C04EFA74D04F0A74E04F1A74F04FD
:10E3800040A8CA0241A8CB0242A8D90243A8132040
:10E3900044A8152045A8252046A8352047A80521D2
:10E3A00048A8092149A896214AA897214BA8982155
:10E3B0004CA899214DA815224EA81F224FA8232210
:10E3C00050A8522251A8662252A8672253A8BF2201
:10E3D00054A8502555A8512556A8522557A853256D
:10E3E00058A8542559A855255AA856255BA857253D
:10E3F0005CA858255DA859255EA85A255FA85B250D
:10E4000060A85C2561A85D2562A85E2563A85F25DC
:10E4100064A8602565A8612566A8622567A86325AC
:10E4200068A8642569A865256AA866256BA867257C
:10E430006CA868256DA869256EA86A256FA86B254C
:10E4400070A86C2571A86D2572A86E2573A86F251C
:10E4500074A8702575A8712576A8722577A87325EC
:10E4600078A8812579A882257AA883257BA8842588
:10E470007CA885257DA886257EA8872580A8882557
:10E4800081A8892582A88A2583A88B2584A88C2524
:10E4900085A88D2586A88E2587A88F2588A89325F1
:10E4A00089A894258AA895258BA8BC258CA8BD256C
:10E4B0008DA8E2258EA8E3258FA8E42590A8E52560
:10E4C00091A8092692A8952293A8123094A81D30ED
:10E4D00095A81E30A1A80101A2A8E100A3A8CE0121
:10E4E000A4A8E000A5A81301A6A8E900A7A81B01FD
:10E4F000A8A8E800A9A82B01AAA8ED00ABA8D00104
:10E50000ACA8EC00ADA84D01AEA8F300AFA8D201B5
:10E51000B0A8F200B1A86B01B2A8FA00B3A8D40168
:10E52000B4A8F900B5A8D601B6A8D801B7A8DA01F1
:10E53000B8A8DC01B9A8FC00BAA8EA00BBA851023F
:10E54000BDA84401BEA84801C0A86102C5A8053104
:10E55000C6A80631C7A80731C8A80831C9A809311B
:10E56000CAA80A31CBA80B31CCA80C31CDA80D31EB
:10E57000CEA80E31CFA80F31D0A81031D1A81131BB
:10E58000D2A81231D3A81331D4A81431D5A815318B
:10E59000D6A81631D7A81731D8A81831D9A819315B
:10E5A000DAA81A31DBA81B31DCA81C31DDA81D312B
:10E5B000DEA81E31DFA81F31E0A82031E1A82131FB
:10E5C000E2A82231E3A82331E4A82431E5A82531CB
:10E5D000E6A82631E7A82731E8A82831E9A829319B
:10E5E00040A9213041A9223042A9233043A9243037
:10E5F00044A9253045A9263046A9273047A9283007
:10E6000048A9293049A9A3324AA98E334BA98F338F
:10E610004CA99C334DA99D334EA99E334FA9A133DC
:10E6200050A9C43351A9CE3352A9D13353A9D233FF
:10E6300054A9D53355A930FE56A9E2FF57A9E4FFE6
:10E6400059A921215AA931325CA9102060A9FC30B6
:10E6500061A99B3062A99C3063A9FD3064A9FE309A
:10E6600065A9063066A99D3067A99E3068A949FE54
:10E6700069A94AFE6AA94BFE6BA94CFE6CA94DFE26
:10E680006DA94EFE6EA94FFE6FA950FE70A951FEF6
:10E6900071A952FE72A954FE73A955FE74A956FEC3
:10E6A00075A957FE76A959FE77A95AFE78A95BFE8F
:10E6B00079A95CFE7AA95DFE7BA95EFE7CA95FFE5E
:10E6C0007DA960FE7EA961FE80A962FE81A963FE2C
:10E6D00082A964FE83A965FE84A966FE85A968FEF9
:10E6E00086A969FE87A96AFE88A96BFE96A90730EC
:10E6F000A4A90025A5A90125A6A90225A7A9032546
:10E70000A8A90425A9A90525AAA90625ABA9072515
:10E71000ACA90825ADA90925AEA90A25AFA90B25E5
:10E72000B0A90C25B1A90D25B2A90E25B3A90F25B5
:10E73000B4A91025B5A91125B6A91225B7A9132585
:10E74000B8A91425B9A91525BAA91625BBA9172555
:10E75000BCA91825BDA91925BEA91A25BFA91B2525
:10E76000C0A91C25C1A91D25C2A91E25C3A91F25F5
:10E77000C4A92025C5A92125C6A92225C7A92325C5
:10E78000C8A92425C9A92525CAA92625CBA9272595
:10E79000CCA92825CDA92925CEA92A25CFA92B2565
:10E7A000D0A92C25D1A92D25D2A92E25D3A92F2535
:10E7B000D4A93025D5A93125D6A93225D7A9332505
:10E7C000D8A93425D9A93525DAA93625DBA93725D5
:10E7D000DCA93825DDA93925DEA93A25DFA93B25A5
:10E7E000E0A93C25E1A93D25E2A93E25E3A93F2575
:10E7F000E4A94025E5A94125E6A94225E7A9432545
:10E80000E8A94425E9A94525EAA94625EBA9472514
:10E81000ECA94825EDA94925EEA94A25EFA94B25E4
:10E8200040AADC7241AADD7242AADF7243AAE272F8
:10E8300044AAE37245AAE47246AAE57247AAE672C0
:10E8400048AAE77249AAEA724AAAEB724BAAF57281
:10E850004CAAF6724DAAF9724EAAFD724FAAFE7228
:10E8600050AAFF7251AA007352AA027353AA0473EA
:10E8700054AA057355AA067356AA077357AA0873B4
:10E8800058AA097359AA0B735AAA0C735BAA0D7381
:10E890005CAA0F735DAA10735EAA11735FAA12734C
:10E8A00060AA147361AA187362AA197363AA1A730F
:10E8B00064AA1F7365AA207366AA237367AA2473C8
:10E8C00068AA267369AA27736AAA28736BAA2D738C
:10E8D0006CAA2F736DAA30736EAA32736FAA33734A
:10E8E00070AA357371AA367372AA3A7373AA3B730E
:10E8F00074AA3C7375AA3D7376AA407377AA4173D4
:10E9000078AA427379AA43737AAA44737BAA45739F
:10E910007CAA46737DAA47737EAA487380AA49736E
:10E9200081AA4A7382AA4B7383AA4C7384AA4E733A
:10E9300085AA4F7386AA517387AA537388AA547302
:10E9400089AA55738AAA56738BAA58738CAA5973CD
:10E950008DAA5A738EAA5B738FAA5C7390AA5D739B
:10E9600091AA5E7392AA5F7393AA617394AA627369
:10E9700095AA637396AA647397AA657398AA667337
:10E9800099AA67739AAA68739BAA69739CAA6A7307
:10E990009DAA6B739EAA6E739FAA7073A0AA7173CF
:10E9A00040AB727341AB737342AB747343AB75731B
:10E9B00044AB767345AB777346AB787347AB7973EB
:10E9C00048AB7A7349AB7B734AAB7C734BAB7D73BB
:10E9D0004CAB7F734DAB80734EAB81734FAB827387
:10E9E00050AB837351AB857352AB867353AB887353
:10E9F00054AB8A7355AB8C7356AB8D7357AB8F7317
:10EA000058AB907359AB92735AAB93735BAB9473DF
:10EA10005CAB95735DAB97735EAB98735FAB9973AB
:10EA200060AB9A7361AB9C7362AB9D7363AB9E7377
:10EA300064ABA07365ABA17366ABA37367ABA47340
:10EA400068ABA57369ABA6736AABA7736BABA8730E
:10EA50006CABAA736DABAC736EABAD736FABB173D4
:10EA600070ABB47371ABB57372ABB67373ABB87391
:10EA700074ABB97375ABBC7376ABBD7377ABBE7358
:10EA800078ABBF7379ABC1737AABC3737BABC47321
:10EA90007CABC5737DABC6737EABC77380ABCB73EA
:10EAA00081ABCC7382ABCE7383ABD27384ABD373A5
:10EAB00085ABD47386ABD57387ABD67388ABD7736E
:10EAC00089ABD8738AABDA738BABDB738CABDC733B
:10EAD0008DABDD738EABDF738FABE17390ABE27305
:10EAE00091ABE37392ABE47393ABE67394ABE873CF
:10EAF00095ABEA7396ABEB7397ABEC7398ABEE7395
:10EB000099ABEF739AABF0739BABF1739CABF37360
:10EB10009DABF4739EABF5739FABF673A0ABF7732D
:10EB200040ACF87341ACF97342ACFA7343ACFB737D
:10EB300044ACFC7345ACFD7346ACFE7347ACFF734D
:10EB400048AC007449AC01744AAC02744BAC047418
:10EB50004CAC07744DAC08744EAC0B744FAC0C74D9
:10EB600050AC0D7451AC0E7452AC117453AC1274A1
:10EB700054AC137455AC147456AC157457AC16746D
:10EB800058AC177459AC18745AAC19745BAC1C743B
:10EB90005CAC1D745DAC1E745EAC1F745FAC207405
:10EBA00060AC217461AC237462AC247463AC2774D0
:10EBB00064AC297465AC2B7466AC2D7467AC2F748F
:10EBC00068AC317469AC32746AAC37746BAC38744D
:10EBD0006CAC39746DAC3A746EAC3B746FAC3D7414
:10EBE00070AC3E7471AC3F7472AC407473AC4274E0
:10EBF00074AC437475AC447476AC457477AC4674AD
:10EC000078AC477479AC48747AAC49747BAC4A747C
:10EC10007CAC4B747DAC4C747EAC4D7480AC4E744B
:10EC200081AC4F7482AC507483AC517484AC527418
:10EC300085AC537486AC547487AC567488AC5874E5
:10EC400089AC5D748AAC60748BAC61748CAC62749A
:10EC50008DAC63748EAC64748FAC657490AC667468
:10EC600091AC677492AC687493AC697494AC6A7438
:10EC700095AC6B7496AC6C7497AC6E7498AC6F7406
:10EC800099AC71749AAC72749BAC73749CAC7474D0
:10EC90009DAC75749EAC78749FAC7974A0AC7A749A
:10ECA00040AD7B7441AD7C7442AD7D7443AD7F74E7
:10ECB00044AD827445AD847446AD857447AD8674A9
:10ECC00048AD887449AD89744AAD8A744BAD8C7473
:10ECD0004CAD8D744DAD8F744EAD91744FAD92743B
:10ECE00050AD937451AD947452AD957453AD967408
:10ECF00054AD977455AD987456AD997457AD9A74D8
:10ED000058AD9B7459AD9D745AAD9F745BADA074A2
:10ED10005CADA1745DADA2745EADA3745FADA4746F
:10ED200060ADA57461ADA67462ADAA7463ADAB7439
:10ED300064ADAC7465ADAD7466ADAE7467ADAF7403
:10ED400068ADB07469ADB1746AADB2746BADB374D3
:10ED50006CADB4746DADB5746EADB6746FADB774A3
:10ED600070ADB87471ADB97472ADBB7473ADBC7471
:10ED700074ADBD7475ADBE7476ADBF7477ADC0743F
:10ED800078ADC17479ADC2747AADC3747BADC4740F
:10ED90007CADC5747DADC6747EADC77480ADC874DE
:10EDA00081ADC97482ADCA7483ADCB7484ADCC74AB
:10EDB00085ADCD7486ADCE7487ADCF7488ADD0747B
:10EDC00089ADD1748AADD3748BADD4748CADD57448
:10EDD0008DADD6748EADD7748FADD87490ADD97417
:10EDE00091ADDA7492ADDB7493ADDD7494ADDF74E4
:10EDF00095ADE17496ADE57497ADE77498ADE874A0
:10EE000099ADE9749AADEA749BADEB749CADEC746A
:10EE10009DADED749EADF0749FADF174A0ADF27434
:10EE200040AEF37441AEF57442AEF87443AEF9747B
:10EE300044AEFA7445AEFB7446AEFC7447AEFD7446
:10EE400048AEFE7449AE00754AAE01754BAE027510
:10EE50004CAE03754DAE05754EAE06754FAE0775DB
:10EE600050AE087551AE097552AE0A7553AE0B75AA
:10EE700054AE0C7555AE0E7556AE107557AE127574
:10EE800058AE147559AE15755AAE16755BAE17753A
:10EE90005CAE1B755DAE1D755EAE1E755FAE2075FA
:10EEA00060AE217561AE227562AE237563AE2475C6
:10EEB00064AE267565AE277566AE2A7567AE2E758B
:10EEC00068AE347569AE36756AAE39756BAE3C7531
:10EED0006CAE3D756DAE3F756EAE41756FAE4275F1
:10EEE00070AE437571AE447572AE467573AE4775BC
:10EEF00074AE497575AE4A7576AE4D7577AE507580
:10EF000078AE517579AE52757AAE53757BAE557544
:10EF10007CAE56757DAE57757EAE587580AE5D750C
:10EF200081AE5E7582AE5F7583AE607584AE6175CD
:10EF300085AE627586AE637587AE647588AE67759B
:10EF400089AE68758AAE69758BAE6B758CAE6C7563
:10EF50008DAE6D758EAE6E758FAE6F7590AE707531
:10EF600091AE717592AE737593AE757594AE7675FC
:10EF700095AE777596AE7A7597AE7B7598AE7C75C3
:10EF800099AE7D759AAE7E759BAE80759CAE81758F
:10EF90009DAE82759EAE84759FAE8575A0AE877559
:10EFA00040AF887541AF897542AF8A7543AF8C75A4
:10EFB00044AF8D7545AF8E7546AF907547AF93756D
:10EFC00048AF957549AF98754AAF9B754BAF9C7527
:10EFD0004CAF9E754DAFA2754EAFA6754FAFA775DE
:10EFE00050AFA87551AFA97552AFAA7553AFAD75A3
:10EFF00054AFB67555AFB77556AFBA7557AFBB7549
:10F0000058AFBF7559AFC0755AAFC1755BAFC67504
:10F010005CAFCB755DAFCC755EAFCE755FAFCF75B6
:10F0200060AFD07561AFD17562AFD37563AFD7757F
:10F0300064AFD97565AFDA7566AFDC7567AFDD753E
:10F0400068AFDF7569AFE0756AAFE1756BAFE57505
:10F050006CAFE9756DAFEC756EAFED756FAFEE75BA
:10F0600070AFEF7571AFF27572AFF37573AFF57581
:10F0700074AFF67575AFF77576AFF87577AFFA754B
:10F0800078AFFB7579AFFD757AAFFE757BAF027611
:10F090007CAF04767DAF06767EAF077680AF0876CC
:10F0A00081AF097682AF0B7683AF0D7684AF0E7693
:10F0B00085AF0F7686AF117687AF127688AF13765D
:10F0C00089AF14768AAF16768BAF1A768CAF1C7622
:10F0D0008DAF1D768EAF1E768FAF217690AF2376E3
:10F0E00091AF277692AF287693AF2C7694AF2E7699
:10F0F00095AF2F7696AF317697AF327698AF36765A
:10F1000099AF37769AAF39769BAF3A769CAF3B761C
:10F110009DAF3D769EAF41769FAF4276A0AF4476DD
:10F1200040B0457641B0467642B0477643B0487627
:10F1300044B0497645B04A7646B04B7647B04E76F5
:10F1400048B04F7649B050764AB051764BB05276BF
:10F150004CB053764DB055764EB057764FB058768A
:10F1600050B0597651B05A7652B05B7653B05D7656
:10F1700054B05F7655B0607656B0617657B062761F
:10F1800058B0647659B065765AB066765BB06776EB
:10F190005CB068765DB069765EB06A765FB06C76BA
:10F1A00060B06D7661B06E7662B0707663B0717685
:10F1B00064B0727665B0737666B0747667B0757653
:10F1C00068B0767669B077766AB079766BB07A7621
:10F1D0006CB07C766DB07F766EB080766FB08176E5
:10F1E00070B0837671B0857672B0897673B08A76A6
:10F1F00074B08C7675B08D7676B08F7677B0907669
:10F2000078B0927679B094767AB095767BB097762E
:10F210007CB098767DB09A767EB09B7680B09C76F6
:10F2200081B09D7682B09E7683B09F7684B0A076C2
:10F2300085B0A17686B0A27687B0A37688B0A57691
:10F2400089B0A6768AB0A7768BB0A8768CB0A9765E
:10F250008DB0AA768EB0AB768FB0AC7690B0AD762E
:10F2600091B0AF7692B0B07693B0B37694B0B576F5
:10F2700095B0B67696B0B77697B0B87698B0B976BE
:10F2800099B0BA769AB0BB769BB0BC769CB0BD768E
:10F290009DB0BE769EB0C0769FB0C176A0B0C3765A
:10F2A000A1B04A55A2B03F96A3B0C357A4B02863FB
:10F2B000A5B0CE54A6B00955A7B0C054A8B0917659
:10F2C000A9B04C76AAB03C85ABB0EE77ACB07E82EC
:10F2D000ADB08D78AEB03172AFB09896B0B08D97BA
:10F2E000B1B0286CB2B0895BB3B0FA4FB4B0096367
:10F2F000B5B09766B6B0B85CB7B0FA80B8B0486839
:10F30000B9B0AE80BAB00266BBB0CE76BCB0F9512F
:10F31000BDB05665BEB0AC71BFB0F17FC0B08488DF
:10F32000C1B0B250C2B06559C3B0CA61C4B0B36F06
:10F33000C5B0AD82C6B04C63C7B05262C8B0ED5321
:10F34000C9B02754CAB0067BCBB06B51CCB0A47502
:10F35000CDB0F45DCEB0D462CFB0CB8DD0B07697C7
:10F36000D1B08A62D2B01980D3B05D57D4B038978B
:10F37000D5B0627FD6B03872D7B07D76D8B0CF67BF
:10F38000D9B07E76DAB04664DBB0704FDCB0258D44
:10F39000DDB0DC62DEB0177ADFB09165E0B0ED730E
:10F3A000E1B02C64E2B07362E3B02C82E4B08198E7
:10F3B000E5B07F67E6B04872E7B06E62E8B0CC6255
:10F3C000E9B0344FEAB0E374EBB04A53ECB09E526C
:10F3D000EDB0CA7EEEB0A690EFB02E5EF0B08668BB
:10F3E000F1B09C69F2B08081F3B0D17EF4B0D26804
:10F3F000F5B0C578F6B08C86F7B05195F8B08D5061
:10F40000F9B0248CFAB0DE82FBB0DE80FCB005538C
:10F41000FDB01289FEB0655240B1C47641B1C776E5
:10F4200042B1C97643B1CB7644B1CC7645B1D376FF
:10F4300046B1D57647B1D97648B1DA7649B1DC76AE
:10F440004AB1DD764BB1DE764CB1E0764DB1E17676
:10F450004EB1E2764FB1E37650B1E47651B1E67643
:10F4600052B1E77653B1E87654B1E97655B1EA7610
:10F4700056B1EB7657B1EC7658B1ED7659B1F076DE
:10F480005AB1F3765BB1F5765CB1F6765DB1F7769D
:10F490005EB1FA765FB1FB7660B1FD7661B1FF7661
:10F4A00062B1007763B1027764B1037765B1057724
:10F4B00066B1067767B10A7768B10C7769B10E77E4
:10F4C0006AB10F776BB110776CB111776DB11277AC
:10F4D0006EB113776FB1147770B1157771B116777C
:10F4E00072B1177773B1187774B11B7775B11C7748
:10F4F00076B11D7777B11E7778B1217779B123770F
:10F500007AB124777BB125777CB127777DB12A77D3
:10F510007EB12B7780B12C7781B12E7782B1307795
:10F5200083B1317784B1327785B1337786B134775F
:10F5300087B1397788B13B7789B13D778AB13E771A
:10F540008BB13F778CB142778DB144778EB14577DF
:10F550008FB1467790B1487791B1497792B14A77A8
:10F5600093B14B7794B14C7795B14D7796B14E7777
:10F5700097B14F7798B1527799B153779AB1547741
:10F580009BB155779CB156779DB157779EB158770F
:10F590009FB15977A0B15C77A1B18485A2B1F996EA
:10F5A000A3B1DD4FA4B12158A5B17199A6B19D5B5E
:10F5B000A7B1B162A8B1A562A9B1B466AAB1798CAC
:10F5C000ABB18D9CACB10672ADB16F67AEB1917845
:10F5D000AFB1B260B0B15153B1B11753B2B1888F6E
:10F5E000B3B1CC80B4B11D8DB5B1A194B6B10D50FD
:10F5F000B7B1C872B8B10759B9B1EB60BAB11971F6
:10F60000BBB1AB88BCB15459BDB1EF82BEB12C6760
:10F61000BFB1287BC0B1295DC1B1F77EC2B12D75E4
:10F62000C3B1F56CC4B1668EC5B1F88FC6B13C905C
:10F63000C7B13B9FC8B1D46BC9B11991CAB1147B92
:10F64000CBB17C5FCCB1A778CDB1D684CEB13D85AE
:10F65000CFB1D56BD0B1D96BD1B1D66BD2B1015E80
:10F66000D3B1875ED4B1F975D5B1ED95D6B15D65ED
:10F67000D7B10A5FD8B1C55FD9B19F8FDAB1C15890
:10F68000DBB1C281DCB17F90DDB15B96DEB1AD97BD
:10F69000DFB1B98FE0B1167FE1B12C8DE2B14162EB
:10F6A000E3B1BF4FE4B1D853E5B15E53E6B1A88FE3
:10F6B000E7B1A98FE8B1AB8FE9B14D90EAB1076826
:10F6C000EBB16A5FECB19881EDB16888EEB1D69C80
:10F6D000EFB18B61F0B12B52F1B12A76F2B16C5FD0
:10F6E000F3B18C65F4B1D26FF5B1E86EF6B1BE5BE3
:10F6F000F7B14864F8B17551F9B1B051FAB1C467C6
:10F70000FBB1194EFCB1C979FDB17C99FEB1B37062
:10F7100040B25D7741B25E7742B25F7743B26077C5
:10F7200044B2647745B2677746B2697747B26A7781
:10F7300048B26D7749B26E774AB26F774BB2707745
:10F740004CB271774DB272774EB273774FB2747715
:10F7500050B2757751B2767752B2777753B27877E5
:10F7600054B27A7755B27B7756B27C7757B28177AD
:10F7700058B2827759B283775AB286775BB287776D
:10F780005CB288775DB289775EB28A775FB28B7739
:10F7900060B28F7761B2907762B2937763B29477F9
:10F7A00064B2957765B2967766B2977767B29877C5
:10F7B00068B2997769B29A776AB29B776BB29C7795
:10F7C0006CB29D776DB29E776EB2A1776FB2A37760
:10F7D00070B2A47771B2A67772B2A87773B2AB7722
:10F7E00074B2AD7775B2AE7776B2AF7777B2B177E4
:10F7F00078B2B27779B2B4777AB2B6777BB2B777AC
:10F800007CB2B8777DB2B9777EB2BA7780B2BC7776
:10F8100081B2BE7782B2C07783B2C17784B2C27739
:10F8200085B2C37786B2C47787B2C57788B2C67708
:10F8300089B2C7778AB2C8778BB2C9778CB2CA77D8
:10F840008DB2CB778EB2CC778FB2CE7790B2CF77A6
:10F8500091B2D07792B2D17793B2D27794B2D37774
:10F8600095B2D47796B2D57797B2D67798B2D87743
:10F8700099B2D9779AB2DA779BB2DD779CB2DE770C
:10F880009DB2DF779EB2E0779FB2E177A0B2E477D6
:10F89000A1B2C575A2B2765EA3B2BB73A4B2E08377
:10F8A000A5B2AD64A6B2E862A7B2B594A8B2E26C04
:10F8B000A9B25A53AAB2C352ABB20F64ACB2C2944B
:10F8C000ADB2947BAEB22F4FAFB21B5EB0B23682F8
:10F8D000B1B21681B2B28A81B3B2246EB4B2CA6C2C
:10F8E000B5B2739AB6B25563B7B25C53B8B2FA54B4
:10F8F000B9B26588BAB2E057BBB20D4EBCB2035E76
:10F90000BDB2656BBEB23F7CBFB2E890C0B21660BC
:10F91000C1B2E664C2B21C73C3B2C188C4B250673C
:10F92000C5B24D62C6B2228DC7B26C77C8B2298EFD
:10F93000C9B2C791CAB2695FCBB2DC83CCB22185B0
:10F94000CDB21099CEB2C253CFB29586D0B28B6BE6
:10F95000D1B2ED60D2B2E860D3B27F70D4B2CD82C2
:10F96000D5B23182D6B2D34ED7B2A76CD8B2CF853A
:10F97000D9B2CD64DAB2D97CDBB2FD69DCB2F9660A
:10F98000DDB24983DEB29553DFB2567BE0B2A74FBA
:10F99000E1B28C51E2B24B6DE3B2425CE4B26D8EE7
:10F9A000E5B2D263E6B2C953E7B22C83E8B236833C
:10F9B000E9B2E567EAB2B478EBB23D64ECB2DF5B82
:10F9C000EDB2945CEEB2EE5DEFB2E78BF0B2C662E0
:10F9D000F1B2F467F2B27A8CF3B20064F4B2BA63B3
:10F9E000F5B24987F6B28B99F7B2178CF8B2207F3F
:10F9F000F9B2F294FAB2A74EFBB21096FCB2A498F8
:10FA0000FDB20C66FEB2167340B3E67741B3E877F9
:10FA100042B3EA7743B3EF7744B3F07745B3F17776
:10FA200046B3F27747B3F47748B3F57749B3F7773E
:10FA30004AB3F9774BB3FA774CB3FB774DB3FC7706
:10FA40004EB303784FB3047850B3057851B30678BA
:10FA500052B3077853B3087854B30A7855B30B7888
:10FA600056B30E7857B30F7858B3107859B313784C
:10FA70005AB315785BB319785CB31B785DB31E7805
:10FA80005EB320785FB3217860B3227861B32478C5
:10FA900062B3287863B32A7864B32B7865B32E7881
:10FAA00066B32F7867B3317868B3327869B3337847
:10FAB0006AB335786BB336786CB33D786DB33F7805
:10FAC0006EB341786FB3427870B3437871B34478C2
:10FAD00072B3467873B3487874B3497875B34A788B
:10FAE00076B34B7877B34D7878B34F7879B3517854
:10FAF0007AB353787BB354787CB358787DB3597814
:10FB00007EB35A7880B35B7881B35C7882B35E78D9
:10FB100083B35F7884B3607885B3617886B36278A5
:10FB200087B3637888B3647889B365788AB3667875
:10FB30008BB367788CB368788DB369788EB36F7840
:10FB40008FB3707890B3717891B3727892B3737801
:10FB500093B3747894B3757895B3767896B37878D0
:10FB600097B3797898B37A7899B37B789AB37D789C
:10FB70009BB37E789CB37F789DB380789EB3817869
:10FB80009FB38278A0B38378A1B33A57A2B31D5C28
:10FB9000A3B3385EA4B37F95A5B37F50A6B3A0806E
:10FBA000A7B38253A8B35E65A9B34575AAB331550F
:10FBB000ABB32150ACB3858DADB38462AEB39E942C
:10FBC000AFB31D67B0B33256B1B36E6FB2B3E25D7F
:10FBD000B3B33554B4B39270B5B3668FB6B36F6236
:10FBE000B7B3A464B8B3A363B9B37B5FBAB3886F88
:10FBF000BBB3F490BCB3E381BDB3B08FBEB3185CAC
:10FC0000BFB36866C0B3F15FC1B3896CC2B3489635
:10FC1000C3B3818DC4B36C88C5B39164C6B3F079A6
:10FC2000C7B3CE57C8B3596AC9B31062CAB34854F0
:10FC3000CBB3584ECCB30B7ACDB3E960CEB3846F5F
:10FC4000CFB3DA8BD0B37F62D1B31E90D2B38B9A8D
:10FC5000D3B3E479D4B30354D5B3F475D6B3016305
:10FC6000D7B31953D8B3606CD9B3DF8FDAB31B5F46
:10FC7000DBB3709ADCB33B80DDB37F9FDEB3884F8C
:10FC8000DFB33A5CE0B3648DE1B3C57FE2B3A56551
:10FC9000E3B3BD70E4B34551E5B3B251E6B36B864F
:10FCA000E7B3075DE8B3A05BE9B3BD62EAB36C916B
:10FCB000EBB37475ECB30C8EEDB3207AEEB3016147
:10FCC000EFB3797BF0B3C74EF1B3F87EF2B385772B
:10FCD000F3B3114EF4B3ED81F5B31D52F6B3FA51FF
:10FCE000F7B3716AF8B3A853F9B3878EFAB30495E2
:10FCF000FBB3CF96FCB3C16EFDB36496FEB35A69F5
:10FD000040B4847841B4857842B4867843B4887826
:10FD100044B48A7845B48B7846B48F7847B49078E9
:10FD200048B4927849B494784AB495784BB49678AC
:10FD30004CB499784DB49D784EB49E784FB4A07869
:10FD400050B4A27851B4A47852B4A67853B4A87829
:10FD500054B4A97855B4AA7856B4AB7857B4AC78F3
:10FD600058B4AD7859B4AE785AB4AF785BB4B578BE
:10FD70005CB4B6785DB4B7785EB4B8785FB4BA787E
:10FD800060B4BB7861B4BC7862B4BD7863B4BF784A
:10FD900064B4C07865B4C27866B4C37867B4C47814
:10FDA00068B4C67869B4C7786AB4C8786BB4CC78DC
:10FDB0006CB4CD786DB4CE786EB4CF786FB4D178A2
:10FDC00070B4D27871B4D37872B4D67873B4D7786B
:10FDD00074B4D87875B4DA7876B4DB7877B4DC7834
:10FDE00078B4DD7879B4DE787AB4DF787BB4E07803
:10FDF0007CB4E1787DB4E2787EB4E37880B4E478D2
:10FE000081B4E57882B4E67883B4E77884B4E9789D
:10FE100085B4EA7886B4EB7887B4ED7888B4EE7868
:10FE200089B4EF788AB4F0788BB4F1788CB4F37835
:10FE30008DB4F5788EB4F6788FB4F87890B4F978FC
:10FE400091B4FB7892B4FC7893B4FD7894B4FE78C6
:10FE500095B4FF7896B4007997B4027998B4037991
:10FE600099B404799AB406799BB407799CB408795B
:10FE70009DB409799EB40A799FB40B79A0B40C792A
:10FE8000A1B44078A2B4A850A3B4D777A4B41064A6
:10FE9000A5B4E689A6B40459A7B4E363A8B4DD5DAC
:10FEA000A9B47F7AAAB43D69ABB4204FACB439820F
:10FEB000ADB49855AEB4324EAFB4AE75B0B4977A17
:10FEC000B1B4625EB2B48A5EB3B4EF95B4B41B52FF
:10FED000B5B43954B6B48A70B7B47663B8B424955F
:10FEE000B9B48257BAB42566BBB43F69BCB4879134
:10FEF000BDB40755BEB4F36DBFB4AF7EC0B42288A5
:10FF0000C1B43362C2B4F07EC3B4B575C4B428833F
:10FF1000C5B4C178C6B4CC96C7B49E8FC8B4486186
:10FF2000C9B4F774CAB4CD8BCBB4646BCCB43A52B9
:10FF3000CDB4508DCEB4216BCFB46A80D0B471846F
:10FF4000D1B4F156D2B40653D3B4CE4ED4B41B4E72
:10FF5000D5B4D151D6B4977CD7B48B91D8B4077CA3
:10FF6000D9B4C34FDAB47F8EDBB4E17BDCB49C7AC6
:10FF7000DDB46764DEB4145DDFB4AC50E0B4068178
:10FF8000E1B40176E2B4B97CE3B4EC6DE4B4E07FB3
:10FF9000E5B45167E6B4585BE7B4F85BE8B4CB78F6
:10FFA000E9B4AE64EAB41364EBB4AA63ECB42B63B3
:10FFB000EDB41995EEB42D64EFB4BE8FF0B4547B5C
:10FFC000F1B42976F2B45362F3B42759F4B4465429
:10FFD000F5B4796BF6B4A350F7B43462F8B4265E86
:10FFE000F9B4866BFAB4E34EFBB4378DFCB48B885E
:10FFF000FDB4855FFEB42E9040B50D7941B50E7904
:020000040803EF
:1000000042B50F7943B5107944B5117945B51279E8
:1000100046B5147947B5157948B5167949B51779B4
:100020004AB518794BB519794CB51A794DB51B7984
:100030004EB51C794FB51D7950B51F7951B5207952
:1000400052B5217953B5227954B5237955B525791F
:1000500056B5267957B5277958B5287959B52979EC
:100060005AB52A795BB52B795CB52C795DB52D79BC
:100070005EB52E795FB52F7960B5307961B531798C
:1000800062B5327963B5337964B5357965B536795A
:1000900066B5377967B5387968B5397969B53D7925
:1000A0006AB53F796BB542796CB543796DB54479E2
:1000B0006EB545796FB5477970B54A7971B54B79A9
:1000C00072B54C7973B54D7974B54E7975B54F7974
:1000D00076B5507977B5517978B5527979B5547943
:1000E0007AB555797BB558797CB559797DB5617903
:1000F0007EB5637980B5647981B5667982B56979B1
:1001000083B56A7984B56B7985B56C7986B56E7976
:1001100087B5707988B5717989B572798AB573793F
:100120008BB574798CB575798DB576798EB579790D
:100130008FB57B7990B57C7991B57D7992B57E79D3
:1001400093B57F7994B5827995B5837996B586799B
:1001500097B5877998B5887999B589799AB58B7962
:100160009BB58C799CB58D799DB58E799EB590792E
:100170009FB59179A0B59279A1B52060A2B53D80D7
:10018000A3B5C562A4B5394EA5B55553A6B5F8902B
:10019000A7B5B863A8B5C680A9B5E665AAB52E6CA3
:1001A000ABB5464FACB5EE60ADB5E16DAEB5DE8B2F
:1001B000AFB5395FB0B5CB86B1B5535FB2B521638A
:1001C000B3B55A51B4B56183B5B56368B6B50052DD
:1001D000B7B56363B8B5488EB9B51250BAB59B5C74
:1001E000BBB57779BCB5FC5BBDB53052BEB53B7ACB
:1001F000BFB5BC60C0B55390C1B5D776C2B5B75FC7
:10020000C3B5975FC4B58476C5B56C8EC6B56F703F
:10021000C7B57B76C8B5497BC9B5AA77CAB5F351CE
:10022000CBB59390CCB52458CDB54E4FCEB5F46E2A
:10023000CFB5EA8FD0B54C65D1B51B7BD2B5C472B2
:10024000D3B5A46DD4B5DF7FD5B5E15AD6B5B562C7
:10025000D7B5955ED8B53057D9B58284DAB52C7B41
:10026000DBB51D5EDCB51F5FDDB51290DEB5147F1A
:10027000DFB5A098E0B58263E1B5C76EE2B59878C6
:10028000E3B5B970E4B57851E5B55B97E6B5AB5722
:10029000E7B53575E8B5434FE9B53875EAB5975E0A
:1002A000EBB5E660ECB56059EDB5C06DEEB5BF6B72
:1002B000EFB58978F0B5FC53F1B5D596F2B5CB51D1
:1002C000F3B50152F4B58963F5B50A54F6B59394C4
:1002D000F7B5038CF8B5CC8DF9B53972FAB59F78BE
:1002E000FBB57687FCB5ED8FFDB50D8CFEB5E05303
:1002F00040B6937941B6947942B6957943B69679EA
:1003000044B6977945B6987946B6997947B69B79B8
:1003100048B69C7949B69D794AB69E794BB69F7985
:100320004CB6A0794DB6A1794EB6A2794FB6A37955
:1003300050B6A47951B6A57952B6A67953B6A87924
:1003400054B6A97955B6AA7956B6AB7957B6AC79F1
:1003500058B6AD7959B6AE795AB6AF795BB6B079C1
:100360005CB6B1795DB6B2795EB6B4795FB6B5798F
:1003700060B6B67961B6B77962B6B87963B6BC795A
:1003800064B6BF7965B6C27966B6C47967B6C57911
:1003900068B6C77969B6C8796AB6CA796BB6CC79D6
:1003A0006CB6CE796DB6CF796EB6D0796FB6D3799B
:1003B00070B6D47971B6D67972B6D77973B6D97961
:1003C00074B6DA7975B6DB7976B6DC7977B6DD792D
:1003D00078B6DE7979B6E0797AB6E1797BB6E279FA
:1003E0007CB6E5797DB6E8797EB6EA7980B6EC79B7
:1003F00081B6EE7982B6F17983B6F27984B6F37973
:1004000085B6F47986B6F57987B6F67988B6F77940
:1004100089B6F9798AB6FA798BB6FC798CB6FE7909
:100420008DB6FF798EB6017A8FB6047A90B6057ACA
:1004300091B6077A92B6087A93B6097A94B60A7A90
:1004400095B60C7A96B60F7A97B6107A98B6117A56
:1004500099B6127A9AB6137A9BB6157A9CB6167A22
:100460009DB6187A9EB6197A9FB61B7AA0B61C7AEA
:10047000A1B6014EA2B6EF76A3B6EE53A4B6899408
:10048000A5B67698A6B60E9FA7B62D95A8B69A5B88
:10049000A9B6A28BAAB6224EABB61C4EACB6AC51D6
:1004A000ADB66384AEB6C261AFB6A852B0B60B6843
:1004B000B1B6974FB2B66B60B3B6BB51B4B61E6D52
:1004C000B5B65C51B6B69662B7B69765B8B66196E2
:1004D000B9B6468CBAB61790BBB6D875BCB6FD9007
:1004E000BDB66377BEB6D26BBFB68A72C0B6EC72C9
:1004F000C1B6FB8BC2B63558C3B67977C4B64C8D3E
:10050000C5B65C67C6B64095C7B69A80C8B6A65E43
:10051000C9B6216ECAB69259CBB6EF7ACCB6ED7792
:10052000CDB63B95CEB6B56BCFB6AD65D0B60E7F2A
:10053000D1B60658D2B65151D3B61F96D4B6F95B90
:10054000D5B6A958D6B62854D7B6728ED8B6666531
:10055000D9B67F98DAB6E456DBB69D94DCB6FE7663
:10056000DDB64190DEB68763DFB6C654E0B61A59F1
:10057000E1B63A59E2B69B57E3B6B28EE4B63567B8
:10058000E5B6FA8DE6B63582E7B64152E8B6F060D8
:10059000E9B61558EAB6FE86EBB6E85CECB6459EC1
:1005A000EDB6C44FEEB69D98EFB6B98BF0B6255AAE
:1005B000F1B67660F2B68453F3B67C62F4B64F902F
:1005C000F5B60291F6B67F99F7B66960F8B60C8079
:1005D000F9B63F51FAB63380FBB6145CFCB6759998
:1005E000FDB6316DFEB68C4E40B71D7A41B71F7A0D
:1005F00042B7217A43B7227A44B7247A45B7257A9D
:1006000046B7267A47B7277A48B7287A49B7297A6A
:100610004AB72A7A4BB72B7A4CB72C7A4DB72D7A3A
:100620004EB72E7A4FB72F7A50B7307A51B7317A0A
:1006300052B7327A53B7347A54B7357A55B7367AD7
:1006400056B7387A57B73A7A58B73E7A59B7407A98
:100650005AB7417A5BB7427A5CB7437A5DB7447A5E
:100660005EB7457A5FB7477A60B7487A61B7497A2B
:1006700062B74A7A63B74B7A64B74C7A65B74D7AFA
:1006800066B74E7A67B74F7A68B7507A69B7527AC9
:100690006AB7537A6BB7547A6CB7557A6DB7567A96
:1006A0006EB7587A6FB7597A70B75A7A71B75B7A62
:1006B00072B75C7A73B75D7A74B75E7A75B75F7A32
:1006C00076B7607A77B7617A78B7627A79B7637A02
:1006D0007AB7647A7BB7657A7CB7667A7DB7677AD2
:1006E0007EB7687A80B7697A81B76A7A82B76B7A9F
:1006F00083B76C7A84B76D7A85B76E7A86B76F7A6E
:1007000087B7717A88B7727A89B7737A8AB7757A38
:100710008BB77B7A8CB77C7A8DB77D7A8EB77E7AF1
:100720008FB7827A90B7857A91B7877A92B7897AAC
:1007300093B78A7A94B78B7A95B78C7A96B78E7A74
:1007400097B78F7A98B7907A99B7937A9AB7947A3D
:100750009BB7997A9CB79A7A9DB79B7A9EB79E7AF7
:100760009FB7A17AA0B7A27AA1B7308DA2B7D15313
:10077000A3B75A7FA4B74F7BA5B7104FA6B74F4E6C
:10078000A7B70096A8B7D56CA9B7D073AAB7E98563
:10079000ABB7065EACB76A75ADB7FB7FAEB70A6A9A
:1007A000AFB7FE77B0B79294B1B7417EB2B7E1511F
:1007B000B3B7E670B4B7CD53B5B7D48FB6B703832C
:1007C000B7B7298DB8B7AF72B9B76D99BAB7DB6C47
:1007D000BBB74A57BCB7B382BDB7B965BEB7AA802D
:1007E000BFB73F62C0B73296C1B7A859C2B7FF4E74
:1007F000C3B7BF8BC4B7BA7EC5B73E65C6B7F28371
:10080000C7B75E97C8B76155C9B7DE98CAB7A580A4
:10081000CBB72A53CCB7FD8BCDB72054CEB7BA8017
:10082000CFB79F5ED0B7B86CD1B7398DD2B7AC8295
:10083000D3B75A91D4B72954D5B71B6CD6B7065243
:10084000D7B7B77ED8B75F57D9B71A71DAB77E6C0A
:10085000DBB7897CDCB74B59DDB7FD4EDEB7FF5FF8
:10086000DFB72461E0B7AA7CE1B7304EE2B7015CA4
:10087000E3B7AB67E4B70287E5B7F05CE6B70B9583
:10088000E7B7CE98E8B7AF75E9B7FD70EAB7229041
:10089000EBB7AF51ECB71D7FEDB7BD8BEEB7495944
:1008A000EFB7E451F0B75B4FF1B72654F2B72B59CD
:1008B000F3B77765F4B7A480F5B7755BF6B77662E2
:1008C000F7B7C262F8B7908FF9B7455EFAB71F6CF9
:1008D000FBB7267BFCB70F4FFDB7D84FFEB70D67B0
:1008E00040B8A37A41B8A47A42B8A77A43B8A97AA3
:1008F00044B8AA7A45B8AB7A46B8AE7A47B8AF7A68
:1009000048B8B07A49B8B17A4AB8B27A4BB8B47A32
:100910004CB8B57A4DB8B67A4EB8B77A4FB8B87AFF
:1009200050B8B97A51B8BA7A52B8BB7A53B8BC7ACF
:1009300054B8BD7A55B8BE7A56B8C07A57B8C17A9D
:1009400058B8C27A59B8C37A5AB8C47A5BB8C57A6B
:100950005CB8C67A5DB8C77A5EB8C87A5FB8C97A3B
:1009600060B8CA7A61B8CC7A62B8CD7A63B8CE7A08
:1009700064B8CF7A65B8D07A66B8D17A67B8D27AD7
:1009800068B8D37A69B8D47A6AB8D57A6BB8D77AA6
:100990006CB8D87A6DB8DA7A6EB8DB7A6FB8DC7A70
:1009A00070B8DD7A71B8E17A72B8E27A73B8E47A35
:1009B00074B8E77A75B8E87A76B8E97A77B8EA7AF7
:1009C00078B8EB7A79B8EC7A7AB8EE7A7BB8F07AC4
:1009D0007CB8F17A7DB8F27A7EB8F37A80B8F47A8E
:1009E00081B8F57A82B8F67A83B8F77A84B8F87A5B
:1009F00085B8FB7A86B8FC7A87B8FE7A88B8007B1F
:100A000089B8017B8AB8027B8BB8057B8CB8077BE1
:100A10008DB8097B8EB80C7B8FB80D7B90B80E7BA0
:100A200091B8107B92B8127B93B8137B94B8167B65
:100A300095B8177B96B8187B97B81A7B98B81C7B2B
:100A400099B81D7B9AB81F7B9BB8217B9CB8227BF1
:100A50009DB8237B9EB8277B9FB8297BA0B82D7BB0
:100A6000A1B86E6DA2B8AA6DA3B88F79A4B8B188E9
:100A7000A5B8175FA6B82B75A7B89A62A8B8858FD6
:100A8000A9B8EF4FAAB8DC91ABB8A765ACB82F8175
:100A9000ADB85181AEB89C5EAFB85081B0B8748D1E
:100AA000B1B86F52B2B88689B3B84B8DB4B80D598E
:100AB000B5B88550B6B8D84EB7B81C96B8B8367227
:100AC000B9B87981BAB81F8DBBB8CC5BBCB8A38B61
:100AD000BDB84496BEB88759BFB81A7FC0B8905405
:100AE000C1B87656C2B80E56C3B8E58BC4B83965DE
:100AF000C5B88269C6B89994C7B8D676C8B8896EA1
:100B0000C9B8725ECAB81875CBB84667CCB8D16799
:100B1000CDB8FF7ACEB89D80CFB8768DD0B81F61A2
:100B2000D1B8C679D2B86265D3B8638DD4B88851CC
:100B3000D5B81A52D6B8A294D7B8387FD8B89B8007
:100B4000D9B8B27EDAB8975CDBB82F6EDCB86067D4
:100B5000DDB8D97BDEB88B76DFB8D89AE0B88F8164
:100B6000E1B8947FE2B8D57CE3B81E64E4B8509550
:100B7000E5B83F7AE6B84A54E7B8E554E8B84C6BB4
:100B8000E9B80164EAB80862EBB83D9EECB8F380BE
:100B9000EDB89975EEB87252EFB86997F0B85B840A
:100BA000F1B83C68F2B8E486F3B80196F4B89496CC
:100BB000F5B8EC94F6B82A4EF7B80454F8B8D97ED4
:100BC000F9B83968FAB8DF8DFBB81580FCB8F4665F
:100BD000FDB89A5EFEB8B97F40B92F7B41B9307B32
:100BE00042B9327B43B9347B44B9357B45B9367B56
:100BF00046B9377B47B9397B48B93B7B49B93D7B1F
:100C00004AB93F7B4BB9407B4CB9417B4DB9427BE4
:100C10004EB9437B4FB9447B50B9467B51B9487BB1
:100C200052B94A7B53B94D7B54B94E7B55B9537B6E
:100C300056B9557B57B9577B58B9597B59B95C7B25
:100C40005AB95E7B5BB95F7B5CB9617B5DB9637BE5
:100C50005EB9647B5FB9657B60B9667B61B9677BB0
:100C600062B9687B63B9697B64B96A7B65B96B7B80
:100C700066B96C7B67B96D7B68B96F7B69B9707B4E
:100C80006AB9737B6BB9747B6CB9767B6DB9787B11
:100C90006EB97A7B6FB97C7B70B97D7B71B97F7BD4
:100CA00072B9817B73B9827B74B9837B75B9847B9C
:100CB00076B9867B77B9877B78B9887B79B9897B68
:100CC0007AB98A7B7BB98B7B7CB98C7B7DB98E7B37
:100CD0007EB98F7B80B9917B81B9927B82B9937BFE
:100CE00083B9967B84B9987B85B9997B86B99A7BC1
:100CF00087B99B7B88B99E7B89B99F7B8AB9A07B8A
:100D00008BB9A37B8CB9A47B8DB9A57B8EB9AE7B47
:100D10008FB9AF7B90B9B07B91B9B27B92B9B37BFD
:100D200093B9B57B94B9B67B95B9B77B96B9B97BC6
:100D300097B9BA7B98B9BB7B99B9BC7B9AB9BD7B93
:100D40009BB9BE7B9CB9BF7B9DB9C07B9EB9C27B62
:100D50009FB9C37BA0B9C47BA1B9C257A2B93F80D8
:100D6000A3B99768A4B9E55DA5B93B65A6B99F523B
:100D7000A7B96D60A8B99A9FA9B99B4FAAB9AC8EC3
:100D8000ABB96C51ACB9AB5BADB9135FAEB9E95D52
:100D9000AFB95E6CB0B9F162B1B9218DB2B9715120
:100DA000B3B9A994B4B9FE52B5B99F6CB6B9DF8294
:100DB000B7B9D772B8B9A257B9B98467BAB92D8D86
:100DC000BBB91F59BCB99C8FBDB9C783BEB9955477
:100DD000BFB98D7BC0B9304FC1B9BD6CC2B9645BBE
:100DE000C3B9D159C4B9139FC5B9E453C6B9CA86AA
:100DF000C7B9A89AC8B9378CC9B9A180CAB945651D
:100E0000CBB97E98CCB9FA56CDB9C796CEB92E5289
:100E1000CFB9DC74D0B95052D1B9E15BD2B9026319
:100E2000D3B90289D4B9564ED5B9D062D6B92A60A1
:100E3000D7B9FA68D8B97351D9B9985BDAB9A05162
:100E4000DBB9C289DCB9A17BDDB98699DEB9507FF7
:100E5000DFB9EF60E0B94C70E1B92F8DE2B94951CB
:100E6000E3B97F5EE4B91B90E5B97074E6B9C48953
:100E7000E7B92D57E8B94578E9B9525FEAB99F9FBC
:100E8000EBB9FA95ECB9688FEDB93C9BEEB9E18B03
:100E9000EFB97876F0B94268F1B9DC67F2B9EA8D5A
:100EA000F3B9358DF4B93D52F5B98A8FF6B9DA6EDA
:100EB000F7B9CD68F8B90595F9B9ED90FAB9FD56CD
:100EC000FBB99C67FCB9F988FDB9C78FFEB9C85456
:100ED00040BAC57B41BAC87B42BAC97B43BACA7B18
:100EE00044BACB7B45BACD7B46BACE7B47BACF7BE3
:100EF00048BAD07B49BAD27B4ABAD47B4BBAD57BAD
:100F00004CBAD67B4DBAD77B4EBAD87B4FBADB7B77
:100F100050BADC7B51BADE7B52BADF7B53BAE07B3E
:100F200054BAE27B55BAE37B56BAE47B57BAE77B07
:100F300058BAE87B59BAE97B5ABAEB7B5BBAEC7BCF
:100F40005CBAED7B5DBAEF7B5EBAF07B5FBAF27B99
:100F500060BAF37B61BAF47B62BAF57B63BAF67B65
:100F600064BAF87B65BAF97B66BAFA7B67BAFB7B31
:100F700068BAFD7B69BAFF7B6ABA007C6BBA017CF8
:100F80006CBA027C6DBA037C6EBA047C6FBA057CC5
:100F900070BA067C71BA087C72BA097C73BA0A7C92
:100FA00074BA0D7C75BA0E7C76BA107C77BA117C57
:100FB00078BA127C79BA137C7ABA147C7BBA157C25
:100FC0007CBA177C7DBA187C7EBA197C80BA1A7CF0
:100FD00081BA1B7C82BA1C7C83BA1D7C84BA1E7CBD
:100FE00085BA207C86BA217C87BA227C88BA237C89
:100FF00089BA247C8ABA257C8BBA287C8CBA297C55
:101000008DBA2B7C8EBA2C7C8FBA2D7C90BA2E7C1C
:1010100091BA2F7C92BA307C93BA317C94BA327CEC
:1010200095BA337C96BA347C97BA357C98BA367CBC
:1010300099BA377C9ABA397C9BBA3A7C9CBA3B7C89
:101040009DBA3C7C9EBA3D7C9FBA3E7CA0BA427C55
:10105000A1BAB89AA2BA695BA3BA776DA4BA266C92
:10106000A5BAA54EA6BAB35BA7BA879AA8BA6391E8
:10107000A9BAA861AABAAF90ABBAE997ACBA2B5497
:10108000ADBAB56DAEBAD25BAFBAFD51B0BA8A5542
:10109000B1BA557FB2BAF07FB3BABC64B4BA4D638B
:1010A000B5BAF165B6BABE61B7BA8D60B8BA0A71A1
:1010B000B9BA576CBABA496CBBBA2F59BCBA6D678A
:1010C000BDBA2A82BEBAD558BFBA8E56C0BA6A8C8B
:1010D000C1BAEB6BC2BADD90C3BA7D59C4BA1780EE
:1010E000C5BAF753C6BA696DC7BA7554C8BA9D5523
:1010F000C9BA7783CABACF83CBBA3868CCBABE79BB
:10110000CDBA8C54CEBA554FCFBA0854D0BAD27695
:10111000D1BA898CD2BA0296D3BAB36CD4BAB86DAC
:10112000D5BA6B8DD6BA1089D7BA649ED8BA3A8D23
:10113000D9BA3F56DABAD19EDBBAD575DCBA885F28
:10114000DDBAE072DEBA6860DFBAFC54E0BAA84EDD
:10115000E1BA2A6AE2BA6188E3BA5260E4BA708FEF
:10116000E5BAC454E6BAD870E7BA7986E8BA3F9EC1
:10117000E9BA2A6DEABA8F5BEBBA185FECBAA27EC5
:10118000EDBA8955EEBAAF4FEFBA3473F0BA3C54AA
:10119000F1BA9A53F2BA1950F3BA0E54F4BA7C5415
:1011A000F5BA4E4EF6BAFD5FF7BA5A74F8BAF65869
:1011B000F9BA6B84FABAE180FBBA7487FCBAD072D0
:1011C000FDBACA7CFEBA566E40BB437C41BB447C30
:1011D00042BB457C43BB467C44BB477C45BB487C0B
:1011E00046BB497C47BB4A7C48BB4B7C49BB4C7CDB
:1011F0004ABB4E7C4BBB4F7C4CBB507C4DBB517CA7
:101200004EBB527C4FBB537C50BB547C51BB557C76
:1012100052BB567C53BB577C54BB587C55BB597C46
:1012200056BB5A7C57BB5B7C58BB5C7C59BB5D7C16
:101230005ABB5E7C5BBB5F7C5CBB607C5DBB617CE6
:101240005EBB627C5FBB637C60BB647C61BB657CB6
:1012500062BB667C63BB677C64BB687C65BB697C86
:1012600066BB6A7C67BB6B7C68BB6C7C69BB6D7C56
:101270006ABB6E7C6BBB6F7C6CBB707C6DBB717C26
:101280006EBB727C6FBB757C70BB767C71BB777CF0
:1012900072BB787C73BB797C74BB7A7C75BB7E7CBB
:1012A00076BB7F7C77BB807C78BB817C79BB827C82
:1012B0007ABB837C7BBB847C7CBB857C7DBB867C52
:1012C0007EBB877C80BB887C81BB8A7C82BB8B7C1D
:1012D00083BB8C7C84BB8D7C85BB8E7C86BB8F7CEA
:1012E00087BB907C88BB937C89BB947C8ABB967CB3
:1012F0008BBB997C8CBB9A7C8DBB9B7C8EBBA07C72
:101300008FBBA17C90BBA37C91BBA67C92BBA77C2E
:1013100093BBA87C94BBA97C95BBAB7C96BBAC7CF7
:1013200097BBAD7C98BBAF7C99BBB07C9ABBB47CBF
:101330009BBBB57C9CBBB67C9DBBB77C9EBBB87C85
:101340009FBBBA7CA0BBBB7CA1BB275FA2BB4E8668
:10135000A3BB2C55A4BBA462A5BB924EA6BBAA6C92
:10136000A7BB3762A8BBB182A9BBD754AABB4E5357
:10137000ABBB3E73ACBBD16EADBB3B75AEBB1252CB
:10138000AFBB1653B0BBDD8BB1BBD069B2BB8A5FBC
:10139000B3BB0060B4BBEE6DB5BB4F57B6BB226BA1
:1013A000B7BBAF73B8BB5368B9BBD88FBABB137F99
:1013B000BBBB6263BCBBA360BDBB2455BEBBEA75AF
:1013C000BFBB628CC0BB1571C1BBA36DC2BBA65BAA
:1013D000C3BB7B5EC4BB5283C5BB4C61C6BBC49E52
:1013E000C7BBFA78C8BB5787C9BB277CCABB8776FF
:1013F000CBBBF051CCBBF660CDBB4C71CEBB4366D2
:10140000CFBB4C5ED0BB4D60D1BB0E8CD2BB7070DD
:10141000D3BB2563D4BB898FD5BBBD5FD6BB626010
:10142000D7BBD486D8BBDE56D9BBC16BDABB9460C0
:10143000DBBB6761DCBB4953DDBBE060DEBB6666DE
:10144000DFBB3F8DE0BBFD79E1BB1A4FE2BBE9702A
:10145000E3BB476CE4BBB38BE5BBF28BE6BBD87E4A
:10146000E7BB6483E8BB0F66E9BB5A5AEABB429B01
:10147000EBBB516DECBBF76DEDBB418CEEBB3B6D37
:10148000EFBB194FF0BB6B70F1BBB783F2BB1662B9
:10149000F3BBD160F4BB0D97F5BB278DF6BB787914
:1014A000F7BBFB51F8BB3E57F9BBFA57FABB3A679B
:1014B000FBBB7875FCBB3D7AFDBBEF79FEBB957B32
:1014C00040BCBF7C41BCC07C42BCC27C43BCC37C32
:1014D00044BCC47C45BCC67C46BCC97C47BCCB7CF8
:1014E00048BCCE7C49BCCF7C4ABCD07C4BBCD17CB8
:1014F0004CBCD27C4DBCD37C4EBCD47C4FBCD87C85
:1015000050BCDA7C51BCDB7C52BCDD7C53BCDE7C45
:1015100054BCE17C55BCE27C56BCE37C57BCE47C0B
:1015200058BCE57C59BCE67C5ABCE77C5BBCE97CDA
:101530005CBCEA7C5DBCEB7C5EBCEC7C5FBCED7CA7
:1015400060BCEE7C61BCF07C62BCF17C63BCF27C74
:1015500064BCF37C65BCF47C66BCF57C67BCF67C43
:1015600068BCF77C69BCF97C6ABCFA7C6BBCFC7C0F
:101570006CBCFD7C6DBCFE7C6EBCFF7C6FBC007DDA
:1015800070BC017D71BC027D72BC037D73BC047DA7
:1015900074BC057D75BC067D76BC077D77BC087D77
:1015A00078BC097D79BC0B7D7ABC0C7D7BBC0D7D44
:1015B0007CBC0E7D7DBC0F7D7EBC107D80BC117D12
:1015C00081BC127D82BC137D83BC147D84BC157DDF
:1015D00085BC167D86BC177D87BC187D88BC197DAF
:1015E00089BC1A7D8ABC1B7D8BBC1C7D8CBC1D7D7F
:1015F0008DBC1E7D8EBC1F7D8FBC217D90BC237D4C
:1016000091BC247D92BC257D93BC267D94BC287D15
:1016100095BC297D96BC2A7D97BC2C7D98BC2D7DE0
:1016200099BC2E7D9ABC307D9BBC317D9CBC327DAB
:101630009DBC337D9EBC347D9FBC357DA0BC367D7A
:10164000A1BC8C80A2BC6599A3BCF98FA4BCC06F5F
:10165000A5BCA58BA6BC219EA7BCEC59A8BCE97E65
:10166000A9BC097FAABC0954ABBC8167ACBCD868D3
:10167000ADBC918FAEBC4D7CAFBCC696B0BCCA535E
:10168000B1BC2560B2BCBE75B3BC726CB4BC735344
:10169000B5BCC95AB6BCA77EB7BC2463B8BCE05180
:1016A000B9BC0A81BABCF15DBBBCDF84BCBC806242
:1016B000BDBC8051BEBC635BBFBC0E4FC0BC6D796E
:1016C000C1BC4252C2BCB860C3BC4E6DC4BCC45B9A
:1016D000C5BCC25BC6BCA18BC7BCB08BC8BCE26535
:1016E000C9BCCC5FCABC4596CBBC9359CCBCE77E89
:1016F000CDBCAA7ECEBC0956CFBCB767D0BC395989
:10170000D1BC734FD2BCB65BD3BCA052D4BC5A83FD
:10171000D5BC8A98D6BC3E8DD7BC3275D8BCBE9499
:10172000D9BC4750DABC3C7ADBBCF74EDCBCB667B0
:10173000DDBC7E9ADEBCC15ADFBC7C6BE0BCD176DE
:10174000E1BC5A57E2BC165CE3BC3A7BE4BCF495BE
:10175000E5BC4E71E6BC7C51E7BCA980E8BC708258
:10176000E9BC7859EABC047FEBBC2783ECBCC068B9
:10177000EDBCEC67EEBCB178EFBC7778F0BCE3620F
:10178000F1BC6163F2BC807BF3BCED4FF4BC6A52E8
:10179000F5BCCF51F6BC5083F7BCDB69F8BC749242
:1017A000F9BCF58DFABC318DFBBCC189FCBC2E9512
:1017B000FDBCAD7BFEBCF64E40BD377D41BD387DE6
:1017C00042BD397D43BD3A7D44BD3B7D45BD3C7D39
:1017D00046BD3D7D47BD3E7D48BD3F7D49BD407D09
:1017E0004ABD417D4BBD427D4CBD437D4DBD447DD9
:1017F0004EBD457D4FBD467D50BD477D51BD487DA9
:1018000052BD497D53BD4A7D54BD4B7D55BD4C7D78
:1018100056BD4D7D57BD4E7D58BD4F7D59BD507D48
:101820005ABD517D5BBD527D5CBD537D5DBD547D18
:101830005EBD557D5FBD567D60BD577D61BD587DE8
:1018400062BD597D63BD5A7D64BD5B7D65BD5C7DB8
:1018500066BD5D7D67BD5E7D68BD5F7D69BD607D88
:101860006ABD617D6BBD627D6CBD637D6DBD647D58
:101870006EBD657D6FBD667D70BD677D71BD687D28
:1018800072BD697D73BD6A7D74BD6B7D75BD6C7DF8
:1018900076BD6D7D77BD6F7D78BD707D79BD717DC5
:1018A0007ABD727D7BBD737D7CBD747D7DBD757D94
:1018B0007EBD767D80BD787D81BD797D82BD7A7D5E
:1018C00083BD7B7D84BD7C7D85BD7D7D86BD7E7D2C
:1018D00087BD7F7D88BD807D89BD817D8ABD827DFC
:1018E0008BBD837D8CBD847D8DBD857D8EBD867DCC
:1018F0008FBD877D90BD887D91BD897D92BD8A7D9C
:1019000093BD8B7D94BD8C7D95BD8D7D96BD8E7D6B
:1019100097BD8F7D98BD907D99BD917D9ABD927D3B
:101920009BBD937D9CBD947D9DBD957D9EBD967D0B
:101930009FBD977DA0BD987DA1BD6550A2BD3082A1
:10194000A3BD5152A4BD6F99A5BD106EA6BD856EF5
:10195000A7BDA76DA8BDFA5EA9BDF550AABDDC590B
:10196000ABBD065CACBD466DADBD5F6CAEBD8675F6
:10197000AFBD8B84B0BD6868B1BD5659B2BDB28BE6
:10198000B3BD2053B4BD7191B5BD4D96B6BD49856B
:10199000B7BD1269B8BD0179B9BD2671BABDF6806F
:1019A000BBBDA44EBCBDCA90BDBD476DBEBD849A33
:1019B000BFBD075AC0BDBC56C1BD0564C2BDF094D1
:1019C000C3BDEB77C4BDA54FC5BD1A81C6BDE172CD
:1019D000C7BDD289C8BD7A99C9BD347FCABDDE7E74
:1019E000CBBD7F52CCBD5965CDBD7591CEBD7F8F2E
:1019F000CFBD838FD0BDEB53D1BD967AD2BDED6301
:101A0000D3BDA563D4BD8676D5BDF879D6BD57883C
:101A1000D7BD3696D8BD2A62D9BDAB52DABD828217
:101A2000DBBD5468DCBD7067DDBD7763DEBD6B7701
:101A3000DFBDED7AE0BD016DE1BDD37EE2BDE3899E
:101A4000E3BDD059E4BD1262E5BDC985E6BDA582FE
:101A5000E7BD4C75E8BD1F50E9BDCB4EEABDA5758D
:101A6000EBBDEB8BECBD4A5CEDBDFE5DEEBD4B7B93
:101A7000EFBDA465F0BDD191F1BDCA4EF2BD256D9B
:101A8000F3BD5F89F4BD277DF5BD2695F6BDC54E36
:101A9000F7BD288CF8BDDB8FF9BD7397FABD4B6697
:101AA000FBBD8179FCBDD18FFDBDEC70FEBD786DB5
:101AB00040BE997D41BE9A7D42BE9B7D43BE9C7DCA
:101AC00044BE9D7D45BE9E7D46BE9F7D47BEA07D9A
:101AD00048BEA17D49BEA27D4ABEA37D4BBEA47D6A
:101AE0004CBEA57D4DBEA77D4EBEA87D4FBEA97D37
:101AF00050BEAA7D51BEAB7D52BEAC7D53BEAD7D06
:101B000054BEAF7D55BEB07D56BEB17D57BEB27DD1
:101B100058BEB37D59BEB47D5ABEB57D5BBEB67DA1
:101B20005CBEB77D5DBEB87D5EBEB97D5FBEBA7D71
:101B300060BEBB7D61BEBC7D62BEBD7D63BEBE7D41
:101B400064BEBF7D65BEC07D66BEC17D67BEC27D11
:101B500068BEC37D69BEC47D6ABEC57D6BBEC67DE1
:101B60006CBEC77D6DBEC87D6EBEC97D6FBECA7DB1
:101B700070BECB7D71BECC7D72BECD7D73BECE7D81
:101B800074BECF7D75BED07D76BED17D77BED27D51
:101B900078BED37D79BED47D7ABED57D7BBED67D21
:101BA0007CBED77D7DBED87D7EBED97D80BEDA7DF0
:101BB00081BEDB7D82BEDC7D83BEDD7D84BEDE7DBD
:101BC00085BEDF7D86BEE07D87BEE17D88BEE27D8D
:101BD00089BEE37D8ABEE47D8BBEE57D8CBEE67D5D
:101BE0008DBEE77D8EBEE87D8FBEE97D90BEEA7D2D
:101BF00091BEEB7D92BEEC7D93BEED7D94BEEE7DFD
:101C000095BEEF7D96BEF07D97BEF17D98BEF27DCC
:101C100099BEF37D9ABEF47D9BBEF57D9CBEF67D9C
:101C20009DBEF77D9EBEF87D9FBEF97DA0BEFA7D6C
:101C3000A1BE3D5CA2BEB252A3BE4683A4BE625109
:101C4000A5BE0E83A6BE5B77A7BE7666A8BEB89C6F
:101C5000A9BEAC4EAABECA60ABBEBE7CACBEB37C55
:101C6000ADBECF7EAEBE954EAFBE668BB0BE6F66CC
:101C7000B1BE8898B2BE5997B3BE8358B4BE6C65E6
:101C8000B5BE5C95B6BE845FB7BEC975B8BE569783
:101C9000B9BEDF7ABABEDE7ABBBEC051BCBEAF7081
:101CA000BDBE987ABEBEEA63BFBE767AC0BEA07ED5
:101CB000C1BE9673C2BEED97C3BE454EC4BE78701A
:101CC000C5BE5D4EC6BE5291C7BEA953C8BE5165C2
:101CD000C9BEE765CABEFC81CBBE0582CCBE8E54B0
:101CE000CDBE315CCEBE9A75CFBEA097D0BED862B5
:101CF000D1BED972D2BEBD75D3BE455CD4BE799A71
:101D0000D5BECA83D6BE405CD7BE8054D8BEE97764
:101D1000D9BE3E4EDABEAE6CDBBE5A80DCBED262AD
:101D2000DDBE6E63DEBEE85DDFBE7751E0BEDD8DF9
:101D3000E1BE1E8EE2BE2F95E3BEF14FE4BEE55339
:101D4000E5BEE760E6BEAC70E7BE6752E8BE506332
:101D5000E9BE439EEABE1F5AEBBE2650ECBE377763
:101D6000EDBE7753EEBEE27EEFBE8564F0BE2B651E
:101D7000F1BE8962F2BE9863F3BE1450F4BE3572B0
:101D8000F5BEC989F6BEB351F7BEC08BF8BEDD7E85
:101D9000F9BE4757FABECC83FBBEA794FCBE9B514D
:101DA000FDBE1B54FEBEFB5C40BFFB7D41BFFC7D06
:101DB00042BFFD7D43BFFE7D44BFFF7D45BF007E2A
:101DC00046BF017E47BF027E48BF037E49BF047EF7
:101DD0004ABF057E4BBF067E4CBF077E4DBF087EC7
:101DE0004EBF097E4FBF0A7E50BF0B7E51BF0C7E97
:101DF00052BF0D7E53BF0E7E54BF0F7E55BF107E67
:101E000056BF117E57BF127E58BF137E59BF147E36
:101E10005ABF157E5BBF167E5CBF177E5DBF187E06
:101E20005EBF197E5FBF1A7E60BF1B7E61BF1C7ED6
:101E300062BF1D7E63BF1E7E64BF1F7E65BF207EA6
:101E400066BF217E67BF227E68BF237E69BF247E76
:101E50006ABF257E6BBF267E6CBF277E6DBF287E46
:101E60006EBF297E6FBF2A7E70BF2B7E71BF2C7E16
:101E700072BF2D7E73BF2E7E74BF2F7E75BF307EE6
:101E800076BF317E77BF327E78BF337E79BF347EB6
:101E90007ABF357E7BBF367E7CBF377E7DBF387E86
:101EA0007EBF397E80BF3A7E81BF3C7E82BF3D7E51
:101EB00083BF3E7E84BF3F7E85BF407E86BF427E1D
:101EC00087BF437E88BF447E89BF457E8ABF467EEA
:101ED0008BBF487E8CBF497E8DBF4A7E8EBF4B7EB6
:101EE0008FBF4C7E90BF4D7E91BF4E7E92BF4F7E86
:101EF00093BF507E94BF517E95BF527E96BF537E56
:101F000097BF547E98BF557E99BF567E9ABF577E25
:101F10009BBF587E9CBF597E9DBF5A7E9EBF5B7EF5
:101F20009FBF5C7EA0BF5D7EA1BFCA4FA2BFE37A08
:101F3000A3BF5A6DA4BFE190A5BF8F9AA6BF8055DD
:101F4000A7BF9654A8BF6153A9BFAF54AABF005FF3
:101F5000ABBFE963ACBF7769ADBFEF51AEBF68619E
:101F6000AFBF0A52B0BF2A58B1BFD852B2BF4E5706
:101F7000B3BF0D78B4BF0B77B5BFB75EB6BF77619F
:101F8000B7BFE07CB8BF5B62B9BF9762BABFA24E71
:101F9000BBBF9570BCBF0380BDBFF762BEBFE4701E
:101FA000BFBF6097C0BF7757C1BFDB82C2BFEF67BB
:101FB000C3BFF568C4BFD578C5BF9798C6BFD179F0
:101FC000C7BFF358C8BFB354C9BFEF53CABF346EBD
:101FD000CBBF4B51CCBF3B52CDBFA25BCEBFFE8B24
:101FE000CFBFAF80D0BF4355D1BFA657D2BF73601C
:101FF000D3BF5157D4BF2D54D5BF7A7AD6BF5060C6
:10200000D7BF545BD8BFA763D9BFA062DABFE35381
:10201000DBBF6362DCBFC75BDDBFAF67DEBFED5414
:10202000DFBF9F7AE0BFE682E1BF7791E2BF935EB8
:10203000E3BFE488E4BF3859E5BFAE57E6BF0E639F
:10204000E7BFE88DE8BFEF80E9BF5757EABF777B6E
:10205000EBBFA94FECBFEB5FEDBFBD5BEEBF3E6BCF
:10206000EFBF2153F0BF507BF1BFC272F2BF466891
:10207000F3BFFF77F4BF3677F5BFF765F6BFB5510D
:10208000F7BF8F4EF8BFD476F9BFBF5CFABFA57A11
:10209000FBBF7584FCBF4E59FDBF419BFEBF805006
:1020A00040C05E7E41C05F7E42C0607E43C0617EB4
:1020B00044C0627E45C0637E46C0647E47C0657E84
:1020C00048C0667E49C0677E4AC0687E4BC0697E54
:1020D0004CC06A7E4DC06B7E4EC06C7E4FC06D7E24
:1020E00050C06E7E51C06F7E52C0707E53C0717EF4
:1020F00054C0727E55C0737E56C0747E57C0757EC4
:1021000058C0767E59C0777E5AC0787E5BC0797E93
:102110005CC07A7E5DC07B7E5EC07C7E5FC07D7E63
:1021200060C07E7E61C07F7E62C0807E63C0817E33
:1021300064C0837E65C0847E66C0857E67C0867EFF
:1021400068C0877E69C0887E6AC0897E6BC08A7ECF
:102150006CC08B7E6DC08C7E6EC08D7E6FC08E7E9F
:1021600070C08F7E71C0907E72C0917E73C0927E6F
:1021700074C0937E75C0947E76C0957E77C0967E3F
:1021800078C0977E79C0987E7AC0997E7BC09A7E0F
:102190007CC09C7E7DC09D7E7EC09E7E80C0AE7ECB
:1021A00081C0B47E82C0BB7E83C0BC7E84C0D67E2C
:1021B00085C0E47E86C0EC7E87C0F97E88C00A7F39
:1021C00089C0107F8AC01E7F8BC0377F8CC0397F4B
:1021D0008DC03B7F8EC03C7F8FC03D7F90C03E7FD7
:1021E00091C03F7F92C0407F93C0417F94C0437FA6
:1021F00095C0467F96C0477F97C0487F98C0497F6B
:1022000099C04A7F9AC04B7F9BC04C7F9CC04D7F3A
:102210009DC04E7F9EC04F7F9FC0527FA0C0537F06
:10222000A1C08899A2C02761A3C0836EA4C06457CF
:10223000A5C00666A6C04663A7C0F056A8C0EC625B
:10224000A9C06962AAC0D35EABC01496ACC0835764
:10225000ADC0C962AEC08755AFC02187B0C04A814A
:10226000B1C0A38FB2C06655B3C0B183B4C06567B7
:10227000B5C0568DB6C0DD84B7C06A5AB8C00F6805
:10228000B9C0E662BAC0EE7BBBC01196BCC070514B
:10229000BDC09C6FBEC0308CBFC0FD63C0C0C889CC
:1022A000C1C0D261C2C0067FC3C0C270C4C0E56EE7
:1022B000C5C00574C6C09469C7C0FC72C8C0CA5EF8
:1022C000C9C0CE90CAC01767CBC06A6DCCC05E6370
:1022D000CDC0B352CEC06272CFC00180D0C06C4FAF
:1022E000D1C0E559D2C06A91D3C0D970D4C09D6D18
:1022F000D5C0D252D6C0504ED7C0F796D8C06D9533
:10230000D9C07E85DAC0CA78DBC02F7DDCC0215100
:10231000DDC09257DEC0C264DFC08B80E0C07B7C32
:10232000E1C0EA6CE2C0F168E3C05E69E4C0B751A5
:10233000E5C09853E6C0A868E7C08172E8C0CE9EA9
:10234000E9C0F17BEAC0F872EBC0BB79ECC0136F57
:10235000EDC00674EEC04E67EFC0CC91F0C0A49CF7
:10236000F1C03C79F2C08983F3C05483F4C00F54A8
:10237000F5C01768F6C03D4EF7C08953F8C0B1529A
:10238000F9C03E78FAC08653FBC02952FCC0885081
:10239000FDC08B4FFEC0D04F40C1567F41C1597F19
:1023A00042C15B7F43C15C7F44C15D7F45C15E7FAD
:1023B00046C1607F47C1637F48C1647F49C1657F73
:1023C0004AC1667F4BC1677F4CC16B7F4DC16C7F3B
:1023D0004EC16D7F4FC16F7F50C1707F51C1737F00
:1023E00052C1757F53C1767F54C1777F55C1787FC5
:1023F00056C17A7F57C17B7F58C17C7F59C17D7F91
:102400005AC17F7F5BC1807F5CC1827F5DC1837F5A
:102410005EC1847F5FC1857F60C1867F61C1877F28
:1024200062C1887F63C1897F64C18B7F65C18D7FF5
:1024300066C18F7F67C1907F68C1917F69C1927FBC
:102440006AC1937F6BC1957F6CC1967F6DC1977F89
:102450006EC1987F6FC1997F70C19B7F71C19C7F56
:1024600072C1A07F73C1A27F74C1A37F75C1A57F14
:1024700076C1A67F77C1A87F78C1A97F79C1AA7FDD
:102480007AC1AB7F7BC1AC7F7CC1AD7F7DC1AE7FAC
:102490007EC1B17F80C1B37F81C1B47F82C1B57F6E
:1024A00083C1B67F84C1B77F85C1BA7F86C1BB7F38
:1024B00087C1BE7F88C1C07F89C1C27F8AC1C37FF7
:1024C0008BC1C47F8CC1C67F8DC1C77F8EC1C87FC1
:1024D0008FC1C97F90C1CB7F91C1CD7F92C1CF7F8A
:1024E00093C1D07F94C1D17F95C1D27F96C1D37F54
:1024F00097C1D67F98C1D77F99C1D97F9AC1DA7F1A
:102500009BC1DB7F9CC1DC7F9DC1DD7F9EC1DE7FE7
:102510009FC1E27FA0C1E37FA1C1E275A2C1CB7AD6
:10252000A3C1927CA4C1A56CA5C1B696A6C19B52BD
:10253000A7C18374A8C1E954A9C1E94FAAC15480B5
:10254000ABC1B283ACC1DE8FADC17095AEC1C95E07
:10255000AFC11C60B0C19F6DB1C1185EB2C15B65F7
:10256000B3C13881B4C1FE94B5C14B60B6C1BC7073
:10257000B7C1C37EB8C1AE7CB9C1C951BAC1816807
:10258000BBC1B17CBCC16F82BDC1244EBEC1868FB0
:10259000BFC1CF91C0C17E66C1C1AE4EC2C1058C64
:1025A000C3C1A964C4C14A80C5C1DA50C6C1977508
:1025B000C7C1CE71C8C1E55BC9C1BD8FCAC1666F55
:1025C000CBC1864ECCC18264CDC16395CEC1D65EEF
:1025D000CFC19965D0C11752D1C1C288D2C1C870CC
:1025E000D3C1A352D4C10E73D5C13374D6C197677A
:1025F000D7C1F778D8C11697D9C1344EDAC1BB908C
:10260000DBC1DE9CDCC1CB6DDDC1DB51DEC1418DA8
:10261000DFC11D54E0C1CE62E1C1B273E2C1F183FA
:10262000E3C1F696E4C1849FE5C1C394E6C1364F89
:10263000E7C19A7FE8C1CC51E9C17570EAC17596CE
:10264000EBC1AD5CECC18698EDC1E653EEC1E44E42
:10265000EFC19C6EF0C10974F1C1B469F2C16B782D
:10266000F3C18F99F4C15975F5C11852F6C124769A
:10267000F7C1416DF8C1F367F9C16D51FAC1999F76
:10268000FBC14B80FCC19954FDC13C7BFEC1BF7AAC
:1026900040C2E47F41C2E77F42C2E87F43C2EA7F93
:1026A00044C2EB7F45C2EC7F46C2ED7F47C2EF7F5D
:1026B00048C2F27F49C2F47F4AC2F57F4BC2F67F1F
:1026C0004CC2F77F4DC2F87F4EC2F97F4FC2FA7FEE
:1026D00050C2FD7F51C2FE7F52C2FF7F53C20280B3
:1026E00054C2078055C2088056C2098057C20A806A
:1026F00058C20E8059C20F805AC211805BC213802B
:102700005CC21A805DC21B805EC21D805FC21E80DB
:1027100060C21F8061C2218062C2238063C22480A4
:1027200064C22B8065C22C8066C22D8067C22E8059
:1027300068C22F8069C230806AC232806BC2348026
:102740006CC239806DC23A806EC23C806FC23E80DE
:1027500070C2408071C2418072C2448073C24580A1
:1027600074C2478075C2488076C2498077C24E8065
:1027700078C24F8079C250807AC251807BC2538028
:102780007CC255807DC256807EC2578080C25980EF
:1027900081C25B8082C25C8083C25D8084C25E80B5
:1027A00085C25F8086C2608087C2618088C2628085
:1027B00089C263808AC264808BC265808CC2668055
:1027C0008DC267808EC268808FC26B8090C26C8021
:1027D00091C26D8092C26E8093C26F8094C27080ED
:1027E00095C2728096C2738097C2748098C27580B9
:1027F00099C276809AC277809BC278809CC2798089
:102800009DC27A809EC27B809FC27C80A0C27D8058
:10281000A1C28696A2C28457A3C2E262A4C247960E
:10282000A5C27C69A6C2045AA7C20264A8C2D37B0F
:10283000A9C20F6FAAC24B96ABC2A682ACC26253AA
:10284000ADC28598AEC2905EAFC28970B0C2B363AC
:10285000B1C26453B2C24F86B3C2819CB4C2939ECC
:10286000B5C28C78B6C23297B7C2EF8DB8C2428D6E
:10287000B9C27F9EBAC25E6FBBC28479BCC2555FCB
:10288000BDC24696BEC22E62BFC2749AC0C2155463
:10289000C1C2DD94C2C2A34FC3C2C565C4C2655CD8
:1028A000C5C2615CC6C2157FC7C25186C8C22F6C43
:1028B000C9C28B5FCAC28773CBC2E46ECCC2FF7E33
:1028C000CDC2E65CCEC21B63CFC26A5BD0C2E66EED
:1028D000D1C27553D2C2714ED3C2A063D4C2657542
:1028E000D5C2A162D6C26E8FD7C2264FD8C2D14EF2
:1028F000D9C2A66CDAC2B67EDBC2BA8BDCC21D843A
:10290000DDC2BA87DEC2577FDFC23B90E0C22395AB
:10291000E1C2A97BE2C2A19AE3C2F888E4C23D8485
:10292000E5C21B6DE6C2869AE7C2DC7EE8C2885922
:10293000E9C2BB9EEAC29B73EBC20178ECC28286FD
:10294000EDC26C9AEEC2829AEFC21B56F0C21754C7
:10295000F1C2CB57F2C2704EF3C2A69EF4C25653D8
:10296000F5C2C88FF6C20981F7C29277F8C2929970
:10297000F9C2EE86FAC2E16EFBC21385FCC2FC66A8
:10298000FDC26261FEC22B6F40C37E8041C3818065
:1029900042C3828043C3858044C3888045C38A8004
:1029A00046C38D8047C38E8048C38F8049C39080C3
:1029B0004AC391804BC392804CC394804DC3958091
:1029C0004EC397804FC3998050C39E8051C3A3804C
:1029D00052C3A68053C3A78054C3A88055C3AC80FC
:1029E00056C3B08057C3B38058C3B58059C3B680AF
:1029F0005AC3B8805BC3B9805CC3BB805DC3C5806C
:102A00005EC3C7805FC3C88060C3C98061C3CA801A
:102A100062C3CB8063C3CF8064C3D08065C3D180E1
:102A200066C3D28067C3D38068C3D48069C3D580AE
:102A30006AC3D8806BC3DF806CC3E0806DC3E28063
:102A40006EC3E3806FC3E68070C3EE8071C3F58010
:102A500072C3F78073C3F98074C3FB8075C3FE80B3
:102A600076C3FF8077C3008178C3018179C3038176
:102A70007AC304817BC305817CC307817DC3088140
:102A80007EC30B8180C30C8181C3158182C31781F2
:102A900083C3198184C31B8185C31C8186C31D81A7
:102AA00087C31F8188C3208189C321818AC3228172
:102AB0008BC323818CC324818DC325818EC3268142
:102AC0008FC3278190C3288191C3298192C32A8112
:102AD00093C32B8194C32D8195C32E8196C33081DE
:102AE00097C3338198C3348199C335819AC33781A1
:102AF0009BC339819CC33A819DC33B819EC33C816A
:102B00009FC33D81A0C33F81A1C3298CA2C39282F0
:102B1000A3C32B83A4C3F276A5C3136CA6C3D95F4A
:102B2000A7C3BD83A8C32B73A9C30583AAC31A95E2
:102B3000ABC3DB6BACC3DB77ADC3C694AEC36F5323
:102B4000AFC30283B0C39251B1C33D5EB2C38C8C9C
:102B5000B3C3388DB4C3484EB5C3AB73B6C39A671D
:102B6000B7C38568B8C37691B9C30997BAC364710E
:102B7000BBC3A16CBCC30977BDC3925ABEC3419508
:102B8000BFC3CF6BC0C38E7FC1C32766C2C3D05B38
:102B9000C3C3B959C4C39A5AC5C3E895C6C3F79508
:102BA000C7C3EC4EC8C30C84C9C39984CAC3AC6AFA
:102BB000CBC3DF76CCC33095CDC31B73CEC3A66821
:102BC000CFC35F5BD0C32F77D1C39A91D2C3619734
:102BD000D3C3DC7CD4C3F78FD5C31C8CD6C3255F8D
:102BE000D7C3737CD8C3D879D9C3C589DAC3CC6CB1
:102BF000DBC31C87DCC3C65BDDC3425EDEC3C968C2
:102C0000DFC32077E0C3F57EE1C39551E2C34D51A8
:102C1000E3C3C952E4C3295AE5C3057FE6C36297FB
:102C2000E7C3D782E8C3CF63E9C38477EAC3D0851B
:102C3000EBC3D279ECC33A6EEDC3995EEEC39959FA
:102C4000EFC31185F0C36D70F1C3116CF2C3BF62A5
:102C5000F3C3BF76F4C34F65F5C3AF60F6C3FD950C
:102C6000F7C30E66F8C39F87F9C3239EFAC3ED949A
:102C7000FBC30D54FCC37D54FDC32C8CFEC3786490
:102C800040C4408141C4418142C4428143C4438124
:102C900044C4448145C4458146C4478147C44981F1
:102CA00048C44D8149C44E814AC44F814BC45281AE
:102CB0004CC456814DC457814EC458814FC45B816A
:102CC00050C45C8151C45D8152C45E8153C45F8134
:102CD00054C4618155C4628156C4638157C4648100
:102CE00058C4668159C468815AC46A815BC46B81C7
:102CF0005CC46C815DC46F815EC472815FC473818A
:102D000060C4758161C4768162C4778163C478814F
:102D100064C4818165C4838166C4848167C48581FC
:102D200068C4868169C487816AC489816BC48B81C8
:102D30006CC48C816DC48D816EC48E816FC4908192
:102D400070C4928171C4938172C4948173C495815B
:102D500074C4968175C4978176C4998177C49A8129
:102D600078C49E8179C49F817AC4A0817BC4A181EB
:102D70007CC4A2817DC4A4817EC4A58180C4A781B6
:102D800081C4A98182C4AB8183C4AC8184C4AD8178
:102D900085C4AE8186C4AF8187C4B08188C4B18147
:102DA00089C4B2818AC4B4818BC4B5818CC4B68114
:102DB0008DC4B7818EC4B8818FC4B98190C4BC81E1
:102DC00091C4BD8192C4BE8193C4BF8194C4C481A7
:102DD00095C4C58196C4C78197C4C88198C4C98168
:102DE00099C4CB819AC4CD819BC4CE819CC4CF8130
:102DF0009DC4D0819EC4D1819FC4D281A0C4D381FF
:102E0000A1C47964A2C41186A3C4216AA4C49C810C
:102E1000A5C4E878A6C46964A7C4549BA8C4B962D1
:102E2000A9C42B67AAC4AB83ABC4A858ACC4D89EB2
:102E3000ADC4AB6CAEC4206FAFC4DE5BB0C44C9607
:102E4000B1C40B8CB2C45F72B3C4D067B4C4C762E0
:102E5000B5C46172B6C4A94EB7C4C659B8C4CD6B67
:102E6000B9C49358BAC4AE66BBC4555EBCC4DF5285
:102E7000BDC45561BEC42867BFC4EE76C0C46677C2
:102E8000C1C46772C2C4467AC3C4FF62C4C4EA54F0
:102E9000C5C45054C6C4A094C7C4A390C8C41C5A87
:102EA000C9C4B37ECAC4166CCBC4434ECCC47659D5
:102EB000CDC41080CEC44859CFC45753D0C4377541
:102EC000D1C4BE96D2C4CA56D3C42063D4C411811F
:102ED000D5C47C60D6C4F995D7C4D66DD8C4625425
:102EE000D9C48199DAC48551DBC4E95ADCC4FD80B8
:102EF000DDC4AE59DEC41397DFC42A50E0C4E56CCC
:102F0000E1C43C5CE2C4DF62E3C4604FE4C43F530D
:102F1000E5C47B81E6C40690E7C4BA6EE8C42B859D
:102F2000E9C4C862EAC4745EEBC4BE78ECC4B5649C
:102F3000EDC47B63EEC4F55FEFC4185AF0C47F9113
:102F4000F1C41F9EF2C43F5CF3C44F63F4C44280DB
:102F5000F5C47D5BF6C46E55F7C44A95F8C44D952B
:102F6000F9C4856DFAC4A860FBC4E067FCC4DE72D6
:102F7000FDC4DD51FEC4815B40C5D48141C5D5810E
:102F800042C5D68143C5D78144C5D88145C5D981BD
:102F900046C5DA8147C5DB8148C5DC8149C5DD818D
:102FA0004AC5DE814BC5DF814CC5E0814DC5E1815D
:102FB0004EC5E2814FC5E48150C5E58151C5E6812A
:102FC00052C5E88153C5E98154C5EB8155C5EE81F1
:102FD00056C5EF8157C5F08158C5F18159C5F281B9
:102FE0005AC5F5815BC5F6815CC5F7815DC5F88181
:102FF0005EC5F9815FC5FA8160C5FD8161C5FF814C
:1030000062C5038263C5078264C5088265C50982FB
:1030100066C50A8267C50B8268C50E8269C50F82C4
:103020006AC511826BC513826CC515826DC5168287
:103030006EC517826FC5188270C5198271C51A8254
:1030400072C51D8273C5208274C5248275C5258210
:1030500076C5268277C5278278C5298279C52E82D2
:103060007AC532827BC53A827CC53C827DC53D8271
:103070007EC53F8280C5408281C5418282C5428231
:1030800083C5438284C5458285C5468286C54882FC
:1030900087C54A8288C54C8289C54D828AC54E82C1
:1030A0008BC550828CC551828DC552828EC553828C
:1030B0008FC5548290C5558291C5568292C557825C
:1030C00093C5598294C55B8295C55C8296C55D8225
:1030D00097C55E8298C5608299C561829AC56282F1
:1030E0009BC563829CC564829DC565829EC56682C0
:1030F0009FC56782A0C56982A1C5E762A2C5DE6CD3
:10310000A3C55B72A4C56D62A5C5AE94A6C5BD7E00
:10311000A7C51381A8C5536DA9C59C51AAC5045F55
:10312000ABC57459ACC5AA52ADC51260AEC57359D2
:10313000AFC59666B0C55086B1C59F75B2C52A6346
:10314000B3C5E661B4C5EF7CB5C5FA8BB6C5E65428
:10315000B7C5276BB8C5259EB9C5B46BBAC5D585AB
:10316000BBC55554BCC57650BDC5A46CBEC56A551B
:10317000BFC5B48DC0C52C72C1C5155EC2C5156072
:10318000C3C53674C4C5CD62C5C59263C6C54C728D
:10319000C7C5985FC8C5436EC9C53E6DCAC5006541
:1031A000CBC5586FCCC5D876CDC5D078CEC5FC760A
:1031B000CFC55475D0C52452D1C5DB53D2C5534EAB
:1031C000D3C59E5ED4C5C165D5C52A80D6C5D68077
:1031D000D7C59B62D8C58654D9C52852DAC5AE700A
:1031E000DBC58D88DCC5D18DDDC5E16CDEC57854CD
:1031F000DFC5DA80E0C5F957E1C5F488E2C5548D32
:10320000E3C56A96E4C54D91E5C5694FE6C59B6C7B
:10321000E7C5B755E8C5C676E9C53078EAC5A862FE
:10322000EBC5F970ECC58E6FEDC56D5FEEC5EC8436
:10323000EFC5DA68F0C57C78F1C5F77BF2C5A881E7
:10324000F3C50B67F4C54F9EF5C56763F6C5B07847
:10325000F7C56F57F8C51278F9C53997FAC579627D
:10326000FBC5AB62FCC58852FDC53574FEC5D76B86
:1032700040C66A8241C66B8242C66C8243C66D827A
:1032800044C6718245C6758246C6768247C6778235
:1032900048C6788249C67B824AC67C824BC68082F9
:1032A0004CC681824DC683824EC685824FC68682B9
:1032B00050C6878251C6898252C68C8253C690827C
:1032C00054C6938255C6948256C6958257C6968236
:1032D00058C69A8259C69B825AC69E825BC6A082F5
:1032E0005CC6A2825DC6A3825EC6A7825FC6B282AA
:1032F00060C6B58261C6B68262C6BA8263C6BB8248
:1033000064C6BC8265C6BF8266C6C08267C6C2820A
:1033100068C6C38269C6C5826AC6C6826BC6C982D0
:103320006CC6D0826DC6D6826EC6D9826FC6DA826E
:1033300070C6DD8271C6E28272C6E78273C6E88219
:1033400074C6E98275C6EA8276C6EC8277C6ED82DB
:1033500078C6EE8279C6F0827AC6F2827BC6F382A4
:103360007CC6F5827DC6F6827EC6F88280C6FA8269
:1033700081C6FC8282C6FD8283C6FE8284C6FF822D
:1033800085C6008386C60A8387C60B8388C60D83DD
:1033900089C610838AC612838BC613838CC6168394
:1033A0008DC618838EC619838FC61D8390C61E8353
:1033B00091C61F8392C6208393C6218394C622831D
:1033C00095C6238396C6248397C6258398C62683ED
:1033D00099C629839AC62A839BC62E839CC63083AE
:1033E0009DC632839EC637839FC63B83A0C63D835E
:1033F000A1C66455A2C63E81A3C6B275A4C6AE7668
:10340000A5C63953A6C6DE75A7C6FB50A8C6415C43
:10341000A9C66C8BAAC6C77BABC64F50ACC6477259
:10342000ADC6979AAEC6D898AFC6026FB0C6E27462
:10343000B1C66879B2C68764B3C6A577B4C6FC6264
:10344000B5C69198B6C62B8DB7C6C154B8C65880BC
:10345000B9C6524EBAC66A57BBC6F982BCC60D84FD
:10346000BDC6735EBEC6ED51BFC6F674C0C6C48B82
:10347000C1C64F5CC2C66157C3C6FC6CC4C6879840
:10348000C5C6465AC6C63478C7C6449BC8C6EB8F65
:10349000C9C6957CCAC65652CBC65162CCC6FA94F0
:1034A000CDC6C64ECEC68683CFC66184D0C6E9835C
:1034B000D1C6B284D2C6D457D3C63467D4C6035754
:1034C000D5C66E66D6C6666DD7C6318CD8C6DD66E3
:1034D000D9C61170DAC61F67DBC63A6BDCC6166840
:1034E000DDC61A62DEC6BB59DFC6034EE0C6C45154
:1034F000E1C6066FE2C6D267E3C68F6CE4C67651BA
:10350000E5C6CB68E6C64759E7C6676BE8C6667589
:10351000E9C60E5DEAC61081EBC6509FECC6D765C2
:10352000EDC64879EEC64179EFC6919AF0C6778D1F
:10353000F1C6825CF2C65E4EF3C6014FF4C62F544C
:10354000F5C65159F6C60C78F7C66856F8C6146C1D
:10355000F9C6C48FFAC6035FFBC67D6CFCC6E36C7C
:10356000FDC6AB8BFEC6906340C73E8341C73F8319
:1035700042C7418343C7428344C7448345C7458309
:1035800046C7488347C74A8348C74B8349C74C83CC
:103590004AC74D834BC74E834CC753834DC7558392
:1035A0004EC756834FC7578350C7588351C7598357
:1035B00052C75D8353C7628354C7708355C77183F5
:1035C00056C7728357C7738358C7748359C77583A7
:1035D0005AC776835BC779835CC77A835DC77E836E
:1035E0005EC77F835FC7808360C7818361C7828333
:1035F00062C7838363C7848364C7878365C78883FF
:1036000066C78A8367C78B8368C78C8369C78D83C6
:103610006AC78F836BC790836CC791836DC7948390
:103620006EC795836FC7968370C7978371C7998359
:1036300072C79A8373C79D8374C79F8375C7A1831D
:1036400076C7A28377C7A38378C7A48379C7A583E6
:103650007AC7A6837BC7A7837CC7AC837DC7AD83AE
:103660007EC7AE8380C7AF8381C7B58382C7BB8364
:1036700083C7BE8384C7BF8385C7C28386C7C3830E
:1036800087C7C48388C7C68389C7C8838AC7C983D5
:103690008BC7CB838CC7CD838DC7CE838EC7D0839A
:1036A0008FC7D18390C7D28391C7D38392C7D58365
:1036B00093C7D78394C7D98395C7DA8396C7DB832B
:1036C00097C7DE8398C7E28399C7E3839AC7E483E9
:1036D0009BC7E6839CC7E7839DC7E8839EC7EB83B0
:1036E0009FC7EC83A0C7ED83A1C77060A2C73D6DE3
:1036F000A3C77572A4C76662A5C78E94A6C7C594F2
:10370000A7C74353A8C7C18FA9C77E7BAAC7DF4EEF
:10371000ABC7268CACC77E4EADC7D49EAEC7B194A6
:10372000AFC7B394B0C74D52B1C75C6FB2C7639017
:10373000B3C7456DB4C7348CB5C71158B6C74C5D17
:10374000B7C7206BB8C7496BB9C7AA67BAC75B547C
:10375000BBC75481BCC78C7FBDC79958BEC73785CE
:10376000BFC73A5FC0C7A262C1C7476AC2C739951F
:10377000C3C77265C4C78460C5C76568C6C7A77775
:10378000C7C7544EC8C7A84FC9C7E75DCAC79897EF
:10379000CBC7AC64CCC7D87FCDC7ED5CCEC7CF4F0D
:1037A000CFC78D7AD0C70752D1C70483D2C7144E72
:1037B000D3C72F60D4C7837AD5C7A694D6C7B54FD1
:1037C000D7C7B24ED8C7E679D9C73474DAC7E4523E
:1037D000DBC7B982DCC7D264DDC7BD79DEC7DD5B7C
:1037E000DFC7816CE0C75297E1C77B8FE2C7226CCD
:1037F000E3C73E50E4C77F53E5C7056EE6C7CE6416
:10380000E7C77466E8C7306CE9C7C560EAC7779850
:10381000EBC7F78BECC7865EEDC73C74EEC7777AD3
:10382000EFC7CB79F0C7184EF1C7B190F2C7037458
:10383000F3C7426CF4C7DA56F5C74B91F6C7C56CAF
:10384000F7C78B8DF8C73A53F9C7C686FAC7F26631
:10385000FBC7AF8EFCC7485CFDC7719AFEC7206EE0
:1038600040C8EE8341C8EF8342C8F38343C8F48362
:1038700044C8F58345C8F68346C8F78347C8FA832A
:1038800048C8FB8349C8FC834AC8FE834BC8FF83F2
:103890004CC800844DC802844EC805844FC80784B4
:1038A00050C8088451C8098452C80A8453C8108477
:1038B00054C8128455C8138456C8148457C8158434
:1038C00058C8168459C817845AC819845BC81A8402
:1038D0005CC81B845DC81E845EC81F845FC82084CA
:1038E00060C8218461C8228462C8238463C8298493
:1038F00064C82A8465C82B8466C82C8467C82D8454
:1039000068C82E8469C82F846AC830846BC8328422
:103910006CC833846DC834846EC835846FC83684EF
:1039200070C8378471C8398472C83A8473C83B84BC
:1039300074C83E8475C83F8476C8408477C8418483
:1039400078C8428479C843847AC844847BC8458453
:103950007CC847847DC848847EC8498480C84A841E
:1039600081C84B8482C84C8483C84D8484C84E84EB
:1039700085C84F8486C8508487C8528488C85384B9
:1039800089C854848AC855848BC856848CC8588486
:103990008DC85D848EC85E848FC85F8490C8608443
:1039A00091C8628492C8648493C8658494C866840C
:1039B00095C8678496C8688497C86A8498C86E84D6
:1039C00099C86F849AC870849BC872849CC8748498
:1039D0009DC877849EC879849FC87B84A0C87C8456
:1039E000A1C8D653A2C8365AA3C88B9FA4C8A38D1A
:1039F000A5C8BB53A6C80857A7C8A798A8C84367B7
:103A0000A9C89B91AAC8C96CABC86851ACC8CA7593
:103A1000ADC8F362AEC8AC72AFC83852B0C89D52E0
:103A2000B1C83A7FB2C89470B3C83876B4C874537A
:103A3000B5C84A9EB6C8B769B7C86E78B8C8C09648
:103A4000B9C8D988BAC8A47FBBC83671BCC8C3710D
:103A5000BDC88951BEC8D367BFC8E474C0C8E458A4
:103A6000C1C81865C2C8B756C3C8A98BC4C876995F
:103A7000C5C87062C6C8D57EC7C8F960C8C8ED7031
:103A8000C9C8EC58CAC8C14ECBC8BA4ECCC8CD5F65
:103A9000CDC8E797CEC8FB4ECFC8A48BD0C8035281
:103AA000D1C88A59D2C8AB7ED3C85462D4C8CD4ECF
:103AB000D5C8E565D6C80E62D7C83883D8C8C984CA
:103AC000D9C86383DAC88D87DBC89471DCC8B66E49
:103AD000DDC8B95BDEC8D27EDFC89751E0C8C963D4
:103AE000E1C8D467E2C88980E3C83983E4C815888F
:103AF000E5C81251E6C87A5BE7C88259E8C8B18FB9
:103B0000E9C8734EEAC85D6CEBC86551ECC82589FD
:103B1000EDC86F8FEEC82E96EFC84A85F0C85E7468
:103B2000F1C81095F2C8F095F3C8A66DF4C8E58207
:103B3000F5C8315FF6C89264F7C8126DF8C82884DA
:103B4000F9C86E81FAC8C39CFBC85E58FCC85B8D7F
:103B5000FDC8094EFEC8C15340C97D8441C97E8459
:103B600042C97F8443C9808444C9818445C9838410
:103B700046C9848447C9858448C9868449C98A84DA
:103B80004AC98D844BC98F844CC990844DC9918496
:103B90004EC992844FC9938450C9948451C9958465
:103BA00052C9968453C9988454C99A8455C99B8430
:103BB00056C99D8457C99E8458C99F8459C9A084F9
:103BC0005AC9A2845BC9A3845CC9A4845DC9A584C5
:103BD0005EC9A6845FC9A78460C9A88461C9A98495
:103BE00062C9AA8463C9AB8464C9AC8465C9AD8465
:103BF00066C9AE8467C9B08468C9B18469C9B38431
:103C00006AC9B5846BC9B6846CC9B7846DC9BB84F5
:103C10006EC9BC846FC9BE8470C9C08471C9C284B6
:103C200072C9C38473C9C58474C9C68475C9C7847D
:103C300076C9C88477C9CB8478C9CC8479C9CE8445
:103C40007AC9CF847BC9D2847CC9D4847DC9D58408
:103C50007EC9D78480C9D88481C9D98482C9DA84CD
:103C600083C9DB8484C9DC8485C9DE8486C9E18498
:103C700087C9E28488C9E48489C9E7848AC9E88459
:103C80008BC9E9848CC9EA848DC9EB848EC9ED8423
:103C90008FC9EE8490C9EF8491C9F18492C9F284EE
:103CA00093C9F38494C9F48495C9F58496C9F684BC
:103CB00097C9F78498C9F88499C9F9849AC9FA848C
:103CC0009BC9FB849CC9FD849DC9FE849EC9008557
:103CD0009FC90185A0C90285A1C91E4FA2C96365FC
:103CE000A3C95168A4C9D355A5C9274EA6C9146450
:103CF000A7C99A9AA8C96B62A9C9C25AAAC95F740E
:103D0000ABC97282ACC9A96DADC9EE68AEC9E75046
:103D1000AFC98E83B0C90278B1C94067B2C9395200
:103D2000B3C9996CB4C9B17EB5C9BB50B6C96555A4
:103D3000B7C95E71B8C95B7BB9C95266BAC9CA73E3
:103D4000BBC9EB82BCC94967BDC9715CBEC9205201
:103D5000BFC97D71C0C96B88C1C9EA95C2C95596F2
:103D6000C3C9C564C4C9618DC5C9B381C6C98455F9
:103D7000C7C9556CC8C94762C9C92E7FCAC99258FC
:103D8000CBC9244FCCC94655CDC94F8DCEC94C6641
:103D9000CFC90A4ED0C91A5CD1C9F388D2C9A2686A
:103DA000D3C94E63D4C90D7AD5C9E770D6C98D82FF
:103DB000D7C9FA52D8C9F697D9C9115CDAC9E854FB
:103DC000DBC9B590DCC9CD7EDDC96259DEC94A8D3B
:103DD000DFC9C786E0C90C82E1C90D82E2C9668DE0
:103DE000E3C94464E4C9045CE5C95161E6C9896D6D
:103DF000E7C93E79E8C9BE8BE9C93778EAC93375A6
:103E0000EBC97B54ECC9384FEDC9AB8EEEC9F16DEF
:103E1000EFC9205AF0C9C57EF1C95E79F2C9886C34
:103E2000F3C9A15BF4C9765AF5C91A75F6C9BE8003
:103E3000F7C94E61F8C9176EF9C9F058FAC91F756C
:103E4000FBC92575FCC97272FDC94753FEC9F37ED3
:103E500040CA038541CA048542CA058543CA06850E
:103E600044CA078545CA088546CA098547CA0A85DE
:103E700048CA0B8549CA0D854ACA0E854BCA0F85AB
:103E80004CCA10854DCA12854ECA14854FCA158575
:103E900050CA168551CA188552CA198553CA1B853E
:103EA00054CA1C8555CA1D8556CA1E8557CA208509
:103EB00058CA228559CA23855ACA24855BCA2585D2
:103EC0005CCA26855DCA27855ECA28855FCA2985A2
:103ED00060CA2A8561CA2D8562CA2E8563CA2F856C
:103EE00064CA308565CA318566CA328567CA33853A
:103EF00068CA348569CA35856ACA36856BCA3E8503
:103F00006CCA3F856DCA40856ECA41856FCA4285BD
:103F100070CA448571CA458572CA468573CA478589
:103F200074CA4B8575CA4C8576CA4D8577CA4E854D
:103F300078CA4F8579CA50857ACA51857BCA52851D
:103F40007CCA53857DCA54857ECA558580CA5785EB
:103F500081CA588582CA5A8583CA5B8584CA5C85B2
:103F600085CA5D8586CA5F8587CA608588CA61857E
:103F700089CA62858ACA63858BCA65858CCA66854B
:103F80008DCA67858ECA69858FCA6A8590CA6B8516
:103F900091CA6C8592CA6D8593CA6E8594CA6F85E5
:103FA00095CA708596CA718597CA738598CA7585B2
:103FB00099CA76859ACA77859BCA78859CCA7C857A
:103FC0009DCA7D859ECA7F859FCA8085A0CA81853E
:103FD000A1CA0177A2CADB76A3CA6952A4CADC804F
:103FE000A5CA2357A6CA085EA7CA3159A8CAEE7245
:103FF000A9CABD65AACA7F6EABCAD78BACCA385CEA
:10400000ADCA7186AECA4153AFCAF377B0CAFE6279
:10401000B1CAF665B2CAC04EB3CADF98B4CA8086C8
:10402000B5CA9E5BB6CAC68BB7CAF253B8CAE277A6
:10403000B9CA7F4FBACA4E5CBBCA769ABCCACB59C2
:10404000BDCA0F5FBECA3A79BFCAEB58C0CA164E86
:10405000C1CAFF67C2CA8B4EC3CAED62C4CA938A83
:10406000C5CA1D90C6CABF52C7CA2F66C8CADC558A
:10407000C9CA6C56CACA0290CBCAD54ECCCA8D4F9B
:10408000CDCACA91CECA7099CFCA0F6CD0CA025E8F
:10409000D1CA4360D2CAA45BD3CAC689D4CAD58B5D
:1040A000D5CA3665D6CA4B62D7CA9699D8CA885B34
:1040B000D9CAFF5BDACA8863DBCA2E55DCCAD7537C
:1040C000DDCA2676DECA7D51DFCA2C85E0CAA2672A
:1040D000E1CAB368E2CA8A6BE3CA9262E4CA938F08
:1040E000E5CAD453E6CA1282E7CAD16DE8CA8F7511
:1040F000E9CA664EEACA4E8DEBCA705BECCA9F7184
:10410000EDCAAF85EECA9166EFCAD966F0CA727F72
:10411000F1CA0087F2CACD9EF3CA209FF4CA5E5C42
:10412000F5CA2F67F6CAF08FF7CA1168F8CA5F6739
:10413000F9CA0D62FACAD67AFBCA8558FCCAB65EBD
:10414000FDCA7065FECA316F40CB828541CB838545
:1041500042CB868543CB888544CB898545CB8A85F0
:1041600046CB8B8547CB8C8548CB8D8549CB8E85BF
:104170004ACB90854BCB91854CCB92854DCB93858B
:104180004ECB94854FCB958550CB968551CB97855B
:1041900052CB988553CB998554CB9A8555CB9D8529
:1041A00056CB9E8557CB9F8558CBA08559CBA185F3
:1041B0005ACBA2855BCBA3855CCBA5855DCBA685C1
:1041C0005ECBA7855FCBA98560CBAB8561CBAC858A
:1041D00062CBAD8563CBB18564CBB28565CBB3854E
:1041E00066CBB48567CBB58568CBB68569CBB8851A
:1041F0006ACBBA856BCBBB856CCBBC856DCBBD85E3
:104200006ECBBE856FCBBF8570CBC08571CBC285B1
:1042100072CBC38573CBC48574CBC58575CBC6857E
:1042200076CBC78577CBC88578CBCA8579CBCB854C
:104230007ACBCC857BCBCD857CCBCE857DCBD18518
:104240007ECBD28580CBD48581CBD68582CBD785DA
:1042500083CBD88584CBD98585CBDA8586CBDB85A6
:1042600087CBDD8588CBDE8589CBDF858ACBE08572
:104270008BCBE1858CCBE2858DCBE3858ECBE58541
:104280008FCBE68590CBE78591CBE88592CBEA850D
:1042900093CBEB8594CBEC8595CBED8596CBEE85DA
:1042A00097CBEF8598CBF08599CBF1859ACBF285AA
:1042B0009BCBF3859CCBF4859DCBF5859ECBF6857A
:1042C0009FCBF785A0CBF885A1CB5560A2CB375209
:1042D000A3CB0D80A4CB5464A5CB7088A6CB297545
:1042E000A7CB055EA8CB1368A9CBF462AACB1C9719
:1042F000ABCBCC53ACCB3D72ADCB018CAECB346CE5
:10430000AFCB6177B0CB0E7AB1CB2E54B2CBAC77BA
:10431000B3CB7A98B4CB1C82B5CBF48BB6CB5578A3
:10432000B7CB1467B8CBC170B9CBAF65BACB9564C6
:10433000BBCB3656BCCB1D60BDCBC179BECBF853D1
:10434000BFCB1D4EC0CB7B6BC1CB8680C2CBFA5B93
:10435000C3CBE355C4CBDB56C5CB3A4FC6CB3C4FA2
:10436000C7CB7299C8CBF35DC9CB7E67CACB388007
:10437000CBCB0260CCCB8298CDCB0190CECB8B5BEC
:10438000CFCBBC8BD0CBF58BD1CB1C64D2CB58829E
:10439000D3CBDE64D4CBFD55D5CBCF82D6CB6591C4
:1043A000D7CBD74FD8CB207DD9CB1F90DACB9F7CF2
:1043B000DBCBF350DCCB5158DDCBAF6EDECBBF5B3C
:1043C000DFCBC98BE0CB8380E1CB7891E2CB9C84BF
:1043D000E3CB977BE4CB7D86E5CB8B96E6CB8F96C4
:1043E000E7CBE57EE8CBD39AE9CB8E78EACB815C4C
:1043F000EBCB577AECCB4290EDCBA796EECB5F7927
:10440000EFCB595BF0CB5F63F1CB0B7BF2CBD1846D
:10441000F3CBAD68F4CB0655F5CB297FF6CB107402
:10442000F7CB227DF8CB0195F9CB4062FACB4C5803
:10443000FBCBD64EFCCB835BFDCB7959FECB5458DE
:1044400040CCF98541CCFA8542CCFC8543CCFD8536
:1044500044CCFE8545CC008646CC018647CC0286FE
:1044600048CC038649CC04864ACC06864BCC0786CA
:104470004CCC08864DCC09864ECC0A864FCC0B8698
:1044800050CC0C8651CC0D8652CC0E8653CC0F8668
:1044900054CC108655CC128656CC138657CC148635
:1044A00058CC158659CC17865ACC18865BCC198601
:1044B0005CCC1A865DCC1B865ECC1C865FCC1D86D0
:1044C00060CC1E8661CC1F8662CC208663CC2186A0
:1044D00064CC228665CC238666CC248667CC258670
:1044E00068CC268669CC28866ACC2A866BCC2B863B
:1044F0006CCC2C866DCC2D866ECC2E866FCC2F8608
:1045000070CC308671CC318672CC328673CC3386D7
:1045100074CC348675CC358676CC368677CC3786A7
:1045200078CC398679CC3A867ACC3B867BCC3D8672
:104530007CCC3E867DCC3F867ECC408680CC41863E
:1045400081CC428682CC438683CC448684CC45860B
:1045500085CC468686CC478687CC488688CC4986DB
:1045600089CC4A868ACC4B868BCC4C868CCC5286A6
:104570008DCC53868ECC55868FCC568690CC578664
:1045800091CC588692CC598693CC5B8694CC5C8631
:1045900095CC5D8696CC5F8697CC608698CC6186FC
:1045A00099CC63869ACC64869BCC65869CCC6686C7
:1045B0009DCC67869ECC68869FCC6986A0CC6A8697
:1045C000A1CC6D73A2CC1E63A3CC4B8EA4CC0F8E5A
:1045D000A5CCCE80A6CCD482A7CCAC62A8CCF0531C
:1045E000A9CCF06CAACC5E91ABCC2A59ACCC0160C2
:1045F000ADCC706CAECC4D57AFCC4A64B0CC2A8DEC
:10460000B1CC2B76B2CCE96EB3CC5B57B4CC806A1C
:10461000B5CCF075B6CC6D6FB7CC2D8CB8CC088C02
:10462000B9CC6657BACCEF6BBBCC9288BCCCB37814
:10463000BDCCA263BECCF953BFCCAD70C0CC646C12
:10464000C1CC5858C2CC2A64C3CC0258C4CCE06850
:10465000C5CC9B81C6CC1055C7CCD67CC8CC1850D5
:10466000C9CCBA8ECACCCC6DCBCC9F8DCCCCEB70E8
:10467000CDCC8F63CECC9B6DCFCCD46ED0CCE67E30
:10468000D1CC0484D2CC4368D3CC0390D4CCD86DA5
:10469000D5CC7696D6CCA88BD7CC5759D8CC7972B6
:1046A000D9CCE485DACC7E81DBCCBC75DCCC8A8AC3
:1046B000DDCCAF68DECC5452DFCC228EE0CC11953D
:1046C000E1CCD063E2CC9898E3CC448EE4CC7C552A
:1046D000E5CC534FE6CCFF66E7CC8F56E8CCD560EF
:1046E000E9CC956DEACC4352EBCC495CECCC295932
:1046F000EDCCFB6DEECC6B58EFCC3075F0CC1C756F
:10470000F1CC6C60F2CC1482F3CC4681F4CC116312
:10471000F5CC6167F6CCE28FF7CC3A77F8CCF38D25
:10472000F9CC348DFACCC194FBCC165EFCCC85530D
:10473000FDCC2C54FECCC37040CD6D8641CD6F8630
:1047400042CD708643CD728644CD738645CD748646
:1047500046CD758647CD768648CD778649CD788615
:104760004ACD83864BCD84864CCD85864DCD8686BD
:104770004ECD87864FCD888650CD898651CD8E8689
:1047800052CD8F8653CD908654CD918655CD92864D
:1047900056CD948657CD968658CD978659CD988616
:1047A0005ACD99865BCD9A865CCD9B865DCD9E86E3
:1047B0005ECD9F865FCDA08660CDA18661CDA286AD
:1047C00062CDA58663CDA68664CDAB8665CDAD866C
:1047D00066CDAE8667CDB28668CDB38669CDB78625
:1047E0006ACDB8866BCDB9866CCDBB866DCDBC86E7
:1047F0006ECDBD866FCDBE8670CDBF8671CDC186B4
:1048000072CDC28673CDC38674CDC58675CDC8867C
:1048100076CDCC8677CDCD8678CDD28679CDD38630
:104820007ACDD5867BCDD6867CCDD7867DCDDA86F2
:104830007ECDDC8680CDDD8681CDE08682CDE186B1
:1048400083CDE28684CDE38685CDE58686CDE6867A
:1048500087CDE78688CDE88689CDEA868ACDEB8646
:104860008BCDEC868CCDEF868DCDF5868ECDF68604
:104870008FCDF78690CDFA8691CDFB8692CDFC86C2
:1048800093CDFD8694CDFF8695CD018796CD048787
:1048900097CD058798CD068799CD0B879ACD0C8744
:1048A0009BCD0E879CCD0F879DCD10879ECD118708
:1048B0009FCD1487A0CD1687A1CD406CA2CDF75E09
:1048C000A3CD5C50A4CDAD4EA5CDAD5EA6CD3A63D3
:1048D000A7CD4782A8CD1A90A9CD5068AACD6E91D8
:1048E000ABCDB377ACCD0C54ADCDDC94AECD645F25
:1048F000AFCDE57AB0CD7668B1CD4563B2CD527B10
:10490000B3CDDF7EB4CDDB75B5CD7750B6CD956236
:10491000B7CD3459B8CD0F90B9CDF851BACDC379D0
:10492000BBCD817ABCCDFE56BDCD925FBECD14907D
:10493000BFCD826DC0CD605CC1CD1F57C2CD1054BC
:10494000C3CD5451C4CD4D6EC5CDE256C6CDA8637E
:10495000C7CD9398C8CD7F81C9CD1587CACD2A8987
:10496000CBCD0090CCCD1E54CDCD6F5CCECDC081D3
:10497000CFCDD662D0CD5862D1CD3181D2CD359E4A
:10498000D3CD4096D4CD6E9AD5CD7C9AD6CD2D6917
:10499000D7CDA559D8CDD362D9CD3E55DACD166342
:1049A000DBCDC754DCCDD986DDCD3C6DDECD035AE1
:1049B000DFCDE674E0CD9C88E1CD6A6BE2CD16597F
:1049C000E3CD4C8CE4CD2F5FE5CD7E6EE6CDA973B3
:1049D000E7CD7D98E8CD384EE9CDF770EACD8C5B18
:1049E000EBCD9778ECCD3D63EDCD5A66EECD967666
:1049F000EFCDCB60F0CD9B5BF1CD495AF2CD074EA8
:104A0000F3CD5581F4CD6A6CF5CD8B73F6CDA14E07
:104A1000F7CD8967F8CD517FF9CD805FFACDFA6582
:104A2000FBCD1B67FCCDD85FFDCD8459FECD015A6F
:104A300040CE198741CE1B8742CE1D8743CE1F87AC
:104A400044CE208745CE248746CE268747CE27876B
:104A500048CE288749CE2A874ACE2B874BCE2C8733
:104A60004CCE2D874DCE2F874ECE30874FCE3287FE
:104A700050CE338751CE358752CE368753CE3887C6
:104A800054CE398755CE3A8756CE3C8757CE3D8790
:104A900058CE408759CE41875ACE42875BCE438756
:104AA0005CCE44875DCE45875ECE46875FCE4A8723
:104AB00060CE4B8761CE4D8762CE4F8763CE5087E5
:104AC00064CE518765CE528766CE548767CE5587B0
:104AD00068CE568769CE58876ACE5A876BCE5B8779
:104AE0006CCE5C876DCE5D876ECE5E876FCE5F8746
:104AF00070CE618771CE628772CE668773CE67870C
:104B000074CE688775CE698776CE6A8777CE6B87D5
:104B100078CE6C8779CE6D877ACE6F877BCE7187A2
:104B20007CCE72877DCE73877ECE758780CE778769
:104B300081CE788782CE798783CE7A8784CE7F872D
:104B400085CE808786CE818787CE848788CE8687EC
:104B500089CE87878ACE89878BCE8A878CCE8C87B1
:104B60008DCE8E878ECE8F878FCE908790CE918779
:104B700091CE928792CE948793CE958794CE968746
:104B800095CE988796CE998797CE9A8798CE9B8711
:104B900099CE9C879ACE9D879BCE9E879CCEA087E0
:104BA0009DCEA1879ECEA2879FCEA387A0CEA487AD
:104BB000A1CECD5DA2CEAE5FA3CE7153A4CEE697BB
:104BC000A5CEDD8FA6CE4568A7CEF456A8CE2F552C
:104BD000A9CEDF60AACE3A4EABCE4D6FACCEF47EFE
:104BE000ADCEC782AECE0E84AFCED459B0CE1F4F5D
:104BF000B1CE2A4FB2CE3E5CB3CEAC7EB4CE2A67E5
:104C0000B5CE1A85B6CE7354B7CE4F75B8CEC38025
:104C1000B9CE8255BACE4F9BBBCE4D4FBCCE2D6E7A
:104C2000BDCE138CBECE095CBFCE7061C0CE6B53BF
:104C3000C1CE1F76C2CE296EC3CE8A86C4CE87650A
:104C4000C5CEFB95C6CEB97EC7CE3B54C8CE337A0F
:104C5000C9CE0A7DCACEEE95CBCEE155CCCEC17F72
:104C6000CDCEEE74CECE1D63CFCE1787D0CEA16D44
:104C7000D1CE9D7AD2CE1162D3CEA165D4CE675368
:104C8000D5CEE163D6CE836CD7CEEB5DD8CE5C5467
:104C9000D9CEA894DACE4C4EDBCE616CDCCEEC8B58
:104CA000DDCE4B5CDECEE065DFCE9C82E0CEA76839
:104CB000E1CE3E54E2CE3454E3CECB6BE4CE666B11
:104CC000E5CE944EE6CE4263E7CE4853E8CE1E8250
:104CD000E9CE0D4FEACEAE4FEBCE5E57ECCE0A6278
:104CE000EDCEFE96EECE6466EFCE6972F0CEFF5248
:104CF000F1CEA152F2CE9F60F3CEEF8BF4CE1466CC
:104D0000F5CE9971F6CE9067F7CE7F89F8CE5278BE
:104D1000F9CEFD77FACE7066FBCE3B56FCCE38540A
:104D2000FDCE2195FECE7A7240CFA58741CFA687D2
:104D300042CFA78743CFA98744CFAA8745CFAE8765
:104D400046CFB08747CFB18748CFB28749CFB48726
:104D50004ACFB6874BCFB7874CCFB8874DCFB987EF
:104D60004ECFBB874FCFBC8750CFBE8751CFBF87B9
:104D700052CFC18753CFC28754CFC38755CFC48783
:104D800056CFC58757CFC78758CFC88759CFC98750
:104D90005ACFCC875BCFCD875CCFCE875DCFCF8717
:104DA0005ECFD0875FCFD48760CFD58761CFD687DE
:104DB00062CFD78763CFD88764CFD98765CFDA87AB
:104DC00066CFDC8767CFDD8768CFDE8769CFDF8777
:104DD0006ACFE1876BCFE2876CCFE3876DCFE48743
:104DE0006ECFE6876FCFE78770CFE88771CFE9870F
:104DF00072CFEB8773CFEC8774CFED8775CFEF87DA
:104E000076CFF08777CFF18778CFF28779CFF387A6
:104E10007ACFF4877BCFF5877CCFF6877DCFF78776
:104E20007ECFF88780CFFA8781CFFB8782CFFC8740
:104E300083CFFD8784CFFF8785CF008886CF018809
:104E400087CF028888CF048889CF05888ACF0688D3
:104E50008BCF07888CCF08888DCF09888ECF0B88A1
:104E60008FCF0C8890CF0D8891CF0E8892CF0F886E
:104E700093CF108894CF118895CF128896CF14883D
:104E800097CF178898CF188899CF19889ACF1A8802
:104E90009BCF1C889CCF1D889DCF1E889ECF1F88CE
:104EA0009FCF2088A0CF2388A1CF007AA2CF6F60A8
:104EB000A3CF0C5EA4CF8960A5CF9D81A6CF155945
:104EC000A7CFDC60A8CF8471A9CFEF70AACFAA6E5C
:104ED000ABCF506CACCF8072ADCF846AAECFAD8813
:104EE000AFCF2D5EB0CF604EB1CFB35AB2CF9C558D
:104EF000B3CFE394B4CF176DB5CFFB7CB6CF999603
:104F0000B7CF0F62B8CFC67EB9CF8E77BACF7E86C5
:104F1000BBCF2353BCCF1E97BDCF968FBECF876626
:104F2000BFCFE15CC0CFA04FC1CFED72C2CF0B4E5F
:104F3000C3CFA653C4CF0F59C5CF1354C6CF806378
:104F4000C7CF2895C8CF4851C9CFD94ECACF9C9C4E
:104F5000CBCFA47ECCCFB854CDCF248DCECF548828
:104F6000CFCF3782D0CFF295D1CF8E6DD2CF265F03
:104F7000D3CFCC5AD4CF3E66D5CF6996D6CFB073B7
:104F8000D7CF2E73D8CFBF53D9CF7A81DACF8599B7
:104F9000DBCFA17FDCCFAA5BDDCF7796DECF50964B
:104FA000DFCFBF7EE0CFF876E1CFA253E2CF769598
:104FB000E3CF9999E4CFB17BE5CF4489E6CF586E32
:104FC000E7CF614EE8CFD47FE9CF6579EACFE68BB2
:104FD000EBCFF360ECCFCD54EDCFAB4EEECF799865
:104FE000EFCFF75DF0CF616AF1CFCF50F2CF115420
:104FF000F3CF618CF4CF2784F5CF5D78F6CF04979B
:10500000F7CF4A52F8CFEE54F9CFA356FACF009516
:10501000FBCF886DFCCFB55BFDCFC66DFECF536671
:1050200040D0248841D0258842D0268843D0278884
:1050300044D0288845D0298846D02A8847D02B8854
:1050400048D02C8849D02D884AD02E884BD02F8824
:105050004CD030884DD031884ED033884FD03488F2
:1050600050D0358851D0368852D0378853D03888C0
:1050700054D03A8855D03B8856D03D8857D03E888A
:1050800058D03F8859D041885AD042885BD0438855
:105090005CD046885DD047885ED048885FD049881C
:1050A00060D04A8861D04B8862D04E8863D04F88E8
:1050B00064D0508865D0518866D0528867D05388B4
:1050C00068D0558869D056886AD058886BD05A887D
:1050D0006CD05B886DD05C886ED05D886FD05E8848
:1050E00070D05F8871D0608872D0668873D067880E
:1050F00074D06A8875D06D8876D06F8877D07188C3
:1051000078D0738879D074887AD075887BD0768887
:105110007CD078887DD079887ED07A8880D07B8852
:1051200081D07C8882D0808883D0838884D0868810
:1051300085D0878886D0898887D08A8888D08C88CF
:1051400089D08E888AD08F888BD090888CD0918897
:105150008DD093888ED094888FD0958890D0978862
:1051600091D0988892D0998893D09A8894D09B882F
:1051700095D09D8896D09E8897D09F8898D0A088FB
:1051800099D0A1889AD0A3889BD0A5889CD0A688C6
:105190009DD0A7889ED0A8889FD0A988A0D0AA8893
:1051A000A1D00F5CA2D05D5BA3D02168A4D0968073
:1051B000A5D07855A6D0117BA7D04865A8D0546952
:1051C000A9D09B4EAAD0476BABD04E87ACD08B9763
:1051D000ADD04F53AED01F63AFD03A64B0D0AA90D9
:1051E000B1D09C65B2D0C180B3D0108CB4D09951ED
:1051F000B5D0B068B6D07853B7D0F987B8D0C86109
:10520000B9D0C46CBAD0FB6CBBD0228CBCD0515C82
:10521000BDD0AA85BED0AF82BFD00C95C0D0236BC5
:10522000C1D09B8FC2D0B065C3D0FB5FC4D0C35F79
:10523000C5D0E14FC6D04588C7D01F66C8D06581AC
:10524000C9D02973CAD0FA60CBD07451CCD01152D6
:10525000CDD08B57CED0625FCFD0A290D0D04C882B
:10526000D1D09291D2D0785ED3D04F67D4D027607E
:10527000D5D0D359D6D04451D7D0F651D8D0F88014
:10528000D9D00853DAD0796CDBD0C496DCD08A71DF
:10529000DDD0114FDED0EE4FDFD09E7FE0D03D67F6
:1052A000E1D0C555E2D00895E3D0C079E4D0968826
:1052B000E5D0E37EE6D09F58E7D00C62E8D00097B7
:1052C000E9D05A86EAD01856EBD07B98ECD0905FA4
:1052D000EDD0B88BEED0C484EFD05791F0D0D95335
:1052E000F1D0ED65F2D08F5EF3D05C75F4D06460E0
:1052F000F5D06E7DF6D07F5AF7D0EA7EF8D0ED7EFD
:10530000F9D0698FFAD0A755FBD0A35BFCD0AC6075
:10531000FDD0CB65FED0847340D1AC8841D1AE883E
:1053200042D1AF8843D1B08844D1B28845D1B38847
:1053300046D1B48847D1B58848D1B68849D1B88814
:105340004AD1B9884BD1BA884CD1BB884DD1BD88E0
:105350004ED1BE884FD1BF8850D1C08851D1C388AB
:1053600052D1C48853D1C78854D1C88855D1CA886E
:1053700056D1CB8857D1CC8858D1CD8859D1CF8838
:105380005AD1D0885BD1D1885CD1D3885DD1D68801
:105390005ED1D7885FD1DA8860D1DB8861D1DC88C3
:1053A00062D1DD8863D1DE8864D1E08865D1E1888F
:1053B00066D1E68867D1E78868D1E98869D1EA884B
:1053C0006AD1EB886BD1EC886CD1ED886DD1EE8819
:1053D0006ED1EF886FD1F28870D1F58871D1F688DF
:1053E00072D1F78873D1FA8874D1FB8875D1FD88A2
:1053F00076D1FF8877D1008978D1018979D1038965
:105400007AD104897BD105897CD106897DD1078930
:105410007ED1088980D1098981D10B8982D10C89FB
:1054200083D10D8984D10E8985D10F8986D11189C7
:1054300087D1148988D1158989D116898AD117898C
:105440008BD118898CD11C898DD11D898ED11E8953
:105450008FD11F8990D1208991D1228992D123891E
:1054600093D1248994D1268995D1278996D12889E9
:1054700097D1298998D12C8999D12D899AD12E89B2
:105480009BD12F899CD131899DD132899ED133897D
:105490009FD13589A0D13789A1D10990A2D1637656
:1054A000A3D12977A4D1DA7EA5D17497A6D19B8503
:1054B000A7D1665BA8D1747AA9D1EA96AAD140880F
:1054C000ABD1CB52ACD18F71ADD1AA5FAED1EC656F
:1054D000AFD1E28BB0D1FB5BB1D16F9AB2D1E15DBC
:1054E000B3D1896BB4D15B6CB5D1AD8BB6D1AF8B79
:1054F000B7D10A90B8D1C58FB9D18B53BAD1BC629C
:10550000BBD1269EBCD12D9EBDD14054BED12B4EC9
:10551000BFD1BD82C0D15972C1D19C86C2D1165DA6
:10552000C3D15988C4D1AF6DC5D1C596C6D1D154A8
:10553000C7D19A4EC8D1B68BC9D10971CAD1BD5451
:10554000CBD10996CCD1DF70CDD1F96DCED1D0764B
:10555000CFD1254ED0D11478D1D11287D2D1A95C28
:10556000D3D1F65ED4D1008AD5D19C98D6D10E96EF
:10557000D7D18E70D8D1BF6CD9D14459DAD1A963B3
:10558000DBD13C77DCD14D88DDD1146FDED1738265
:10559000DFD13058E0D1D571E1D18C53E2D11A7806
:1055A000E3D1C196E4D10155E5D1665FE6D1307112
:1055B000E7D1B45BE8D11A8CE9D18C9AEAD1836B3C
:1055C000EBD12E59ECD12F9EEDD1E779EED1686762
:1055D000EFD16C62F0D16F4FF1D1A175F2D18A7F1A
:1055E000F3D10B6DF4D13396F5D1276CF6D1F04E93
:1055F000F7D1D275F8D17B51F9D13768FAD13E6F26
:10560000FBD18090FCD17081FDD19659FED176748A
:1056100040D2388941D2398942D23A8943D23B8932
:1056200044D23C8945D23D8946D23E8947D23F8902
:1056300048D2408949D242894AD243894BD24589CE
:105640004CD246894DD247894ED248894FD249899A
:1056500050D24A8951D24B8952D24C8953D24D896A
:1056600054D24E8955D24F8956D2508957D251893A
:1056700058D2528959D253895AD254895BD255890A
:105680005CD256895DD257895ED258895FD25989DA
:1056900060D25A8961D25B8962D25C8963D25D89AA
:1056A00064D2608965D2618966D2628967D2638972
:1056B00068D2648969D265896AD267896BD2688940
:1056C0006CD269896DD26A896ED26B896FD26C890E
:1056D00070D26D8971D26E8972D26F8973D27089DE
:1056E00074D2718975D2728976D2738977D27489AE
:1056F00078D2758979D276897AD277897BD278897E
:105700007CD279897DD27A897ED27C8980D27D894A
:1057100081D27E8982D2808983D2828984D284890F
:1057200085D2858986D2878987D2888988D28989D6
:1057300089D28A898AD28B898BD28C898CD28D89A5
:105740008DD28E898ED28F898FD2908990D2918975
:1057500091D2928992D2938993D2948994D2958945
:1057600095D2968996D2978997D2988998D2998915
:1057700099D29A899AD29B899BD29C899CD29D89E5
:105780009DD29E899ED29F899FD2A089A0D2A189B5
:10579000A1D24764A2D2275CA3D26590A4D2917A09
:1057A000A5D2238CA6D2DA59A7D2AC54A8D20082B3
:1057B000A9D26F83AAD28189ABD20080ACD23069E2
:1057C000ADD24E56AED23680AFD23772B0D2CE9175
:1057D000B1D2B651B2D25F4EB3D27598B4D29663FD
:1057E000B5D21A4EB6D2F653B7D2F366B8D24B81C1
:1057F000B9D21C59BAD2B26DBBD2004EBCD2F95844
:10580000BDD23B53BED2D663BFD2F194C0D29D4F1E
:10581000C1D20A4FC2D26388C3D29098C4D237593A
:10582000C5D25790C6D2FB79C7D2EA4EC8D2F08013
:10583000C9D29175CAD2826CCBD29C5BCCD2E859CA
:10584000CDD25D5FCED20569CFD28186D0D21A503B
:10585000D1D2F25DD2D2594ED3D2E377D4D2E54E33
:10586000D5D27A82D6D29162D7D21366D8D291900D
:10587000D9D2795CDAD2BF4EDBD2795FDCD2C68175
:10588000DDD23890DED28480DFD2AB75E0D2A64E76
:10589000E1D2D488E2D20F61E3D2C56BE4D2C65F15
:1058A000E5D2494EE6D2CA76E7D2A26EE8D2E38BC1
:1058B000E9D2AE8BEAD20A8CEBD2D18BECD2025F6A
:1058C000EDD2FC7FEED2CC7FEFD2CE7EF0D235830C
:1058D000F1D26B83F2D2E056F3D2B76BF4D2F397E6
:1058E000F5D23496F6D2FB59F7D21F54F8D2F6947B
:1058F000F9D2EB6DFAD2C55BFBD26E99FCD2395C62
:10590000FDD2155FFED2909640D3A28941D3A389E0
:1059100042D3A48943D3A58944D3A68945D3A78973
:1059200046D3A88947D3A98948D3AA8949D3AB8943
:105930004AD3AC894BD3AD894CD3AE894DD3AF8913
:105940004ED3B0894FD3B18950D3B28951D3B389E3
:1059500052D3B48953D3B58954D3B68955D3B789B3
:1059600056D3B88957D3B98958D3BA8959D3BB8983
:105970005AD3BC895BD3BD895CD3BE895DD3BF8953
:105980005ED3C0895FD3C38960D3CD8961D3D38906
:1059900062D3D48963D3D58964D3D78965D3D889B1
:1059A00066D3D98967D3DB8968D3DD8969D3DF8979
:1059B0006AD3E0896BD3E1896CD3E2896DD3E48942
:1059C0006ED3E7896FD3E88970D3E98971D3EA8907
:1059D00072D3EC8973D3ED8974D3EE8975D3F089D2
:1059E00076D3F18977D3F28978D3F48979D3F5899D
:1059F0007AD3F6897BD3F7897CD3F8897DD3F9896B
:105A00007ED3FA8980D3FB8981D3FC8982D3FD8937
:105A100083D3FE8984D3FF8985D3018A86D3028A02
:105A200087D3038A88D3048A89D3058A8AD3068ACE
:105A30008BD3088A8CD3098A8DD30A8A8ED30B8A9A
:105A40008FD30C8A90D30D8A91D30E8A92D30F8A6A
:105A500093D3108A94D3118A95D3128A96D3138A3A
:105A600097D3148A98D3158A99D3168A9AD3178A0A
:105A70009BD3188A9CD3198A9DD31A8A9ED31B8ADA
:105A80009FD31C8AA0D31D8AA1D37053A2D3F182C5
:105A9000A3D3316AA4D3745AA5D3709EA6D3945EBF
:105AA000A7D3287FA8D3B983A9D32484AAD32584D4
:105AB000ABD36783ACD34787ADD3CE8FAED3628DE4
:105AC000AFD3C876B0D3715FB1D39698B2D36C78A8
:105AD000B3D32066B4D3DF54B5D3E562B6D3634FF6
:105AE000B7D3C381B8D3C875B9D3B85EBAD3CD968E
:105AF000BBD30A8EBCD3F986BDD38F54BED3F36C0F
:105B0000BFD38C6DC0D3386CC1D37F60C2D3C752B2
:105B1000C3D32875C4D37D5EC5D3184FC6D3A06048
:105B2000C7D3E75FC8D3245CC9D33175CAD3AE905D
:105B3000CBD3C094CCD3B972CDD3B96CCED3386E9D
:105B4000CFD34991D0D30967D1D3CB53D2D3F35319
:105B5000D3D3514FD4D3C991D5D3F18BD6D3C85316
:105B6000D7D37C5ED8D3C28FD9D3E46DDAD38E4E2F
:105B7000DBD3C276DCD38669DDD35E86DED31A61E1
:105B8000DFD30682E0D3594FE1D3DE4FE2D33E901C
:105B9000E3D37C9CE4D30961E5D31D6EE6D3146E98
:105BA000E7D38596E8D3884EE9D3315AEAD3E8960D
:105BB000EBD30E4EECD37F5CEDD3B979EED3875B9C
:105BC000EFD3ED8BF0D3BD7FF1D38973F2D3DF57E1
:105BD000F3D38B82F4D3C190F5D30154F6D347901D
:105BE000F7D3BB55F8D3EA5CF9D3A15FFAD30861C8
:105BF000FBD3326BFCD3F172FDD3B280FED3898A22
:105C000040D41E8A41D41F8A42D4208A43D4218A98
:105C100044D4228A45D4238A46D4248A47D4258A68
:105C200048D4268A49D4278A4AD4288A4BD4298A38
:105C30004CD42A8A4DD42B8A4ED42C8A4FD42D8A08
:105C400050D42E8A51D42F8A52D4308A53D4318AD8
:105C500054D4328A55D4338A56D4348A57D4358AA8
:105C600058D4368A59D4378A5AD4388A5BD4398A78
:105C70005CD43A8A5DD43B8A5ED43C8A5FD43D8A48
:105C800060D43F8A61D4408A62D4418A63D4428A14
:105C900064D4438A65D4448A66D4458A67D4468AE4
:105CA00068D4478A69D4498A6AD44A8A6BD44B8AB1
:105CB0006CD44C8A6DD44D8A6ED44E8A6FD44F8A80
:105CC00070D4508A71D4518A72D4528A73D4538A50
:105CD00074D4548A75D4558A76D4568A77D4578A20
:105CE00078D4588A79D4598A7AD45A8A7BD45B8AF0
:105CF0007CD45C8A7DD45D8A7ED45E8A80D45F8ABF
:105D000081D4608A82D4618A83D4628A84D4638A8B
:105D100085D4648A86D4658A87D4668A88D4678A5B
:105D200089D4688A8AD4698A8BD46A8A8CD46B8A2B
:105D30008DD46C8A8ED46D8A8FD46E8A90D46F8AFB
:105D400091D4708A92D4718A93D4728A94D4738ACB
:105D500095D4748A96D4758A97D4768A98D4778A9B
:105D600099D4788A9AD47A8A9BD47B8A9CD47C8A68
:105D70009DD47D8A9ED47E8A9FD47F8AA0D4808A37
:105D8000A1D4746DA2D4D35BA3D4D588A4D48498B1
:105D9000A5D46B8CA6D46D9AA7D4339EA8D40A6ED2
:105DA000A9D4A451AAD44351ABD4A357ACD481886D
:105DB000ADD49F53AED4F463AFD4958FB0D4ED5629
:105DC000B1D45854B2D40657B3D43F73B4D4906E00
:105DD000B5D4187FB6D4DC8FB7D4D182B8D43F61A4
:105DE000B9D42860BAD46296BBD4F066BCD4A67E7F
:105DF000BDD48A8DBED4C38DBFD4A594C0D4B35CAA
:105E0000C1D4A47CC2D40867C3D4A660C4D4059608
:105E1000C5D41880C6D4914EC7D4E790C8D40053D7
:105E2000C9D46896CAD44151CBD4D08FCCD4748510
:105E3000CDD45D91CED45566CFD4F597D0D4555BF3
:105E4000D1D41D53D2D43878D3D44267D4D43D684A
:105E5000D5D4C954D6D47E70D7D4B05BD8D47D8F76
:105E6000D9D48D51DAD42857DBD4B154DCD412659F
:105E7000DDD48266DED45E8DDFD4438DE0D40F8125
:105E8000E1D46C84E2D46D90E3D4DF7CE4D4FF51A0
:105E9000E5D4FB85E6D4A367E7D4E965E8D4A16F30
:105EA000E9D4A486EAD4818EEBD46A56ECD420904F
:105EB000EDD48276EED47670EFD4E571F0D4238DF4
:105EC000F1D4E962F2D41952F3D4FD6CF4D43C8DD0
:105ED000F5D40E60F6D49E58F7D48E61F8D4FE66E1
:105EE000F9D4608DFAD44E62FBD4B355FCD4236E42
:105EF000FDD42D67FED4678F40D5818A41D5828A33
:105F000042D5838A43D5848A44D5858A45D5868AF5
:105F100046D5878A47D5888A48D58B8A49D58C8AC1
:105F20004AD58D8A4BD58E8A4CD58F8A4DD5908A8D
:105F30004ED5918A4FD5928A50D5948A51D5958A5B
:105F400052D5968A53D5978A54D5988A55D5998A29
:105F500056D59A8A57D59B8A58D59C8A59D59D8AF9
:105F60005AD59E8A5BD59F8A5CD5A08A5DD5A18AC9
:105F70005ED5A28A5FD5A38A60D5A48A61D5A58A99
:105F800062D5A68A63D5A78A64D5A88A65D5A98A69
:105F900066D5AA8A67D5AB8A68D5AC8A69D5AD8A39
:105FA0006AD5AE8A6BD5AF8A6CD5B08A6DD5B18A09
:105FB0006ED5B28A6FD5B38A70D5B48A71D5B58AD9
:105FC00072D5B68A73D5B78A74D5B88A75D5B98AA9
:105FD00076D5BA8A77D5BB8A78D5BC8A79D5BD8A79
:105FE0007AD5BE8A7BD5BF8A7CD5C08A7DD5C18A49
:105FF0007ED5C28A80D5C38A81D5C48A82D5C58A16
:1060000083D5C68A84D5C78A85D5C88A86D5C98AE4
:1060100087D5CA8A88D5CB8A89D5CC8A8AD5CD8AB4
:106020008BD5CE8A8CD5CF8A8DD5D08A8ED5D18A84
:106030008FD5D28A90D5D38A91D5D48A92D5D58A54
:1060400093D5D68A94D5D78A95D5D88A96D5D98A24
:1060500097D5DA8A98D5DB8A99D5DC8A9AD5DD8AF4
:106060009BD5DE8A9CD5DF8A9DD5E08A9ED5E18AC4
:106070009FD5E28AA0D5E38AA1D5E194A2D5F8956F
:10608000A3D52877A4D50568A5D5A869A6D58B542E
:10609000A7D54D4EA8D5B870A9D5C88BAAD5586438
:1060A000ABD58B65ACD5855BADD5847AAED53A5092
:1060B000AFD5E85BB0D5BB77B1D5E16BB2D5798A06
:1060C000B3D5987CB4D5BE6CB5D5CF76B6D5A96519
:1060D000B7D5978FB8D52D5DB9D5555CBAD538866B
:1060E000BBD50868BCD56053BDD51862BED5D97A7A
:1060F000BFD55B6EC0D5FD7EC1D51F6AC2D5E07A23
:10610000C3D5705FC4D5336FC5D5205FC6D58C634A
:10611000C7D5A86DC8D55667C9D5084ECAD5105E73
:10612000CBD5268DCCD5D74ECDD5C080CED5347627
:10613000CFD59C96D0D5DB62D1D52D66D2D57E62E7
:10614000D3D5BC6CD4D5758DD5D56771D6D5697FBF
:10615000D7D54651D8D58780D9D5EC53DAD56E90AE
:10616000DBD59862DCD5F254DDD5F086DED5998F8B
:10617000DFD50580E0D51795E1D51785E2D5D98F14
:10618000E3D5596DE4D5CD73E5D59F65E6D51F7789
:10619000E7D50475E8D52778E9D5FB81EAD51E8DCA
:1061A000EBD58894ECD5A64FEDD59567EED5B975AE
:1061B000EFD5CA8BF0D50797F1D52F63F2D5479568
:1061C000F3D53596F4D5B884F5D52363F6D5417764
:1061D000F7D5815FF8D5F072F9D5894EFAD51460FC
:1061E000FBD57465FCD5EF62FDD5636BFED53F65CD
:1061F00040D6E48A41D6E58A42D6E68A43D6E78A83
:1062000044D6E88A45D6E98A46D6EA8A47D6EB8A52
:1062100048D6EC8A49D6ED8A4AD6EE8A4BD6EF8A22
:106220004CD6F08A4DD6F18A4ED6F28A4FD6F38AF2
:1062300050D6F48A51D6F58A52D6F68A53D6F78AC2
:1062400054D6F88A55D6F98A56D6FA8A57D6FB8A92
:1062500058D6FC8A59D6FD8A5AD6FE8A5BD6FF8A62
:106260005CD6008B5DD6018B5ED6028B5FD6038B2E
:1062700060D6048B61D6058B62D6068B63D6088BFD
:1062800064D6098B65D60A8B66D60B8B67D60C8BCA
:1062900068D60D8B69D60E8B6AD60F8B6BD6108B9A
:1062A0006CD6118B6DD6128B6ED6138B6FD6148B6A
:1062B00070D6158B71D6168B72D6178B73D6188B3A
:1062C00074D6198B75D61A8B76D61B8B77D61C8B0A
:1062D00078D61D8B79D61E8B7AD61F8B7BD6208BDA
:1062E0007CD6218B7DD6228B7ED6238B80D6248BA9
:1062F00081D6258B82D6278B83D6288B84D6298B73
:1063000085D62A8B86D62B8B87D62C8B88D62D8B41
:1063100089D62E8B8AD62F8B8BD6308B8CD6318B11
:106320008DD6328B8ED6338B8FD6348B90D6358BE1
:1063300091D6368B92D6378B93D6388B94D6398BB1
:1063400095D63A8B96D63B8B97D63C8B98D63D8B81
:1063500099D63E8B9AD63F8B9BD6408B9CD6418B51
:106360009DD6428B9ED6438B9FD6448BA0D6458B21
:10637000A1D6275EA2D6C775A3D6D190A4D6C18BCD
:10638000A5D69D82A6D69D67A7D62F65A8D63154DF
:10639000A9D61887AAD6E577ABD6A280ACD602815B
:1063A000ADD6416CAED64B4EAFD6C77EB0D64C8084
:1063B000B1D6F476B2D60D69B3D6966BB4D6676211
:1063C000B5D63C50B6D6844FB7D64057B8D607633B
:1063D000B9D6626BBAD6BE8DBBD6EA53BCD6E865D9
:1063E000BDD6B87EBED6D75FBFD61A63C0D6B76358
:1063F000C1D6F381C2D6F481C3D66E7FC4D61C5EEB
:10640000C5D6D95CC6D63652C7D67A66C8D6E9791B
:10641000C9D61A7ACAD6288DCBD69970CCD6D4755F
:10642000CDD6DE6ECED6BB6CCFD6927AD0D62D4EE0
:10643000D1D6C576D2D6E05FD3D69F94D4D677880E
:10644000D5D6C87ED6D6CD79D7D6BF80D8D6CD9171
:10645000D9D6F24EDAD6174FDBD61F82DCD6685477
:10646000DDD6DE5DDED6326DDFD6CC8BE0D6A57C08
:10647000E1D6748FE2D69880E3D61A5EE4D69254C1
:10648000E5D6B176E6D6995BE7D63C66E8D6A49A1F
:10649000E9D6E073EAD62A68EBD6DB86ECD631671C
:1064A000EDD62A73EED6F88BEFD6DB8BF0D61090B4
:1064B000F1D6F97AF2D6DB70F3D66E71F4D6C462F7
:1064C000F5D6A977F6D63156F7D63B4EF8D657848F
:1064D000F9D6F167FAD6A952FBD6C086FCD62E8D26
:1064E000FDD6F894FED6517B40D7468B41D7478BDB
:1064F00042D7488B43D7498B44D74A8B45D74B8BE0
:1065000046D74C8B47D74D8B48D74E8B49D74F8BAF
:106510004AD7508B4BD7518B4CD7528B4DD7538B7F
:106520004ED7548B4FD7558B50D7568B51D7578B4F
:1065300052D7588B53D7598B54D75A8B55D75B8B1F
:1065400056D75C8B57D75D8B58D75E8B59D75F8BEF
:106550005AD7608B5BD7618B5CD7628B5DD7638BBF
:106560005ED7648B5FD7658B60D7678B61D7688B8D
:1065700062D7698B63D76A8B64D76B8B65D76D8B5A
:1065800066D76E8B67D76F8B68D7708B69D7718B27
:106590006AD7728B6BD7738B6CD7748B6DD7758BF7
:1065A0006ED7768B6FD7778B70D7788B71D7798BC7
:1065B00072D77A8B73D77B8B74D77C8B75D77D8B97
:1065C00076D77E8B77D77F8B78D7808B79D7818B67
:1065D0007AD7828B7BD7838B7CD7848B7DD7858B37
:1065E0007ED7868B80D7878B81D7888B82D7898B04
:1065F00083D78A8B84D78B8B85D78C8B86D78D8BD3
:1066000087D78E8B88D78F8B89D7908B8AD7918BA2
:106610008BD7928B8CD7938B8DD7948B8ED7958B72
:106620008FD7968B90D7978B91D7988B92D7998B42
:1066300093D79A8B94D79B8B95D79C8B96D79D8B12
:1066400097D79E8B98D79F8B99D7AC8B9AD7B18BC6
:106650009BD7BB8B9CD7C78B9DD7D08B9ED7EA8B04
:106660009FD7098CA0D71E8CA1D74F4FA2D7E86C1B
:10667000A3D75D79A4D77B9AA5D79362A6D72A72B0
:10668000A7D7FD62A8D7134EA9D71678AAD76C8FC3
:10669000ABD7B064ACD75A8DADD7C67BAED76968DF
:1066A000AFD7845EB0D7C588B1D78659B2D79E64BC
:1066B000B3D7EE58B4D7B672B5D70E69B6D725950D
:1066C000B7D7FD8FB8D7588DB9D76057BAD7007FE5
:1066D000BBD7068CBCD7C651BDD74963BED7D962DC
:1066E000BFD75353C0D74C68C1D72274C2D70183D8
:1066F000C3D74C91C4D74455C5D74077C6D77C7013
:10670000C7D74A6DC8D77951C9D7A854CAD7448DBD
:10671000CBD7FF59CCD7CB6ECDD7C46DCED75C5B72
:10672000CFD72B7DD0D7D44ED1D77D7CD2D7D36EC7
:10673000D3D7505BD4D7EA81D5D70D6ED6D7575B68
:10674000D7D7039BD8D7D568D9D72A8EDAD7975B06
:10675000DBD7FC7EDCD73B60DDD7B57EDED7B990DA
:10676000DFD7708DE0D74F59E1D7CD63E2D7DF791E
:10677000E3D7B38DE4D75253E5D7CF65E6D7567943
:10678000E7D7C58BE8D73B96E9D7C47EEAD7BB9459
:10679000EBD7827EECD73456EDD78991EED70067E0
:1067A000EFD76A7FF0D70A5CF1D77590F2D72866E9
:1067B000F3D7E65DF4D7504FF5D7DE67F6D75A50DA
:1067C000F7D75C4FF8D75057F9D7A75E40D8388C29
:1067D00041D8398C42D83A8C43D83B8C44D83C8C35
:1067E00045D83D8C46D83E8C47D83F8C48D8408C05
:1067F00049D8428C4AD8438C4BD8448C4CD8458CD1
:106800004DD8488C4ED84A8C4FD84B8C50D84D8C94
:1068100051D84E8C52D84F8C53D8508C54D8518C60
:1068200055D8528C56D8538C57D8548C58D8568C2F
:1068300059D8578C5AD8588C5BD8598C5CD85B8CFB
:106840005DD85C8C5ED85D8C5FD85E8C60D85F8CC8
:1068500061D8608C62D8638C63D8648C64D8658C92
:1068600065D8668C66D8678C67D8688C68D8698C60
:1068700069D86C8C6AD86D8C6BD86E8C6CD86F8C28
:106880006DD8708C6ED8718C6FD8728C70D8748CF7
:1068900071D8758C72D8768C73D8778C74D87B8CC1
:1068A00075D87C8C76D87D8C77D87E8C78D87F8C88
:1068B00079D8808C7AD8818C7BD8838C7CD8848C56
:1068C0007DD8868C7ED8878C80D8888C81D88B8C1C
:1068D00082D88D8C83D88E8C84D88F8C85D8908CE0
:1068E00086D8918C87D8928C88D8938C89D8958CAF
:1068F0008AD8968C8BD8978C8CD8998C8DD89A8C7A
:106900008ED89B8C8FD89C8C90D89D8C91D89E8C47
:1069100092D89F8C93D8A08C94D8A18C95D8A28C17
:1069200096D8A38C97D8A48C98D8A58C99D8A68CE7
:106930009AD8A78C9BD8A88C9CD8A98C9DD8AA8CB7
:106940009ED8AB8C9FD8AC8CA0D8AD8CA1D88D4EE6
:10695000A2D80C4EA3D84051A4D8104EA5D8FF5EA3
:10696000A6D84553A7D8154EA8D8984EA9D81E4EDC
:10697000AAD8329BABD86C5BACD86956ADD8284E40
:10698000AED8BA79AFD83F4EB0D81553B1D8474E2C
:10699000B2D82D59B3D83B72B4D86E53B5D8106C59
:1069A000B6D8DF56B7D8E480B8D89799B9D8D36BA2
:1069B000BAD87E77BBD8179FBCD8364EBDD89F4E6D
:1069C000BED8109FBFD85C4EC0D8694EC1D8934E78
:1069D000C2D88882C3D85B5BC4D86C55C5D80F5663
:1069E000C6D8C44EC7D88D53C8D89D53C9D8A35351
:1069F000CAD8A553CBD8AE53CCD86597CDD85D8D2A
:106A0000CED81A53CFD8F553D0D82653D1D82E5339
:106A1000D2D83E53D3D85C8DD4D86653D5D86353DF
:106A2000D6D80252D7D80852D8D80E52D9D82D521B
:106A3000DAD83352DBD83F52DCD84052DDD84C5242
:106A4000DED85E52DFD86152E0D85C52E1D8AF8424
:106A5000E2D87D52E3D88252E4D88152E5D89052F0
:106A6000E6D89352E7D88251E8D8547FE9D8BB4E94
:106A7000EAD8C34EEBD8C94EECD8C24EEDD8E84E9A
:106A8000EED8E14EEFD8EB4EF0D8DE4EF1D81B4FEA
:106A9000F2D8F34EF3D8224FF4D8644FF5D8F54E20
:106AA000F6D8254FF7D8274FF8D8094FF9D82B4FEC
:106AB000FAD85E4FFBD8674FFCD83865FDD85A4FDF
:106AC000FED85D4F40D9AE8C41D9AF8C42D9B08C45
:106AD00043D9B18C44D9B28C45D9B38C46D9B48C46
:106AE00047D9B58C48D9B68C49D9B78C4AD9B88C16
:106AF0004BD9B98C4CD9BA8C4DD9BB8C4ED9BC8CE6
:106B00004FD9BD8C50D9BE8C51D9BF8C52D9C08CB5
:106B100053D9C18C54D9C28C55D9C38C56D9C48C85
:106B200057D9C58C58D9C68C59D9C78C5AD9C88C55
:106B30005BD9C98C5CD9CA8C5DD9CB8C5ED9CC8C25
:106B40005FD9CD8C60D9CE8C61D9CF8C62D9D08CF5
:106B500063D9D18C64D9D28C65D9D38C66D9D48CC5
:106B600067D9D58C68D9D68C69D9D78C6AD9D88C95
:106B70006BD9D98C6CD9DA8C6DD9DB8C6ED9DC8C65
:106B80006FD9DD8C70D9DE8C71D9DF8C72D9E08C35
:106B900073D9E18C74D9E28C75D9E38C76D9E48C05
:106BA00077D9E58C78D9E68C79D9E78C7AD9E88CD5
:106BB0007BD9E98C7CD9EA8C7DD9EB8C7ED9EC8CA5
:106BC00080D9ED8C81D9EE8C82D9EF8C83D9F08C71
:106BD00084D9F18C85D9F28C86D9F38C87D9F48C41
:106BE00088D9F58C89D9F68C8AD9F78C8BD9F88C11
:106BF0008CD9F98C8DD9FA8C8ED9FB8C8FD9FC8CE1
:106C000090D9FD8C91D9FE8C92D9FF8C93D9008DAF
:106C100094D9018D95D9028D96D9038D97D9048D7C
:106C200098D9058D99D9068D9AD9078D9BD9088D4C
:106C30009CD9098D9DD90A8D9ED90B8D9FD90C8D1C
:106C4000A0D90D8DA1D95F4FA2D9574FA3D9324FEB
:106C5000A4D93D4FA5D9764FA6D9744FA7D9914F46
:106C6000A8D9894FA9D9834FAAD98F4FABD97E4FC5
:106C7000ACD97B4FADD9AA4FAED97C4FAFD9AC4F71
:106C8000B0D9944FB1D9E64FB2D9E84FB3D9EA4F52
:106C9000B4D9C54FB5D9DA4FB6D9E34FB7D9DC4F20
:106CA000B8D9D14FB9D9DF4FBAD9F84FBBD929508C
:106CB000BCD94C50BDD9F34FBED92C50BFD90F50C1
:106CC000C0D92E50C1D92D50C2D9FE4FC3D91C50A6
:106CD000C4D90C50C5D92550C6D92850C7D97E5023
:106CE000C8D94350C9D95550CAD94850CBD94E50AC
:106CF000CCD96C50CDD97B50CED9A550CFD9A75087
:106D0000D0D9A950D1D9BA50D2D9D650D3D9065159
:106D1000D4D9ED50D5D9EC50D6D9E650D7D9EE50CC
:106D2000D8D90751D9D90B51DAD9DD4EDBD93D6C11
:106D3000DCD9584FDDD9654FDED9CE4FDFD9A09FC2
:106D4000E0D9466CE1D9747CE2D96E51E3D9FD5D9E
:106D5000E4D9C99EE5D99899E6D98151E7D9145962
:106D6000E8D9F952E9D90D53EAD9078AEBD910537A
:106D7000ECD9EB51EDD91959EED95551EFD9A04EB7
:106D8000F0D95651F1D9B34EF2D96E88F3D9A4880F
:106D9000F4D9B54EF5D91481F6D9D288F7D98079CE
:106DA000F8D9345BF9D90388FAD9B87FFBD9AB514C
:106DB000FCD9B151FDD9BD51FED9BC5140DA0E8D7F
:106DC00041DA0F8D42DA108D43DA118D44DA128DDB
:106DD00045DA138D46DA148D47DA158D48DA168DAB
:106DE00049DA178D4ADA188D4BDA198D4CDA1A8D7B
:106DF0004DDA1B8D4EDA1C8D4FDA208D50DA518D15
:106E000051DA528D52DA578D53DA5F8D54DA658D2F
:106E100055DA688D56DA698D57DA6A8D58DA6C8DD5
:106E200059DA6E8D5ADA6F8D5BDA718D5CDA728D9C
:106E30005DDA788D5EDA798D5FDA7A8D60DA7B8D56
:106E400061DA7C8D62DA7D8D63DA7E8D64DA7F8D26
:106E500065DA808D66DA828D67DA838D68DA868DF1
:106E600069DA878D6ADA888D6BDA898D6CDA8C8DB8
:106E70006DDA8D8D6EDA8E8D6FDA8F8D70DA908D82
:106E800071DA928D72DA938D73DA958D74DA968D4C
:106E900075DA978D76DA988D77DA998D78DA9A8D1A
:106EA00079DA9B8D7ADA9C8D7BDA9D8D7CDA9E8DEA
:106EB0007DDAA08D7EDAA18D80DAA28D81DAA48DB3
:106EC00082DAA58D83DAA68D84DAA78D85DAA88D7E
:106ED00086DAA98D87DAAA8D88DAAB8D89DAAC8D4E
:106EE0008ADAAD8D8BDAAE8D8CDAAF8D8DDAB08D1E
:106EF0008EDAB28D8FDAB68D90DAB78D91DAB98DE0
:106F000092DABB8D93DABD8D94DAC08D95DAC18D9E
:106F100096DAC28D97DAC58D98DAC78D99DAC88D61
:106F20009ADAC98D9BDACA8D9CDACD8D9DDAD08D27
:106F30009EDAD28D9FDAD38DA0DAD48DA1DAC75133
:106F4000A2DA9651A3DAA251A4DAA551A5DAA08B50
:106F5000A6DAA68BA7DAA78BA8DAAA8BA9DAB48B54
:106F6000AADAB58BABDAB78BACDAC28BADDAC38BEE
:106F7000AEDACB8BAFDACF8BB0DACE8BB1DAD28B85
:106F8000B2DAD38BB3DAD48BB4DAD68BB5DAD88B4A
:106F9000B6DAD98BB7DADC8BB8DADF8BB9DAE08B0B
:106FA000BADAE48BBBDAE88BBCDAE98BBDDAEE8BBC
:106FB000BEDAF08BBFDAF38BC0DAF68BC1DAF98B6D
:106FC000C2DAFC8BC3DAFF8BC4DA008CC5DA028C20
:106FD000C6DA048CC7DA078CC8DA0C8CC9DA0F8CD5
:106FE000CADA118CCBDA128CCCDA148CCDDA158C8F
:106FF000CEDA168CCFDA198CD0DA1B8CD1DA188C59
:10700000D2DA1D8CD3DA1F8CD4DA208CD5DA218C1D
:10701000D6DA258CD7DA278CD8DA2A8CD9DA2B8CD9
:10702000DADA2E8CDBDA2F8CDCDA328CDDDA338C98
:10703000DEDA358CDFDA368CE0DA6953E1DA7A535E
:10704000E2DA1D96E3DA2296E4DA2196E5DA319661
:10705000E6DA2A96E7DA3D96E8DA3C96E9DA4296ED
:10706000EADA4996EBDA5496ECDA5F96EDDA67964F
:10707000EEDA6C96EFDA7296F0DA7496F1DA8896B8
:10708000F2DA8D96F3DA9796F4DAB096F5DA97900D
:10709000F6DA9B90F7DA9D90F8DA9990F9DAAC90ED
:1070A000FADAA190FBDAB490FCDAB390FDDAB6908C
:1070B000FEDABA9040DBD58D41DBD88D42DBD98D2D
:1070C00043DBDC8D44DBE08D45DBE18D46DBE28D8F
:1070D00047DBE58D48DBE68D49DBE78D4ADBE98D53
:1070E0004BDBED8D4CDBEE8D4DDBF08D4EDBF18D12
:1070F0004FDBF28D50DBF48D51DBF68D52DBFC8DD6
:1071000053DBFE8D54DBFF8D55DB008E56DB018E8D
:1071100057DB028E58DB038E59DB048E5ADB068E5A
:107120005BDB078E5CDB088E5DDB0B8E5EDB0D8E22
:107130005FDB0E8E60DB108E61DB118E62DB128EE8
:1071400063DB138E64DB158E65DB168E66DB178EB4
:1071500067DB188E68DB198E69DB1A8E6ADB1B8E83
:107160006BDB1C8E6CDB208E6DDB218E6EDB248E48
:107170006FDB258E70DB268E71DB278E72DB288E0F
:1071800073DB2B8E74DB2D8E75DB308E76DB328ECF
:1071900077DB338E78DB348E79DB368E7ADB378E95
:1071A0007BDB388E7CDB3B8E7DDB3C8E7EDB3E8E5C
:1071B00080DB3F8E81DB438E82DB458E83DB468E18
:1071C00084DB4C8E85DB4D8E86DB4E8E87DB4F8ECF
:1071D00088DB508E89DB538E8ADB548E8BDB558E99
:1071E0008CDB568E8DDB578E8EDB588E8FDB5A8E66
:1071F00090DB5B8E91DB5C8E92DB5D8E93DB5E8E33
:1072000094DB5F8E95DB608E96DB618E97DB628E02
:1072100098DB638E99DB648E9ADB658E9BDB678ED1
:107220009CDB688E9DDB6A8E9EDB6B8E9FDB6E8E99
:10723000A0DB718EA1DBB890A2DBB090A3DBCF9076
:10724000A4DBC590A5DBBE90A6DBD090A7DBC490E5
:10725000A8DBC790A9DBD390AADBE690ABDBE2907A
:10726000ACDBDC90ADDBD790AEDBDB90AFDBEB9043
:10727000B0DBEF90B1DBFE90B2DB0491B3DB229187
:10728000B4DB1E91B5DB2391B6DB3191B7DB2F91D7
:10729000B8DB3991B9DB4391BADB4691BBDB0D52C8
:1072A000BCDB4259BDDBA252BEDBAC52BFDBAD52F0
:1072B000C0DBBE52C1DBFF54C2DBD052C3DBD652AF
:1072C000C4DBF052C5DBDF53C6DBEE71C7DBCD7725
:1072D000C8DBF45EC9DBF551CADBFC51CBDB2F9B6D
:1072E000CCDBB653CDDB015FCEDB5A75CFDBEF5D78
:1072F000D0DB4C57D1DBA957D2DBA157D3DB7E586B
:10730000D4DBBC58D5DBC558D6DBD158D7DB2957E1
:10731000D8DB2C57D9DB2A57DADB3357DBDB39577D
:10732000DCDB2E57DDDB2F57DEDB5C57DFDB3B572B
:10733000E0DB4257E1DB6957E2DB8557E3DB6B5764
:10734000E4DB8657E5DB7C57E6DB7B57E7DB6857FA
:10735000E8DB6D57E9DB7657EADB7357EBDBAD57BC
:10736000ECDBA457EDDB8C57EEDBB257EFDBCF57EE
:10737000F0DBA757F1DBB457F2DB9357F3DBA057F1
:10738000F4DBD557F5DBD857F6DBDA57F7DBD957FF
:10739000F8DBD257F9DBB857FADBF457FBDBEF57D2
:1073A000FCDBF857FDDBE457FEDBDD5740DC738E7A
:1073B00041DC758E42DC778E43DC788E44DC798E3E
:1073C00045DC7A8E46DC7B8E47DC7D8E48DC7E8E0B
:1073D00049DC808E4ADC828E4BDC838E4CDC848ED2
:1073E0004DDC868E4EDC888E4FDC898E50DC8A8E9A
:1073F00051DC8B8E52DC8C8E53DC8D8E54DC8E8E69
:1074000055DC918E56DC928E57DC938E58DC958E2F
:1074100059DC968E5ADC978E5BDC988E5CDC998EFC
:107420005DDC9A8E5EDC9B8E5FDC9D8E60DC9F8EC9
:1074300061DCA08E62DCA18E63DCA28E64DCA38E94
:1074400065DCA48E66DCA58E67DCA68E68DCA78E64
:1074500069DCA88E6ADCA98E6BDCAA8E6CDCAD8E32
:107460006DDCAE8E6EDCB08E6FDCB18E70DCB38EF8
:1074700071DCB48E72DCB58E73DCB68E74DCB78EC4
:1074800075DCB88E76DCB98E77DCBB8E78DCBC8E92
:1074900079DCBD8E7ADCBE8E7BDCBF8E7CDCC08E60
:1074A0007DDCC18E7EDCC28E80DCC38E81DCC48E2E
:1074B00082DCC58E83DCC68E84DCC78E85DCC88EFC
:1074C00086DCC98E87DCCA8E88DCCB8E89DCCC8ECC
:1074D0008ADCCD8E8BDCCF8E8CDCD08E8DDCD18E99
:1074E0008EDCD28E8FDCD38E90DCD48E91DCD58E68
:1074F00092DCD68E93DCD78E94DCD88E95DCD98E38
:1075000096DCDA8E97DCDB8E98DCDC8E99DCDD8E07
:107510009ADCDE8E9BDCDF8E9CDCE08E9DDCE18ED7
:107520009EDCE28E9FDCE38EA0DCE48EA1DC0B58B7
:10753000A2DC0D58A3DCFD57A4DCED57A5DC0058F8
:10754000A6DC1E58A7DC1958A8DC4458A9DC205832
:10755000AADC6558ABDC6C58ACDC8158ADDC8958D2
:10756000AEDC9A58AFDC8058B0DCA899B1DC199F2A
:10757000B2DCFF61B3DC7982B4DC7D82B5DC7F8272
:10758000B6DC8F82B7DC8A82B8DCA882B9DC848260
:10759000BADC8E82BBDC9182BCDC9782BDDC998236
:1075A000BEDCAB82BFDCB882C0DCBE82C1DCB08294
:1075B000C2DCC882C3DCCA82C4DCE382C5DC988238
:1075C000C6DCB782C7DCAE82C8DCCB82C9DCCC8229
:1075D000CADCC182CBDCA982CCDCB482CDDCA18246
:1075E000CEDCAA82CFDC9F82D0DCC482D1DCCE820A
:1075F000D2DCA482D3DCE182D4DC0983D5DCF7823F
:10760000D6DCE482D7DC0F83D8DC0783D9DCDC82CC
:10761000DADCF482DBDCD282DCDCD882DDDC0C83D9
:10762000DEDCFB82DFDCD382E0DC1183E1DC1A8369
:10763000E2DC0683E3DC1483E4DC1583E5DCE08232
:10764000E6DCD582E7DC1C83E8DC5183E9DC5B8384
:10765000EADC5C83EBDC0883ECDC9283EDDC3C83CE
:10766000EEDC3483EFDC3183F0DC9B83F1DC5E8382
:10767000F2DC2F83F3DC4F83F4DC4783F5DC4383B8
:10768000F6DC5F83F7DC4083F8DC1783F9DC60838A
:10769000FADC2D83FBDC3A83FCDC3383FDDC668380
:1076A000FEDC658340DDE58E41DDE68E42DDE78E62
:1076B00043DDE88E44DDE98E45DDEA8E46DDEB8E66
:1076C00047DDEC8E48DDED8E49DDEE8E4ADDEF8E36
:1076D0004BDDF08E4CDDF18E4DDDF28E4EDDF38E06
:1076E0004FDDF48E50DDF58E51DDF68E52DDF78ED6
:1076F00053DDF88E54DDF98E55DDFA8E56DDFB8EA6
:1077000057DDFC8E58DDFD8E59DDFE8E5ADDFF8E75
:107710005BDD008F5CDD018F5DDD028F5EDD038F41
:107720005FDD048F60DD058F61DD068F62DD078F11
:1077300063DD088F64DD098F65DD0A8F66DD0B8FE1
:1077400067DD0C8F68DD0D8F69DD0E8F6ADD0F8FB1
:107750006BDD108F6CDD118F6DDD128F6EDD138F81
:107760006FDD148F70DD158F71DD168F72DD178F51
:1077700073DD188F74DD198F75DD1A8F76DD1B8F21
:1077800077DD1C8F78DD1D8F79DD1E8F7ADD1F8FF1
:107790007BDD208F7CDD218F7DDD228F7EDD238FC1
:1077A00080DD248F81DD258F82DD268F83DD278F8D
:1077B00084DD288F85DD298F86DD2A8F87DD2B8F5D
:1077C00088DD2C8F89DD2D8F8ADD2E8F8BDD2F8F2D
:1077D0008CDD308F8DDD318F8EDD328F8FDD338FFD
:1077E00090DD348F91DD358F92DD368F93DD378FCD
:1077F00094DD388F95DD398F96DD3A8F97DD3B8F9D
:1078000098DD3C8F99DD3D8F9ADD3E8F9BDD3F8F6C
:107810009CDD408F9DDD418F9EDD428F9FDD438F3C
:10782000A0DD448FA1DD6883A2DD1B83A3DD698316
:10783000A4DD6C83A5DD6A83A6DD6D83A7DD6E8381
:10784000A8DDB083A9DD7883AADDB383ABDDB48383
:10785000ACDDA083ADDDAA83AEDD9383AFDD9C8379
:10786000B0DD8583B1DD7C83B2DDB683B3DDA98372
:10787000B4DD7D83B5DDB883B6DD7B83B7DD98836A
:10788000B8DD9E83B9DDA883BADDBA83BBDDBC83D6
:10789000BCDDC183BDDD0184BEDDE583BFDDD883F2
:1078A000C0DD0758C1DD1884C2DD0B84C3DDDD8374
:1078B000C4DDFD83C5DDD683C6DD1C84C7DD388409
:1078C000C8DD1184C9DD0684CADDD483CBDDDF8346
:1078D000CCDD0F84CDDD0384CEDDF883CFDDF983ED
:1078E000D0DDEA83D1DDC583D2DDC083D3DD26843C
:1078F000D4DDF083D5DDE183D6DD5C84D7DD518432
:10790000D8DD5A84D9DD5984DADD7384DBDD8784E0
:10791000DCDD8884DDDD7A84DEDD8984DFDD78846A
:10792000E0DD3C84E1DD4684E2DD6984E3DD7684EC
:10793000E4DD8C84E5DD8E84E6DD3184E7DD6D8475
:10794000E8DDC184E9DDCD84EADDD084EBDDE684C9
:10795000ECDDBD84EDDDD384EEDDCA84EFDDBF84D4
:10796000F0DDBA84F1DDE084F2DDA184F3DDB984D9
:10797000F4DDB484F5DD9784F6DDE584F7DDE3849A
:10798000F8DD0C85F9DD0D75FADD3885FBDDF08459
:10799000FCDD3985FDDD1F85FEDD3A8540DE458F46
:1079A00041DE468F42DE478F43DE488F44DE498FFB
:1079B00045DE4A8F46DE4B8F47DE4C8F48DE4D8FCB
:1079C00049DE4E8F4ADE4F8F4BDE508F4CDE518F9B
:1079D0004DDE528F4EDE538F4FDE548F50DE558F6B
:1079E00051DE568F52DE578F53DE588F54DE598F3B
:1079F00055DE5A8F56DE5B8F57DE5C8F58DE5D8F0B
:107A000059DE5E8F5ADE5F8F5BDE608F5CDE618FDA
:107A10005DDE628F5EDE638F5FDE648F60DE658FAA
:107A200061DE6A8F62DE808F63DE8C8F64DE928F10
:107A300065DE9D8F66DEA08F67DEA18F68DEA28F78
:107A400069DEA48F6ADEA58F6BDEA68F6CDEA78F42
:107A50006DDEAA8F6EDEAC8F6FDEAD8F70DEAE8F07
:107A600071DEAF8F72DEB28F73DEB38F74DEB48FD0
:107A700075DEB58F76DEB78F77DEB88F78DEBA8F9A
:107A800079DEBB8F7ADEBC8F7BDEBF8F7CDEC08F62
:107A90007DDEC38F7EDEC68F80DEC98F81DECA8F1A
:107AA00082DECB8F83DECC8F84DECD8F85DECF8FE1
:107AB00086DED28F87DED68F88DED78F89DEDA8F9B
:107AC0008ADEE08F8BDEE18F8CDEE38F8DDEE78F49
:107AD0008EDEEC8F8FDEEF8F90DEF18F91DEF28FF6
:107AE00092DEF48F93DEF58F94DEF68F95DEFA8FBB
:107AF00096DEFB8F97DEFC8F98DEFE8F99DEFF8F80
:107B00009ADE07909BDE08909CDE0C909DDE0E9026
:107B10009EDE13909FDE1590A0DE1890A1DE5685A4
:107B2000A2DE3B85A3DEFF84A4DEFC84A5DE5985AE
:107B3000A6DE4885A7DE6885A8DE6485A9DE5E85A9
:107B4000AADE7A85ABDEA277ACDE4385ADDE728538
:107B5000AEDE7B85AFDEA485B0DEA885B1DE87858D
:107B6000B2DE8F85B3DE7985B4DEAE85B5DE9C8569
:107B7000B6DE8585B7DEB985B8DEB785B9DEB085F6
:107B8000BADED385BBDEC185BCDEDC85BDDEFF850C
:107B9000BEDE2786BFDE0586C0DE2986C1DE1686EC
:107BA000C2DE3C86C3DEFE5EC4DE085FC5DE3C5935
:107BB000C6DE4159C7DE3780C8DE5559C9DE5A597D
:107BC000CADE5859CBDE0F53CCDE225CCDDE255CFD
:107BD000CEDE2C5CCFDE345CD0DE4C62D1DE6A625D
:107BE000D2DE9F62D3DEBB62D4DECA62D5DEDA6249
:107BF000D6DED762D7DEEE62D8DE2263D9DEF66249
:107C0000DADE3963DBDE4B63DCDE4363DDDEAD638E
:107C1000DEDEF663DFDE7163E0DE7A63E1DE8E6373
:107C2000E2DEB463E3DE6D63E4DEAC63E5DE8A636B
:107C3000E6DE6963E7DEAE63E8DEBC63E9DEF263DD
:107C4000EADEF863EBDEE063ECDEFF63EDDEC463E7
:107C5000EEDEDE63EFDECE63F0DE5264F1DEC6639D
:107C6000F2DEBE63F3DE4564F4DE4164F5DE0B64F0
:107C7000F6DE1B64F7DE2064F8DE0C64F9DE2664B1
:107C8000FADE2164FBDE5E64FCDE8464FDDE6D648E
:107C9000FEDE966440DF199041DF1C9042DF2390A6
:107CA00043DF249044DF259045DF279046DF28906E
:107CB00047DF299048DF2A9049DF2B904ADF2C903C
:107CC0004BDF30904CDF31904DDF32904EDF339000
:107CD0004FDF349050DF379051DF399052DF3A90C8
:107CE00053DF3D9054DF3F9055DF409056DF439087
:107CF00057DF459058DF469059DF48905ADF49904A
:107D00005BDF4A905CDF4B905DDF4C905EDF4E9016
:107D10005FDF549060DF559061DF569062DF5990CD
:107D200063DF5A9064DF5C9065DF5D9066DF5E9094
:107D300067DF5F9068DF609069DF61906ADF649061
:107D40006BDF66906CDF67906DDF69906EDF6A9025
:107D50006FDF6B9070DF6C9071DF6F9072DF7090EF
:107D600073DF719074DF729075DF739076DF7690B9
:107D700077DF779078DF789079DF79907ADF7A9083
:107D80007BDF7B907CDF7C907DDF7E907EDF81904F
:107D900080DF849081DF859082DF869083DF87900B
:107DA00084DF899085DF8A9086DF8C9087DF8D90D5
:107DB00088DF8E9089DF8F908ADF90908BDF9290A2
:107DC0008CDF94908DDF96908EDF98908FDF9A9065
:107DD00090DF9C9091DF9E9092DF9F9093DFA09028
:107DE00094DFA49095DFA59096DFA79097DFA890E9
:107DF00098DFA99099DFAB909ADFAD909BDFB290AE
:107E00009CDFB7909DDFBC909EDFBD909FDFBF9051
:107E1000A0DFC090A1DF7A64A2DFB764A3DFB864FB
:107E2000A4DF9964A5DFBA64A6DFC064A7DFD064CD
:107E3000A8DFD764A9DFE464AADFE264ABDF0965E9
:107E4000ACDF2565ADDF2E65AEDF0B5FAFDFD25F48
:107E5000B0DF1975B1DF115FB2DF5F53B3DFF153EC
:107E6000B4DFFD53B5DFE953B6DFE853B7DFFB53AB
:107E7000B8DF1254B9DF1654BADF0654BBDF4B54D7
:107E8000BCDF5254BDDF5354BEDF5454BFDF5654E1
:107E9000C0DF4354C1DF2154C2DF5754C3DF5954FC
:107EA000C4DF2354C5DF3254C6DF8254C7DF945485
:107EB000C8DF7754C9DF7154CADF6454CBDF9A54EA
:107EC000CCDF9B54CDDF8454CEDF7654CFDF6654B5
:107ED000D0DF9D54D1DFD054D2DFAD54D3DFC254B4
:107EE000D4DFB454D5DFD254D6DFA754D7DFA6549D
:107EF000D8DFD354D9DFD454DADF7254DBDFA35494
:107F0000DCDFD554DDDFBB54DEDFBF54DFDFCC5414
:107F1000E0DFD954E1DFDA54E2DFDC54E3DFA954D7
:107F2000E4DFAA54E5DFA454E6DFDD54E7DFCF54F5
:107F3000E8DFDE54E9DF1B55EADFE754EBDF2055CD
:107F4000ECDFFD54EDDF1455EEDFF354EFDF225587
:107F5000F0DF2355F1DF0F55F2DF1155F3DF275521
:107F6000F4DF2A55F5DF6755F6DF8F55F7DFB55596
:107F7000F8DF4955F9DF6D55FADF4155FBDF5555FF
:107F8000FCDF3F55FDDF5055FEDF3C5540E0C29021
:107F900041E0C39042E0C69043E0C89044E0C990FD
:107FA00045E0CB9046E0CC9047E0CD9048E0D290C1
:107FB00049E0D4904AE0D5904BE0D6904CE0D89080
:107FC0004DE0D9904EE0DA904FE0DE9050E0DF9047
:107FD00051E0E09052E0E39053E0E49054E0E5900B
:107FE00055E0E99056E0EA9057E0EC9058E0EE90CA
:107FF00059E0F0905AE0F1905BE0F2905CE0F39091
:108000005DE0F5905EE0F6905FE0F79060E0F9905B
:1080100061E0FA9062E0FB9063E0FC9064E0FF9026
:1080200065E0009166E0019167E0039168E00591E9
:1080300069E006916AE007916BE008916CE00991B4
:108040006DE00A916EE00B916FE00C9170E00D9184
:1080500071E00E9172E00F9173E0109174E0119154
:1080600075E0129176E0139177E0149178E0159124
:1080700079E016917AE017917BE018917CE01A91F3
:108080007DE01B917EE01C9180E01D9181E01F91BD
:1080900082E0209183E0219184E0249185E0259184
:1080A00086E0269187E0279188E0289189E0299150
:1080B0008AE02A918BE02B918CE02C918DE02D9120
:1080C0008EE02E918FE0309190E0329191E03391EB
:1080D00092E0349193E0359194E0369195E03791B8
:1080E00096E0389197E03A9198E03B9199E03C9185
:1080F0009AE03D919BE03E919CE03F919DE0409154
:108100009EE041919FE04291A0E04491A1E037556B
:10811000A2E05655A3E07555A4E07655A5E0775545
:10812000A6E03355A7E03055A8E05C55A9E08B5593
:10813000AAE0D255ABE08355ACE0B155ADE0B955FE
:10814000AEE08855AFE08155B0E09F55B1E07E5577
:10815000B2E0D655B3E09155B4E07B55B5E0DF55BC
:10816000B6E0BD55B7E0BE55B8E09455B9E09955B5
:10817000BAE0EA55BBE0F755BCE0C955BDE01F5673
:10818000BEE0D155BFE0EB55C0E0EC55C1E0D455A1
:10819000C2E0E655C3E0DD55C4E0C455C5E0EF5587
:1081A000C6E0E555C7E0F255C8E0F355C9E0CC5547
:1081B000CAE0CD55CBE0E855CCE0F555CDE0E4552F
:1081C000CEE0948FCFE01E56D0E00856D1E00C569A
:1081D000D2E00156D3E02456D4E02356D5E0FE5534
:1081E000D6E00056D7E02756D8E02D56D9E05856AD
:1081F000DAE03956DBE05756DCE02C56DDE04D5630
:10820000DEE06256DFE05956E0E05C56E1E04C56B5
:10821000E2E05456E3E08656E4E06456E5E0715649
:10822000E6E06B56E7E07B56E8E07C56E9E08556F1
:10823000EAE09356EBE0AF56ECE0D456EDE0D756CB
:10824000EEE0DD56EFE0E156F0E0F556F1E0EB56FA
:10825000F2E0F956F3E0FF56F4E00457F5E00A5770
:10826000F6E00957F7E01C57F8E00F5EF9E0195EF9
:10827000FAE0145EFBE0115EFCE0315EFDE03B5E87
:10828000FEE03C5E40E1459141E1479142E1489189
:1082900043E1519144E1539145E1549146E15591B7
:1082A00047E1569148E1589149E159914AE15B9182
:1082B0004BE15C914CE15F914DE160914EE1669143
:1082C0004FE1679150E1689151E16B9152E16D91FD
:1082D00053E1739154E17A9155E17B9156E17C91A0
:1082E00057E1809158E1819159E182915AE183915E
:1082F0005BE184915CE186915DE188915EE18A9128
:108300005FE18E9160E18F9161E1939162E19491DF
:1083100063E1959164E1969165E1979166E19891A9
:1083200067E1999168E19C9169E19D916AE19E9173
:108330006BE19F916CE1A0916DE1A1916EE1A4913F
:108340006FE1A59170E1A69171E1A79172E1A89109
:1083500073E1A99174E1AB9175E1AC9176E1B091D3
:1083600077E1B19178E1B29179E1B3917AE1B69197
:108370007BE1B7917CE1B8917DE1B9917EE1BB9160
:1083800080E1BC9181E1BD9182E1BE9183E1BF9129
:1083900084E1C09185E1C19186E1C29187E1C391F9
:1083A00088E1C49189E1C5918AE1C6918BE1C891C8
:1083B0008CE1CB918DE1D0918EE1D2918FE1D3917F
:1083C00090E1D49191E1D59192E1D69193E1D79149
:1083D00094E1D89195E1D99196E1DA9197E1DB9119
:1083E00098E1DD9199E1DE919AE1DF919BE1E091E5
:1083F0009CE1E1919DE1E2919EE1E3919FE1E491B5
:10840000A0E1E591A1E1375EA2E1445EA3E1545E03
:10841000A4E15B5EA5E15E5EA6E1615EA7E18C5C26
:10842000A8E17A5CA9E18D5CAAE1905CABE1965C85
:10843000ACE1885CADE1985CAEE1995CAFE1915C48
:10844000B0E19A5CB1E19C5CB2E1B55CB3E1A25CE5
:10845000B4E1BD5CB5E1AC5CB6E1AB5CB7E1B15C8D
:10846000B8E1A35CB9E1C15CBAE1B75CBBE1C45C53
:10847000BCE1D25CBDE1E45CBEE1CB5CBFE1E55CAC
:10848000C0E1025DC1E1035DC2E1275DC3E1265D9C
:10849000C4E12E5DC5E1245DC6E11E5DC7E1065D58
:1084A000C8E11B5DC9E1585DCAE13E5DCBE1345DC9
:1084B000CCE13D5DCDE16C5DCEE15B5DCFE16F5D1B
:1084C000D0E15D5DD1E16B5DD2E14B5DD3E14A5D11
:1084D000D4E1695DD5E1745DD6E1825DD7E1995D56
:1084E000D8E19D5DD9E1738CDAE1B75DDBE1C55D73
:1084F000DCE1735FDDE1775FDEE1825FDFE1875F13
:10850000E0E1895FE1E18C5FE2E1955FE3E1995FA2
:10851000E4E19C5FE5E1A85FE6E1AD5FE7E1B55F1F
:10852000E8E1BC5FE9E16288EAE1615FEBE1AD723D
:10853000ECE1B072EDE1B472EEE1B772EFE1B87266
:10854000F0E1C372F1E1C172F2E1CE72F3E1CD72FA
:10855000F4E1D272F5E1E872F6E1EF72F7E1E97267
:10856000F8E1F272F9E1F472FAE1F772FBE10173FA
:10857000FCE1F372FDE10373FEE1FA7240E2E69181
:1085800041E2E79142E2E89143E2E99144E2EA9173
:1085900045E2EB9146E2EC9147E2ED9148E2EE9143
:1085A00049E2EF914AE2F0914BE2F1914CE2F29113
:1085B0004DE2F3914EE2F4914FE2F59150E2F691E3
:1085C00051E2F79152E2F89153E2F99154E2FA91B3
:1085D00055E2FB9156E2FC9157E2FD9158E2FE9183
:1085E00059E2FF915AE200925BE201925CE2029250
:1085F0005DE203925EE204925FE2059260E206921F
:1086000061E2079262E2089263E2099264E20A92EE
:1086100065E20B9266E20C9267E20D9268E20E92BE
:1086200069E20F926AE210926BE211926CE212928E
:108630006DE213926EE214926FE2159270E216925E
:1086400071E2179272E2189273E2199274E21A922E
:1086500075E21B9276E21C9277E21D9278E21E92FE
:1086600079E21F927AE220927BE221927CE22292CE
:108670007DE223927EE2249280E2259281E226929C
:1086800082E2279283E2289284E2299285E22A926A
:1086900086E22B9287E22C9288E22D9289E22E923A
:1086A0008AE22F928BE230928CE231928DE232920A
:1086B0008EE233928FE2349290E2359291E23692DA
:1086C00092E2379293E2389294E2399295E23A92AA
:1086D00096E23B9297E23C9298E23D9299E23E927A
:1086E0009AE23F929BE240929CE241929DE242924A
:1086F0009EE243929FE24492A0E24592A1E2FB7285
:10870000A2E21773A3E21373A4E22173A5E20A7332
:10871000A6E21E73A7E21D73A8E21573A9E22273F5
:10872000AAE23973ABE22573ACE22C73ADE2387385
:10873000AEE23173AFE25073B0E24D73B1E2577302
:10874000B2E26073B3E26C73B4E26F73B5E27E734E
:10875000B6E21B82B7E22559B8E2E798B9E224599C
:10876000BAE20259BBE26399BCE26799BDE268993B
:10877000BEE26999BFE26A99C0E26B99C1E26C9965
:10878000C2E27499C3E27799C4E27D99C5E2809907
:10879000C6E28499C7E28799C8E28A99C9E28D99AD
:1087A000CAE29099CBE29199CCE29399CDE2949967
:1087B000CEE29599CFE2805ED0E2915ED1E28B5E0F
:1087C000D2E2965ED3E2A55ED4E2A05ED5E2B95EC7
:1087D000D6E2B55ED7E2BE5ED8E2B35ED9E2538D93
:1087E000DAE2D25EDBE2D15EDCE2DB5EDDE2E85EB5
:1087F000DEE2EA5EDFE2BA81E0E2C45FE1E2C95FA5
:10880000E2E2D65FE3E2CF5FE4E20360E5E2EE5F3F
:10881000E6E20460E7E2E15FE8E2E45FE9E2FE5FEE
:10882000EAE20560EBE20660ECE2EA5FEDE2ED5FB2
:10883000EEE2F85FEFE21960F0E23560F1E2266007
:10884000F2E21B60F3E20F60F4E20D60F5E22960F2
:10885000F6E22B60F7E20A60F8E23F60F9E221609D
:10886000FAE27860FBE27960FCE27B60FDE27A602C
:10887000FEE2426040E3469241E3479242E348927F
:1088800043E3499244E34A9245E34B9246E34C92D8
:1088900047E34D9248E34E9249E34F924AE35092A8
:1088A0004BE351924CE352924DE353924EE3549278
:1088B0004FE3559250E3569251E3579252E3589248
:1088C00053E3599254E35A9255E35B9256E35C9218
:1088D00057E35D9258E35E9259E35F925AE36092E8
:1088E0005BE361925CE362925DE363925EE36492B8
:1088F0005FE3659260E3669261E3679262E3689288
:1089000063E3699264E36A9265E36B9266E36C9257
:1089100067E36D9268E36E9269E36F926AE3709227
:108920006BE371926CE372926DE373926EE37592F6
:108930006FE3769270E3779271E3789272E37992C3
:1089400073E37A9274E37B9275E37C9276E37D9293
:1089500077E37E9278E37F9279E380927AE3819263
:108960007BE382927CE383927DE384927EE3859233
:1089700080E3869281E3879282E3889283E38992FF
:1089800084E38A9285E38B9286E38C9287E38D92CF
:1089900088E38F9289E390928AE391928BE392929B
:1089A0008CE393928DE394928EE395928FE396926B
:1089B00090E3979291E3989292E3999293E39A923B
:1089C00094E39B9295E39C9296E39D9297E39E920B
:1089D00098E39F9299E3A0929AE3A1929BE3A292DB
:1089E0009CE3A3929DE3A4929EE3A5929FE3A692AB
:1089F000A0E3A792A1E36A60A2E37D60A3E396608F
:108A0000A4E39A60A5E3AD60A6E39D60A7E383605D
:108A1000A8E39260A9E38C60AAE39B60ABE3EC60FF
:108A2000ACE3BB60ADE3B160AEE3DD60AFE3D86063
:108A3000B0E3C660B1E3DA60B2E3B460B3E32061EF
:108A4000B4E32661B5E31561B6E32361B7E3F460EF
:108A5000B8E30061B9E30E61BAE32B61BBE34A619D
:108A6000BCE37561BDE3AC61BEE39461BFE3A761A4
:108A7000C0E3B761C1E3D461C2E3F561C3E3DD5F85
:108A8000C4E3B396C5E3E995C6E3EB95C7E3F19577
:108A9000C8E3F395C9E3F595CAE3F695CBE3FC95F6
:108AA000CCE3FE95CDE30396CEE30496CFE30696A2
:108AB000D0E30896D1E30A96D2E30B96D3E30C9663
:108AC000D4E30D96D5E30F96D6E31296D7E3159629
:108AD000D8E31696D9E31796DAE31996DBE31A96EC
:108AE000DCE32C4EDDE33F72DEE31562DFE3356C41
:108AF000E0E3546CE1E35C6CE2E34A6CE3E3A36C17
:108B0000E4E3856CE5E3906CE6E3946CE7E38C6C5E
:108B1000E8E3686CE9E3696CEAE3746CEBE3766CB8
:108B2000ECE3866CEDE3A96CEEE3D06CEFE3D46C80
:108B3000F0E3AD6CF1E3F76CF2E3F86CF3E3F16CA6
:108B4000F4E3D76CF5E3B26CF6E3E06CF7E3D66CD4
:108B5000F8E3FA6CF9E3EB6CFAE3EE6CFBE3B16C6F
:108B6000FCE3D36CFDE3EF6CFEE3FE6C40E4A89203
:108B700041E4A99242E4AA9243E4AB9244E4AC9269
:108B800045E4AD9246E4AF9247E4B09248E4B19236
:108B900049E4B2924AE4B3924BE4B4924CE4B59205
:108BA0004DE4B6924EE4B7924FE4B89250E4B992D5
:108BB00051E4BA9252E4BB9253E4BC9254E4BD92A5
:108BC00055E4BE9256E4BF9257E4C09258E4C19275
:108BD00059E4C2925AE4C3925BE4C4925CE4C59245
:108BE0005DE4C6925EE4C7925FE4C99260E4CA9213
:108BF00061E4CB9262E4CC9263E4CD9264E4CE92E1
:108C000065E4CF9266E4D09267E4D19268E4D292B0
:108C100069E4D3926AE4D4926BE4D5926CE4D69280
:108C20006DE4D7926EE4D8926FE4D99270E4DA9250
:108C300071E4DB9272E4DC9273E4DD9274E4DE9220
:108C400075E4DF9276E4E09277E4E19278E4E292F0
:108C500079E4E3927AE4E4927BE4E5927CE4E692C0
:108C60007DE4E7927EE4E89280E4E99281E4EA928E
:108C700082E4EB9283E4EC9284E4ED9285E4EE925C
:108C800086E4EF9287E4F09288E4F19289E4F2922C
:108C90008AE4F3928BE4F4928CE4F5928DE4F692FC
:108CA0008EE4F7928FE4F89290E4F99291E4FA92CC
:108CB00092E4FB9293E4FC9294E4FD9295E4FE929C
:108CC00096E4FF9297E4009398E4019399E4029369
:108CD0009AE403939BE404939CE405939DE4069338
:108CE0009EE407939FE40893A0E40993A1E4396DFF
:108CF000A2E4276DA3E40C6DA4E4436DA5E4486DE4
:108D0000A6E4076DA7E4046DA8E4196DA9E40E6D4F
:108D1000AAE42B6DABE44D6DACE42E6DADE4356D86
:108D2000AEE41A6DAFE44F6DB0E4526DB1E4546D32
:108D3000B2E4336DB3E4916DB4E46F6DB5E49E6D50
:108D4000B6E4A06DB7E45E6DB8E4936DB9E4946DDC
:108D5000BAE45C6DBBE4606DBCE47C6DBDE4636D46
:108D6000BEE41A6EBFE4C76DC0E4C56DC1E4DE6D3C
:108D7000C2E40E6EC3E4BF6DC4E4E06DC5E4116EE1
:108D8000C6E4E66DC7E4DD6DC8E4D96DC9E4166ECE
:108D9000CAE4AB6DCBE40C6ECCE4AE6DCDE42B6ECF
:108DA000CEE46E6ECFE44E6ED0E46B6ED1E4B26E64
:108DB000D2E45F6ED3E4866ED4E4536ED5E4546E91
:108DC000D6E4326ED7E4256ED8E4446ED9E4DF6E83
:108DD000DAE4B16EDBE4986EDCE4E06EDDE42D6F86
:108DE000DEE4E26EDFE4A56EE0E4A76EE1E4BD6ED2
:108DF000E2E4BB6EE3E4B76EE4E4D76EE5E4B46EA0
:108E0000E6E4CF6EE7E48F6EE8E4C26EE9E49F6EBD
:108E1000EAE4626FEBE4466FECE4476FEDE4246F45
:108E2000EEE4156FEFE4F96EF0E42F6FF1E4366FC6
:108E3000F2E44B6FF3E4746FF4E42A6FF5E4096F26
:108E4000F6E4296FF7E4896FF8E48D6FF9E48C6F2D
:108E5000FAE4786FFBE4726FFCE47C6FFDE47A6FF8
:108E6000FEE4D16F40E50A9341E50B9342E50C9394
:108E700043E50D9344E50E9345E50F9346E51093C6
:108E800047E5119348E5129349E513934AE5149396
:108E90004BE515934CE516934DE517934EE5189366
:108EA0004FE5199350E51A9351E51B9352E51C9336
:108EB00053E51D9354E51E9355E51F9356E5209306
:108EC00057E5219358E5229359E523935AE52493D6
:108ED0005BE525935CE526935DE527935EE52893A6
:108EE0005FE5299360E52A9361E52B9362E52C9376
:108EF00063E52D9364E52E9365E52F9366E5309346
:108F000067E5319368E5329369E533936AE5349315
:108F10006BE535936CE536936DE537936EE53893E5
:108F20006FE5399370E53A9371E53B9372E53C93B5
:108F300073E53D9374E53F9375E5409376E5419382
:108F400077E5429378E5439379E544937AE5459351
:108F50007BE546937CE547937DE548937EE5499321
:108F600080E54A9381E54B9382E54C9383E54D93ED
:108F700084E54E9385E54F9386E5509387E55193BD
:108F800088E5529389E553938AE554938BE555938D
:108F90008CE556938DE557938EE558938FE559935D
:108FA00090E55A9391E55B9392E55C9393E55D932D
:108FB00094E55E9395E55F9396E5609397E56193FD
:108FC00098E5629399E563939AE564939BE56593CD
:108FD0009CE566939DE567939EE568939FE569939D
:108FE000A0E56B93A1E5C96FA2E5A76FA3E5B96FF3
:108FF000A4E5B66FA5E5C26FA6E5E16FA7E5EE6F44
:10900000A8E5DE6FA9E5E06FAAE5EF6FABE51A70A2
:10901000ACE52370ADE51B70AEE53970AFE535709A
:10902000B0E54F70B1E55E70B2E5805BB3E5845B9F
:10903000B4E5955BB5E5935BB6E5A55BB7E5B85BD5
:10904000B8E52F75B9E59E9ABAE53464BBE5E45BF3
:10905000BCE5EE5BBDE53089BEE5F05BBFE5478E64
:10906000C0E5078BC1E5B68FC2E5D38FC3E5D58FC9
:10907000C4E5E58FC5E5EE8FC6E5E48FC7E5E98F6A
:10908000C8E5E68FC9E5F38FCAE5E88FCBE5059023
:10909000CCE50490CDE50B90CEE52690CFE5119080
:1090A000D0E50D90D1E51690D2E52190D3E535902D
:1090B000D4E53690D5E52D90D6E52F90D7E54490B0
:1090C000D8E55190D9E55290DAE55090DBE568900B
:1090D000DCE55890DDE56290DEE55B90DFE5B966A2
:1090E000E0E57490E1E57D90E2E58290E3E588902B
:1090F000E4E58390E5E58B90E6E5505FE7E5575FB3
:10910000E8E5565FE9E5585FEAE53B5CEBE5AB5423
:10911000ECE5505CEDE5595CEEE5715BEFE5635C19
:10912000F0E5665CF1E5BC7FF2E52A5FF3E5295FD7
:10913000F4E52D5FF5E57482F6E53C5FF7E53B9BD2
:10914000F8E56E5CF9E58159FAE58359FBE58D593F
:10915000FCE5A959FDE5AA59FEE5A35940E66C9343
:1091600041E66D9342E66E9343E66F9344E6709357
:1091700045E6719346E6729347E6739348E6749327
:1091800049E675934AE676934BE677934CE67893F7
:109190004DE679934EE67A934FE67B9350E67C93C7
:1091A00051E67D9352E67E9353E67F9354E6809397
:1091B00055E6819356E6829357E6839358E6849367
:1091C00059E685935AE686935BE687935CE6889337
:1091D0005DE689935EE68A935FE68B9360E68C9307
:1091E00061E68D9362E68E9363E6909364E69193D5
:1091F00065E6929366E6939367E6949368E69593A3
:1092000069E696936AE697936BE698936CE6999372
:109210006DE69A936EE69B936FE69C9370E69D9342
:1092200071E69E9372E69F9373E6A09374E6A19312
:1092300075E6A29376E6A39377E6A49378E6A593E2
:1092400079E6A6937AE6A7937BE6A8937CE6A993B2
:109250007DE6AA937EE6AB9380E6AC9381E6AD9380
:1092600082E6AE9383E6AF9384E6B09385E6B1934E
:1092700086E6B29387E6B39388E6B49389E6B5931E
:109280008AE6B6938BE6B7938CE6B8938DE6B993EE
:109290008EE6BA938FE6BB9390E6BC9391E6BD93BE
:1092A00092E6BE9393E6BF9394E6C09395E6C1938E
:1092B00096E6C29397E6C39398E6C49399E6C5935E
:1092C0009AE6C6939BE6C7939CE6C8939DE6C9932E
:1092D0009EE6CB939FE6CC93A0E6CD93A1E697596B
:1092E000A2E6CA59A3E6AB59A4E69E59A5E6A4593D
:1092F000A6E6D259A7E6B259A8E6AF59A9E6D759CA
:10930000AAE6BE59ABE6055AACE6065AADE6DD590B
:10931000AEE6085AAFE6E359B0E6D859B1E6F959D6
:10932000B2E60C5AB3E6095AB4E6325AB5E6345AF4
:10933000B6E6115AB7E6235AB8E6135AB9E6405AC8
:10934000BAE6675ABBE64A5ABCE6555ABDE63C5AED
:10935000BEE6625ABFE6755AC0E6EC80C1E6AA5A7C
:10936000C2E69B5AC3E6775AC4E67A5AC5E6BE5AA5
:10937000C6E6EB5AC7E6B25AC8E6D25AC9E6D45A8C
:10938000CAE6B85ACBE6E05ACCE6E35ACDE6F15A43
:10939000CEE6D65ACFE6E65AD0E6D85AD1E6DC5A1F
:1093A000D2E6095BD3E6175BD4E6165BD5E6325B03
:1093B000D6E6375BD7E6405BD8E6155CD9E61C5CA1
:1093C000DAE65A5BDBE6655BDCE6735BDDE6515BA8
:1093D000DEE6535BDFE6625BE0E6759AE1E6779AEC
:1093E000E2E6789AE3E67A9AE4E67F9AE5E67D9A01
:1093F000E6E6809AE7E6819AE8E6859AE9E6889AC1
:10940000EAE68A9AEBE6909AECE6929AEDE6939A6F
:10941000EEE6969AEFE6989AF0E69B9AF1E69C9A29
:10942000F2E69D9AF3E69F9AF4E6A09AF5E6A29AF0
:10943000F6E6A39AF7E6A59AF8E6A79AF9E69F7EDC
:10944000FAE6A17EFBE6A37EFCE6A57EFDE6A87E0D
:10945000FEE6A97E40E7CE9341E7CF9342E7D09363
:1094600043E7D19344E7D29345E7D39346E7D493B8
:1094700047E7D59348E7D79349E7D8934AE7D99385
:109480004BE7DA934CE7DB934DE7DC934EE7DD9354
:109490004FE7DE9350E7DF9351E7E09352E7E19324
:1094A00053E7E29354E7E39355E7E49356E7E593F4
:1094B00057E7E69358E7E79359E7E8935AE7E993C4
:1094C0005BE7EA935CE7EB935DE7EC935EE7ED9394
:1094D0005FE7EE9360E7EF9361E7F09362E7F19364
:1094E00063E7F29364E7F39365E7F49366E7F59334
:1094F00067E7F69368E7F79369E7F8936AE7F99304
:109500006BE7FA936CE7FB936DE7FC936EE7FD93D3
:109510006FE7FE9370E7FF9371E7009472E70194A1
:1095200073E7029474E7039475E7049476E705946F
:1095300077E7069478E7079479E708947AE709943F
:109540007BE70A947CE70B947DE70C947EE70D940F
:1095500080E70E9481E70F9482E7109483E71194DB
:1095600084E7129485E7139486E7149487E71594AB
:1095700088E7169489E717948AE718948BE719947B
:109580008CE71A948DE71B948EE71C948FE71D944B
:1095900090E71E9491E71F9492E7209493E721941B
:1095A00094E7229495E7239496E7249497E72594EB
:1095B00098E7269499E727949AE728949BE72994BB
:1095C0009CE72A949DE72B949EE72C949FE72D948B
:1095D000A0E72E94A1E7AD7EA2E7B07EA3E7BE7E12
:1095E000A4E7C07EA5E7C17EA6E7C27EA7E7C97E45
:1095F000A8E7CB7EA9E7CC7EAAE7D07EABE7D47EF6
:10960000ACE7D77EADE7DB7EAEE7E07EAFE7E17E9D
:10961000B0E7E87EB1E7EB7EB2E7EE7EB3E7EF7E40
:10962000B4E7F17EB5E7F27EB6E70D7FB7E7F67EE9
:10963000B8E7FA7EB9E7FB7EBAE7FE7EBBE7017FBB
:10964000BCE7027FBDE7037FBEE7077FBFE7087F78
:10965000C0E70B7FC1E70C7FC2E70F7FC3E7117F35
:10966000C4E7127FC5E7177FC6E7197FC7E71C7FEE
:10967000C8E71B7FC9E71F7FCAE7217FCBE7227FAF
:10968000CCE7237FCDE7247FCEE7257FCFE7267F7A
:10969000D0E7277FD1E72A7FD2E72B7FD3E72C7F44
:1096A000D4E72D7FD5E72F7FD6E7307FD7E7317F0F
:1096B000D8E7327FD9E7337FDAE7357FDBE77A5EB9
:1096C000DCE77F75DDE7DB5DDEE73E75DFE7959084
:1096D000E0E78E73E1E79173E2E7AE73E3E7A2732D
:1096E000E4E79F73E5E7CF73E6E7C273E7E7D1737B
:1096F000E8E7B773E9E7B373EAE7C073EBE7C97369
:10970000ECE7C873EDE7E573EEE7D973EFE77C9814
:10971000F0E70A74F1E7E973F2E7E773F3E7DE7362
:10972000F4E7BA73F5E7F273F6E70F74F7E72A7414
:10973000F8E75B74F9E72674FAE72574FBE7287409
:10974000FCE73074FDE72E74FEE72C7440E82F949C
:1097500041E8309442E8319443E8329444E8339449
:1097600045E8349446E8359447E8369448E8379419
:1097700049E838944AE839944BE83A944CE83B94E9
:109780004DE83C944EE83D944FE83F9450E84094B7
:1097900051E8419452E8429453E8439454E8449485
:1097A00055E8459456E8469457E8479458E8489455
:1097B00059E849945AE84A945BE84B945CE84C9425
:1097C0005DE84D945EE84E945FE84F9460E85094F5
:1097D00061E8519462E8529463E8539464E85494C5
:1097E00065E8559466E8569467E8579468E8589495
:1097F00069E859946AE85A946BE85B946CE85C9465
:109800006DE85D946EE85E946FE85F9470E8609434
:1098100071E8619472E8629473E8639474E8649404
:1098200075E8659476E8669477E8679478E86894D4
:1098300079E869947AE86A947BE86C947CE86D94A2
:109840007DE86E947EE86F9480E8709481E871946E
:1098500082E8729483E8739484E8749485E875943C
:1098600086E8769487E8779488E8789489E879940C
:109870008AE87A948BE87B948CE87C948DE87D94DC
:109880008EE87E948FE87F9490E8809491E88194AC
:1098900092E8829493E8839494E8849495E8919470
:1098A00096E8969497E8989498E8C79499E8CF94A6
:1098B0009AE8D3949BE8D4949CE8DA949DE8E694E3
:1098C0009EE8FB949FE81C95A0E82095A1E81B74F6
:1098D000A2E81A74A3E84174A4E85C74A5E857747C
:1098E000A6E85574A7E85974A8E87774A9E86D74D8
:1098F000AAE87E74ABE89C74ACE88E74ADE8807422
:10990000AEE88174AFE88774B0E88B74B1E89E74F8
:10991000B2E8A874B3E8A974B4E89074B5E8A77481
:10992000B6E8D274B7E8BA74B8E8EA97B9E8EB9742
:10993000BAE8EC97BBE84C67BCE85367BDE85E67E4
:10994000BEE84867BFE86967C0E8A567C1E8876700
:10995000C2E86A67C3E87367C4E89867C5E8A767A1
:10996000C6E87567C7E8A867C8E89E67C9E8AD6735
:10997000CAE88B67CBE87767CCE87C67CDE8F0670F
:10998000CEE80968CFE8D867D0E80A68D1E8E96787
:10999000D2E8B067D3E80C68D4E8D967D5E8B567F2
:1099A000D6E8DA67D7E8B367D8E8DD67D9E80068B2
:1099B000DAE8C367DBE8B867DCE8E267DDE80E6891
:1099C000DEE8C167DFE8FD67E0E83268E1E83368B8
:1099D000E2E86068E3E86168E4E84E68E5E8626848
:1099E000E6E84468E7E86468E8E88368E9E81D6851
:1099F000EAE85568EBE86668ECE84168EDE8676816
:109A0000EEE84068EFE83E68F0E84A68F1E8496847
:109A1000F2E82968F3E8B568F4E88F68F5E8746857
:109A2000F6E87768F7E89368F8E86B68F9E8C268E1
:109A3000FAE86E69FBE8FC68FCE81F69FDE820694C
:109A4000FEE8F96840E9279541E9339542E93D95FB
:109A500043E9439544E9489545E94B9546E95595D1
:109A600047E95A9548E9609549E96E954AE9749540
:109A70004BE975954CE977954DE978954EE97995DF
:109A80004FE97A9550E97B9551E97C9552E97D95AE
:109A900053E97E9554E9809555E9819556E982957B
:109AA00057E9839558E9849559E985955AE986954A
:109AB0005BE987955CE988955DE989955EE98A951A
:109AC0005FE98B9560E98C9561E98D9562E98E95EA
:109AD00063E98F9564E9909565E9919566E99295BA
:109AE00067E9939568E9949569E995956AE996958A
:109AF0006BE997956CE998956DE999956EE99A955A
:109B00006FE99B9570E99C9571E99D9572E99E9529
:109B100073E99F9574E9A09575E9A19576E9A295F9
:109B200077E9A39578E9A49579E9A5957AE9A695C9
:109B30007BE9A7957CE9A8957DE9A9957EE9AA9599
:109B400080E9AB9581E9AC9582E9AD9583E9AE9565
:109B500084E9AF9585E9B09586E9B19587E9B29535
:109B600088E9B39589E9B4958AE9B5958BE9B69505
:109B70008CE9B7958DE9B8958EE9B9958FE9BA95D5
:109B800090E9BB9591E9BC9592E9BD9593E9BE95A5
:109B900094E9BF9595E9C09596E9C19597E9C29575
:109BA00098E9C39599E9C4959AE9C5959BE9C69545
:109BB0009CE9C7959DE9C8959EE9C9959FE9CA9515
:109BC000A0E9CB95A1E92469A2E9F068A3E90B69B2
:109BD000A4E90169A5E95769A6E9E368A7E910695D
:109BE000A8E97169A9E93969AAE96069ABE942693B
:109BF000ACE95D69ADE98469AEE96B69AFE980699B
:109C0000B0E99869B1E97869B2E93469B3E9CC6936
:109C1000B4E98769B5E98869B6E9CE69B7E98969C0
:109C2000B8E96669B9E96369BAE97969BBE99B6929
:109C3000BCE9A769BDE9BB69BEE9AB69BFE9AD692C
:109C4000C0E9D469C1E9B169C2E9C169C3E9CA69B6
:109C5000C4E9DF69C5E99569C6E9E069C7E98D69C5
:109C6000C8E9FF69C9E92F6ACAE9ED69CBE9176A52
:109C7000CCE9186ACDE9656ACEE9F269CFE9446AB0
:109C8000D0E93E6AD1E9A06AD2E9506AD3E95B6AB9
:109C9000D4E9356AD5E98E6AD6E9796AD7E93D6AA9
:109CA000D8E9286AD9E9586ADAE97C6ADBE9916A75
:109CB000DCE9906ADDE9A96ADEE9976ADFE9AB6A67
:109CC000E0E93773E1E95273E2E9816BE3E9826B22
:109CD000E4E9876BE5E9846BE6E9926BE7E9936B6E
:109CE000E8E98D6BE9E99A6BEAE99B6BEBE9A16B1B
:109CF000ECE9AA6BEDE96B8FEEE96D8FEFE9718FFF
:109D0000F0E9728FF1E9738FF2E9758FF3E9768FDD
:109D1000F4E9788FF5E9778FF6E9798FF7E97A8FAB
:109D2000F8E97C8FF9E97E8FFAE9818FFBE9828F70
:109D3000FCE9848FFDE9878FFEE98B8F40EACC95A3
:109D400041EACD9542EACE9543EACF9544EAD095D3
:109D500045EAD19546EAD29547EAD39548EAD495A3
:109D600049EAD5954AEAD6954BEAD7954CEAD89573
:109D70004DEAD9954EEADA954FEADB9550EADC9543
:109D800051EADD9552EADE9553EADF9554EAE09513
:109D900055EAE19556EAE29557EAE39558EAE495E3
:109DA00059EAE5955AEAE6955BEAE7955CEAEC95AF
:109DB0005DEAFF955EEA07965FEA139660EA1896F9
:109DC00061EA1B9662EA1E9663EA209664EA23968D
:109DD00065EA249666EA259667EA269668EA279653
:109DE00069EA28966AEA29966BEA2B966CEA2C9621
:109DF0006DEA2D966EEA2F966FEA309670EA3796E6
:109E000071EA389672EA399673EA3A9674EA3E969F
:109E100075EA419676EA439677EA4A9678EA4E964C
:109E200079EA4F967AEA51967BEA52967CEA539603
:109E30007DEA56967EEA579680EA589681EA5996C8
:109E400082EA5A9683EA5C9684EA5D9685EA5E9693
:109E500086EA609687EA639688EA659689EA669656
:109E60008AEA6B968BEA6D968CEA6E968DEA6F960F
:109E70008EEA70968FEA719690EA739691EA7896D8
:109E800092EA799693EA7A9694EA7B9695EA7C969A
:109E900096EA7D9697EA7E9698EA7F9699EA80966A
:109EA0009AEA81969BEA82969CEA83969DEA84963A
:109EB0009EEA87969FEA8996A0EA8A96A1EA8D8F04
:109EC000A2EA8E8FA3EA8F8FA4EA988FA5EA9A8FD1
:109ED000A6EACE8EA7EA0B62A8EA1762A9EA1B627D
:109EE000AAEA1F62ABEA2262ACEA2162ADEA25620D
:109EF000AEEA2462AFEA2C62B0EAE781B1EAEF741D
:109F0000B2EAF474B3EAFF74B4EA0F75B5EA1175F6
:109F1000B6EA1375B7EA3465B8EAEE65B9EAEF65F3
:109F2000BAEAF065BBEA0A66BCEA1966BDEA72677E
:109F3000BEEA0366BFEA1566C0EA0066C1EA85703C
:109F4000C2EAF766C3EA1D66C4EA3466C5EA31664A
:109F5000C6EA3666C7EA3566C8EA0680C9EA5F66B9
:109F6000CAEA5466CBEA4166CCEA4F66CDEA566649
:109F7000CEEA6166CFEA5766D0EA7766D1EA8466B0
:109F8000D2EA8C66D3EAA766D4EA9D66D5EABE66B5
:109F9000D6EADB66D7EADC66D8EAE666D9EAE9669D
:109FA000DAEA328DDBEA338DDCEA368DDDEA3B8D91
:109FB000DEEA3D8DDFEA408DE0EA458DE1EA468D3F
:109FC000E2EA488DE3EA498DE4EA478DE5EA4D8D02
:109FD000E6EA558DE7EA598DE8EAC789E9EACA89D0
:109FE000EAEACB89EBEACC89ECEACE89EDEACF89C3
:109FF000EEEAD089EFEAD189F0EA6E72F1EA9F7257
:10A00000F2EA5D72F3EA6672F4EA6F72F5EA7E7262
:10A01000F6EA7F72F7EA8472F8EA8B72F9EA8D72D7
:10A02000FAEA8F72FBEA9272FCEA0863FDEA326395
:10A03000FEEAB06340EB8C9641EB8E9642EB919634
:10A0400043EB929644EB939645EB959646EB9696AA
:10A0500047EB9A9648EB9B9649EB9D964AEB9E966A
:10A060004BEB9F964CEBA0964DEBA1964EEBA29638
:10A070004FEBA39650EBA49651EBA59652EBA69608
:10A0800053EBA89654EBA99655EBAA9656EBAB96D4
:10A0900057EBAC9658EBAD9659EBAE965AEBAF96A4
:10A0A0005BEBB1965CEBB2965DEBB4965EEBB5966E
:10A0B0005FEBB79660EBB89661EBBA9662EBBB9636
:10A0C00063EBBF9664EBC29665EBC39666EBC896EE
:10A0D00067EBCA9668EBCB9669EBD0966AEBD196A4
:10A0E0006BEBD3966CEBD4966DEBD6966EEBD79666
:10A0F0006FEBD89670EBD99671EBDA9672EBDB9634
:10A1000073EBDC9674EBDD9675EBDE9676EBDF9603
:10A1100077EBE19678EBE29679EBE3967AEBE496CF
:10A120007BEBE5967CEBE6967DEBE7967EEBEB969C
:10A1300080EBEC9681EBED9682EBEE9683EBF0965E
:10A1400084EBF19685EBF29686EBF49687EBF59629
:10A1500088EBF89689EBFA968AEBFB968BEBFC96EC
:10A160008CEBFD968DEBFF968EEB02978FEB0397B2
:10A1700090EB059791EB0A9792EB0B9793EB0C976B
:10A1800094EB109795EB119796EB129797EB14972A
:10A1900098EB159799EB17979AEB18979BEB1997F4
:10A1A0009CEB1A979DEB1B979EEB1D979FEB1F97C0
:10A1B000A0EB2097A1EB3F64A2EBD864A3EB048053
:10A1C000A4EBEA6BA5EBF36BA6EBFD6BA7EBF56BD2
:10A1D000A8EBF96BA9EB056CAAEB076CABEB066C73
:10A1E000ACEB0D6CADEB156CAEEB186CAFEB196C0A
:10A1F000B0EB1A6CB1EB216CB2EB296CB3EB246CB5
:10A20000B4EB2A6CB5EB326CB6EB3565B7EB556544
:10A21000B8EB6B65B9EB4D72BAEB5272BBEB567291
:10A22000BCEB3072BDEB6286BEEB1652BFEB9F807B
:10A23000C0EB9C80C1EB9380C2EBBC80C3EB0A6790
:10A24000C4EBBD80C5EBB180C6EBAB80C7EBAD8086
:10A25000C8EBB480C9EBB780CAEBE780CBEBE880F2
:10A26000CCEBE980CDEBEA80CEEBDB80CFEBC2809C
:10A27000D0EBC480D1EBD980D2EBCD80D3EBD780AB
:10A28000D4EB1067D5EBDD80D6EBEB80D7EBF1801C
:10A29000D8EBF480D9EBED80DAEB0D81DBEB0E81AE
:10A2A000DCEBF280DDEBFC80DEEB1567DFEB12818F
:10A2B000E0EB5A8CE1EB3681E2EB1E81E3EB2C8183
:10A2C000E4EB1881E5EB3281E6EB4881E7EB4C816A
:10A2D000E8EB5381E9EB7481EAEB5981EBEB5A81AE
:10A2E000ECEB7181EDEB6081EEEB6981EFEB7C8152
:10A2F000F0EB7D81F1EB6D81F2EB6781F3EB4D5873
:10A30000F4EBB55AF5EB8881F6EB8281F7EB91819E
:10A31000F8EBD56EF9EBA381FAEBAA81FBEBCC81CC
:10A32000FCEB2667FDEBCA81FEEBBB8140EC21977D
:10A3300041EC229742EC239743EC249744EC259779
:10A3400045EC269746EC279747EC289748EC299749
:10A3500049EC2B974AEC2C974BEC2E974CEC2F9713
:10A360004DEC31974EEC33974FEC349750EC3597DA
:10A3700051EC369752EC379753EC3A9754EC3B97A5
:10A3800055EC3C9756EC3D9757EC3F9758EC40976F
:10A3900059EC41975AEC42975BEC43975CEC44973D
:10A3A0005DEC45975EEC46975FEC479760EC48970D
:10A3B00061EC499762EC4A9763EC4B9764EC4C97DD
:10A3C00065EC4D9766EC4E9767EC4F9768EC5097AD
:10A3D00069EC51976AEC54976BEC55976CEC579776
:10A3E0006DEC58976EEC5A976FEC5C9770EC5D973C
:10A3F00071EC5F9772EC639773EC649774EC6697FB
:10A4000075EC679776EC689777EC6A9778EC6B97C2
:10A4100079EC6C977AEC6D977BEC6E977CEC6F9790
:10A420007DEC70977EEC719780EC729781EC75975C
:10A4300082EC779783EC789784EC799785EC7A9720
:10A4400086EC7B9787EC7D9788EC7E9789EC7F97ED
:10A450008AEC80978BEC81978CEC82978DEC8397BC
:10A460008EEC84978FEC869790EC879791EC889789
:10A4700092EC899793EC8A9794EC8C9795EC8E9755
:10A4800096EC8F9797EC909798EC939799EC95971B
:10A490009AEC96979BEC97979CEC99979DEC9A97E2
:10A4A0009EEC9B979FEC9C97A0EC9D97A1ECC181A3
:10A4B000A2ECA681A3EC246BA4EC376BA5EC396B62
:10A4C000A6EC436BA7EC466BA8EC596BA9ECD198B2
:10A4D000AAECD298ABECD398ACECD598ADECD9986B
:10A4E000AEECDA98AFECB36BB0EC405FB1ECC26BA2
:10A4F000B2ECF389B3EC9065B4EC519FB5EC936585
:10A50000B6ECBC65B7ECC665B8ECC465B9ECC36520
:10A51000BAECCC65BBECCE65BCECD265BDECD665C7
:10A52000BEEC8070BFEC9C70C0EC9670C1EC9D706E
:10A53000C2ECBB70C3ECC070C4ECB770C5ECAB70C0
:10A54000C6ECB170C7ECE870C8ECCA70C9EC107109
:10A55000CAEC1371CBEC1671CCEC2F71CDEC3171D0
:10A56000CEEC7371CFEC5C71D0EC6871D1EC4571BD
:10A57000D2EC7271D3EC4A71D4EC7871D5EC7A716B
:10A58000D6EC9871D7ECB371D8ECB571D9ECA87151
:10A59000DAECA071DBECE071DCECD471DDECE7719E
:10A5A000DEECF971DFEC1D72E0EC2872E1EC6C700E
:10A5B000E2EC1871E3EC6671E4ECB971E5EC3E6233
:10A5C000E6EC3D62E7EC4362E8EC4862E9EC4962A4
:10A5D000EAEC3B79EBEC4079ECEC4679EDEC49792F
:10A5E000EEEC5B79EFEC5C79F0EC5379F1EC5A79B5
:10A5F000F2EC6279F3EC5779F4EC6079F5EC6F7971
:10A60000F6EC6779F7EC7A79F8EC8579F9EC8A79E8
:10A61000FAEC9A79FBECA779FCECB379FDECD15F0D
:10A62000FEECD05F40ED9E9741ED9F9742EDA197E4
:10A6300043EDA29744EDA49745EDA59746EDA69767
:10A6400047EDA79748EDA89749EDA9974AEDAA9736
:10A650004BEDAC974CEDAE974DEDB0974EEDB197FD
:10A660004FEDB39750EDB59751EDB69752EDB797C3
:10A6700053EDB89754EDB99755EDBA9756EDBB9792
:10A6800057EDBC9758EDBD9759EDBE975AEDBF9762
:10A690005BEDC0975CEDC1975DEDC2975EEDC39732
:10A6A0005FEDC49760EDC59761EDC69762EDC79702
:10A6B00063EDC89764EDC99765EDCA9766EDCB97D2
:10A6C00067EDCC9768EDCD9769EDCE976AEDCF97A2
:10A6D0006BEDD0976CEDD1976DEDD2976EEDD39772
:10A6E0006FEDD49770EDD59771EDD69772EDD79742
:10A6F00073EDD89774EDD99775EDDA9776EDDB9712
:10A7000077EDDC9778EDDD9779EDDE977AEDDF97E1
:10A710007BEDE0977CEDE1977DEDE2977EEDE397B1
:10A7200080EDE49781EDE59782EDE89783EDEE9774
:10A7300084EDEF9785EDF09786EDF19787EDF29731
:10A7400088EDF49789EDF7978AEDF8978BEDF997F7
:10A750008CEDFA978DEDFB978EEDFC978FEDFD97C5
:10A7600090EDFE9791EDFF9792ED009893ED019893
:10A7700094ED029895ED039896ED049897ED059861
:10A7800098ED069899ED07989AED08989BED099831
:10A790009CED0A989DED0B989EED0C989FED0D9801
:10A7A000A0ED0E98A1ED3C60A2ED5D60A3ED5A60B6
:10A7B000A4ED6760A5ED4160A6ED5960A7ED63606B
:10A7C000A8EDAB60A9ED0661AAED0D61ABED5D6191
:10A7D000ACEDA961ADED9D61AEEDCB61AFEDD161A9
:10A7E000B0ED0662B1ED8080B2ED7F80B3ED936C89
:10A7F000B4EDF66CB5EDFC6DB6EDF677B7EDF87728
:10A80000B8ED0078B9ED0978BAED1778BBED187896
:10A81000BCED1178BDEDAB65BEED2D78BFED1C78BC
:10A82000C0ED1D78C1ED3978C2ED3A78C3ED3B78C3
:10A83000C4ED1F78C5ED3C78C6ED2578C7ED2C78C2
:10A84000C8ED2378C9ED2978CAED4E78CBED6D7847
:10A85000CCED5678CDED5778CEED2678CFED50780B
:10A86000D0ED4778D1ED4C78D2ED6A78D3ED9B7876
:10A87000D4ED9378D5ED9A78D6ED8778D7ED9C789E
:10A88000D8EDA178D9EDA378DAEDB278DBEDB9781F
:10A89000DCEDA578DDEDD478DEEDD978DFEDC97893
:10A8A000E0EDEC78E1EDF278E2ED0579E3EDF478B6
:10A8B000E4ED1379E5ED2479E6ED1E79E7ED3479E1
:10A8C000E8ED9B9FE9EDF99EEAEDFB9EEBEDFC9E2A
:10A8D000ECEDF176EDED0477EEED0D77EFEDF97639
:10A8E000F0ED0777F1ED0877F2ED1A77F3ED2277C7
:10A8F000F4ED1977F5ED2D77F6ED2677F7ED357751
:10A90000F8ED3877F9ED5077FAED5177FBED4777B1
:10A91000FCED4377FDED5A77FEED687740EE0F983A
:10A9200041EE109842EE119843EE129844EE1398BF
:10A9300045EE149846EE159847EE169848EE17988F
:10A9400049EE18984AEE19984BEE1A984CEE1B985F
:10A950004DEE1C984EEE1D984FEE1E9850EE1F982F
:10A9600051EE209852EE219853EE229854EE2398FF
:10A9700055EE249856EE259857EE269858EE2798CF
:10A9800059EE28985AEE29985BEE2A985CEE2B989F
:10A990005DEE2C985EEE2D985FEE2E9860EE2F986F
:10A9A00061EE309862EE319863EE329864EE33983F
:10A9B00065EE349866EE359867EE369868EE37980F
:10A9C00069EE38986AEE39986BEE3A986CEE3B98DF
:10A9D0006DEE3C986EEE3D986FEE3E9870EE3F98AF
:10A9E00071EE409872EE419873EE429874EE43987F
:10A9F00075EE449876EE459877EE469878EE47984F
:10AA000079EE48987AEE49987BEE4A987CEE4B981E
:10AA10007DEE4C987EEE4D9880EE4E9881EE4F98EC
:10AA200082EE509883EE519884EE529885EE5398BA
:10AA300086EE549887EE559888EE569889EE57988A
:10AA40008AEE58988BEE59988CEE5A988DEE5B985A
:10AA50008EEE5C988FEE5D9890EE5E9891EE5F982A
:10AA600092EE609893EE619894EE629895EE6398FA
:10AA700096EE649897EE659898EE669899EE6798CA
:10AA80009AEE68989BEE69989CEE6A989DEE6B989A
:10AA90009EEE6C989FEE6D98A0EE6E98A1EE627798
:10AAA000A2EE6577A3EE7F77A4EE8D77A5EE7D7796
:10AAB000A6EE8077A7EE8C77A8EE9177A9EE9F7728
:10AAC000AAEEA077ABEEB077ACEEB577ADEEBD7782
:10AAD000AEEE3A75AFEE4075B0EE4E75B1EE4B7519
:10AAE000B2EE4875B3EE5B75B4EE7275B5EE79757E
:10AAF000B6EE8375B7EE587FB8EE617FB9EE5F7F33
:10AB0000BAEE488ABBEE687FBCEE747FBDEE717F03
:10AB1000BEEE797FBFEE817FC0EE7E7FC1EECD7647
:10AB2000C2EEE576C3EE3288C4EE8594C5EE869417
:10AB3000C6EE8794C7EE8B94C8EE8A94C9EE8C94C7
:10AB4000CAEE8D94CBEE8F94CCEE9094CDEE94948F
:10AB5000CEEE9794CFEE9594D0EE9A94D1EE9B944E
:10AB6000D2EE9C94D3EEA394D4EEA494D5EEAB9401
:10AB7000D6EEAA94D7EEAD94D8EEAC94D9EEAF94BD
:10AB8000DAEEB094DBEEB294DCEEB494DDEEB69483
:10AB9000DEEEB794DFEEB894E0EEB994E1EEBA944D
:10ABA000E2EEBC94E3EEBD94E4EEBF94E5EEC49413
:10ABB000E6EEC894E7EEC994E8EECA94E9EECB94C9
:10ABC000EAEECC94EBEECD94ECEECE94EDEED09498
:10ABD000EEEED194EFEED294F0EED594F1EED69461
:10ABE000F2EED794F3EED994F4EED894F5EEDB942C
:10ABF000F6EEDE94F7EEDF94F8EEE094F9EEE294F0
:10AC0000FAEEE494FBEEE594FCEEE794FDEEE894B6
:10AC1000FEEEEA9440EF6F9841EF709842EF719822
:10AC200043EF729844EF739845EF749846EF8B9812
:10AC300047EF8E9848EF929849EF95984AEF999888
:10AC40004BEFA3984CEFA8984DEFA9984EEFAA9818
:10AC50004FEFAB9850EFAC9851EFAD9852EFAE98E4
:10AC600053EFAF9854EFB09855EFB19856EFB298B4
:10AC700057EFB39858EFB49859EFB5985AEFB69884
:10AC80005BEFB7985CEFB8985DEFB9985EEFBA9854
:10AC90005FEFBB9860EFBC9861EFBD9862EFBE9824
:10ACA00063EFBF9864EFC09865EFC19866EFC298F4
:10ACB00067EFC39868EFC49869EFC5986AEFC698C4
:10ACC0006BEFC7986CEFC8986DEFC9986EEFCA9894
:10ACD0006FEFCB9870EFCC9871EFCD9872EFCF9863
:10ACE00073EFD09874EFD49875EFD69876EFD79825
:10ACF00077EFDB9878EFDC9879EFDD987AEFE098E2
:10AD00007BEFE1987CEFE2987DEFE3987EEFE498AB
:10AD100080EFE59881EFE69882EFE99883EFEA9873
:10AD200084EFEB9885EFEC9886EFED9887EFEE983F
:10AD300088EFEF9889EFF0988AEFF1988BEFF2980F
:10AD40008CEFF3988DEFF4988EEFF5988FEFF698DF
:10AD500090EFF79891EFF89892EFF99893EFFA98AF
:10AD600094EFFB9895EFFC9896EFFD9897EFFE987F
:10AD700098EFFF9899EF00999AEF01999BEF02994C
:10AD80009CEF03999DEF04999EEF05999FEF06991B
:10AD9000A0EF0799A1EFE994A2EFEB94A3EFEE9453
:10ADA000A4EFEF94A5EFF394A6EFF494A7EFF59436
:10ADB000A8EFF794A9EFF994AAEFFC94ABEFFD94F8
:10ADC000ACEFFF94ADEF0395AEEF0295AFEF0695B4
:10ADD000B0EF0795B1EF0995B2EF0A95B3EF0D9576
:10ADE000B4EF0E95B5EF0F95B6EF1295B7EF13953B
:10ADF000B8EF1495B9EF1595BAEF1695BBEF189506
:10AE0000BCEF1B95BDEF1D95BEEF1E95BFEF1F95C7
:10AE1000C0EF2295C1EF2A95C2EF2B95C3EF29957C
:10AE2000C4EF2C95C5EF3195C6EF3295C7EF349539
:10AE3000C8EF3695C9EF3795CAEF3895CBEF3C95FB
:10AE4000CCEF3E95CDEF3F95CEEF4295CFEF3595C8
:10AE5000D0EF4495D1EF4595D2EF4695D3EF499584
:10AE6000D4EF4C95D5EF4E95D6EF4F95D7EF529541
:10AE7000D8EF5395D9EF5495DAEF5695DBEF579508
:10AE8000DCEF5895DDEF5995DEEF5B95DFEF5E95D2
:10AE9000E0EF5F95E1EF5D95E2EF6195E3EF62959D
:10AEA000E4EF6495E5EF6595E6EF6695E7EF679566
:10AEB000E8EF6895E9EF6995EAEF6A95EBEF6B9536
:10AEC000ECEF6C95EDEF6F95EEEF7195EFEF7295FE
:10AED000F0EF7395F1EF3A95F2EFE777F3EFEC7758
:10AEE000F4EFC996F5EFD579F6EFED79F7EFE37961
:10AEF000F8EFEB79F9EF067AFAEF475DFBEF037AAB
:10AF0000FCEF027AFDEF1E7AFEEF147A40F008990A
:10AF100041F0099942F00A9943F00B9944F00C99D9
:10AF200045F00E9946F00F9947F0119948F01299A3
:10AF300049F013994AF014994BF015994CF0169971
:10AF40004DF017994EF018994FF0199950F01A9941
:10AF500051F01B9952F01C9953F01D9954F01E9911
:10AF600055F01F9956F0209957F0219958F02299E1
:10AF700059F023995AF024995BF025995CF02699B1
:10AF80005DF027995EF028995FF0299960F02A9981
:10AF900061F02B9962F02C9963F02D9964F02F9950
:10AFA00065F0309966F0319967F0329968F033991D
:10AFB00069F034996AF035996BF036996CF03799ED
:10AFC0006DF038996EF039996FF03A9970F03B99BD
:10AFD00071F03C9972F03D9973F03E9974F03F998D
:10AFE00075F0409976F0419977F0429978F043995D
:10AFF00079F044997AF045997BF046997CF047992D
:10B000007DF048997EF0499980F04A9981F04B99FA
:10B0100082F04C9983F04D9984F04E9985F04F99C8
:10B0200086F0509987F0519988F0529989F0539998
:10B030008AF056998BF057998CF058998DF0599960
:10B040008EF05A998FF05B9990F05C9991F05D9930
:10B0500092F05E9993F05F9994F0609995F0619900
:10B0600096F0629997F0649998F0669999F07399BF
:10B070009AF078999BF079999CF07B999DF07E9954
:10B080009EF082999FF08399A0F08999A1F0397A76
:10B09000A2F0377AA3F0517AA4F0CF9EA5F0A5993B
:10B0A000A6F0707AA7F08876A8F08E76A9F093764D
:10B0B000AAF09976ABF0A476ACF0DE74ADF0E07453
:10B0C000AEF02C75AFF0209EB0F0229EB1F0289E1D
:10B0D000B2F0299EB3F02A9EB4F02B9EB5F02C9EC0
:10B0E000B6F0329EB7F0319EB8F0369EB9F0389E79
:10B0F000BAF0379EBBF0399EBCF03A9EBDF03E9E42
:10B10000BEF0419EBFF0429EC0F0449EC1F0469EFC
:10B11000C2F0479EC3F0489EC4F0499EC5F04B9EC6
:10B12000C6F04C9EC7F04E9EC8F0519EC9F0559E89
:10B13000CAF0579ECBF05A9ECCF05B9ECDF05C9E41
:10B14000CEF05E9ECFF0639ED0F0669ED1F0679EFB
:10B15000D2F0689ED3F0699ED4F06A9ED5F06B9EC3
:10B16000D6F06C9ED7F0719ED8F06D9ED9F0739E8C
:10B17000DAF09275DBF09475DCF09675DDF0A07571
:10B18000DEF09D75DFF0AC75E0F0A375E1F0B3750E
:10B19000E2F0B475E3F0B875E4F0C475E5F0B175AC
:10B1A000E6F0B075E7F0C375E8F0C275E9F0D67562
:10B1B000EAF0CD75EBF0E375ECF0E875EDF0E675CF
:10B1C000EEF0E475EFF0EB75F0F0E775F1F0037673
:10B1D000F2F0F175F3F0FC75F4F0FF75F5F0107610
:10B1E000F6F00076F7F00576F8F00C76F9F01776C1
:10B1F000FAF00A76FBF02576FCF01876FDF015766D
:10B20000FEF0197640F18C9941F18E9942F19A99AC
:10B2100043F19B9944F19C9945F19D9946F19E9982
:10B2200047F19F9948F1A09949F1A1994AF1A29952
:10B230004BF1A3994CF1A4994DF1A6994EF1A79920
:10B240004FF1A99950F1AA9951F1AB9952F1AC99EA
:10B2500053F1AD9954F1AE9955F1AF9956F1B099BA
:10B2600057F1B19958F1B29959F1B3995AF1B4998A
:10B270005BF1B5995CF1B6995DF1B7995EF1B8995A
:10B280005FF1B99960F1BA9961F1BB9962F1BC992A
:10B2900063F1BD9964F1BE9965F1BF9966F1C099FA
:10B2A00067F1C19968F1C29969F1C3996AF1C499CA
:10B2B0006BF1C5996CF1C6996DF1C7996EF1C8999A
:10B2C0006FF1C99970F1CA9971F1CB9972F1CC996A
:10B2D00073F1CD9974F1CE9975F1CF9976F1D0993A
:10B2E00077F1D19978F1D29979F1D3997AF1D4990A
:10B2F0007BF1D5997CF1D6997DF1D7997EF1D899DA
:10B3000080F1D99981F1DA9982F1DB9983F1DC99A5
:10B3100084F1DD9985F1DE9986F1DF9987F1E09975
:10B3200088F1E19989F1E2998AF1E3998BF1E49945
:10B330008CF1E5998DF1E6998EF1E7998FF1E89915
:10B3400090F1E99991F1EA9992F1EB9993F1EC99E5
:10B3500094F1ED9995F1EE9996F1EF9997F1F099B5
:10B3600098F1F19999F1F2999AF1F3999BF1F49985
:10B370009CF1F5999DF1F6999EF1F7999FF1F89955
:10B38000A0F1F999A1F11B76A2F13C76A3F1227606
:10B39000A4F12076A5F14076A6F12D76A7F13076BE
:10B3A000A8F13F76A9F13576AAF14376ABF13E7666
:10B3B000ACF13376ADF14D76AEF15E76AFF1547609
:10B3C000B0F15C76B1F15676B2F16B76B3F16F768F
:10B3D000B4F1CA7FB5F1E67AB6F1787AB7F1797A45
:10B3E000B8F1807AB9F1867ABAF1887ABBF1957AA8
:10B3F000BCF1A67ABDF1A07ABEF1AC7ABFF1A87A11
:10B40000C0F1AD7AC1F1B37AC2F16488C3F1698841
:10B41000C4F17288C5F17D88C6F17F88C7F1828842
:10B42000C8F1A288C9F1C688CAF1B788CBF1BC8837
:10B43000CCF1C988CDF1E288CEF1CE88CFF1E38896
:10B44000D0F1E588D1F1F188D2F11A89D3F1FC88E5
:10B45000D4F1E888D5F1FE88D6F1F088D7F12189BA
:10B46000D8F11989D9F11389DAF11B89DBF10A893D
:10B47000DCF13489DDF12B89DEF13689DFF1418998
:10B48000E0F16689E1F17B89E2F18B75E3F1E5801A
:10B49000E4F1B276E5F1B476E6F1DC77E7F112801B
:10B4A000E8F11480E9F11680EAF11C80EBF12080CC
:10B4B000ECF12280EDF12580EEF12680EFF127807E
:10B4C000F0F12980F1F12880F2F13180F3F10B8065
:10B4D000F4F13580F5F14380F6F14680F7F14D80C7
:10B4E000F8F15280F9F16980FAF17180FBF18389FA
:10B4F000FCF17898FDF18098FEF1839840F2FA997A
:10B5000041F2FB9942F2FC9943F2FD9944F2FE9913
:10B5100045F2FF9946F2009A47F2019A48F2029AE0
:10B5200049F2039A4AF2049A4BF2059A4CF2069AAF
:10B530004DF2079A4EF2089A4FF2099A50F20A9A7F
:10B5400051F20B9A52F20C9A53F20D9A54F20E9A4F
:10B5500055F20F9A56F2109A57F2119A58F2129A1F
:10B5600059F2139A5AF2149A5BF2159A5CF2169AEF
:10B570005DF2179A5EF2189A5FF2199A60F21A9ABF
:10B5800061F21B9A62F21C9A63F21D9A64F21E9A8F
:10B5900065F21F9A66F2209A67F2219A68F2229A5F
:10B5A00069F2239A6AF2249A6BF2259A6CF2269A2F
:10B5B0006DF2279A6EF2289A6FF2299A70F22A9AFF
:10B5C00071F22B9A72F22C9A73F22D9A74F22E9ACF
:10B5D00075F22F9A76F2309A77F2319A78F2329A9F
:10B5E00079F2339A7AF2349A7BF2359A7CF2369A6F
:10B5F0007DF2379A7EF2389A80F2399A81F23A9A3D
:10B6000082F23B9A83F23C9A84F23D9A85F23E9A0A
:10B6100086F23F9A87F2409A88F2419A89F2429ADA
:10B620008AF2439A8BF2449A8CF2459A8DF2469AAA
:10B630008EF2479A8FF2489A90F2499A91F24A9A7A
:10B6400092F24B9A93F24C9A94F24D9A95F24E9A4A
:10B6500096F24F9A97F2509A98F2519A99F2529A1A
:10B660009AF2539A9BF2549A9CF2559A9DF2569AEA
:10B670009EF2579A9FF2589AA0F2599AA1F289988D
:10B68000A2F28C98A3F28D98A4F28F98A5F29498C8
:10B69000A6F29A98A7F29B98A8F29E98A9F29F9872
:10B6A000AAF2A198ABF2A298ACF2A598ADF2A69836
:10B6B000AEF24D86AFF25486B0F26C86B1F26E8671
:10B6C000B2F27F86B3F27A86B4F27C86B5F27B86DC
:10B6D000B6F2A886B7F28D86B8F28B86B9F2AC8640
:10B6E000BAF29D86BBF2A786BCF2A386BDF2AA86FB
:10B6F000BEF29386BFF2A986C0F2B686C1F2C486B6
:10B70000C2F2B586C3F2CE86C4F2B086C5F2BA865E
:10B71000C6F2B186C7F2AF86C8F2C986C9F2CF8633
:10B72000CAF2B486CBF2E986CCF2F186CDF2F2868B
:10B73000CEF2ED86CFF2F386D0F2D086D1F2138727
:10B74000D2F2DE86D3F2F486D4F2DF86D5F2D88642
:10B75000D6F2D186D7F20387D8F20787D9F2F886D6
:10B76000DAF20887DBF20A87DCF20D87DDF209875F
:10B77000DEF22387DFF23B87E0F21E87E1F22587C6
:10B78000E2F22E87E3F21A87E4F23E87E5F2488779
:10B79000E6F23487E7F23187E8F22987E9F2378762
:10B7A000EAF23F87EBF28287ECF22287EDF27D87A7
:10B7B000EEF27E87EFF27B87F0F26087F1F270871E
:10B7C000F2F24C87F3F26E87F4F28B87F5F253872F
:10B7D000F6F26387F7F27C87F8F26487F9F259870B
:10B7E000FAF26587FBF29387FCF2AF87FDF2A88738
:10B7F000FEF2D28740F35A9A41F35B9A42F35C9A85
:10B8000043F35D9A44F35E9A45F35F9A46F3609A78
:10B8100047F3619A48F3629A49F3639A4AF3649A48
:10B820004BF3659A4CF3669A4DF3679A4EF3689A18
:10B830004FF3699A50F36A9A51F36B9A52F3729AE2
:10B8400053F3839A54F3899A55F38D9A56F38E9A4B
:10B8500057F3949A58F3959A59F3999A5AF3A69AEA
:10B860005BF3A99A5CF3AA9A5DF3AB9A5EF3AC9A88
:10B870005FF3AD9A60F3AE9A61F3AF9A62F3B29A56
:10B8800063F3B39A64F3B49A65F3B59A66F3B99A1D
:10B8900067F3BB9A68F3BD9A69F3BE9A6AF3BF9ADD
:10B8A0006BF3C39A6CF3C49A6DF3C69A6EF3C79A9E
:10B8B0006FF3C89A70F3C99A71F3CA9A72F3CD9A6A
:10B8C00073F3CE9A74F3CF9A75F3D09A76F3D29A33
:10B8D00077F3D49A78F3D59A79F3D69A7AF3D79AFC
:10B8E0007BF3D99A7CF3DA9A7DF3DB9A7EF3DC9AC8
:10B8F00080F3DD9A81F3DE9A82F3E09A83F3E29A91
:10B9000084F3E39A85F3E49A86F3E59A87F3E79A5A
:10B9100088F3E89A89F3E99A8AF3EA9A8BF3EC9A26
:10B920008CF3EE9A8DF3F09A8EF3F19A8FF3F29AEC
:10B9300090F3F39A91F3F49A92F3F59A93F3F69ABB
:10B9400094F3F79A95F3F89A96F3FA9A97F3FC9A88
:10B9500098F3FD9A99F3FE9A9AF3FF9A9BF3009B52
:10B960009CF3019B9DF3029B9EF3049B9FF3059B1D
:10B97000A0F3069BA1F3C687A2F38887A3F385876C
:10B98000A4F3AD87A5F39787A6F38387A7F3AB87C7
:10B99000A8F3E587A9F3AC87AAF3B587ABF3B38720
:10B9A000ACF3CB87ADF3D387AEF3BD87AFF3D187CD
:10B9B000B0F3C087B1F3CA87B2F3DB87B3F3EA878A
:10B9C000B4F3E087B5F3EE87B6F31688B7F31388C0
:10B9D000B8F3FE87B9F30A88BAF31B88BBF3218852
:10B9E000BCF33988BDF33C88BEF3367FBFF3427F9A
:10B9F000C0F3447FC1F3457FC2F31082C3F3FA7AE8
:10BA0000C4F3FD7AC5F3087BC6F3037BC7F3047B5D
:10BA1000C8F3157BC9F30A7BCAF32B7BCBF30F7BEF
:10BA2000CCF3477BCDF3387BCEF32A7BCFF3197B66
:10BA3000D0F32E7BD1F3317BD2F3207BD3F3257B64
:10BA4000D4F3247BD5F3337BD6F33E7BD7F31E7B35
:10BA5000D8F3587BD9F35A7BDAF3457BDBF3757B5C
:10BA6000DCF34C7BDDF35D7BDEF3607BDFF36E7B31
:10BA7000E0F37B7BE1F3627BE2F3727BE3F3717BC8
:10BA8000E4F3907BE5F3A67BE6F3A77BE7F3B87BD3
:10BA9000E8F3AC7BE9F39D7BEAF3A87BEBF3857BD2
:10BAA000ECF3AA7BEDF39C7BEEF3A27BEFF3AB7B95
:10BAB000F0F3B47BF1F3D17BF2F3C17BF3F3CC7BF6
:10BAC000F4F3DD7BF5F3DA7BF6F3E57BF7F3E67B66
:10BAD000F8F3EA7BF9F30C7CFAF3FE7BFBF3FC7BD7
:10BAE000FCF30F7CFDF3167CFEF30B7C40F4079B0C
:10BAF00041F4099B42F40A9B43F40B9B44F40C9BD6
:10BB000045F40D9B46F40E9B47F4109B48F4119BA3
:10BB100049F4129B4AF4149B4BF4159B4CF4169B6E
:10BB20004DF4179B4EF4189B4FF4199B50F41A9B3D
:10BB300051F41B9B52F41C9B53F41D9B54F41E9B0D
:10BB400055F4209B56F4219B57F4229B58F4249BD8
:10BB500059F4259B5AF4269B5BF4279B5CF4289BA5
:10BB60005DF4299B5EF42A9B5FF42B9B60F42C9B75
:10BB700061F42D9B62F42E9B63F4309B64F4319B43
:10BB800065F4339B66F4349B67F4359B68F4369B0D
:10BB900069F4379B6AF4389B6BF4399B6CF43A9BDD
:10BBA0006DF43D9B6EF43E9B6FF43F9B70F4409BA5
:10BBB00071F4469B72F44A9B73F44B9B74F44C9B58
:10BBC00075F44E9B76F4509B77F4529B78F4539B1C
:10BBD00079F4559B7AF4569B7BF4579B7CF4589BE5
:10BBE0007DF4599B7EF45A9B80F45B9B81F45C9BB3
:10BBF00082F45D9B83F45E9B84F45F9B85F4609B81
:10BC000086F4619B87F4629B88F4639B89F4649B50
:10BC10008AF4659B8BF4669B8CF4679B8DF4689B20
:10BC20008EF4699B8FF46A9B90F46B9B91F46C9BF0
:10BC300092F46D9B93F46E9B94F46F9B95F4709BC0
:10BC400096F4719B97F4729B98F4739B99F4749B90
:10BC50009AF4759B9BF4769B9CF4779B9DF4789B60
:10BC60009EF4799B9FF47A9BA0F47B9BA1F41F7CAC
:10BC7000A2F42A7CA3F4267CA4F4387CA5F4417CAD
:10BC8000A6F4407CA7F4FE81A8F40182A9F4028204
:10BC9000AAF40482ABF4EC81ACF44488ADF42182C4
:10BCA000AEF42282AFF42382B0F42D82B1F42F825D
:10BCB000B2F42882B3F42B82B4F43882B5F43B8218
:10BCC000B6F43382B7F43482B8F43E82B9F44482D5
:10BCD000BAF44982BBF44B82BCF44F82BDF45A8261
:10BCE000BEF45F82BFF46882C0F47E88C1F48588A8
:10BCF000C2F48888C3F4D888C4F4DF88C5F45E89A8
:10BD0000C6F49D7FC7F49F7FC8F4A77FC9F4AF7FB7
:10BD1000CAF4B07FCBF4B27FCCF47C7CCDF449651F
:10BD2000CEF4917CCFF49D7CD0F49C7CD1F49E7CAD
:10BD3000D2F4A27CD3F4B27CD4F4BC7CD5F4BD7C28
:10BD4000D6F4C17CD7F4C77CD8F4CC7CD9F4CD7CB4
:10BD5000DAF4C87CDBF4C57CDCF4D77CDDF4E87C69
:10BD6000DEF46E82DFF4A866E0F4BF7FE1F4CE7FFC
:10BD7000E2F4D57FE3F4E57FE4F4E17FE5F4E67FE8
:10BD8000E6F4E97FE7F4EE7FE8F4F37FE9F4F87C8A
:10BD9000EAF4777DEBF4A67DECF4AE7DEDF4477E1E
:10BDA000EEF49B7EEFF4B89EF0F4B49EF1F4738D44
:10BDB000F2F4848DF3F4948DF4F4918DF5F4B18D57
:10BDC000F6F4678DF7F46D8DF8F4478CF9F4498C2F
:10BDD000FAF44A91FBF45091FCF44E91FDF44F912A
:10BDE000FEF4649140F57C9B41F57D9B42F57E9B82
:10BDF00043F57F9B44F5809B45F5819B46F5829BEF
:10BE000047F5839B48F5849B49F5859B4AF5869BBE
:10BE10004BF5879B4CF5889B4DF5899B4EF58A9B8E
:10BE20004FF58B9B50F58C9B51F58D9B52F58E9B5E
:10BE300053F58F9B54F5909B55F5919B56F5929B2E
:10BE400057F5939B58F5949B59F5959B5AF5969BFE
:10BE50005BF5979B5CF5989B5DF5999B5EF59A9BCE
:10BE60005FF59B9B60F59C9B61F59D9B62F59E9B9E
:10BE700063F59F9B64F5A09B65F5A19B66F5A29B6E
:10BE800067F5A39B68F5A49B69F5A59B6AF5A69B3E
:10BE90006BF5A79B6CF5A89B6DF5A99B6EF5AA9B0E
:10BEA0006FF5AB9B70F5AC9B71F5AD9B72F5AE9BDE
:10BEB00073F5AF9B74F5B09B75F5B19B76F5B29BAE
:10BEC00077F5B39B78F5B49B79F5B59B7AF5B69B7E
:10BED0007BF5B79B7CF5B89B7DF5B99B7EF5BA9B4E
:10BEE00080F5BB9B81F5BC9B82F5BD9B83F5BE9B1A
:10BEF00084F5BF9B85F5C09B86F5C19B87F5C29BEA
:10BF000088F5C39B89F5C49B8AF5C59B8BF5C69BB9
:10BF10008CF5C79B8DF5C89B8EF5C99B8FF5CA9B89
:10BF200090F5CB9B91F5CC9B92F5CD9B93F5CE9B59
:10BF300094F5CF9B95F5D09B96F5D19B97F5D29B29
:10BF400098F5D39B99F5D49B9AF5D59B9BF5D69BF9
:10BF50009CF5D79B9DF5D89B9EF5D99B9FF5DA9BC9
:10BF6000A0F5DB9BA1F56291A2F56191A3F570911B
:10BF7000A4F56991A5F56F91A6F57D91A7F57E9140
:10BF8000A8F57291A9F57491AAF57991ABF58C9108
:10BF9000ACF58591ADF59091AEF58D91AFF59191A0
:10BFA000B0F5A291B1F5A391B2F5AA91B3F5AD9117
:10BFB000B4F5AE91B5F5AF91B6F5B591B7F5B491CD
:10BFC000B8F5BA91B9F5558CBAF57E9EBBF5B88D2A
:10BFD000BCF5EB8DBDF5058EBEF5598EBFF5698EAE
:10BFE000C0F5B58DC1F5BF8DC2F5BC8DC3F5BA8D59
:10BFF000C4F5C48DC5F5D68DC6F5D78DC7F5DA8DD8
:10C00000C8F5DE8DC9F5CE8DCAF5CF8DCBF5DB8DAC
:10C01000CCF5C68DCDF5EC8DCEF5F78DCFF5F88D41
:10C02000D0F5E38DD1F5F98DD2F5FB8DD3F5E48D07
:10C03000D4F5098ED5F5FD8DD6F5148ED7F51D8E68
:10C04000D8F51F8ED9F52C8EDAF52E8EDBF5238EE2
:10C05000DCF52F8EDDF53A8EDEF5408EDFF5398E7C
:10C06000E0F5358EE1F53D8EE2F5318EE3F5498E52
:10C07000E4F5418EE5F5428EE6F5518EE7F5528EF8
:10C08000E8F54A8EE9F5708EEAF5768EEBF57C8E52
:10C09000ECF56F8EEDF5748EEEF5858EEFF58F8EE7
:10C0A000F0F5948EF1F5908EF2F59C8EF3F59E8E60
:10C0B000F4F5788CF5F5828CF6F58A8CF7F5858C9D
:10C0C000F8F5988CF9F5948CFAF59B65FBF5D68913
:10C0D000FCF5DE89FDF5DA89FEF5DC8940F6DC9BAE
:10C0E00041F6DD9B42F6DE9B43F6DF9B44F6E09B88
:10C0F00045F6E19B46F6E29B47F6E39B48F6E49B58
:10C1000049F6E59B4AF6E69B4BF6E79B4CF6E89B27
:10C110004DF6E99B4EF6EA9B4FF6EB9B50F6EC9BF7
:10C1200051F6ED9B52F6EE9B53F6EF9B54F6F09BC7
:10C1300055F6F19B56F6F29B57F6F39B58F6F49B97
:10C1400059F6F59B5AF6F69B5BF6F79B5CF6F89B67
:10C150005DF6F99B5EF6FA9B5FF6FB9B60F6FC9B37
:10C1600061F6FD9B62F6FE9B63F6FF9B64F6009C06
:10C1700065F6019C66F6029C67F6039C68F6049CD3
:10C1800069F6059C6AF6069C6BF6079C6CF6089CA3
:10C190006DF6099C6EF60A9C6FF60B9C70F60C9C73
:10C1A00071F60D9C72F60E9C73F60F9C74F6109C43
:10C1B00075F6119C76F6129C77F6139C78F6149C13
:10C1C00079F6159C7AF6169C7BF6179C7CF6189CE3
:10C1D0007DF6199C7EF61A9C80F61B9C81F61C9CB1
:10C1E00082F61D9C83F61E9C84F61F9C85F6209C7F
:10C1F00086F6219C87F6229C88F6239C89F6249C4F
:10C200008AF6259C8BF6269C8CF6279C8DF6289C1E
:10C210008EF6299C8FF62A9C90F62B9C91F62C9CEE
:10C2200092F62D9C93F62E9C94F62F9C95F6309CBE
:10C2300096F6319C97F6329C98F6339C99F6349C8E
:10C240009AF6359C9BF6369C9CF6379C9DF6389C5E
:10C250009EF6399C9FF63A9CA0F63B9CA1F6E58998
:10C26000A2F6EB89A3F6EF89A4F63E8AA5F6268B03
:10C27000A6F65397A7F6E996A8F6F396A9F6EF96D1
:10C28000AAF60697ABF60197ACF60897ADF60F97AE
:10C29000AEF60E97AFF62A97B0F62D97B1F6309717
:10C2A000B2F63E97B3F6809FB4F6839FB5F6859FAE
:10C2B000B6F6869FB7F6879FB8F6889FB9F6899F2E
:10C2C000BAF68A9FBBF68C9FBCF6FE9EBDF60B9F0E
:10C2D000BEF60D9FBFF6B996C0F6BC96C1F6BD96E8
:10C2E000C2F6CE96C3F6D296C4F6BF77C5F6E096F0
:10C2F000C6F68E92C7F6AE92C8F6C892C9F63E93BD
:10C30000CAF66A93CBF6CA93CCF68F93CDF63E94D9
:10C31000CEF66B94CFF67F9CD0F6829CD1F6859CAE
:10C32000D2F6869CD3F6879CD4F6889CD5F6237AE1
:10C33000D6F68B9CD7F68E9CD8F6909CD9F6919C1D
:10C34000DAF6929CDBF6949CDCF6959CDDF69A9CE2
:10C35000DEF69B9CDFF69E9CE0F69F9CE1F6A09C9F
:10C36000E2F6A19CE3F6A29CE4F6A39CE5F6A59C6C
:10C37000E6F6A69CE7F6A79CE8F6A89CE9F6A99C39
:10C38000EAF6AB9CEBF6AD9CECF6AE9CEDF6B09C01
:10C39000EEF6B19CEFF6B29CF0F6B39CF1F6B49CCD
:10C3A000F2F6B59CF3F6B69CF4F6B79CF5F6BA9C9B
:10C3B000F6F6BB9CF7F6BC9CF8F6BD9CF9F6C49C5F
:10C3C000FAF6C59CFBF6C69CFCF6C79CFDF6CA9C1B
:10C3D000FEF6CB9C40F73C9C41F73D9C42F73E9CCF
:10C3E00043F73F9C44F7409C45F7419C46F7429CED
:10C3F00047F7439C48F7449C49F7459C4AF7469CBD
:10C400004BF7479C4CF7489C4DF7499C4EF74A9C8C
:10C410004FF74B9C50F74C9C51F74D9C52F74E9C5C
:10C4200053F74F9C54F7509C55F7519C56F7529C2C
:10C4300057F7539C58F7549C59F7559C5AF7569CFC
:10C440005BF7579C5CF7589C5DF7599C5EF75A9CCC
:10C450005FF75B9C60F75C9C61F75D9C62F75E9C9C
:10C4600063F75F9C64F7609C65F7619C66F7629C6C
:10C4700067F7639C68F7649C69F7659C6AF7669C3C
:10C480006BF7679C6CF7689C6DF7699C6EF76A9C0C
:10C490006FF76B9C70F76C9C71F76D9C72F76E9CDC
:10C4A00073F76F9C74F7709C75F7719C76F7729CAC
:10C4B00077F7739C78F7749C79F7759C7AF7769C7C
:10C4C0007BF7779C7CF7789C7DF7799C7EF77A9C4C
:10C4D00080F77B9C81F77D9C82F77E9C83F7809C14
:10C4E00084F7839C85F7849C86F7899C87F78A9CD0
:10C4F00088F78C9C89F78F9C8AF7939C8BF7969C86
:10C500008CF7979C8DF7989C8EF7999C8FF79D9C44
:10C5100090F7AA9C91F7AC9C92F7AF9C93F7B99CCB
:10C5200094F7BE9C95F7BF9C96F7C09C97F7C19C6B
:10C5300098F7C29C99F7C89C9AF7C99C9BF7D19C25
:10C540009CF7D29C9DF7DA9C9EF7DB9C9FF7E09CC2
:10C55000A0F7E19CA1F7CC9CA2F7CD9CA3F7CE9CC1
:10C56000A4F7CF9CA5F7D09CA6F7D39CA7F7D49CA3
:10C57000A8F7D59CA9F7D79CAAF7D89CABF7D99C6C
:10C58000ACF7DC9CADF7DD9CAEF7DF9CAFF7E29C2F
:10C59000B0F77C97B1F78597B2F79197B3F7929779
:10C5A000B4F79497B5F7AF97B6F7AB97B7F7A397EC
:10C5B000B8F7B297B9F7B497BAF7B19ABBF7B09A90
:10C5C000BCF7B79ABDF7589EBEF7B69ABFF7BA9AAE
:10C5D000C0F7BC9AC1F7C19AC2F7C09AC3F7C59A0F
:10C5E000C4F7C29AC5F7CB9AC6F7CC9AC7F7D19AC7
:10C5F000C8F7459BC9F7439BCAF7479BCBF7499BB5
:10C60000CCF7489BCDF74D9BCEF7519BCFF7E898E1
:10C61000D0F70D99D1F72E99D2F75599D3F75499B0
:10C62000D4F7DF9AD5F7E19AD6F7E69AD7F7EF9ADB
:10C63000D8F7EB9AD9F7FB9ADAF7ED9ADBF7F99A84
:10C64000DCF7089BDDF70F9BDEF7139BDFF71F9BE3
:10C65000E0F7239BE1F7BD9EE2F7BE9EE3F73B7E4A
:10C66000E4F7829EE5F7879EE6F7889EE7F78B9EC4
:10C67000E8F7929EE9F7D693EAF79D9EEBF79F9E27
:10C68000ECF7DB9EEDF7DC9EEEF7DD9EEFF7E09E2C
:10C69000F0F7DF9EF1F7E29EF2F7E99EF3F7E79EEF
:10C6A000F4F7E59EF5F7EA9EF6F7EF9EF7F7229F7F
:10C6B000F8F72C9FF9F72F9FFAF7399FFBF7379F71
:10C6C000FCF73D9FFDF73E9FFEF7449F40F8E39C3B
:10C6D00041F8E49C42F8E59C43F8E69C44F8E79C6A
:10C6E00045F8E89C46F8E99C47F8EA9C48F8EB9C3A
:10C6F00049F8EC9C4AF8ED9C4BF8EE9C4CF8EF9C0A
:10C700004DF8F09C4EF8F19C4FF8F29C50F8F39CD9
:10C7100051F8F49C52F8F59C53F8F69C54F8F79CA9
:10C7200055F8F89C56F8F99C57F8FA9C58F8FB9C79
:10C7300059F8FC9C5AF8FD9C5BF8FE9C5CF8FF9C49
:10C740005DF8009D5EF8019D5FF8029D60F8039D15
:10C7500061F8049D62F8059D63F8069D64F8079DE5
:10C7600065F8089D66F8099D67F80A9D68F80B9DB5
:10C7700069F80C9D6AF80D9D6BF80E9D6CF80F9D85
:10C780006DF8109D6EF8119D6FF8129D70F8139D55
:10C7900071F8149D72F8159D73F8169D74F8179D25
:10C7A00075F8189D76F8199D77F81A9D78F81B9DF5
:10C7B00079F81C9D7AF81D9D7BF81E9D7CF81F9DC5
:10C7C0007DF8209D7EF8219D80F8229D81F8239D93
:10C7D00082F8249D83F8259D84F8269D85F8279D61
:10C7E00086F8289D87F8299D88F82A9D89F82B9D31
:10C7F0008AF82C9D8BF82D9D8CF82E9D8DF82F9D01
:10C800008EF8309D8FF8319D90F8329D91F8339DD0
:10C8100092F8349D93F8359D94F8369D95F8379DA0
:10C8200096F8389D97F8399D98F83A9D99F83B9D70
:10C830009AF83C9D9BF83D9D9CF83E9D9DF83F9D40
:10C840009EF8409D9FF8419DA0F8429D40F9439D70
:10C8500041F9449D42F9459D43F9469D44F9479D60
:10C8600045F9489D46F9499D47F94A9D48F94B9D30
:10C8700049F94C9D4AF94D9D4BF94E9D4CF94F9D00
:10C880004DF9509D4EF9519D4FF9529D50F9539DD0
:10C8900051F9549D52F9559D53F9569D54F9579DA0
:10C8A00055F9589D56F9599D57F95A9D58F95B9D70
:10C8B00059F95C9D5AF95D9D5BF95E9D5CF95F9D40
:10C8C0005DF9609D5EF9619D5FF9629D60F9639D10
:10C8D00061F9649D62F9659D63F9669D64F9679DE0
:10C8E00065F9689D66F9699D67F96A9D68F96B9DB0
:10C8F00069F96C9D6AF96D9D6BF96E9D6CF96F9D80
:10C900006DF9709D6EF9719D6FF9729D70F9739D4F
:10C9100071F9749D72F9759D73F9769D74F9779D1F
:10C9200075F9789D76F9799D77F97A9D78F97B9DEF
:10C9300079F97C9D7AF97D9D7BF97E9D7CF97F9DBF
:10C940007DF9809D7EF9819D80F9829D81F9839D8D
:10C9500082F9849D83F9859D84F9869D85F9879D5B
:10C9600086F9889D87F9899D88F98A9D89F98B9D2B
:10C970008AF98C9D8BF98D9D8CF98E9D8DF98F9DFB
:10C980008EF9909D8FF9919D90F9929D91F9939DCB
:10C9900092F9949D93F9959D94F9969D95F9979D9B
:10C9A00096F9989D97F9999D98F99A9D99F99B9D6B
:10C9B0009AF99C9D9BF99D9D9CF99E9D9DF99F9D3B
:10C9C0009EF9A09D9FF9A19DA0F9A29D40FAA39D6B
:10C9D00041FAA49D42FAA59D43FAA69D44FAA79D5B
:10C9E00045FAA89D46FAA99D47FAAA9D48FAAB9D2B
:10C9F00049FAAC9D4AFAAD9D4BFAAE9D4CFAAF9DFB
:10CA00004DFAB09D4EFAB19D4FFAB29D50FAB39DCA
:10CA100051FAB49D52FAB59D53FAB69D54FAB79D9A
:10CA200055FAB89D56FAB99D57FABA9D58FABB9D6A
:10CA300059FABC9D5AFABD9D5BFABE9D5CFABF9D3A
:10CA40005DFAC09D5EFAC19D5FFAC29D60FAC39D0A
:10CA500061FAC49D62FAC59D63FAC69D64FAC79DDA
:10CA600065FAC89D66FAC99D67FACA9D68FACB9DAA
:10CA700069FACC9D6AFACD9D6BFACE9D6CFACF9D7A
:10CA80006DFAD09D6EFAD19D6FFAD29D70FAD39D4A
:10CA900071FAD49D72FAD59D73FAD69D74FAD79D1A
:10CAA00075FAD89D76FAD99D77FADA9D78FADB9DEA
:10CAB00079FADC9D7AFADD9D7BFADE9D7CFADF9DBA
:10CAC0007DFAE09D7EFAE19D80FAE29D81FAE39D88
:10CAD00082FAE49D83FAE59D84FAE69D85FAE79D56
:10CAE00086FAE89D87FAE99D88FAEA9D89FAEB9D26
:10CAF0008AFAEC9D8BFAED9D8CFAEE9D8DFAEF9DF6
:10CB00008EFAF09D8FFAF19D90FAF29D91FAF39DC5
:10CB100092FAF49D93FAF59D94FAF69D95FAF79D95
:10CB200096FAF89D97FAF99D98FAFA9D99FAFB9D65
:10CB30009AFAFC9D9BFAFD9D9CFAFE9D9DFAFF9D35
:10CB40009EFA009E9FFA019EA0FA029E40FB039E61
:10CB500041FB049E42FB059E43FB069E44FB079E51
:10CB600045FB089E46FB099E47FB0A9E48FB0B9E21
:10CB700049FB0C9E4AFB0D9E4BFB0E9E4CFB0F9EF1
:10CB80004DFB109E4EFB119E4FFB129E50FB139EC1
:10CB900051FB149E52FB159E53FB169E54FB179E91
:10CBA00055FB189E56FB199E57FB1A9E58FB1B9E61
:10CBB00059FB1C9E5AFB1D9E5BFB1E9E5CFB249E2C
:10CBC0005DFB279E5EFB2E9E5FFB309E60FB349ECE
:10CBD00061FB3B9E62FB3C9E63FB409E64FB4D9E63
:10CBE00065FB509E66FB529E67FB539E68FB549EFE
:10CBF00069FB569E6AFB599E6BFB5D9E6CFB5F9EBC
:10CC00006DFB609E6EFB619E6FFB629E70FB659E7E
:10CC100071FB6E9E72FB6F9E73FB729E74FB749E23
:10CC200075FB759E76FB769E77FB779E78FB789EEC
:10CC300079FB799E7AFB7A9E7BFB7B9E7CFB7C9EBC
:10CC40007DFB7D9E7EFB809E80FB819E81FB839E83
:10CC500082FB849E83FB859E84FB869E85FB899E4A
:10CC600086FB8A9E87FB8C9E88FB8D9E89FB8E9E11
:10CC70008AFB8F9E8BFB909E8CFB919E8DFB949EDE
:10CC80008EFB959E8FFB969E90FB979E91FB989EA8
:10CC900092FB999E93FB9A9E94FB9B9E95FB9C9E78
:10CCA00096FB9E9E97FBA09E98FBA19E99FBA29E41
:10CCB0009AFBA39E9BFBA49E9CFBA59E9DFBA79E0F
:10CCC0009EFBA89E9FFBA99EA0FBAA9E40FCAB9E3C
:10CCD00041FCAC9E42FCAD9E43FCAE9E44FCAF9E2C
:10CCE00045FCB09E46FCB19E47FCB29E48FCB39EFC
:10CCF00049FCB59E4AFCB69E4BFCB79E4CFCB99EC7
:10CD00004DFCBA9E4EFCBC9E4FFCBF9E50FCC09E8C
:10CD100051FCC19E52FCC29E53FCC39E54FCC59E56
:10CD200055FCC69E56FCC79E57FCC89E58FCCA9E22
:10CD300059FCCB9E5AFCCC9E5BFCD09E5CFCD29EE8
:10CD40005DFCD39E5EFCD59E5FFCD69E60FCD79EAC
:10CD500061FCD99E62FCDA9E63FCDE9E64FCE19E6F
:10CD600065FCE39E66FCE49E67FCE69E68FCE89E2C
:10CD700069FCEB9E6AFCEC9E6BFCED9E6CFCEE9EEF
:10CD80006DFCF09E6EFCF19E6FFCF29E70FCF39EBB
:10CD900071FCF49E72FCF59E73FCF69E74FCF79E8B
:10CDA00075FCF89E76FCFA9E77FCFD9E78FCFF9E53
:10CDB00079FC009F7AFC019F7BFC029F7CFC039F17
:10CDC0007DFC049F7EFC059F80FC069F81FC079FE5
:10CDD00082FC089F83FC099F84FC0A9F85FC0C9FB2
:10CDE00086FC0F9F87FC119F88FC129F89FC149F73
:10CDF0008AFC159F8BFC169F8CFC189F8DFC1A9F3C
:10CE00008EFC1B9F8FFC1C9F90FC1D9F91FC1E9F06
:10CE100092FC1F9F93FC219F94FC239F95FC249FD1
:10CE200096FC259F97FC269F98FC279F99FC289F9E
:10CE30009AFC299F9BFC2A9F9CFC2B9F9DFC2D9F6D
:10CE40009EFC2E9F9FFC309FA0FC319F40FD329F97
:10CE500041FD339F42FD349F43FD359F44FD369F86
:10CE600045FD389F46FD3A9F47FD3C9F48FD3F9F4B
:10CE700049FD409F4AFD419F4BFD429F4CFD439F12
:10CE80004DFD459F4EFD469F4FFD479F50FD489FDE
:10CE900051FD499F52FD4A9F53FD4B9F54FD4C9FAE
:10CEA00055FD4D9F56FD4E9F57FD4F9F58FD529F7C
:10CEB00059FD539F5AFD549F5BFD559F5CFD569F46
:10CEC0005DFD579F5EFD589F5FFD599F60FD5A9F16
:10CED00061FD5B9F62FD5C9F63FD5D9F64FD5E9FE6
:10CEE00065FD5F9F66FD609F67FD619F68FD629FB6
:10CEF00069FD639F6AFD649F6BFD659F6CFD669F86
:10CF00006DFD679F6EFD689F6FFD699F70FD6A9F55
:10CF100071FD6B9F72FD6C9F73FD6D9F74FD6E9F25
:10CF200075FD6F9F76FD709F77FD719F78FD729FF5
:10CF300079FD739F7AFD749F7BFD759F7CFD769FC5
:10CF40007DFD779F7EFD789F80FD799F81FD7A9F93
:10CF500082FD7B9F83FD7C9F84FD7D9F85FD7E9F61
:10CF600086FD819F87FD829F88FD8D9F89FD8E9F15
:10CF70008AFD8F9F8BFD909F8CFD919F8DFD929FD1
:10CF80008EFD939F8FFD949F90FD959F91FD969FA1
:10CF900092FD979F93FD989F94FD9C9F95FD9D9F6B
:10CFA00096FD9E9F97FDA19F98FDA29F99FDA39F2F
:10CFB0009AFDA49F9BFDA59F9CFD2CF99DFD79F9F1
:10CFC0009EFD95F99FFDE7F9A0FDF1F940FE0CFAF1
:10CFD00041FE0DFA42FE0EFA43FE0FFA44FE11FA2C
:10CFE00045FE13FA46FE14FA47FE18FA48FE1FFAE9
:10CFF00049FE20FA4AFE21FA4BFE23FA4CFE24FA9F
:10D000004DFE27FA4EFE28FA4FFE29FA00000000D6
:10D0100061006200630064006500660067006800EC
:10D0200069006A006B006C006D006E006F0070009C
:10D03000710072007300740075007600770078004C
:10D0400079007A00A100A200A300A500AC00AF0007
:10D05000E000E100E200E300E400E500E600E700B4
:10D06000E800E900EA00EB00EC00ED00EE00EF0064
:10D07000F000F100F200F300F400F500F600F80013
:10D08000F900FA00FB00FC00FD00FE00FF000101BA
:10D0900003010501070109010B010D010F01110138
:10D0A00013011501170119011B011D011F012101A8
:10D0B00023012501270129012B012D012F01310118
:10D0C0003301350137013A013C013E014001420183
:10D0D0004401460148014B014D014F0151015301EB
:10D0E0005501570159015B015D015F016101630158
:10D0F0006501670169016B016D016F0171017301C8
:10D10000750177017A017C017E019201B103B203BE
:10D11000B303B403B503B603B703B803B903BA0343
:10D12000BB03BC03BD03BE03BF03C003C103C303F2
:10D13000C403C503C603C703C803C903CA03300435
:10D14000310432043304340435043604370438041B
:10D1500039043A043B043C043D043E043F044004CB
:10D16000410442044304440445044604470448047B
:10D1700049044A044B044C044D044E044F0451042A
:10D1800052045304540455045604570458045904D3
:10D190005A045B045C045E045F04702171217221F7
:10D1A00073217421752176217721782179217A21C3
:10D1B0007B217C217D217E217F2141FF42FF43FF96
:10D1C00044FF45FF46FF47FF48FF49FF4AFF4BFF2B
:10D1D0004CFF4DFF4EFF4FFF50FF51FF52FF53FFDB
:10D1E00054FF55FF56FF57FF58FF59FF5AFF0000E5
:10D1F000410042004300440045004600470048000B
:10D2000049004A004B004C004D004E004F005000BA
:10D21000510052005300540055005600570058006A
:10D2200059005A002100E0FFE1FFE5FFE2FFE3FFC4
:10D23000C000C100C200C300C400C500C600C700D2
:10D24000C800C900CA00CB00CC00CD00CE00CF0082
:10D25000D000D100D200D300D400D500D600D80031
:10D26000D900DA00DB00DC00DD00DE00780100011F
:10D2700002010401060108010A010C010E0110015E
:10D2800012011401160118011A011C011E012001CE
:10D2900022012401260128012A012C012E0130013E
:10D2A00032013401360139013B013D013F014101A9
:10D2B0004301450147014A014C014E015001520111
:10D2C0005401560158015A015C015E01600162017E
:10D2D0006401660168016A016C016E0170017201EE
:10D2E0007401760179017B017D0191019103920323
:10D2F00093039403950396039703980399039A0362
:10D300009B039C039D039E039F03A003A103A30310
:10D31000A403A503A603A703A803A903AA03100453
:10D320001104120413041404150416041704180439
:10D3300019041A041B041C041D041E041F042004E9
:10D340002104220423042404250426042704280499
:10D3500029042A042B042C042D042E042F04010478
:10D360000204030404040504060407040804090471
:10D370000A040B040C040E040F04602161216221D5
:10D3800063216421652166216721682169216A2161
:10D390006B216C216D216E216F2121FF22FF23FF64
:10D3A00024FF25FF26FF27FF28FF29FF2AFF2BFF49
:10D3B0002CFF2DFF2EFF2FFF30FF31FF32FF33FFF9
:10D3C00034FF35FF36FF37FF38FF39FF3AFF0000E3
:10D3D00000000000000000000000B33FB2BE7D3A34
:10D3E00000002E40DFCF513800007E40BF51FABA16
:10D3F00000E0A44019DAC3BA00E0C840C2ED8AB91F
:10D400000040EB40CD1F2CBA001006412AFFFABAAB
:10D4100000C01541DFCFD13700D024419A97703A30
:10D420000050334189478E3600404141E75B9D38CB
:10D4300000B04E41C00A98B900A05B41558F943AA4
:10D4400000306841DA92C0BA0040744162B3C63A13
:10D450000000803F00A0853F00908B3F00C0913FBF
:10D460000030983F00F09E3F00F0A53F0050AD3FD8
:10D470000000B53F0000BD3F0060C53F0020CE3F2B
:10D480000040D73F00C0E03F00C0EA3F0020F53F2A
:10D49000000000007D36AC397D3C3839EBDCF438D7
:10D4A000320A7E39124C26399B6AED39A4EE833953
:10D4B0007F661E39F6398A392B426539A4821139C3
:10D4C0005B991F39C3EECD39DDE7C637A5A22F39E9
:10D4D0000000803FC3AA853FC2958B3FD3C3913FD5
:10D4E000F037983F32F59E3FD7FEA53F3F58AD3FFE
:10D4F000F304B53FA408BD3F2A67C53F8C24CE3F47
:10D50000FD44D73FDFCCE03FC7C0EA3F7D25F53F74
:10D51000000000006E83F9A22915444ED15727FC64
:10D52000C0DD34F5999562DB4190433CAB6351FE1D
:10D530000A0D64656C74615F636F6E74726F6C3A30
:10D54000252E33662064656C74615F636F6E747240
:10D550006F6C703A252E336620726F6C6C3A252EF4
:10D5600033662070697463683A252E3366207261D1
:10D57000773A252E33660A0D0000000000000000F7
:10D58000A0D503080000002098050000C409000889
:10D5900010D7030898050020009600009C6600083C
:10D5A00081520B23AA422361442390411AB40C5A9E
:10D5B0007A0C1AF00C1A480C415A1608091B0C1A5E
:10D5C0004330290419381A340401253A1002011F86
:10D5D0000316DC05025B03022F01057480E6C547D4
:10D5E0000B24E803B83420A107520813E9591B089B
:10D5F000E50413C5581B0895081A65041BED480877
:10D6000012491B0875041AA1041B114A0819141A9F
:10D610002D0C1312013202164083044057480802B1
:10D62000010203010A06121201DE040309041A842E
:10D6300001101A29441A09041AD5501A1D081A1B78
:10D64000041AE10C1AFD0439B42C02030404450643
:10D6500007080913333F14084B3E1C08F5452812F0
:10D66000431B087D041A812C1AAF081331421B0892
:10D6700043048113A002022C2072FF180A5D0E01E0
:10D6800008F90D0108DD08411A25081A11101AC100
:10D69000045AB51439BC1A4ABC1B0243F7112DC0F9
:10D6A000320904AD190B13052416100105240110CD
:10D6B0000901042402020524061701070582030854
:10D6C00015FF09040133020A2E0705010240072A4B
:10D6D0008107011D1AAA01015C0223018B7426F443
:10D6E0000180E9B069990920C80314803F021B64D6
:10D6F000053C8F2A7544001035537461727420778D
:10D70000726974696E67210A3C7CD503E3000000EE
:040000050800018965
:00000001FF
